{
	"credit": "Copyright © 2021-2099 Ikaho-Onsen Minecraft Server. All rights reserved.",
	"ambientocclusion": false,
	"textures": {
		"particle": "minecraft:block/rail",
		"rail": "block/rail"
	},
	"elements": [
		{
			"from": [0, 1, 0],
			"to": [16, 1, 8],
			"faces": {
				"up": {"uv": [0, 8, 16, 16], "texture": "#rail"},
				"down": {"uv": [0, 16, 16, 8], "texture": "#rail"}
			}
		}
	],
	"display": {
		"fixed": {
			"rotation": [90, 0, 0],
			"translation": [0, -8, 7.9],
			"scale": [2, 1, 2]
		}
	}
}