{
	"credit": "Copyright © 2021-2099 Ikaho-Onsen Minecraft Server. All rights reserved.",
	"ambientocclusion": false,
	"textures": {
		"7": "block/light_blue_shulker_box",
		"particle": "minecraft:block/light_blue_shulker_box"
	},
	"elements": [
		{
			"from": [15.06, 0.7, 0],
			"to": [18.06, 3.7, 25.6],
			"rotation": {"angle": 0, "axis": "y", "origin": [0, 8, 0]},
			"faces": {
				"north": {"uv": [9, 6, 12, 9], "texture": "#7"},
				"east": {"uv": [6, 9, 9, 12], "texture": "#7"},
				"south": {"uv": [6, 6, 9, 9], "texture": "#7"},
				"west": {"uv": [3, 1, 13, 6], "texture": "#7"},
				"up": {"uv": [1, 3, 6, 13], "texture": "#7"},
				"down": {"uv": [9, 9, 12, 12], "texture": "#7"}
			}
		},
		{
			"from": [-2.32, 0.7, 0],
			"to": [0.68, 3.7, 25.6],
			"rotation": {"angle": 0, "axis": "y", "origin": [0, 8, 0]},
			"faces": {
				"north": {"uv": [7, 6, 10, 9], "texture": "#7"},
				"east": {"uv": [3, 1, 13, 6], "texture": "#7"},
				"south": {"uv": [4, 6, 7, 9], "texture": "#7"},
				"west": {"uv": [4, 9, 7, 12], "texture": "#7"},
				"up": {"uv": [10, 3, 15, 13], "texture": "#7"},
				"down": {"uv": [7, 9, 10, 12], "texture": "#7"}
			}
		},
		{
			"from": [5, -4.3, 0],
			"to": [11, -1.3, 25.6],
			"rotation": {"angle": 0, "axis": "y", "origin": [8, -2.8, 0]},
			"faces": {
				"north": {"uv": [5, 6, 11, 9], "texture": "#7"},
				"east": {"uv": [2, 3, 14, 9], "texture": "#7"},
				"south": {"uv": [5, 6, 11, 9], "texture": "#7"},
				"west": {"uv": [2, 3, 14, 9], "texture": "#7"},
				"up": {"uv": [2, 2, 14, 14], "texture": "#7"},
				"down": {"uv": [2, 2, 14, 14], "texture": "#7"}
			}
		},
		{
			"from": [9.15, -2.8, 17.6],
			"to": [18.15, -0.8, 19.6],
			"rotation": {"angle": 45, "axis": "z", "origin": [13.5, -1, -2]},
			"faces": {
				"north": {"uv": [4, 3, 13, 5], "texture": "#7"},
				"east": {"uv": [11, 11, 13, 13], "texture": "#7"},
				"south": {"uv": [4, 9, 13, 11], "texture": "#7"},
				"west": {"uv": [4, 11, 6, 13], "texture": "#7"},
				"up": {"uv": [4, 7, 13, 9], "texture": "#7"},
				"down": {"uv": [1, 5, 10, 7], "texture": "#7"}
			}
		},
		{
			"from": [-2.35, -2.8, 17.6],
			"to": [6.65, -0.8, 19.6],
			"rotation": {"angle": -45, "axis": "z", "origin": [2.5, -1, -2]},
			"faces": {
				"north": {"uv": [4, 3, 13, 5], "texture": "#7"},
				"east": {"uv": [11, 11, 13, 13], "texture": "#7"},
				"south": {"uv": [4, 9, 13, 11], "texture": "#7"},
				"west": {"uv": [4, 11, 6, 13], "texture": "#7"},
				"up": {"uv": [4, 7, 13, 9], "texture": "#7"},
				"down": {"uv": [1, 5, 10, 7], "texture": "#7"}
			}
		},
		{
			"from": [3, -3.3, 17.6],
			"to": [13, -1.3, 19.6],
			"rotation": {"angle": 0, "axis": "y", "origin": [0, 8, -2]},
			"faces": {
				"north": {"uv": [3, 9, 13, 11], "texture": "#7"},
				"east": {"uv": [5, 11, 7, 13], "texture": "#7"},
				"south": {"uv": [3, 7, 13, 9], "texture": "#7"},
				"west": {"uv": [3, 11, 5, 13], "texture": "#7"},
				"up": {"uv": [0, 3, 16, 5], "texture": "#7"},
				"down": {"uv": [3, 5, 13, 7], "texture": "#7"}
			}
		},
		{
			"from": [4, -5, 17.6],
			"to": [12, -3, 19.6],
			"rotation": {"angle": 0, "axis": "y", "origin": [0, 8, -2]},
			"faces": {
				"north": {"uv": [4, 7, 12, 9], "texture": "#7"},
				"east": {"uv": [10, 9, 12, 11], "texture": "#7"},
				"south": {"uv": [4, 5, 12, 7], "texture": "#7"},
				"west": {"uv": [4, 9, 6, 11], "texture": "#7"},
				"up": {"uv": [4, 11, 12, 13], "texture": "#7"},
				"down": {"uv": [0, 3, 16, 5], "texture": "#7"}
			}
		},
		{
			"from": [9.15, -2.8, 6],
			"to": [18.15, -0.8, 8],
			"rotation": {"angle": 45, "axis": "z", "origin": [13.5, -1, 6]},
			"faces": {
				"north": {"uv": [4, 3, 13, 5], "texture": "#7"},
				"east": {"uv": [11, 11, 13, 13], "texture": "#7"},
				"south": {"uv": [4, 9, 13, 11], "texture": "#7"},
				"west": {"uv": [4, 11, 6, 13], "texture": "#7"},
				"up": {"uv": [4, 7, 13, 9], "texture": "#7"},
				"down": {"uv": [1, 5, 15, 7], "texture": "#7"}
			}
		},
		{
			"from": [-2.35, -2.8, 6],
			"to": [6.65, -0.8, 8],
			"rotation": {"angle": -45, "axis": "z", "origin": [2.5, -1, 6]},
			"faces": {
				"north": {"uv": [4, 3, 13, 5], "texture": "#7"},
				"east": {"uv": [11, 11, 13, 13], "texture": "#7"},
				"south": {"uv": [4, 9, 13, 11], "texture": "#7"},
				"west": {"uv": [4, 11, 6, 13], "texture": "#7"},
				"up": {"uv": [4, 7, 13, 9], "texture": "#7"},
				"down": {"uv": [1, 5, 10, 7], "texture": "#7"}
			}
		},
		{
			"from": [3, -3.3, 6],
			"to": [13, -1.3, 8],
			"rotation": {"angle": 0, "axis": "y", "origin": [0, 8, 6]},
			"faces": {
				"north": {"uv": [3, 9, 13, 11], "texture": "#7"},
				"east": {"uv": [5, 11, 7, 13], "texture": "#7"},
				"south": {"uv": [3, 7, 13, 9], "texture": "#7"},
				"west": {"uv": [3, 11, 5, 13], "texture": "#7"},
				"up": {"uv": [0, 3, 16, 5], "texture": "#7"},
				"down": {"uv": [3, 5, 13, 7], "texture": "#7"}
			}
		},
		{
			"from": [4, -5, 6],
			"to": [12, -3, 8],
			"rotation": {"angle": 0, "axis": "y", "origin": [0, 8, 6]},
			"faces": {
				"north": {"uv": [4, 7, 12, 9], "texture": "#7"},
				"east": {"uv": [10, 9, 12, 11], "texture": "#7"},
				"south": {"uv": [4, 5, 12, 7], "texture": "#7"},
				"west": {"uv": [4, 9, 6, 11], "texture": "#7"},
				"up": {"uv": [4, 11, 12, 13], "texture": "#7"},
				"down": {"uv": [0, 3, 16, 5], "texture": "#7"}
			}
		}
	],
	"display": {
		"thirdperson_righthand": {
			"scale": [2.5, 2.5, 2.5]
		},
		"head": {
			"scale": [2.05, 2.05, 2.05]
		}
	},
	"groups": [
		{
			"name": "Rail",
			"origin": [8, 8, 8],
			"color": 0,
			"nbt": "{}",
			"armAnimationEnabled": false,
			"children": [
				0,
				1,
				2,
				{
					"name": "group",
					"origin": [0, 0, 0],
					"color": 0,
					"nbt": "{}",
					"armAnimationEnabled": false,
					"children": [3, 4, 5, 6]
				},
				{
					"name": "group",
					"origin": [0, 0, 0],
					"color": 0,
					"nbt": "{}",
					"armAnimationEnabled": false,
					"children": [7, 8, 9, 10]
				}
			]
		}
	]
}