{
    "providers": [
        {
            "type": "bitmap",
            "file": "ikaho:emoji20221231/affpogchamp.png",
            "ascent": 7,
            "height": 16,
            "chars": [
                "\uf801"
            ]
        },
        {
            "type": "bitmap",
            "file": "ikaho:emoji20221231/ahs.png",
            "ascent": 7,
            "height": 16,
            "chars": [
                "\uf802"
            ]
        },
        {
            "type": "bitmap",
            "file": "ikaho:emoji20221231/at2cryspn.png",
            "ascent": 7,
            "height": 16,
            "chars": [
                "\uf803"
            ]
        },
        {
            "type": "bitmap",
            "file": "ikaho:emoji20221231/atjohnwick.png",
            "ascent": 7,
            "height": 16,
            "chars": [
                "\uf804"
            ]
        },
        {
            "type": "bitmap",
            "file": "ikaho:emoji20221231/atmad.png",
            "ascent": 7,
            "height": 16,
            "chars": [
                "\uf805"
            ]
        },
        {
            "type": "bitmap",
            "file": "ikaho:emoji20221231/babafly.png",
            "ascent": 7,
            "height": 16,
            "chars": [
                "\uf806"
            ]
        },
        {
            "type": "bitmap",
            "file": "ikaho:emoji20221231/babalook.png",
            "ascent": 7,
            "height": 16,
            "chars": [
                "\uf807"
            ]
        },
        {
            "type": "bitmap",
            "file": "ikaho:emoji20221231/banboy.png",
            "ascent": 7,
            "height": 16,
            "chars": [
                "\uf808"
            ]
        },
        {
            "type": "bitmap",
            "file": "ikaho:emoji20221231/bancartman.png",
            "ascent": 7,
            "height": 16,
            "chars": [
                "\uf809"
            ]
        },
        {
            "type": "bitmap",
            "file": "ikaho:emoji20221231/banembarrass.png",
            "ascent": 7,
            "height": 16,
            "chars": [
                "\uf80a"
            ]
        },
        {
            "type": "bitmap",
            "file": "ikaho:emoji20221231/banhehe.png",
            "ascent": 7,
            "height": 16,
            "chars": [
                "\uf80b"
            ]
        },
        {
            "type": "bitmap",
            "file": "ikaho:emoji20221231/banlol.png",
            "ascent": 7,
            "height": 16,
            "chars": [
                "\uf80c"
            ]
        },
        {
            "type": "bitmap",
            "file": "ikaho:emoji20221231/basbaba.png",
            "ascent": 7,
            "height": 16,
            "chars": [
                "\uf80d"
            ]
        },
        {
            "type": "bitmap",
            "file": "ikaho:emoji20221231/beansisno.png",
            "ascent": 7,
            "height": 16,
            "chars": [
                "\uf80e"
            ]
        },
        {
            "type": "bitmap",
            "file": "ikaho:emoji20221231/beansisyes.png",
            "ascent": 7,
            "height": 16,
            "chars": [
                "\uf80f"
            ]
        },
        {
            "type": "bitmap",
            "file": "ikaho:emoji20221231/bunnydraw.png",
            "ascent": 7,
            "height": 16,
            "chars": [
                "\uf800"
            ]
        },
        {
            "type": "bitmap",
            "file": "ikaho:emoji20221231/crash.png",
            "ascent": 7,
            "height": 16,
            "chars": [
                "\uf821"
            ]
        },
        {
            "type": "bitmap",
            "file": "ikaho:emoji20221231/cryr.png",
            "ascent": 7,
            "height": 16,
            "chars": [
                "\uf822"
            ]
        },
        {
            "type": "bitmap",
            "file": "ikaho:emoji20221231/cum.png",
            "ascent": 7,
            "height": 16,
            "chars": [
                "\uf823"
            ]
        },
        {
            "type": "bitmap",
            "file": "ikaho:emoji20221231/erojimouse.png",
            "ascent": 7,
            "height": 16,
            "chars": [
                "\uf824"
            ]
        },
        {
            "type": "bitmap",
            "file": "ikaho:emoji20221231/eromouse.png",
            "ascent": 7,
            "height": 16,
            "chars": [
                "\uf825"
            ]
        },
        {
            "type": "bitmap",
            "file": "ikaho:emoji20221231/f_angryface.png",
            "ascent": 7,
            "height": 16,
            "chars": [
                "\uf826"
            ]
        },
        {
            "type": "bitmap",
            "file": "ikaho:emoji20221231/f_stare.png",
            "ascent": 7,
            "height": 16,
            "chars": [
                "\uf827"
            ]
        },
        {
            "type": "bitmap",
            "file": "ikaho:emoji20221231/fafalook.png",
            "ascent": 7,
            "height": 16,
            "chars": [
                "\uf828"
            ]
        },
        {
            "type": "bitmap",
            "file": "ikaho:emoji20221231/fk.png",
            "ascent": 7,
            "height": 16,
            "chars": [
                "\uf829"
            ]
        },
        {
            "type": "bitmap",
            "file": "ikaho:emoji20221231/fuyusmile.png",
            "ascent": 7,
            "height": 16,
            "chars": [
                "\uf82a"
            ]
        },
        {
            "type": "bitmap",
            "file": "ikaho:emoji20221231/hahahahahahahaha.png",
            "ascent": 7,
            "height": 16,
            "chars": [
                "\uf82b"
            ]
        },
        {
            "type": "bitmap",
            "file": "ikaho:emoji20221231/honk.png",
            "ascent": 7,
            "height": 16,
            "chars": [
                "\uf82c"
            ]
        },
        {
            "type": "bitmap",
            "file": "ikaho:emoji20221231/hoyeah.png",
            "ascent": 7,
            "height": 16,
            "chars": [
                "\uf82d"
            ]
        },
        {
            "type": "bitmap",
            "file": "ikaho:emoji20221231/illhonk.png",
            "ascent": 7,
            "height": 16,
            "chars": [
                "\uf82e"
            ]
        },
        {
            "type": "bitmap",
            "file": "ikaho:emoji20221231/illusyeah.png",
            "ascent": 7,
            "height": 16,
            "chars": [
                "\uf82f"
            ]
        },
        {
            "type": "bitmap",
            "file": "ikaho:emoji20221231/ise_asscarrot.png",
            "ascent": 7,
            "height": 16,
            "chars": [
                "\uf820"
            ]
        },
        {
            "type": "bitmap",
            "file": "ikaho:emoji20221231/ise_carrots.png",
            "ascent": 7,
            "height": 16,
            "chars": [
                "\uf811"
            ]
        },
        {
            "type": "bitmap",
            "file": "ikaho:emoji20221231/ise_cry.png",
            "ascent": 7,
            "height": 16,
            "chars": [
                "\uf812"
            ]
        },
        {
            "type": "bitmap",
            "file": "ikaho:emoji20221231/ise_cutcarrot.png",
            "ascent": 7,
            "height": 16,
            "chars": [
                "\uf813"
            ]
        },
        {
            "type": "bitmap",
            "file": "ikaho:emoji20221231/ise_danger.png",
            "ascent": 7,
            "height": 16,
            "chars": [
                "\uf814"
            ]
        },
        {
            "type": "bitmap",
            "file": "ikaho:emoji20221231/ise_gg.png",
            "ascent": 7,
            "height": 16,
            "chars": [
                "\uf815"
            ]
        },
        {
            "type": "bitmap",
            "file": "ikaho:emoji20221231/ise_happy.png",
            "ascent": 7,
            "height": 16,
            "chars": [
                "\uf816"
            ]
        },
        {
            "type": "bitmap",
            "file": "ikaho:emoji20221231/ise_knife.png",
            "ascent": 7,
            "height": 16,
            "chars": [
                "\uf817"
            ]
        },
        {
            "type": "bitmap",
            "file": "ikaho:emoji20221231/ise_looking.png",
            "ascent": 7,
            "height": 16,
            "chars": [
                "\uf818"
            ]
        },
        {
            "type": "bitmap",
            "file": "ikaho:emoji20221231/ise_sexycarrot.png",
            "ascent": 7,
            "height": 16,
            "chars": [
                "\uf819"
            ]
        },
        {
            "type": "bitmap",
            "file": "ikaho:emoji20221231/ise_shock.png",
            "ascent": 7,
            "height": 16,
            "chars": [
                "\uf81a"
            ]
        },
        {
            "type": "bitmap",
            "file": "ikaho:emoji20221231/ise_smile.png",
            "ascent": 7,
            "height": 16,
            "chars": [
                "\uf81b"
            ]
        },
        {
            "type": "bitmap",
            "file": "ikaho:emoji20221231/ise_sticker_9.png",
            "ascent": 7,
            "height": 16,
            "chars": [
                "\uf81c"
            ]
        },
        {
            "type": "bitmap",
            "file": "ikaho:emoji20221231/ise_sunglasses.png",
            "ascent": 7,
            "height": 16,
            "chars": [
                "\uf81d"
            ]
        },
        {
            "type": "bitmap",
            "file": "ikaho:emoji20221231/ise_threaten.png",
            "ascent": 7,
            "height": 16,
            "chars": [
                "\uf81e"
            ]
        },
        {
            "type": "bitmap",
            "file": "ikaho:emoji20221231/jizz.png",
            "ascent": 7,
            "height": 16,
            "chars": [
                "\uf81f"
            ]
        },
        {
            "type": "bitmap",
            "file": "ikaho:emoji20221231/kitendontknow.png",
            "ascent": 7,
            "height": 16,
            "chars": [
                "\uf810"
            ]
        },
        {
            "type": "bitmap",
            "file": "ikaho:emoji20221231/kitten0.png",
            "ascent": 7,
            "height": 16,
            "chars": [
                "\uf831"
            ]
        },
        {
            "type": "bitmap",
            "file": "ikaho:emoji20221231/kkdogge.png",
            "ascent": 7,
            "height": 16,
            "chars": [
                "\uf832"
            ]
        },
        {
            "type": "bitmap",
            "file": "ikaho:emoji20221231/kklook.png",
            "ascent": 7,
            "height": 16,
            "chars": [
                "\uf833"
            ]
        },
        {
            "type": "bitmap",
            "file": "ikaho:emoji20221231/kodokuwhy.png",
            "ascent": 7,
            "height": 16,
            "chars": [
                "\uf834"
            ]
        },
        {
            "type": "bitmap",
            "file": "ikaho:emoji20221231/lamua.png",
            "ascent": 7,
            "height": 16,
            "chars": [
                "\uf835"
            ]
        },
        {
            "type": "bitmap",
            "file": "ikaho:emoji20221231/lgun.png",
            "ascent": 7,
            "height": 16,
            "chars": [
                "\uf836"
            ]
        },
        {
            "type": "bitmap",
            "file": "ikaho:emoji20221231/mikujackbro.png",
            "ascent": 7,
            "height": 16,
            "chars": [
                "\uf837"
            ]
        },
        {
            "type": "bitmap",
            "file": "ikaho:emoji20221231/mikujackbro02.png",
            "ascent": 7,
            "height": 16,
            "chars": [
                "\uf838"
            ]
        },
        {
            "type": "bitmap",
            "file": "ikaho:emoji20221231/mkcry.png",
            "ascent": 7,
            "height": 16,
            "chars": [
                "\uf839"
            ]
        },
        {
            "type": "bitmap",
            "file": "ikaho:emoji20221231/nanithefuckurdoing.png",
            "ascent": 7,
            "height": 16,
            "chars": [
                "\uf83a"
            ]
        },
        {
            "type": "bitmap",
            "file": "ikaho:emoji20221231/nnmcry.png",
            "ascent": 7,
            "height": 16,
            "chars": [
                "\uf83b"
            ]
        },
        {
            "type": "bitmap",
            "file": "ikaho:emoji20221231/nnmcum.png",
            "ascent": 7,
            "height": 16,
            "chars": [
                "\uf83c"
            ]
        },
        {
            "type": "bitmap",
            "file": "ikaho:emoji20221231/nohh.png",
            "ascent": 7,
            "height": 16,
            "chars": [
                "\uf83d"
            ]
        },
        {
            "type": "bitmap",
            "file": "ikaho:emoji20221231/noyeah.png",
            "ascent": 7,
            "height": 16,
            "chars": [
                "\uf83e"
            ]
        },
        {
            "type": "bitmap",
            "file": "ikaho:emoji20221231/nsakuralook.png",
            "ascent": 7,
            "height": 16,
            "chars": [
                "\uf83f"
            ]
        },
        {
            "type": "bitmap",
            "file": "ikaho:emoji20221231/oh_kay.png",
            "ascent": 7,
            "height": 16,
            "chars": [
                "\uf830"
            ]
        },
        {
            "type": "bitmap",
            "file": "ikaho:emoji20221231/padoroise.png",
            "ascent": 7,
            "height": 16,
            "chars": [
                "\uf841"
            ]
        },
        {
            "type": "bitmap",
            "file": "ikaho:emoji20221231/pikung.png",
            "ascent": 7,
            "height": 16,
            "chars": [
                "\uf842"
            ]
        },
        {
            "type": "bitmap",
            "file": "ikaho:emoji20221231/posarubus.png",
            "ascent": 7,
            "height": 16,
            "chars": [
                "\uf843"
            ]
        },
        {
            "type": "bitmap",
            "file": "ikaho:emoji20221231/rgun.png",
            "ascent": 7,
            "height": 16,
            "chars": [
                "\uf844"
            ]
        },
        {
            "type": "bitmap",
            "file": "ikaho:emoji20221231/ryukoblush.png",
            "ascent": 7,
            "height": 16,
            "chars": [
                "\uf845"
            ]
        },
        {
            "type": "bitmap",
            "file": "ikaho:emoji20221231/sao.png",
            "ascent": 7,
            "height": 16,
            "chars": [
                "\uf846"
            ]
        },
        {
            "type": "bitmap",
            "file": "ikaho:emoji20221231/sheepface.png",
            "ascent": 7,
            "height": 16,
            "chars": [
                "\uf847"
            ]
        },
        {
            "type": "bitmap",
            "file": "ikaho:emoji20221231/sheepoao.png",
            "ascent": 7,
            "height": 16,
            "chars": [
                "\uf848"
            ]
        },
        {
            "type": "bitmap",
            "file": "ikaho:emoji20221231/smileohh.png",
            "ascent": 7,
            "height": 16,
            "chars": [
                "\uf849"
            ]
        },
        {
            "type": "bitmap",
            "file": "ikaho:emoji20221231/smilingf.png",
            "ascent": 7,
            "height": 16,
            "chars": [
                "\uf84a"
            ]
        },
        {
            "type": "bitmap",
            "file": "ikaho:emoji20221231/soap.png",
            "ascent": 7,
            "height": 16,
            "chars": [
                "\uf84b"
            ]
        },
        {
            "type": "bitmap",
            "file": "ikaho:emoji20221231/sp.png",
            "ascent": 7,
            "height": 16,
            "chars": [
                "\uf84c"
            ]
        },
        {
            "type": "bitmap",
            "file": "ikaho:emoji20221231/sudcrazy.png",
            "ascent": 7,
            "height": 16,
            "chars": [
                "\uf84d"
            ]
        },
        {
            "type": "bitmap",
            "file": "ikaho:emoji20221231/sudead.png",
            "ascent": 7,
            "height": 16,
            "chars": [
                "\uf84e"
            ]
        },
        {
            "type": "bitmap",
            "file": "ikaho:emoji20221231/sudhappy.png",
            "ascent": 7,
            "height": 16,
            "chars": [
                "\uf84f"
            ]
        },
        {
            "type": "bitmap",
            "file": "ikaho:emoji20221231/trahaha.png",
            "ascent": 7,
            "height": 16,
            "chars": [
                "\uf840"
            ]
        },
        {
            "type": "bitmap",
            "file": "ikaho:emoji20221231/trapaaha.png",
            "ascent": 7,
            "height": 16,
            "chars": [
                "\uf851"
            ]
        },
        {
            "type": "bitmap",
            "file": "ikaho:emoji20221231/trapae.png",
            "ascent": 7,
            "height": 16,
            "chars": [
                "\uf852"
            ]
        },
        {
            "type": "bitmap",
            "file": "ikaho:emoji20221231/trapanake.png",
            "ascent": 7,
            "height": 16,
            "chars": [
                "\uf853"
            ]
        },
        {
            "type": "bitmap",
            "file": "ikaho:emoji20221231/trapas.png",
            "ascent": 7,
            "height": 16,
            "chars": [
                "\uf854"
            ]
        },
        {
            "type": "bitmap",
            "file": "ikaho:emoji20221231/trapav.png",
            "ascent": 7,
            "height": 16,
            "chars": [
                "\uf855"
            ]
        },
        {
            "type": "bitmap",
            "file": "ikaho:emoji20221231/trapax.png",
            "ascent": 7,
            "height": 16,
            "chars": [
                "\uf856"
            ]
        },
        {
            "type": "bitmap",
            "file": "ikaho:emoji20221231/usougly.png",
            "ascent": 7,
            "height": 16,
            "chars": [
                "\uf857"
            ]
        },
        {
            "type": "bitmap",
            "file": "ikaho:emoji20221231/what.png",
            "ascent": 7,
            "height": 16,
            "chars": [
                "\uf858"
            ]
        },
        {
            "type": "bitmap",
            "file": "ikaho:emoji20221231/windboy.png",
            "ascent": 7,
            "height": 16,
            "chars": [
                "\uf859"
            ]
        },
        {
            "type": "bitmap",
            "file": "ikaho:emoji20221231/woof.png",
            "ascent": 7,
            "height": 16,
            "chars": [
                "\uf85a"
            ]
        },
        {
            "type": "bitmap",
            "file": "ikaho:emoji20221231/wtmboy.png",
            "ascent": 7,
            "height": 16,
            "chars": [
                "\uf85b"
            ]
        },
        {
            "type": "bitmap",
            "file": "ikaho:emoji20221231/y_seyanaa.png",
            "ascent": 7,
            "height": 16,
            "chars": [
                "\uf85c"
            ]
        },
        {
            "type": "bitmap",
            "file": "ikaho:emoji20221231/yabeyboy.png",
            "ascent": 7,
            "height": 16,
            "chars": [
                "\uf85d"
            ]
        },
        {
            "type": "bitmap",
            "file": "ikaho:emoji20221231/yboy.png",
            "ascent": 7,
            "height": 16,
            "chars": [
                "\uf85e"
            ]
        },
        {
            "type": "bitmap",
            "file": "ikaho:emoji20221231/ylblood.png",
            "ascent": 7,
            "height": 16,
            "chars": [
                "\uf85f"
            ]
        },
        {
            "type": "bitmap",
            "file": "ikaho:emoji20221231/ythinking.png",
            "ascent": 7,
            "height": 16,
            "chars": [
                "\uf850"
            ]
        }
    ]
}
