{"providers":[{"type":"bitmap","file":"ikaho:misc/icon-01.png","ascent":63,"height":128,"chars":["\ue001"]},{"type":"bitmap","file":"ikaho:misc/icon_noncolor-01.png","ascent":63,"height":128,"chars":["\ue002"]},{"type":"bitmap","file":"ikaho:misc/icon_noncolor-02.png","ascent":63,"height":128,"chars":["\ue003"]},{"type":"bitmap","file":"ikaho:misc/logo_color-01.png","ascent":63,"height":128,"chars":["\ue004"]},{"type":"bitmap","file":"ikaho:misc/logo_color-02.png","ascent":63,"height":128,"chars":["\ue005"]},{"type":"bitmap","file":"ikaho:misc/logo_color-03.png","ascent":63,"height":128,"chars":["\ue006"]},{"type":"bitmap","file":"ikaho:misc/logo_color-04.png","ascent":63,"height":128,"chars":["\ue007"]},{"type":"bitmap","file":"ikaho:misc/logo_color_shadow-01.png","ascent":63,"height":128,"chars":["\ue008"]},{"type":"bitmap","file":"ikaho:misc/logo_color_shadow-02.png","ascent":63,"height":128,"chars":["\ue009"]},{"type":"bitmap","file":"ikaho:misc/logo_color_shadow-03.png","ascent":63,"height":128,"chars":["\ue00a"]},{"type":"bitmap","file":"ikaho:misc/logo_color_shadow-04.png","ascent":63,"height":128,"chars":["\ue00b"]},{"type":"bitmap","file":"ikaho:misc/logo_noncolor-01.png","ascent":63,"height":128,"chars":["\ue00c"]},{"type":"bitmap","file":"ikaho:misc/logo_noncolor-02.png","ascent":63,"height":128,"chars":["\ue00d"]},{"type":"bitmap","file":"ikaho:misc/logo_noncolor-03.png","ascent":63,"height":128,"chars":["\ue00e"]},{"type":"bitmap","file":"ikaho:misc/logo_pixel_part-01.png","ascent":63,"height":128,"chars":["\ue00f"]},{"type":"bitmap","file":"ikaho:misc/logo_pixel_part-02.png","ascent":63,"height":128,"chars":["\ue010"]},{"type":"bitmap","file":"ikaho:misc/logo_pixel_part-03.png","ascent":63,"height":128,"chars":["\ue011"]},{"type":"bitmap","file":"ikaho:misc/logo_pixel_part-04.png","ascent":63,"height":128,"chars":["\ue012"]},{"type":"bitmap","file":"ikaho:misc/logo_pixel_part-05.png","ascent":63,"height":128,"chars":["\ue013"]},{"type":"bitmap","file":"ikaho:misc/name_background.png","ascent":63,"height":128,"chars":["\ue014"]}]}