{"providers":[{"type":"bitmap","file":"ikaho:misc/icon-01.png","ascent":31,"height":64,"chars":["\ue015"]},{"type":"bitmap","file":"ikaho:misc/icon_noncolor-01.png","ascent":31,"height":64,"chars":["\ue016"]},{"type":"bitmap","file":"ikaho:misc/icon_noncolor-02.png","ascent":31,"height":64,"chars":["\ue017"]},{"type":"bitmap","file":"ikaho:misc/logo_color-01.png","ascent":31,"height":64,"chars":["\ue018"]},{"type":"bitmap","file":"ikaho:misc/logo_color-02.png","ascent":31,"height":64,"chars":["\ue019"]},{"type":"bitmap","file":"ikaho:misc/logo_color-03.png","ascent":31,"height":64,"chars":["\ue01a"]},{"type":"bitmap","file":"ikaho:misc/logo_color-04.png","ascent":31,"height":64,"chars":["\ue01b"]},{"type":"bitmap","file":"ikaho:misc/logo_color_shadow-01.png","ascent":31,"height":64,"chars":["\ue01c"]},{"type":"bitmap","file":"ikaho:misc/logo_color_shadow-02.png","ascent":31,"height":64,"chars":["\ue01d"]},{"type":"bitmap","file":"ikaho:misc/logo_color_shadow-03.png","ascent":31,"height":64,"chars":["\ue01e"]},{"type":"bitmap","file":"ikaho:misc/logo_color_shadow-04.png","ascent":31,"height":64,"chars":["\ue01f"]},{"type":"bitmap","file":"ikaho:misc/logo_noncolor-01.png","ascent":31,"height":64,"chars":["\ue020"]},{"type":"bitmap","file":"ikaho:misc/logo_noncolor-02.png","ascent":31,"height":64,"chars":["\ue021"]},{"type":"bitmap","file":"ikaho:misc/logo_noncolor-03.png","ascent":31,"height":64,"chars":["\ue022"]},{"type":"bitmap","file":"ikaho:misc/logo_pixel_part-01.png","ascent":31,"height":64,"chars":["\ue023"]},{"type":"bitmap","file":"ikaho:misc/logo_pixel_part-02.png","ascent":31,"height":64,"chars":["\ue024"]},{"type":"bitmap","file":"ikaho:misc/logo_pixel_part-03.png","ascent":31,"height":64,"chars":["\ue025"]},{"type":"bitmap","file":"ikaho:misc/logo_pixel_part-04.png","ascent":31,"height":64,"chars":["\ue026"]},{"type":"bitmap","file":"ikaho:misc/logo_pixel_part-05.png","ascent":31,"height":64,"chars":["\ue027"]},{"type":"bitmap","file":"ikaho:misc/name_background.png","ascent":31,"height":64,"chars":["\ue028"]}]}