{"providers":[{"type":"bitmap","file":"ikaho:misc/icon-01.png","ascent":7,"height":16,"chars":[""]},{"type":"bitmap","file":"ikaho:misc/icon_noncolor-01.png","ascent":7,"height":16,"chars":[""]},{"type":"bitmap","file":"ikaho:misc/icon_noncolor-02.png","ascent":7,"height":16,"chars":[""]},{"type":"bitmap","file":"ikaho:misc/logo_color-01.png","ascent":7,"height":16,"chars":[""]},{"type":"bitmap","file":"ikaho:misc/logo_color-02.png","ascent":7,"height":16,"chars":[""]},{"type":"bitmap","file":"ikaho:misc/logo_color-03.png","ascent":7,"height":16,"chars":[""]},{"type":"bitmap","file":"ikaho:misc/logo_color-04.png","ascent":7,"height":16,"chars":[""]},{"type":"bitmap","file":"ikaho:misc/logo_color_shadow-01.png","ascent":7,"height":16,"chars":[""]},{"type":"bitmap","file":"ikaho:misc/logo_color_shadow-02.png","ascent":7,"height":16,"chars":[""]},{"type":"bitmap","file":"ikaho:misc/logo_color_shadow-03.png","ascent":7,"height":16,"chars":[""]},{"type":"bitmap","file":"ikaho:misc/logo_color_shadow-04.png","ascent":7,"height":16,"chars":[""]},{"type":"bitmap","file":"ikaho:misc/logo_noncolor-01.png","ascent":7,"height":16,"chars":[""]},{"type":"bitmap","file":"ikaho:misc/logo_noncolor-02.png","ascent":7,"height":16,"chars":[""]},{"type":"bitmap","file":"ikaho:misc/logo_noncolor-03.png","ascent":7,"height":16,"chars":[""]},{"type":"bitmap","file":"ikaho:misc/logo_pixel_part-01.png","ascent":7,"height":16,"chars":[""]},{"type":"bitmap","file":"ikaho:misc/logo_pixel_part-02.png","ascent":7,"height":16,"chars":[""]},{"type":"bitmap","file":"ikaho:misc/logo_pixel_part-03.png","ascent":7,"height":16,"chars":[""]},{"type":"bitmap","file":"ikaho:misc/logo_pixel_part-04.png","ascent":7,"height":16,"chars":[""]},{"type":"bitmap","file":"ikaho:misc/logo_pixel_part-05.png","ascent":7,"height":16,"chars":[""]},{"type":"bitmap","file":"ikaho:misc/name_background.png","ascent":7,"height":16,"chars":[""]}]}