{
	"credit": "Made with Blockbench",
	"texture_size": [32, 32],
	"textures": {
		"1": "item/wong_rosette"
	},
	"elements": [
		{
			"from": [6, 1, 6],
			"to": [10, 3, 9],
			"faces": {
				"north": {"uv": [5, 0, 7, 1], "texture": "#1"},
				"east": {"uv": [5, 3.5, 6.5, 4.5], "texture": "#1"},
				"south": {"uv": [5, 1, 7, 2], "texture": "#1"},
				"west": {"uv": [5, 4.5, 6.5, 5.5], "texture": "#1"},
				"up": {"uv": [7, 3.5, 5, 2], "texture": "#1"},
				"down": {"uv": [9, 0, 7, 1.5], "texture": "#1"}
			}
		},
		{
			"from": [-2, 0.9, 4],
			"to": [8, 0.9, 12],
			"rotation": {"angle": -22.5, "axis": "z", "origin": [8, 0.9, 8]},
			"faces": {
				"up": {"uv": [5, 9, 0, 5], "texture": "#1"},
				"down": {"uv": [5, 5, 0, 9], "texture": "#1"}
			}
		},
		{
			"from": [-2, 0.9, 4],
			"to": [8, 0.9, 12],
			"rotation": {"angle": 0, "axis": "z", "origin": [8, 0.9, 8]},
			"faces": {
				"up": {"uv": [5, 4, 0, 0], "texture": "#1"},
				"down": {"uv": [5, 0, 0, 4], "texture": "#1"}
			}
		},
		{
			"from": [8, 0.9, 4],
			"to": [18, 0.9, 12],
			"rotation": {"angle": 22.5, "axis": "z", "origin": [8, 0.9, 8]},
			"faces": {
				"up": {"uv": [0, 9, 5, 5], "texture": "#1"},
				"down": {"uv": [0, 5, 5, 9], "texture": "#1"}
			}
		},
		{
			"from": [8, 0.9, 4],
			"to": [18, 0.9, 12],
			"rotation": {"angle": 0, "axis": "z", "origin": [8, 0.9, 8]},
			"faces": {
				"up": {"uv": [0, 4, 5, 0], "texture": "#1"},
				"down": {"uv": [0, 0, 5, 4], "texture": "#1"}
			}
		}
	],
	"gui_light": "front",
	"display": {
		"thirdperson_righthand": {
			"rotation": [75, 0, 0],
			"translation": [0, 2.5, 2.5],
			"scale": [0.375, 0.375, 0.375]
		},
		"thirdperson_lefthand": {
			"rotation": [75, 0, 0],
			"translation": [0, 2.5, 2.5],
			"scale": [0.375, 0.375, 0.375]
		},
		"firstperson_righthand": {
			"translation": [2.5, 2.25, 0],
			"scale": [0.4, 0.4, 0.4]
		},
		"firstperson_lefthand": {
			"translation": [2.5, 2.25, 0],
			"scale": [0.4, 0.4, 0.4]
		},
		"ground": {
			"translation": [0, 2, 0],
			"scale": [0.5, 0.5, 0.5]
		},
		"gui": {
			"rotation": [33, 135, 0],
			"translation": [0.25, 3.25, 0],
			"scale": [0.75, 0.75, 0.75]
		},
		"head": {
			"rotation": [-15, 0, 0],
			"translation": [0, 16.75, -2],
			"scale": [1.25, 1.25, 1.25]
		},
		"fixed": {
			"rotation": [-90, 0, 0],
			"translation": [0, 0, -13.25],
			"scale": [2, 2, 2]
		}
	}
}