{
	"credit": "Copyright © 2021-2099 Ikaho-Onsen Minecraft Server. All rights reserved.",
	"textures": {
		"0": "minecraft:item/rluo",
		"particle": "minecraft:item/rluo"
	},
	"elements": [
		{
			"from": [7.35969, 8.49084, 7.9475],
			"to": [8.45969, 8.69084, 8.0475],
			"rotation": {"angle": 0, "axis": "y", "origin": [2.75969, -11.30916, 4.6475]},
			"faces": {
				"north": {"uv": [0, 0, 1.1, 0.2], "texture": "#0"},
				"east": {"uv": [0, 0, 0.1, 0.2], "texture": "#0"},
				"south": {"uv": [0, 0, 1.1, 0.2], "texture": "#0"},
				"west": {"uv": [0, 0, 0.1, 0.2], "texture": "#0"},
				"up": {"uv": [0, 0, 1.1, 0.1], "texture": "#0"},
				"down": {"uv": [0, 0, 1.1, 0.1], "texture": "#0"}
			}
		},
		{
			"from": [6.83041, 8.60298, 7.9475],
			"to": [7.23041, 8.80298, 8.0475],
			"rotation": {"angle": 45, "axis": "z", "origin": [7.43041, 8.90298, 7.8975]},
			"faces": {
				"north": {"uv": [0, 0, 0.2, 0.4], "rotation": 90, "texture": "#0"},
				"east": {"uv": [0, 0, 0.2, 0.1], "rotation": 270, "texture": "#0"},
				"south": {"uv": [0, 0, 0.2, 0.4], "rotation": 270, "texture": "#0"},
				"west": {"uv": [0, 0, 0.2, 0.1], "rotation": 270, "texture": "#0"},
				"up": {"uv": [0, 0, 0.1, 0.4], "rotation": 270, "texture": "#0"},
				"down": {"uv": [0, 0, 0.1, 0.4], "rotation": 270, "texture": "#0"}
			}
		},
		{
			"from": [7.25969, 8.53227, 7.9475],
			"to": [7.45969, 8.93227, 8.0475],
			"rotation": {"angle": 45, "axis": "z", "origin": [7.35969, 8.63227, 7.8975]},
			"faces": {
				"north": {"uv": [0, 0, 0.2, 0.4], "texture": "#0"},
				"east": {"uv": [0, 0, 0.1, 0.4], "texture": "#0"},
				"south": {"uv": [0, 0, 0.2, 0.4], "texture": "#0"},
				"west": {"uv": [0, 0, 0.1, 0.4], "texture": "#0"},
				"up": {"uv": [0, 0, 0.2, 0.1], "texture": "#0"},
				"down": {"uv": [0, 0, 0.2, 0.1], "texture": "#0"}
			}
		},
		{
			"from": [7.55969, 8.39084, 7.9475],
			"to": [7.75969, 8.79084, 8.0475],
			"rotation": {"angle": 0, "axis": "y", "origin": [2.75969, -11.30916, 4.6475]},
			"faces": {
				"north": {"uv": [0, 0, 0.2, 0.4], "texture": "#0"},
				"east": {"uv": [0, 0, 0.1, 0.4], "texture": "#0"},
				"south": {"uv": [0, 0, 0.2, 0.4], "texture": "#0"},
				"west": {"uv": [0, 0, 0.1, 0.4], "texture": "#0"},
				"up": {"uv": [0, 0, 0.2, 0.1], "texture": "#0"},
				"down": {"uv": [0, 0, 0.2, 0.1], "texture": "#0"}
			}
		},
		{
			"from": [7.95969, 8.29084, 7.9475],
			"to": [8.15969, 8.89084, 8.0475],
			"rotation": {"angle": 0, "axis": "y", "origin": [2.75969, -11.30916, 4.6475]},
			"faces": {
				"north": {"uv": [0, 0, 0.2, 0.6], "texture": "#0"},
				"east": {"uv": [0, 0, 0.1, 0.6], "texture": "#0"},
				"south": {"uv": [0, 0, 0.2, 0.6], "texture": "#0"},
				"west": {"uv": [0, 0, 0.1, 0.6], "texture": "#0"},
				"up": {"uv": [0, 0, 0.2, 0.1], "texture": "#0"},
				"down": {"uv": [0, 0, 0.2, 0.1], "texture": "#0"}
			}
		},
		{
			"from": [8.45969, 8.09084, 7.9475],
			"to": [8.58969, 9.09084, 8.0475],
			"rotation": {"angle": 0, "axis": "y", "origin": [2.75969, -11.30916, 4.6475]},
			"faces": {
				"north": {"uv": [0, 0, 0.13, 1], "texture": "#0"},
				"east": {"uv": [0, 0, 0.1, 1], "texture": "#0"},
				"south": {"uv": [0, 0, 0.13, 1], "texture": "#0"},
				"west": {"uv": [0, 0, 0.1, 1], "texture": "#0"},
				"up": {"uv": [0, 0, 0.13, 0.1], "texture": "#0"},
				"down": {"uv": [0, 0, 0.13, 0.1], "texture": "#0"}
			}
		},
		{
			"from": [8.82789, 7.97975, 7.9475],
			"to": [8.95789, 8.67975, 8.0475],
			"rotation": {"angle": -45, "axis": "z", "origin": [8.87789, 8.47975, 7.9975]},
			"faces": {
				"north": {"uv": [0, 0, 0.13, 0.7], "texture": "#0"},
				"east": {"uv": [0, 0, 0.1, 0.7], "texture": "#0"},
				"south": {"uv": [0, 0, 0.13, 0.7], "texture": "#0"},
				"west": {"uv": [0, 0, 0.1, 0.7], "texture": "#0"},
				"up": {"uv": [0, 0, 0.13, 0.1], "texture": "#0"},
				"down": {"uv": [0, 0, 0.13, 0.1], "texture": "#0"}
			}
		},
		{
			"from": [8.87434, 8.1898, 7.9475],
			"to": [9.00434, 8.8898, 8.0475],
			"rotation": {"angle": 45, "axis": "z", "origin": [8.52434, 8.4898, 7.9975]},
			"faces": {
				"north": {"uv": [0, 0, 0.13, 0.7], "texture": "#0"},
				"east": {"uv": [0, 0, 0.1, 0.7], "texture": "#0"},
				"south": {"uv": [0, 0, 0.13, 0.7], "texture": "#0"},
				"west": {"uv": [0, 0, 0.1, 0.7], "texture": "#0"},
				"up": {"uv": [0, 0, 0.13, 0.1], "texture": "#0"},
				"down": {"uv": [0, 0, 0.13, 0.1], "texture": "#0"}
			}
		},
		{
			"from": [7.75969, 7.71285, 7.9375],
			"to": [8.21969, 7.77285, 8.0675],
			"rotation": {"angle": 0, "axis": "y", "origin": [0.99969, -16.95915, 3.6475]},
			"faces": {
				"north": {"uv": [0, 0, 0.2, 0.6], "texture": "#0"},
				"east": {"uv": [0, 0, 0.1, 0.6], "texture": "#0"},
				"south": {"uv": [0, 0, 0.2, 0.6], "texture": "#0"},
				"west": {"uv": [0, 0, 0.1, 0.6], "texture": "#0"},
				"up": {"uv": [0, 0, 0.2, 0.1], "texture": "#0"},
				"down": {"uv": [0, 0, 0.2, 0.1], "texture": "#0"}
			}
		},
		{
			"from": [7.75969, 7.15139, 7.9375],
			"to": [8.21969, 7.21139, 8.0675],
			"rotation": {"angle": 0, "axis": "y", "origin": [0.79969, -16.92061, 3.6475]},
			"faces": {
				"north": {"uv": [0, 0, 0.2, 0.6], "texture": "#0"},
				"east": {"uv": [0, 0, 0.1, 0.6], "texture": "#0"},
				"south": {"uv": [0, 0, 0.2, 0.6], "texture": "#0"},
				"west": {"uv": [0, 0, 0.1, 0.6], "texture": "#0"},
				"up": {"uv": [0, 0, 0.2, 0.1], "texture": "#0"},
				"down": {"uv": [0, 0, 0.2, 0.1], "texture": "#0"}
			}
		},
		{
			"from": [7.50924, 7.62324, 7.9375],
			"to": [7.82924, 7.68324, 8.0675],
			"rotation": {"angle": 22.5, "axis": "z", "origin": [7.56924, 7.55324, 8.0025]},
			"faces": {
				"north": {"uv": [0, 0, 0.2, 0.4], "rotation": 90, "texture": "#0"},
				"east": {"uv": [0, 0, 0.2, 0.1], "rotation": 270, "texture": "#0"},
				"south": {"uv": [0, 0, 0.2, 0.4], "rotation": 270, "texture": "#0"},
				"west": {"uv": [0, 0, 0.2, 0.1], "rotation": 270, "texture": "#0"},
				"up": {"uv": [0, 0, 0.1, 0.4], "rotation": 270, "texture": "#0"},
				"down": {"uv": [0, 0, 0.1, 0.4], "rotation": 270, "texture": "#0"}
			}
		},
		{
			"from": [7.41213, 7.48604, 7.9375],
			"to": [7.53213, 7.54604, 8.0675],
			"rotation": {"angle": 45, "axis": "z", "origin": [7.37213, 7.51604, 8.0025]},
			"faces": {
				"north": {"uv": [0, 0, 0.2, 0.4], "rotation": 90, "texture": "#0"},
				"east": {"uv": [0, 0, 0.2, 0.1], "rotation": 270, "texture": "#0"},
				"south": {"uv": [0, 0, 0.2, 0.4], "rotation": 270, "texture": "#0"},
				"west": {"uv": [0, 0, 0.2, 0.1], "rotation": 270, "texture": "#0"},
				"up": {"uv": [0, 0, 0.1, 0.4], "rotation": 270, "texture": "#0"},
				"down": {"uv": [0, 0, 0.1, 0.4], "rotation": 270, "texture": "#0"}
			}
		},
		{
			"from": [8.01971, 6.89679, 7.9375],
			"to": [8.33971, 6.95679, 8.0675],
			"rotation": {"angle": 22.5, "axis": "z", "origin": [7.47971, 7.52679, 8.0025]},
			"faces": {
				"north": {"uv": [0, 0, 0.2, 0.4], "rotation": 90, "texture": "#0"},
				"east": {"uv": [0, 0, 0.2, 0.1], "rotation": 270, "texture": "#0"},
				"south": {"uv": [0, 0, 0.2, 0.4], "rotation": 270, "texture": "#0"},
				"west": {"uv": [0, 0, 0.2, 0.1], "rotation": 270, "texture": "#0"},
				"up": {"uv": [0, 0, 0.1, 0.4], "rotation": 270, "texture": "#0"},
				"down": {"uv": [0, 0, 0.1, 0.4], "rotation": 270, "texture": "#0"}
			}
		},
		{
			"from": [8.44726, 7.3782, 7.9375],
			"to": [8.56726, 7.4382, 8.0675],
			"rotation": {"angle": 45, "axis": "z", "origin": [8.60726, 7.4082, 8.0025]},
			"faces": {
				"north": {"uv": [0, 0, 0.2, 0.4], "rotation": 90, "texture": "#0"},
				"east": {"uv": [0, 0, 0.2, 0.1], "rotation": 270, "texture": "#0"},
				"south": {"uv": [0, 0, 0.2, 0.4], "rotation": 270, "texture": "#0"},
				"west": {"uv": [0, 0, 0.2, 0.1], "rotation": 270, "texture": "#0"},
				"up": {"uv": [0, 0, 0.1, 0.4], "rotation": 270, "texture": "#0"},
				"down": {"uv": [0, 0, 0.1, 0.4], "rotation": 270, "texture": "#0"}
			}
		},
		{
			"from": [7.50543, 7.22186, 7.9375],
			"to": [7.82543, 7.28186, 8.0675],
			"rotation": {"angle": -22.5, "axis": "z", "origin": [7.61543, 7.35186, 8.0025]},
			"faces": {
				"north": {"uv": [0, 0, 0.2, 0.4], "rotation": 90, "texture": "#0"},
				"east": {"uv": [0, 0, 0.2, 0.1], "rotation": 270, "texture": "#0"},
				"south": {"uv": [0, 0, 0.2, 0.4], "rotation": 270, "texture": "#0"},
				"west": {"uv": [0, 0, 0.2, 0.1], "rotation": 270, "texture": "#0"},
				"up": {"uv": [0, 0, 0.1, 0.4], "rotation": 270, "texture": "#0"},
				"down": {"uv": [0, 0, 0.1, 0.4], "rotation": 270, "texture": "#0"}
			}
		},
		{
			"from": [7.41213, 7.3782, 7.9375],
			"to": [7.53213, 7.4382, 8.0675],
			"rotation": {"angle": -45, "axis": "z", "origin": [7.37213, 7.4082, 8.0025]},
			"faces": {
				"north": {"uv": [0, 0, 0.2, 0.4], "rotation": 90, "texture": "#0"},
				"east": {"uv": [0, 0, 0.2, 0.1], "rotation": 270, "texture": "#0"},
				"south": {"uv": [0, 0, 0.2, 0.4], "rotation": 270, "texture": "#0"},
				"west": {"uv": [0, 0, 0.2, 0.1], "rotation": 270, "texture": "#0"},
				"up": {"uv": [0, 0, 0.1, 0.4], "rotation": 270, "texture": "#0"},
				"down": {"uv": [0, 0, 0.1, 0.4], "rotation": 270, "texture": "#0"}
			}
		},
		{
			"from": [8.28357, 8.09399, 7.9375],
			"to": [8.60357, 8.15399, 8.0675],
			"rotation": {"angle": -22.5, "axis": "z", "origin": [7.29357, 8.12399, 8.0025]},
			"faces": {
				"north": {"uv": [0, 0, 0.2, 0.4], "rotation": 90, "texture": "#0"},
				"east": {"uv": [0, 0, 0.2, 0.1], "rotation": 270, "texture": "#0"},
				"south": {"uv": [0, 0, 0.2, 0.4], "rotation": 270, "texture": "#0"},
				"west": {"uv": [0, 0, 0.2, 0.1], "rotation": 270, "texture": "#0"},
				"up": {"uv": [0, 0, 0.1, 0.4], "rotation": 270, "texture": "#0"},
				"down": {"uv": [0, 0, 0.1, 0.4], "rotation": 270, "texture": "#0"}
			}
		},
		{
			"from": [8.44726, 7.48604, 7.9375],
			"to": [8.56726, 7.54604, 8.0675],
			"rotation": {"angle": -45, "axis": "z", "origin": [8.60726, 7.51604, 8.0025]},
			"faces": {
				"north": {"uv": [0, 0, 0.2, 0.4], "rotation": 90, "texture": "#0"},
				"east": {"uv": [0, 0, 0.2, 0.1], "rotation": 270, "texture": "#0"},
				"south": {"uv": [0, 0, 0.2, 0.4], "rotation": 270, "texture": "#0"},
				"west": {"uv": [0, 0, 0.2, 0.1], "rotation": 270, "texture": "#0"},
				"up": {"uv": [0, 0, 0.1, 0.4], "rotation": 270, "texture": "#0"},
				"down": {"uv": [0, 0, 0.1, 0.4], "rotation": 270, "texture": "#0"}
			}
		},
		{
			"from": [7.3792, 7.36553, 7.9375],
			"to": [7.4392, 7.56553, 8.0675],
			"rotation": {"angle": 0, "axis": "y", "origin": [2.3092, -16.81447, 3.6475]},
			"faces": {
				"north": {"uv": [0, 0, 0.1, 0.3], "texture": "#0"},
				"east": {"uv": [0, 0, 0.1, 0.3], "texture": "#0"},
				"south": {"uv": [0, 0, 0.1, 0.3], "texture": "#0"},
				"west": {"uv": [0, 0, 0.1, 0.3], "texture": "#0"},
				"up": {"uv": [0, 0, 0.1, 0.1], "texture": "#0"},
				"down": {"uv": [0, 0, 0.1, 0.1], "texture": "#0"}
			}
		},
		{
			"from": [7.2297, 7.34361, 7.9375],
			"to": [7.4297, 7.40361, 8.0675],
			"rotation": {"angle": 22.5, "axis": "z", "origin": [7.3297, 7.27361, 8.0025]},
			"faces": {
				"north": {"uv": [0, 0, 0.1, 0.3], "rotation": 270, "texture": "#0"},
				"east": {"uv": [0, 0, 0.1, 0.1], "rotation": 90, "texture": "#0"},
				"south": {"uv": [0, 0, 0.1, 0.3], "rotation": 90, "texture": "#0"},
				"west": {"uv": [0, 0, 0.1, 0.1], "rotation": 90, "texture": "#0"},
				"up": {"uv": [0, 0, 0.1, 0.3], "rotation": 90, "texture": "#0"},
				"down": {"uv": [0, 0, 0.1, 0.3], "rotation": 90, "texture": "#0"}
			}
		},
		{
			"from": [7.18757, 7.35545, 7.9375],
			"to": [7.24757, 7.60545, 8.0675],
			"rotation": {"angle": 0, "axis": "z", "origin": [7.21757, 7.45545, 8.0025]},
			"faces": {
				"north": {"uv": [0, 0, 0.1, 0.3], "texture": "#0"},
				"east": {"uv": [0, 0, 0.1, 0.3], "texture": "#0"},
				"south": {"uv": [0, 0, 0.1, 0.3], "texture": "#0"},
				"west": {"uv": [0, 0, 0.1, 0.3], "texture": "#0"},
				"up": {"uv": [0, 0, 0.1, 0.1], "texture": "#0"},
				"down": {"uv": [0, 0, 0.1, 0.1], "texture": "#0"}
			}
		},
		{
			"from": [7.2297, 7.52746, 7.9375],
			"to": [7.4297, 7.58746, 8.0675],
			"rotation": {"angle": -22.5, "axis": "z", "origin": [7.3297, 7.65746, 8.0025]},
			"faces": {
				"north": {"uv": [0, 0, 0.1, 0.3], "rotation": 90, "texture": "#0"},
				"east": {"uv": [0, 0, 0.1, 0.1], "rotation": 270, "texture": "#0"},
				"south": {"uv": [0, 0, 0.1, 0.3], "rotation": 270, "texture": "#0"},
				"west": {"uv": [0, 0, 0.1, 0.1], "rotation": 270, "texture": "#0"},
				"up": {"uv": [0, 0, 0.1, 0.3], "rotation": 270, "texture": "#0"},
				"down": {"uv": [0, 0, 0.1, 0.3], "rotation": 270, "texture": "#0"}
			}
		},
		{
			"from": [8.54019, 7.36553, 7.9375],
			"to": [8.60019, 7.56553, 8.0675],
			"rotation": {"angle": 0, "axis": "y", "origin": [2.07019, -16.81447, 3.6475]},
			"faces": {
				"north": {"uv": [0, 0, 0.1, 0.3], "texture": "#0"},
				"east": {"uv": [0, 0, 0.1, 0.3], "texture": "#0"},
				"south": {"uv": [0, 0, 0.1, 0.3], "texture": "#0"},
				"west": {"uv": [0, 0, 0.1, 0.3], "texture": "#0"},
				"up": {"uv": [0, 0, 0.1, 0.1], "texture": "#0"},
				"down": {"uv": [0, 0, 0.1, 0.1], "texture": "#0"}
			}
		},
		{
			"from": [8.5, 7.32, 8],
			"to": [8.55, 7.58, 8],
			"rotation": {"angle": 0, "axis": "y", "origin": [7, 7, 7]},
			"faces": {
				"north": {"uv": [3, 15, 3.05, 15.26], "texture": "#0"},
				"east": {"uv": [3, 15, 3, 15.26], "texture": "#0"},
				"south": {"uv": [3, 15, 3.05, 15.26], "texture": "#0"},
				"west": {"uv": [3, 15, 3, 15.26], "texture": "#0"},
				"up": {"uv": [3, 15, 3.05, 15], "texture": "#0"},
				"down": {"uv": [3, 15, 3.05, 15], "texture": "#0"}
			}
		},
		{
			"from": [8.4, 7.29, 8],
			"to": [8.5, 7.65, 8],
			"rotation": {"angle": 0, "axis": "y", "origin": [7, 7, 7]},
			"faces": {
				"north": {"uv": [3, 15, 3.1, 15.36], "texture": "#0"},
				"east": {"uv": [3, 15, 3, 15.36], "texture": "#0"},
				"south": {"uv": [3, 15, 3.1, 15.36], "texture": "#0"},
				"west": {"uv": [3, 15, 3, 15.36], "texture": "#0"},
				"up": {"uv": [3, 15, 3.1, 15], "texture": "#0"},
				"down": {"uv": [3, 15, 3.1, 15], "texture": "#0"}
			}
		},
		{
			"from": [8.3, 7.25, 8],
			"to": [8.4, 7.68, 8],
			"rotation": {"angle": 0, "axis": "y", "origin": [7, 7, 7]},
			"faces": {
				"north": {"uv": [3, 15, 3.1, 15.43], "texture": "#0"},
				"east": {"uv": [3, 15, 3, 15.43], "texture": "#0"},
				"south": {"uv": [3, 15, 3.1, 15.43], "texture": "#0"},
				"west": {"uv": [3, 15, 3, 15.43], "texture": "#0"},
				"up": {"uv": [3, 15, 3.1, 15], "texture": "#0"},
				"down": {"uv": [3, 15, 3.1, 15], "texture": "#0"}
			}
		},
		{
			"from": [7.7, 7.2, 8],
			"to": [8.3, 7.71, 8],
			"rotation": {"angle": 0, "axis": "y", "origin": [7, 7, 7]},
			"faces": {
				"north": {"uv": [3, 15, 3.6, 15.51], "texture": "#0"},
				"east": {"uv": [3, 15, 3, 15.51], "texture": "#0"},
				"south": {"uv": [3, 15, 3.6, 15.51], "texture": "#0"},
				"west": {"uv": [3, 15, 3, 15.51], "texture": "#0"},
				"up": {"uv": [3, 15, 3.6, 15], "texture": "#0"},
				"down": {"uv": [3, 15, 3.6, 15], "texture": "#0"}
			}
		},
		{
			"from": [7.6, 7.22, 8],
			"to": [7.7, 7.7, 8],
			"rotation": {"angle": 0, "axis": "y", "origin": [7, 7, 7]},
			"faces": {
				"north": {"uv": [3, 15, 3.1, 15.48], "texture": "#0"},
				"east": {"uv": [3, 15, 3, 15.48], "texture": "#0"},
				"south": {"uv": [3, 15, 3.1, 15.48], "texture": "#0"},
				"west": {"uv": [3, 15, 3, 15.48], "texture": "#0"},
				"up": {"uv": [3, 15, 3.1, 15], "texture": "#0"},
				"down": {"uv": [3, 15, 3.1, 15], "texture": "#0"}
			}
		},
		{
			"from": [7.5, 7.27, 8],
			"to": [7.6, 7.66, 8],
			"rotation": {"angle": 0, "axis": "y", "origin": [7, 7, 7]},
			"faces": {
				"north": {"uv": [3, 15, 3.1, 15.39], "texture": "#0"},
				"east": {"uv": [3, 15, 3, 15.39], "texture": "#0"},
				"south": {"uv": [3, 15, 3.1, 15.39], "texture": "#0"},
				"west": {"uv": [3, 15, 3, 15.39], "texture": "#0"},
				"up": {"uv": [3, 15, 3.1, 15], "texture": "#0"},
				"down": {"uv": [3, 15, 3.1, 15], "texture": "#0"}
			}
		},
		{
			"from": [7.44, 7.3, 8],
			"to": [7.5, 7.61, 8],
			"rotation": {"angle": 0, "axis": "y", "origin": [7, 7, 7]},
			"faces": {
				"north": {"uv": [3, 15, 3.06, 15.31], "texture": "#0"},
				"east": {"uv": [3, 15, 3, 15.31], "texture": "#0"},
				"south": {"uv": [3, 15, 3.06, 15.31], "texture": "#0"},
				"west": {"uv": [3, 15, 3, 15.31], "texture": "#0"},
				"up": {"uv": [3, 15, 3.06, 15], "texture": "#0"},
				"down": {"uv": [3, 15, 3.06, 15], "texture": "#0"}
			}
		},
		{
			"from": [7.24, 7.35, 8],
			"to": [7.3, 7.56, 8],
			"rotation": {"angle": 0, "axis": "y", "origin": [7, 7, 7]},
			"faces": {
				"north": {"uv": [3, 15, 3.06, 15.21], "texture": "#0"},
				"east": {"uv": [3, 15, 3, 15.21], "texture": "#0"},
				"south": {"uv": [3, 15, 3.06, 15.21], "texture": "#0"},
				"west": {"uv": [3, 15, 3, 15.21], "texture": "#0"},
				"up": {"uv": [3, 15, 3.06, 15], "texture": "#0"},
				"down": {"uv": [3, 15, 3.06, 15], "texture": "#0"}
			}
		},
		{
			"from": [7.3, 7.37, 8],
			"to": [7.37, 7.56, 8],
			"rotation": {"angle": 0, "axis": "y", "origin": [7, 7, 7]},
			"faces": {
				"north": {"uv": [3, 15, 3.07, 15.19], "texture": "#0"},
				"east": {"uv": [3, 15, 3, 15.19], "texture": "#0"},
				"south": {"uv": [3, 15, 3.07, 15.19], "texture": "#0"},
				"west": {"uv": [3, 15, 3, 15.19], "texture": "#0"},
				"up": {"uv": [3, 15, 3.07, 15], "texture": "#0"},
				"down": {"uv": [3, 15, 3.07, 15], "texture": "#0"}
			}
		}
	],
	"gui_light": "front",
	"display": {
		"firstperson_righthand": {
			"translation": [3.75, 1, 0.5]
		},
		"firstperson_lefthand": {
			"translation": [0, 3, 2.75]
		},
		"ground": {
			"rotation": [49, 0, 0],
			"scale": [4, 4, 4]
		},
		"gui": {
			"rotation": [0, 180, -20],
			"scale": [4, 4, 4]
		},
		"head": {
			"rotation": [0, 0, -27],
			"translation": [-3.75, 1.25, -7.25],
			"scale": [1.5, 1.5, 1.5]
		},
		"fixed": {
			"rotation": [0, 0, -25],
			"translation": [0, 0, -0.5],
			"scale": [4, 4, 4]
		}
	},
	"groups": [
		{
			"name": "group",
			"origin": [10.75969, -3.30916, 12.6475],
			"color": 0,
			"children": [0, 1, 2, 3, 4, 5, 6, 7]
		},
		{
			"name": "group",
			"origin": [8, 8, 8],
			"color": 0,
			"children": [8, 9, 10, 11, 12, 13, 14, 15, 16, 17, 18, 19, 20, 21, 22]
		},
		{
			"name": "group",
			"origin": [8, 8, 8],
			"color": 0,
			"children": [23, 24, 25, 26, 27, 28, 29, 30, 31]
		}
	]
}