{
	"credit": "Copyright © 2021-2099 Ikaho-Onsen Minecraft Server. All rights reserved.",
	"texture_size": [64, 64],
	"textures": {
		"0": "minecraft:item/clear_item_01",
		"particle": "minecraft:item/clear_item_01"
	},
	"elements": [
		{
			"from": [4, 5.3, 6],
			"to": [12, 9.3, 10],
			"rotation": {"angle": -45, "axis": "x", "origin": [8, 8.3, 8]},
			"faces": {
				"north": {"uv": [2.25, 14.75, 4.25, 15.75], "texture": "#0"},
				"east": {"uv": [2, 11, 3, 12], "texture": "#0"},
				"south": {"uv": [2.25, 14.75, 4.25, 13.75], "texture": "#0"},
				"west": {"uv": [3, 11, 2, 12], "texture": "#0"},
				"up": {"uv": [4.25, 14.75, 2.25, 15.75], "texture": "#0"},
				"down": {"uv": [4.25, 13.75, 2.25, 14.75], "texture": "#0"}
			}
		},
		{
			"from": [4, 4.3, 10],
			"to": [12, 6.3, 10],
			"rotation": {"angle": 0, "axis": "x", "origin": [8, 6.3, 10]},
			"faces": {
				"north": {"uv": [4.25, 13.75, 6.25, 14.25], "texture": "#0"},
				"south": {"uv": [4.25, 13.75, 6.25, 14.25], "texture": "#0"}
			}
		},
		{
			"from": [4, 3.23863, 7.44005],
			"to": [12, 3.23863, 10.44005],
			"rotation": {"angle": -45, "axis": "x", "origin": [8, 3.23863, 8.94005]},
			"faces": {
				"up": {"uv": [4.25, 14.25, 6.25, 15], "rotation": 180, "texture": "#0"},
				"down": {"uv": [4.25, 14.25, 6.25, 15], "texture": "#0"}
			}
		},
		{
			"from": [2, 6, 12],
			"to": [14, 12, 13],
			"rotation": {"angle": 0, "axis": "y", "origin": [8, 9, 8]},
			"faces": {
				"north": {"uv": [2.25, 12, 5.25, 13.5], "texture": "#0"},
				"east": {"uv": [2, 12, 2.25, 13.5], "texture": "#0"},
				"south": {"uv": [2.25, 12, 5.25, 13.5], "texture": "#0"},
				"west": {"uv": [2.25, 12, 2, 13.5], "texture": "#0"},
				"up": {"uv": [5.25, 13.75, 2.25, 13.5], "texture": "#0"},
				"down": {"uv": [5.25, 13.25, 2.25, 13.5], "texture": "#0"}
			}
		},
		{
			"from": [3, 6.3, 7],
			"to": [4, 8.3, 13],
			"rotation": {"angle": -22.5, "axis": "x", "origin": [3.5, 7.3, 8]},
			"faces": {
				"north": {"uv": [0, 12, 0.25, 12.5], "texture": "#0"},
				"east": {"uv": [0.25, 12, 1.75, 12.5], "texture": "#0"},
				"west": {"uv": [1.75, 12, 0.25, 12.5], "texture": "#0"},
				"up": {"uv": [0.5, 14, 0.25, 12.5], "texture": "#0"},
				"down": {"uv": [0.25, 12.5, 0, 14], "texture": "#0"}
			}
		},
		{
			"from": [12, 6.3, 7],
			"to": [13, 8.3, 13],
			"rotation": {"angle": -22.5, "axis": "x", "origin": [12.5, 7.3, 8]},
			"faces": {
				"north": {"uv": [0.25, 12, 0, 12.5], "texture": "#0"},
				"east": {"uv": [0.25, 12, 1.75, 12.5], "texture": "#0"},
				"west": {"uv": [1.75, 12, 0.25, 12.5], "texture": "#0"},
				"up": {"uv": [0.25, 14, 0.5, 12.5], "texture": "#0"},
				"down": {"uv": [0, 12.5, 0.25, 14], "texture": "#0"}
			}
		}
	],
	"gui_light": "front",
	"display": {
		"thirdperson_righthand": {
			"rotation": [70, 0, 0],
			"translation": [0, 4.75, -1]
		},
		"thirdperson_lefthand": {
			"rotation": [70, 0, 0],
			"translation": [0, 4.75, -1]
		},
		"firstperson_righthand": {
			"translation": [1.88, 2.7, 2.13],
			"scale": [0.5, 0.5, 0.5]
		},
		"firstperson_lefthand": {
			"translation": [1.88, 2.7, 2.13],
			"scale": [0.5, 0.5, 0.5]
		},
		"ground": {
			"rotation": [30, 0, 0],
			"scale": [0.5, 0.5, 0.5]
		},
		"gui": {
			"rotation": [33, 135, 0],
			"translation": [-2, -1.5, 0],
			"scale": [0.94, 0.94, 0.94]
		},
		"head": {
			"rotation": [0, 180, 0],
			"translation": [0, -2.5, 13.75],
			"scale": [1.5, 1.5, 1.5]
		},
		"fixed": {
			"translation": [0, -1.25, -9.75],
			"scale": [2, 2, 2]
		}
	},
	"groups": [
		{
			"name": "group",
			"origin": [-0.5, 0, 0.5],
			"color": 0,
			"nbt": "{}",
			"armAnimationEnabled": false,
			"children": [0, 1, 2, 3, 4, 5]
		}
	]
}