{
	"credit": "Copyright © 2021-2099 Ikaho-Onsen Minecraft Server. All rights reserved.",
	"texture_size": [32, 32],
	"textures": {
		"0": "minecraft:item/boxing_gloves_01",
		"particle": "minecraft:item/boxing_gloves_01"
	},
	"elements": [
		{
			"from": [5.32116, 2.75, 8.45748],
			"to": [10.32116, 8.75, 11.45748],
			"rotation": {"angle": 0, "axis": "x", "origin": [8.82116, 6.30814, 6.70748]},
			"faces": {
				"north": {"uv": [9, 4, 6.5, 7], "texture": "#0"},
				"east": {"uv": [1.5, 8, 3, 11], "texture": "#0"},
				"south": {"uv": [9, 4, 6.5, 7], "texture": "#0"},
				"west": {"uv": [3, 8, 1.5, 11], "texture": "#0"},
				"up": {"uv": [7, 3.5, 9.5, 2], "texture": "#0"},
				"down": {"uv": [13.5, 2, 11, 3.5], "texture": "#0"}
			}
		},
		{
			"from": [4.32116, 1.75, 5.45748],
			"to": [9.32116, 9.75, 8.45748],
			"rotation": {"angle": 0, "axis": "y", "origin": [8.82116, 6.30814, 6.70748]},
			"faces": {
				"east": {"uv": [1.5, 8, 0, 12], "texture": "#0", "tintindex": 0},
				"south": {"uv": [2.5, 4, 0, 8], "texture": "#0", "tintindex": 0},
				"west": {"uv": [8, 7, 6.5, 11], "texture": "#0", "tintindex": 0},
				"up": {"uv": [3, 9.5, 5.5, 8], "texture": "#0", "tintindex": 0},
				"down": {"uv": [0, 12, 2.5, 13.5], "texture": "#0", "tintindex": 0}
			}
		},
		{
			"from": [4.32116, 1.75, 1.45748],
			"to": [11.32116, 9.75, 5.45748],
			"rotation": {"angle": 0, "axis": "y", "origin": [8.82116, 6.30814, 6.70748]},
			"faces": {
				"north": {"uv": [3.5, 0, 0, 4], "texture": "#0", "tintindex": 0},
				"east": {"uv": [6.5, 4, 4.5, 8], "texture": "#0", "tintindex": 0},
				"south": {"uv": [7, 0, 3.5, 4], "texture": "#0", "tintindex": 0},
				"west": {"uv": [4.5, 4, 2.5, 8], "texture": "#0", "tintindex": 0},
				"up": {"uv": [7, 2, 10.5, 0], "texture": "#0", "tintindex": 0},
				"down": {"uv": [10.5, 0, 14, 2], "texture": "#0", "tintindex": 0}
			}
		},
		{
			"from": [9.32116, 4.00964, 4.23548],
			"to": [12.32116, 9.00964, 7.23548],
			"rotation": {"angle": 22.5, "axis": "x", "origin": [8.82116, 6.30814, 6.70748]},
			"faces": {
				"north": {"uv": [9.5, 7, 8, 9.5], "texture": "#0", "tintindex": 0},
				"east": {"uv": [4.5, 9.5, 3, 12], "texture": "#0", "tintindex": 0},
				"south": {"uv": [10.5, 3.5, 9, 6], "texture": "#0", "tintindex": 0},
				"up": {"uv": [9.5, 3.5, 11, 2], "texture": "#0", "tintindex": 0},
				"down": {"uv": [4.5, 9.5, 6, 11], "texture": "#0", "tintindex": 0}
			}
		}
	],
	"gui_light": "front",
	"display": {
		"thirdperson_righthand": {
			"rotation": [0, 0, 180],
			"translation": [-0.25, -4.5, 1.25]
		},
		"thirdperson_lefthand": {
			"translation": [-0.25, 0.25, 1.25]
		},
		"firstperson_righthand": {
			"rotation": [54, 0, 169],
			"translation": [3.75, 0, 0],
			"scale": [0.7, 0.7, 0.7]
		},
		"firstperson_lefthand": {
			"rotation": [54, 0, 11],
			"translation": [3.75, 0, 0],
			"scale": [0.7, 0.7, 0.7]
		},
		"ground": {
			"translation": [0, 2, 0],
			"scale": [0.6, 0.6, 0.6]
		},
		"gui": {
			"rotation": [33, 135, 0],
			"translation": [1.5, 2.5, 0]
		},
		"head": {
			"rotation": [13, -130, 31],
			"translation": [-11.75, 1, -9.75],
			"scale": [1.5, 1.5, 1.5]
		},
		"fixed": {
			"translation": [0.75, 4.5, -7],
			"scale": [2, 2, 2]
		}
	},
	"groups": [
		{
			"name": "group",
			"origin": [7.17884, 6.30814, 6.55031],
			"color": 0,
			"nbt": "{}",
			"armAnimationEnabled": false,
			"children": [0, 1, 2, 3]
		}
	]
}