{
	"credit": "Made with Blockbench",
	"texture_size": [64, 64],
	"textures": {
		"1": "item/lion_dance_jp",
		"2": "item/lion_dance_ink_jp",
		"particle": "item/lion_dance_jp"
	},
	"elements": [
		{
			"from": [2, -2.75804, -0.35194],
			"to": [14, -0.75804, 9.64806],
			"rotation": {"angle": 0, "axis": "x", "origin": [8, -0.25804, 8.64806]},
			"faces": {
				"north": {"uv": [11.5, 6.5, 14.5, 7], "texture": "#2", "tintindex": 0},
				"east": {"uv": [12.25, 8.75, 9.75, 9.25], "texture": "#2", "tintindex": 0},
				"west": {"uv": [9.75, 8.75, 12.25, 9.25], "texture": "#2", "tintindex": 0},
				"up": {"uv": [11, 5.75, 8, 3.25], "texture": "#2", "tintindex": 0},
				"down": {"uv": [5.25, 9.25, 2.25, 11.75], "texture": "#2", "tintindex": 0}
			}
		},
		{
			"from": [2, -0.75804, 5.64806],
			"to": [14, 12.24196, 13.64806],
			"rotation": {"angle": 0, "axis": "x", "origin": [8, -0.25804, 8.64806]},
			"faces": {
				"north": {"uv": [7, 0, 10, 3.25], "texture": "#2", "tintindex": 0},
				"east": {"uv": [7.25, 9.5, 5.25, 12.75], "texture": "#2", "tintindex": 0},
				"south": {"uv": [4, 0, 7, 3.25], "texture": "#2", "tintindex": 0},
				"west": {"uv": [5.25, 9.5, 7.25, 12.75], "texture": "#2", "tintindex": 0},
				"up": {"uv": [12.25, 11.5, 9.25, 9.5], "texture": "#2", "tintindex": 0},
				"down": {"uv": [0, 0, 3, 2], "texture": "#2", "tintindex": 0}
			}
		},
		{
			"from": [2, 4.24196, -0.35194],
			"to": [14, 6.24196, 5.64806],
			"rotation": {"angle": 0, "axis": "x", "origin": [8, -0.25804, 8.64806]},
			"faces": {
				"north": {"uv": [13, 0, 16, 0.5], "texture": "#2", "tintindex": 0},
				"east": {"uv": [11.25, 13, 9.75, 13.5], "texture": "#2", "tintindex": 0},
				"west": {"uv": [9.75, 13, 11.25, 13.5], "texture": "#2", "tintindex": 0},
				"up": {"uv": [12.25, 13, 9.25, 11.5], "texture": "#2", "tintindex": 0},
				"down": {"uv": [4.5, 11.75, 1.5, 13.25], "texture": "#2", "tintindex": 0}
			}
		},
		{
			"from": [5, 6.24196, -1.35194],
			"to": [7, 8.24196, 1.64806],
			"rotation": {"angle": 22.5, "axis": "z", "origin": [8, 7.24196, -0.35194]},
			"faces": {
				"north": {"uv": [4.5, 13.25, 4, 13.75], "texture": "#2", "tintindex": 0},
				"east": {"uv": [2.25, 11.25, 1.5, 11.75], "texture": "#2", "tintindex": 0},
				"south": {"uv": [12.25, 13.75, 11.75, 14.25], "texture": "#2", "tintindex": 0},
				"west": {"uv": [14.75, 1.5, 14, 2], "texture": "#2", "tintindex": 0},
				"up": {"uv": [11, 4, 11.5, 3.25], "texture": "#2", "tintindex": 0},
				"down": {"uv": [11, 4, 11.5, 4.75], "texture": "#2", "tintindex": 0}
			}
		},
		{
			"from": [6, 6.24196, -1.75194],
			"to": [10, 8.24196, 0.64806],
			"rotation": {"angle": 0, "axis": "x", "origin": [8, -1.25804, 6.64806]},
			"faces": {
				"north": {"uv": [3.5, 13.75, 4.5, 14.25], "texture": "#2", "tintindex": 0},
				"east": {"uv": [14, 2, 14.5, 2.5], "texture": "#2", "tintindex": 0},
				"west": {"uv": [14, 2.5, 14.5, 3], "texture": "#2", "tintindex": 0},
				"up": {"uv": [9.5, 14.25, 8.5, 13.75], "texture": "#2", "tintindex": 0},
				"down": {"uv": [11.75, 13.75, 10.75, 14.25], "texture": "#2", "tintindex": 0}
			}
		},
		{
			"from": [9, 6.24196, -1.35194],
			"to": [11, 8.24196, 1.64806],
			"rotation": {"angle": -22.5, "axis": "z", "origin": [8, 7.24196, -0.35194]},
			"faces": {
				"north": {"uv": [4, 13.25, 4.5, 13.75], "texture": "#2", "tintindex": 0},
				"east": {"uv": [14, 1.5, 14.75, 2], "texture": "#2", "tintindex": 0},
				"south": {"uv": [11.75, 13.75, 12.25, 14.25], "texture": "#2", "tintindex": 0},
				"west": {"uv": [1.5, 11.25, 2.25, 11.75], "texture": "#2", "tintindex": 0},
				"up": {"uv": [11.5, 4, 11, 3.25], "texture": "#2", "tintindex": 0},
				"down": {"uv": [11.5, 4, 11, 4.75], "texture": "#2", "tintindex": 0}
			}
		},
		{
			"from": [6, 6.24196, 0.64806],
			"to": [10, 9.24196, 5.64806],
			"rotation": {"angle": 0, "axis": "x", "origin": [8, -0.25804, 8.64806]},
			"faces": {
				"north": {"uv": [7, 3.25, 8, 4], "texture": "#2", "tintindex": 0},
				"east": {"uv": [13, 5.75, 14.25, 6.5], "texture": "#2", "tintindex": 0},
				"west": {"uv": [8.5, 13, 9.75, 13.75], "texture": "#2", "tintindex": 0},
				"up": {"uv": [14, 2.75, 13, 1.5], "texture": "#2", "tintindex": 0}
			}
		},
		{
			"from": [1, 7.25998, 2.29451],
			"to": [15, 11.55998, 8.29451],
			"rotation": {"angle": 45, "axis": "x", "origin": [8, 9.05998, 5.29451]},
			"faces": {
				"north": {"uv": [12.25, 8.75, 15.75, 9.75], "texture": "#2", "tintindex": 0},
				"east": {"uv": [14.5, 0.5, 13, 1.5], "texture": "#2", "tintindex": 0},
				"south": {"uv": [12.25, 9.75, 15.75, 10.75], "texture": "#2", "tintindex": 0},
				"west": {"uv": [13, 0.5, 14.5, 1.5], "texture": "#2", "tintindex": 0},
				"up": {"uv": [11.5, 7.25, 8, 5.75], "texture": "#2", "tintindex": 0},
				"down": {"uv": [13.25, 7.25, 9.75, 8.75], "texture": "#2", "tintindex": 0}
			}
		},
		{
			"from": [2, -2.75804, -0.35194],
			"to": [14, -0.75804, 9.64806],
			"rotation": {"angle": 0, "axis": "x", "origin": [8, -0.25804, 8.64806]},
			"faces": {
				"north": {"uv": [11.5, 6.5, 14.5, 7], "texture": "#1"},
				"east": {"uv": [12.25, 8.75, 9.75, 9.25], "texture": "#1"},
				"west": {"uv": [9.75, 8.75, 12.25, 9.25], "texture": "#1"},
				"up": {"uv": [11, 5.75, 8, 3.25], "texture": "#1"},
				"down": {"uv": [5.25, 9.25, 2.25, 11.75], "texture": "#1"}
			}
		},
		{
			"from": [6, 6.24196, 0.64806],
			"to": [10, 9.24196, 5.64806],
			"rotation": {"angle": 0, "axis": "x", "origin": [8, -0.25804, 8.64806]},
			"faces": {
				"north": {"uv": [7, 3.25, 8, 4], "texture": "#1"},
				"east": {"uv": [13, 5.75, 14.25, 6.5], "texture": "#1"},
				"west": {"uv": [8.5, 13, 9.75, 13.75], "texture": "#1"},
				"up": {"uv": [14, 2.75, 13, 1.5], "texture": "#1"}
			}
		},
		{
			"from": [2, -0.75804, 5.64806],
			"to": [14, 12.24196, 13.64806],
			"rotation": {"angle": 0, "axis": "x", "origin": [8, -0.25804, 8.64806]},
			"faces": {
				"north": {"uv": [7, 0, 10, 3.25], "texture": "#1"},
				"east": {"uv": [7.25, 9.5, 5.25, 12.75], "texture": "#1"},
				"west": {"uv": [5.25, 9.5, 7.25, 12.75], "texture": "#1"},
				"up": {"uv": [12.25, 11.5, 9.25, 9.5], "texture": "#1"}
			}
		},
		{
			"from": [2, 4.24196, -0.35194],
			"to": [14, 6.24196, 5.64806],
			"rotation": {"angle": 0, "axis": "x", "origin": [8, -0.25804, 8.64806]},
			"faces": {
				"north": {"uv": [13, 0, 16, 0.5], "texture": "#1"},
				"east": {"uv": [11.25, 13, 9.75, 13.5], "texture": "#1"},
				"west": {"uv": [9.75, 13, 11.25, 13.5], "texture": "#1"},
				"up": {"uv": [12.25, 13, 9.25, 11.5], "texture": "#1"},
				"down": {"uv": [4.5, 11.75, 1.5, 13.25], "texture": "#1"}
			}
		},
		{
			"from": [1.23223, 12.24196, 8.3803],
			"to": [5.23223, 14.24196, 12.3803],
			"rotation": {"angle": 0, "axis": "y", "origin": [2.23223, 13.74196, 10.3803]},
			"faces": {
				"north": {"uv": [13.25, 8, 14.25, 8.5], "texture": "#1"},
				"east": {"uv": [9.75, 13.5, 10.75, 14], "texture": "#1"},
				"south": {"uv": [14.25, 8, 13.25, 8.5], "texture": "#1"},
				"up": {"uv": [14, 3.75, 13, 2.75], "texture": "#1"}
			}
		},
		{
			"from": [2, 9.24196, 0.64806],
			"to": [7, 11.24196, 2.64806],
			"rotation": {"angle": 0, "axis": "z", "origin": [4.5, 10.24196, 1.64806]},
			"faces": {
				"north": {"uv": [1.5, 13.25, 2.75, 13.75], "texture": "#1"},
				"east": {"uv": [11, 4.75, 11.5, 5.25], "texture": "#1"},
				"south": {"uv": [2.75, 13.25, 4, 13.75], "texture": "#1"},
				"west": {"uv": [11, 5.25, 11.5, 5.75], "texture": "#1"},
				"up": {"uv": [14.5, 7.5, 13.25, 7], "texture": "#1"},
				"down": {"uv": [14.5, 7.5, 13.25, 8], "texture": "#1"}
			}
		},
		{
			"from": [1, 7.25998, 2.29451],
			"to": [15, 11.55998, 8.29451],
			"rotation": {"angle": 45, "axis": "x", "origin": [8, 9.05998, 5.29451]},
			"faces": {
				"north": {"uv": [12.25, 8.75, 15.75, 9.75], "texture": "#1"},
				"east": {"uv": [14.5, 0.5, 13, 1.5], "texture": "#1"},
				"south": {"uv": [12.25, 9.75, 15.75, 10.75], "texture": "#1"},
				"west": {"uv": [13, 0.5, 14.5, 1.5], "texture": "#1"},
				"up": {"uv": [11.5, 7.25, 8, 5.75], "texture": "#1"},
				"down": {"uv": [13.25, 7.25, 9.75, 8.75], "texture": "#1"}
			}
		},
		{
			"from": [3, 6.24196, 2.64806],
			"to": [6, 9.24196, 5.64806],
			"rotation": {"angle": 0, "axis": "y", "origin": [4.5, 7.74196, 4.14806]},
			"faces": {
				"north": {"uv": [4.5, 11.75, 5.25, 12.5], "texture": "#1"},
				"west": {"uv": [11.25, 13, 12, 13.75], "texture": "#1"}
			}
		},
		{
			"from": [10, 6.24196, 2.64806],
			"to": [13, 9.24196, 5.64806],
			"rotation": {"angle": 0, "axis": "y", "origin": [11.5, 7.74196, 4.14806]},
			"faces": {
				"north": {"uv": [5.25, 11.75, 4.5, 12.5], "texture": "#1"},
				"east": {"uv": [12, 13, 11.25, 13.75], "texture": "#1"}
			}
		},
		{
			"from": [5, 6.24196, -1.35194],
			"to": [7, 8.24196, 1.64806],
			"rotation": {"angle": 22.5, "axis": "z", "origin": [8, 7.24196, -0.35194]},
			"faces": {
				"north": {"uv": [4, 13.25, 4.5, 13.75], "texture": "#1"},
				"east": {"uv": [1.5, 11.25, 2.25, 11.75], "texture": "#1"},
				"south": {"uv": [11.75, 13.75, 12.25, 14.25], "texture": "#1"},
				"west": {"uv": [14, 1.5, 14.75, 2], "texture": "#1"},
				"up": {"uv": [11.5, 4, 11, 3.25], "texture": "#1"},
				"down": {"uv": [11.5, 4, 11, 4.75], "texture": "#1"}
			}
		},
		{
			"from": [-1.53553, 10.26709, 8.4053],
			"to": [2.46447, 12.26709, 12.3553],
			"rotation": {"angle": 45, "axis": "z", "origin": [-0.53553, 11.76709, 10.3803]},
			"faces": {
				"north": {"uv": [1.5, 13.75, 2.5, 14.25], "texture": "#1"},
				"south": {"uv": [2.5, 13.75, 1.5, 14.25], "texture": "#1"},
				"west": {"uv": [2.5, 13.75, 3.5, 14.25], "texture": "#1"},
				"up": {"uv": [14, 4.75, 13, 3.75], "texture": "#1"},
				"down": {"uv": [14, 4.75, 13, 5.75], "texture": "#1"}
			}
		},
		{
			"from": [10.76777, 12.24196, 8.3803],
			"to": [14.76777, 14.24196, 12.3803],
			"rotation": {"angle": 0, "axis": "y", "origin": [13.76777, 13.74196, 10.3803]},
			"faces": {
				"north": {"uv": [14.25, 8, 13.25, 8.5], "texture": "#1"},
				"south": {"uv": [13.25, 8, 14.25, 8.5], "texture": "#1"},
				"west": {"uv": [10.75, 13.5, 9.75, 14], "texture": "#1"},
				"up": {"uv": [13, 3.75, 14, 2.75], "texture": "#1"}
			}
		},
		{
			"from": [13.53553, 10.26709, 8.4053],
			"to": [17.53553, 12.26709, 12.3553],
			"rotation": {"angle": -45, "axis": "z", "origin": [16.53553, 11.76709, 10.3803]},
			"faces": {
				"north": {"uv": [2.5, 13.75, 1.5, 14.25], "texture": "#1"},
				"east": {"uv": [3.5, 13.75, 2.5, 14.25], "texture": "#1"},
				"south": {"uv": [1.5, 13.75, 2.5, 14.25], "texture": "#1"},
				"up": {"uv": [13, 4.75, 14, 3.75], "texture": "#1"},
				"down": {"uv": [13, 4.75, 14, 5.75], "texture": "#1"}
			}
		},
		{
			"from": [6, 6.24196, -1.75194],
			"to": [10, 8.24196, 0.64806],
			"rotation": {"angle": 0, "axis": "x", "origin": [8, -1.25804, 6.64806]},
			"faces": {
				"north": {"uv": [3.5, 13.75, 4.5, 14.25], "texture": "#1"},
				"east": {"uv": [14, 2, 14.5, 2.5], "texture": "#1"},
				"west": {"uv": [14, 2.5, 14.5, 3], "texture": "#1"},
				"up": {"uv": [9.5, 14.25, 8.5, 13.75], "texture": "#1"},
				"down": {"uv": [11.75, 13.75, 10.75, 14.25], "texture": "#1"}
			}
		},
		{
			"from": [9, 9.24196, 0.64806],
			"to": [14, 11.24196, 2.64806],
			"rotation": {"angle": 0, "axis": "z", "origin": [11.5, 10.24196, 1.64806]},
			"faces": {
				"north": {"uv": [2.75, 13.25, 1.5, 13.75], "texture": "#1"},
				"east": {"uv": [11.5, 5.25, 11, 5.75], "texture": "#1"},
				"south": {"uv": [4, 13.25, 2.75, 13.75], "texture": "#1"},
				"west": {"uv": [11.5, 4.75, 11, 5.25], "texture": "#1"},
				"up": {"uv": [13.25, 7.5, 14.5, 7], "texture": "#1"},
				"down": {"uv": [13.25, 7.5, 14.5, 8], "texture": "#1"}
			}
		},
		{
			"from": [9, 6.24196, -1.35194],
			"to": [11, 8.24196, 1.64806],
			"rotation": {"angle": -22.5, "axis": "z", "origin": [8, 7.24196, -0.35194]},
			"faces": {
				"north": {"uv": [4.5, 13.25, 4, 13.75], "texture": "#1"},
				"east": {"uv": [14.75, 1.5, 14, 2], "texture": "#1"},
				"south": {"uv": [12.25, 13.75, 11.75, 14.25], "texture": "#1"},
				"west": {"uv": [2.25, 11.25, 1.5, 11.75], "texture": "#1"},
				"up": {"uv": [11, 4, 11.5, 3.25], "texture": "#1"},
				"down": {"uv": [11, 4, 11.5, 4.75], "texture": "#1"}
			}
		},
		{
			"from": [3, 3.24196, -0.35194],
			"to": [13, 4.24196, 0.64806],
			"rotation": {"angle": 0, "axis": "x", "origin": [8, -0.25804, 8.64806]},
			"faces": {
				"north": {"uv": [9.75, 9.25, 12.25, 9.5], "texture": "#1"},
				"south": {"uv": [9.75, 9.25, 12.25, 9.5], "texture": "#1"},
				"down": {"uv": [12.25, 9.25, 9.75, 9.5], "texture": "#1"}
			}
		},
		{
			"from": [2, 3.24196, -0.35194],
			"to": [3, 4.24196, 5.64806],
			"rotation": {"angle": 0, "axis": "y", "origin": [8, 3.74196, 0.14806]},
			"faces": {
				"north": {"uv": [14.5, 15.75, 14.75, 16], "texture": "#1"},
				"east": {"uv": [16, 15.75, 14.5, 16], "texture": "#1"},
				"west": {"uv": [14.5, 15.75, 16, 16], "texture": "#1"},
				"down": {"uv": [16, 15.75, 14.5, 16], "rotation": 90, "texture": "#1"}
			}
		},
		{
			"from": [13, 3.24196, -0.35194],
			"to": [14, 4.24196, 5.64806],
			"rotation": {"angle": 0, "axis": "y", "origin": [8, 3.74196, 0.14806]},
			"faces": {
				"north": {"uv": [14.5, 15.75, 14.75, 16], "texture": "#1"},
				"east": {"uv": [14.5, 15.75, 16, 16], "texture": "#1"},
				"west": {"uv": [16, 15.75, 14.5, 16], "texture": "#1"},
				"down": {"uv": [14.5, 15.75, 16, 16], "rotation": 90, "texture": "#1"}
			}
		},
		{
			"from": [13, -0.75804, -0.35194],
			"to": [14, 0.24196, 5.64806],
			"rotation": {"angle": 0, "axis": "z", "origin": [8, 3.74196, 1.39806]},
			"faces": {
				"north": {"uv": [14.5, 15.75, 14.75, 16], "rotation": 180, "texture": "#1"},
				"east": {"uv": [16, 15.75, 14.5, 16], "rotation": 180, "texture": "#1"},
				"west": {"uv": [14.5, 15.75, 16, 16], "rotation": 180, "texture": "#1"},
				"up": {"uv": [14.5, 16, 16, 15.75], "rotation": 270, "texture": "#1"}
			}
		},
		{
			"from": [3, -0.75804, -0.35194],
			"to": [13, 0.24196, 0.64806],
			"rotation": {"angle": 0, "axis": "z", "origin": [8, 3.74196, 1.39806]},
			"faces": {
				"north": {"uv": [12.25, 9.25, 9.75, 9.5], "rotation": 180, "texture": "#1"},
				"south": {"uv": [12.25, 9.25, 9.75, 9.5], "rotation": 180, "texture": "#1"},
				"up": {"uv": [9.75, 9.25, 12.25, 9.5], "rotation": 180, "texture": "#1"}
			}
		},
		{
			"from": [2, -0.75804, -0.35194],
			"to": [3, 0.24196, 5.64806],
			"rotation": {"angle": 0, "axis": "z", "origin": [8, 3.74196, 1.39806]},
			"faces": {
				"north": {"uv": [14.75, 15.75, 14.5, 16], "rotation": 180, "texture": "#1"},
				"east": {"uv": [14.5, 15.75, 16, 16], "rotation": 180, "texture": "#1"},
				"west": {"uv": [16, 15.75, 14.5, 16], "rotation": 180, "texture": "#1"},
				"up": {"uv": [16, 16, 14.5, 15.75], "rotation": 270, "texture": "#1"}
			}
		},
		{
			"from": [-1.68744, -0.26326, 13.64806],
			"to": [-1.68744, 12.73674, 19.64806],
			"rotation": {"angle": -22.5, "axis": "z", "origin": [-1.48744, 6.23674, 15.64806]},
			"faces": {
				"east": {"uv": [13, 3.25, 11.5, 6.5], "texture": "#1"},
				"west": {"uv": [11.5, 3.25, 13, 6.5], "texture": "#1"}
			}
		},
		{
			"from": [0.31256, -0.26326, 10.64806],
			"to": [0.31256, 12.73674, 16.64806],
			"rotation": {"angle": -22.5, "axis": "z", "origin": [-1.48744, 6.23674, 15.64806]},
			"faces": {
				"east": {"uv": [13, 3.25, 11.5, 6.5], "texture": "#1"},
				"west": {"uv": [11.5, 3.25, 13, 6.5], "texture": "#1"}
			}
		},
		{
			"from": [15.68744, -0.26326, 10.64806],
			"to": [15.68744, 12.73674, 16.64806],
			"rotation": {"angle": 22.5, "axis": "z", "origin": [17.48744, 6.23674, 15.64806]},
			"faces": {
				"east": {"uv": [13, 3.25, 11.5, 6.5], "texture": "#1"},
				"west": {"uv": [11.5, 3.25, 13, 6.5], "texture": "#1"}
			}
		},
		{
			"from": [9.28744, -0.26326, 20.14806],
			"to": [15.28744, 12.73674, 20.14806],
			"rotation": {"angle": -22.5, "axis": "x", "origin": [16.28744, 9.23674, 19.64806]},
			"faces": {
				"north": {"uv": [0, 11.25, 1.5, 14.5], "texture": "#1"},
				"south": {"uv": [1.5, 11.25, 0, 14.5], "texture": "#1"}
			}
		},
		{
			"from": [5.28744, -4.26326, 20.14806],
			"to": [11.28744, 8.73674, 20.14806],
			"rotation": {"angle": -22.5, "axis": "x", "origin": [15.28744, 5.23674, 19.64806]},
			"faces": {
				"north": {"uv": [0, 11.25, 1.5, 14.5], "texture": "#1"},
				"south": {"uv": [1.5, 11.25, 0, 14.5], "texture": "#1"}
			}
		},
		{
			"from": [1.28744, -1.26326, 20.14806],
			"to": [7.28744, 11.73674, 20.14806],
			"rotation": {"angle": -22.5, "axis": "x", "origin": [16.28744, 9.23674, 19.64806]},
			"faces": {
				"north": {"uv": [0, 11.25, 1.5, 14.5], "texture": "#1"},
				"south": {"uv": [1.5, 11.25, 0, 14.5], "texture": "#1"}
			}
		},
		{
			"from": [17.68744, 0.73674, 13.64806],
			"to": [17.68744, 13.73674, 19.64806],
			"rotation": {"angle": 22.5, "axis": "z", "origin": [17.48744, 7.23674, 16.64806]},
			"faces": {
				"east": {"uv": [13, 3.25, 11.5, 6.5], "texture": "#1"},
				"west": {"uv": [11.5, 3.25, 13, 6.5], "texture": "#1"}
			}
		},
		{
			"from": [0, 0.24196, 11.64806],
			"to": [16, 13.24196, 19.64806],
			"rotation": {"angle": 0, "axis": "x", "origin": [8, 13.24196, 12.64806]},
			"faces": {
				"north": {"uv": [4, 4, 8, 7.25], "texture": "#1"},
				"east": {"uv": [9.25, 9.5, 7.25, 12.75], "texture": "#1"},
				"south": {"uv": [4, 4, 8, 7.25], "texture": "#1"},
				"west": {"uv": [7.25, 9.5, 9.25, 12.75], "texture": "#1"},
				"up": {"uv": [6.25, 9.25, 2.25, 7.25], "texture": "#1"}
			}
		},
		{
			"from": [1, -5.75804, 9.64806],
			"to": [15, 10.24196, 18.64806],
			"rotation": {"angle": 0, "axis": "x", "origin": [8, 13.24196, 12.64806]},
			"faces": {
				"north": {"uv": [0, 0, 3.5, 4], "texture": "#1"},
				"east": {"uv": [2.25, 7.25, 0, 11.25], "texture": "#1"},
				"south": {"uv": [3.5, 0, 7, 4], "texture": "#1"},
				"west": {"uv": [0, 7.25, 2.25, 11.25], "texture": "#1"},
				"up": {"uv": [9.75, 9.5, 6.25, 7.25], "texture": "#1"}
			}
		},
		{
			"name": "cube inverted",
			"from": [15, 10.24196, 18.64806],
			"to": [1, -5.75804, 9.64806],
			"rotation": {"angle": 0, "axis": "x", "origin": [8, 13.24196, 12.64806]},
			"faces": {
				"north": {"uv": [3.5, 4, 7, 0], "texture": "#1"},
				"east": {"uv": [0, 11.25, 2.25, 7.25], "texture": "#1"},
				"south": {"uv": [0, 4, 3.5, 0], "texture": "#1"},
				"west": {"uv": [2.25, 11.25, 0, 7.25], "texture": "#1"},
				"down": {"uv": [6.25, 9.5, 9.75, 7.25], "texture": "#1"}
			}
		}
	],
	"gui_light": "front",
	"display": {
		"thirdperson_righthand": {
			"rotation": [75, 45, 0],
			"translation": [0, 2.5, 0],
			"scale": [0.375, 0.375, 0.375]
		},
		"thirdperson_lefthand": {
			"rotation": [75, 45, 0],
			"translation": [0, 2.5, 0],
			"scale": [0.375, 0.375, 0.375]
		},
		"firstperson_righthand": {
			"rotation": [0, 112, 0],
			"translation": [2.5, 1.5, 0],
			"scale": [0.4, 0.4, 0.4]
		},
		"firstperson_lefthand": {
			"rotation": [0, 112, 0],
			"translation": [2.5, 1.5, 0],
			"scale": [0.4, 0.4, 0.4]
		},
		"ground": {
			"translation": [0, 2, 0],
			"scale": [0.5, 0.5, 0.5]
		},
		"gui": {
			"rotation": [33, 135, 0],
			"translation": [-1, 0.75, 0],
			"scale": [0.55, 0.55, 0.55]
		},
		"head": {
			"translation": [0, 5.5, 0],
			"scale": [1.5, 1.5, 1.5]
		},
		"fixed": {
			"rotation": [-90, 0, 0],
			"translation": [0, 0, -20.5],
			"scale": [2, 2, 2]
		}
	},
	"groups": [
		{
			"name": "ink",
			"origin": [8, 9.05998, 5.29451],
			"color": 0,
			"nbt": "{}",
			"armAnimationEnabled": false,
			"children": [0, 1, 2, 3, 4, 5, 6, 7]
		},
		{
			"name": "group",
			"origin": [8, 3.74196, 1.39806],
			"color": 0,
			"nbt": "{}",
			"armAnimationEnabled": false,
			"children": [8, 9, 10, 11, 12, 13, 14, 15, 16, 17, 18, 19, 20, 21, 22, 23, 24, 25, 26, 27, 28, 29]
		},
		{
			"name": "group",
			"origin": [14, 13.24196, 11.64806],
			"color": 0,
			"nbt": "{}",
			"armAnimationEnabled": false,
			"children": [30, 31, 32, 33, 34, 35, 36, 37, 38, 39]
		}
	]
}