{
	"credit": "Copyright © 2021-2099 Ikaho-Onsen Minecraft Server. All rights reserved.",
	"texture_size": [32, 32],
	"textures": {
		"0": "minecraft:item/custom_food/summar_food/ice_a",
		"1": "minecraft:item/custom_food/summar_food/ice_glass",
		"particle": "minecraft:item/custom_food/summar_food/ice_glass"
	},
	"elements": [
		{
			"from": [5, 13, 5],
			"to": [11, 14, 11],
			"rotation": {"angle": 0, "axis": "y", "origin": [8.06066, 7, 8]},
			"faces": {
				"north": {"uv": [7, 7.5, 10, 8], "texture": "#0"},
				"east": {"uv": [7, 7.5, 10, 8], "texture": "#0"},
				"south": {"uv": [7, 7.5, 10, 8], "texture": "#0"},
				"west": {"uv": [10, 7.5, 13, 8], "texture": "#0"},
				"up": {"uv": [14, 11, 11, 8], "texture": "#0"}
			}
		},
		{
			"from": [4, 7, 4],
			"to": [12, 13, 12],
			"rotation": {"angle": 0, "axis": "y", "origin": [8.06066, 7, 8]},
			"faces": {
				"north": {"uv": [7, 8, 11, 11], "texture": "#0"},
				"east": {"uv": [7, 8, 11, 11], "texture": "#0"},
				"south": {"uv": [7, 8, 11, 11], "texture": "#0"},
				"west": {"uv": [7, 8, 11, 11], "texture": "#0"},
				"up": {"uv": [8, 16, 4, 12], "texture": "#0"},
				"down": {"uv": [4, 3, 6, 5], "texture": "#0"}
			}
		},
		{
			"from": [6.06802, 9.99264, 7],
			"to": [8.06802, 15.99264, 9],
			"rotation": {"angle": 45, "axis": "z", "origin": [8.06066, 7, 8]},
			"faces": {
				"north": {"uv": [7, 0, 8, 3], "texture": "#0"},
				"east": {"uv": [8, 0, 7, 3], "texture": "#0"},
				"south": {"uv": [8, 0, 7, 3], "texture": "#0"},
				"west": {"uv": [7, 0, 8, 3], "texture": "#0"},
				"up": {"uv": [5.5, 6.5, 4, 5], "texture": "#0"}
			}
		},
		{
			"from": [3, 6, 3],
			"to": [13, 9, 13],
			"rotation": {"angle": 0, "axis": "y", "origin": [8.06066, 7, 8]},
			"faces": {
				"north": {"uv": [8, 5.5, 13, 7], "texture": "#1"},
				"east": {"uv": [8, 4, 13, 5.5], "texture": "#1"},
				"south": {"uv": [8, 5.5, 13, 7], "texture": "#1"},
				"west": {"uv": [8, 4, 13, 5.5], "texture": "#1"},
				"up": {"uv": [5, 5, 0, 0], "texture": "#1"},
				"down": {"uv": [5, 5, 0, 10], "texture": "#1"}
			}
		},
		{
			"from": [4, 5, 4],
			"to": [12, 6, 12],
			"rotation": {"angle": 0, "axis": "y", "origin": [8.06066, 7, 8]},
			"faces": {
				"north": {"uv": [9, 0.5, 13, 1], "texture": "#1"},
				"east": {"uv": [9, 0, 13, 0.5], "texture": "#1"},
				"south": {"uv": [9, 0, 13, 0.5], "texture": "#1"},
				"west": {"uv": [9, 0, 13, 0.5], "texture": "#1"},
				"down": {"uv": [9, 0, 5, 4], "texture": "#1"}
			}
		},
		{
			"from": [7, 1, 7],
			"to": [9, 5, 9],
			"rotation": {"angle": 0, "axis": "y", "origin": [8.06066, 7, 8]},
			"faces": {
				"north": {"uv": [9, 1, 10, 3], "texture": "#1"},
				"east": {"uv": [10, 1, 9, 3], "texture": "#1"},
				"south": {"uv": [9, 1, 10, 3], "texture": "#1"},
				"west": {"uv": [10, 1, 9, 3], "texture": "#1"}
			}
		},
		{
			"from": [5, 0, 5],
			"to": [11, 1, 11],
			"rotation": {"angle": 0, "axis": "y", "origin": [8.06066, 7, 8]},
			"faces": {
				"north": {"uv": [10, 1, 13, 1.5], "texture": "#1"},
				"east": {"uv": [10, 1.5, 13, 2], "texture": "#1"},
				"south": {"uv": [10, 1, 13, 1.5], "texture": "#1"},
				"west": {"uv": [10, 1.5, 13, 2], "texture": "#1"},
				"up": {"uv": [8, 7, 5, 4], "texture": "#1"},
				"down": {"uv": [8, 4, 5, 7], "texture": "#1"}
			}
		}
	],
	"gui_light": "front",
	"display": {
		"thirdperson_righthand": {
			"rotation": [68, 0, 0],
			"translation": [-0.75, 4.25, 4],
			"scale": [0.74, 0.74, 0.74]
		},
		"thirdperson_lefthand": {
			"rotation": [68, 0, 0],
			"translation": [-0.75, 4.25, 4],
			"scale": [0.74, 0.74, 0.74]
		},
		"firstperson_righthand": {
			"translation": [1.13, 3.2, 1.13],
			"scale": [0.4, 0.4, 0.4]
		},
		"firstperson_lefthand": {
			"translation": [1.13, 3.2, 1.13],
			"scale": [0.4, 0.4, 0.4]
		},
		"ground": {
			"translation": [0, 2, 0],
			"scale": [0.5, 0.5, 0.5]
		},
		"gui": {
			"rotation": [33, 135, 0],
			"translation": [0, 0.25, 0],
			"scale": [0.86, 0.86, 0.86]
		},
		"head": {
			"translation": [0, 14.5, 0]
		},
		"fixed": {
			"rotation": [-90, 0, 0],
			"translation": [0, 0, -15.75],
			"scale": [2, 2, 2]
		}
	},
	"groups": [
		{
			"name": "ice",
			"origin": [8, 8, 8],
			"color": 0,
			"nbt": "{}",
			"armAnimationEnabled": false,
			"children": [
				{
					"name": "03",
					"origin": [6, 10, 6],
					"color": 0,
					"nbt": "{}",
					"armAnimationEnabled": false,
					"children": [0, 1]
				},
				2,
				{
					"name": "glass",
					"origin": [6, 0, 6],
					"color": 0,
					"nbt": "{}",
					"armAnimationEnabled": false,
					"children": [3, 4, 5, 6]
				}
			]
		}
	]
}