{
	"credit": "Copyright © 2021-2099 Ikaho-Onsen Minecraft Server. All rights reserved.",
	"texture_size": [64, 64],
	"textures": {
		"0": "minecraft:item/clear_item_01",
		"particle": "minecraft:item/clear_item_01"
	},
	"elements": [
		{
			"from": [7, 11, 7],
			"to": [9, 22, 9],
			"rotation": {"angle": 0, "axis": "y", "origin": [8, 8, 8]},
			"faces": {
				"north": {"uv": [3, 0.5, 3.5, 3.25], "texture": "#0"},
				"east": {"uv": [2.5, 0.5, 3, 3.25], "texture": "#0"},
				"south": {"uv": [2, 0.5, 2.5, 3.25], "texture": "#0"},
				"west": {"uv": [1.75, 0.5, 2.25, 3.25], "texture": "#0"},
				"up": {"uv": [4, 0.75, 3.5, 0.25], "rotation": 270, "texture": "#0"},
				"down": {"uv": [3.5, 0.25, 4, 0.75], "rotation": 90, "texture": "#0"}
			}
		},
		{
			"from": [7, 9, 6],
			"to": [9, 11, 10],
			"rotation": {"angle": 0, "axis": "y", "origin": [8, 8, 8]},
			"faces": {
				"north": {"uv": [12.25, 10, 12.75, 10.5], "texture": "#0"},
				"south": {"uv": [12.25, 10, 12.75, 10.5], "texture": "#0"},
				"up": {"uv": [11.75, 9.5, 12.75, 10], "rotation": 90, "texture": "#0"},
				"down": {"uv": [11.75, 9.5, 12.75, 10], "rotation": 270, "texture": "#0"}
			}
		},
		{
			"from": [7, 5, 6],
			"to": [9, 7, 10],
			"rotation": {"angle": 0, "axis": "y", "origin": [8, 8, 8]},
			"faces": {
				"north": {"uv": [12.25, 11, 12.75, 11.5], "texture": "#0"},
				"south": {"uv": [12.25, 11, 12.75, 11.5], "texture": "#0"},
				"up": {"uv": [11.75, 9.5, 12.75, 10], "rotation": 90, "texture": "#0"},
				"down": {"uv": [11.75, 9.5, 12.75, 10], "rotation": 270, "texture": "#0"}
			}
		},
		{
			"from": [5, 5, 6],
			"to": [7, 11, 10],
			"rotation": {"angle": 0, "axis": "y", "origin": [8, 8, 8]},
			"faces": {
				"north": {"uv": [12.25, 10, 11.75, 11.5], "texture": "#0"},
				"east": {"uv": [12.75, 8.5, 13.75, 10], "texture": "#0"},
				"south": {"uv": [13.25, 10, 12.75, 11.5], "texture": "#0"},
				"west": {"uv": [12.75, 8.5, 13.75, 10], "texture": "#0"},
				"up": {"uv": [11.75, 8.5, 12.75, 9], "rotation": 90, "texture": "#0"},
				"down": {"uv": [11.75, 8.5, 12.75, 9], "rotation": 270, "texture": "#0"}
			}
		},
		{
			"from": [9, 5, 6],
			"to": [11, 11, 10],
			"rotation": {"angle": 0, "axis": "y", "origin": [8, 8, 8]},
			"faces": {
				"north": {"uv": [13.25, 10, 12.75, 11.5], "texture": "#0"},
				"east": {"uv": [12.75, 8.5, 13.75, 10], "texture": "#0"},
				"south": {"uv": [12.75, 10, 13.25, 11.5], "texture": "#0"},
				"west": {"uv": [12.75, 8.5, 13.75, 10], "texture": "#0"},
				"up": {"uv": [11.75, 9, 12.75, 9.5], "rotation": 90, "texture": "#0"},
				"down": {"uv": [11.75, 9, 12.75, 9.5], "rotation": 270, "texture": "#0"}
			}
		},
		{
			"from": [10, 5, 8],
			"to": [12, 11, 8],
			"rotation": {"angle": -22.5, "axis": "x", "origin": [7, 8, 8]},
			"faces": {
				"north": {"uv": [14.25, 9.5, 13.75, 11], "texture": "#0"},
				"east": {"uv": [12.75, 8.5, 13.75, 10], "texture": "#0"},
				"south": {"uv": [13.75, 9.5, 14.25, 11], "texture": "#0"},
				"west": {"uv": [12.75, 8.5, 13.75, 10], "texture": "#0"},
				"up": {"uv": [11.75, 9, 12.75, 9.5], "rotation": 90, "texture": "#0"},
				"down": {"uv": [11.75, 9, 12.75, 9.5], "rotation": 270, "texture": "#0"}
			}
		},
		{
			"from": [5, 4, 8],
			"to": [11, 6, 8],
			"rotation": {"angle": 22.5, "axis": "y", "origin": [8, 5, 8]},
			"faces": {
				"north": {"uv": [14.25, 9.5, 13.75, 11], "rotation": 270, "texture": "#0"},
				"east": {"uv": [11.75, 9, 12.75, 9.5], "rotation": 180, "texture": "#0"},
				"south": {"uv": [13.75, 9.5, 14.25, 11], "rotation": 90, "texture": "#0"},
				"west": {"uv": [11.75, 9, 12.75, 9.5], "texture": "#0"},
				"up": {"uv": [12.75, 8.5, 13.75, 10], "rotation": 90, "texture": "#0"},
				"down": {"uv": [12.75, 8.5, 13.75, 10], "rotation": 90, "texture": "#0"}
			}
		},
		{
			"from": [4, 5, 8],
			"to": [6, 11, 8],
			"rotation": {"angle": 22.5, "axis": "x", "origin": [9, 8, 8]},
			"faces": {
				"north": {"uv": [13.75, 9.5, 14.25, 11], "texture": "#0"},
				"east": {"uv": [12.75, 8.5, 13.75, 10], "texture": "#0"},
				"south": {"uv": [14.25, 9.5, 13.75, 11], "texture": "#0"},
				"west": {"uv": [12.75, 8.5, 13.75, 10], "texture": "#0"},
				"up": {"uv": [11.75, 9, 12.75, 9.5], "rotation": 270, "texture": "#0"},
				"down": {"uv": [11.75, 9, 12.75, 9.5], "rotation": 90, "texture": "#0"}
			}
		}
	],
	"gui_light": "front",
	"display": {
		"thirdperson_righthand": {
			"rotation": [147, 0, 0],
			"translation": [0, 6, -5.25]
		},
		"thirdperson_lefthand": {
			"rotation": [147, 0, 0],
			"translation": [0, 6, -5.25]
		},
		"firstperson_righthand": {
			"rotation": [180, 90, 0],
			"translation": [1.88, 3.95, 2.13],
			"scale": [0.5, 0.5, 0.5]
		},
		"firstperson_lefthand": {
			"rotation": [180, 90, 0],
			"translation": [1.88, 3.95, 2.13],
			"scale": [0.5, 0.5, 0.5]
		},
		"ground": {
			"rotation": [30, 0, 0],
			"translation": [0, 1, 0],
			"scale": [0.5, 0.5, 0.5]
		},
		"gui": {
			"rotation": [33, 180, 33],
			"translation": [-2.25, -3.25, 0],
			"scale": [0.85, 0.85, 0.85]
		},
		"head": {
			"rotation": [-90, 0, 0],
			"translation": [0, -0.75, -11],
			"scale": [1.5, 1.5, 1.5]
		},
		"fixed": {
			"rotation": [-90, 0, 0],
			"translation": [0, 0, -5.75],
			"scale": [2, 2, 2]
		}
	},
	"groups": [
		{
			"name": "group",
			"origin": [-1, 0, 0],
			"color": 0,
			"nbt": "{}",
			"armAnimationEnabled": false,
			"children": [0, 1, 2, 3, 4, 5, 6, 7]
		}
	]
}