{
	"credit": "Copyright © 2021-2099 Ikaho-Onsen Minecraft Server. All rights reserved.",
	"texture_size": [32, 32],
	"textures": {
		"0": "minecraft:item/cit/mask_02_texture"
	},
	"elements": [
		{
			"from": [3, 3, 2],
			"to": [13, 17, 4],
			"faces": {
				"north": {"uv": [0, 0, 5, 7], "texture": "#0"},
				"east": {"uv": [0, 7, 1, 14], "texture": "#0"},
				"south": {"uv": [5, 0, 10, 7], "texture": "#0"},
				"west": {"uv": [1, 7, 2, 14], "texture": "#0"},
				"up": {"uv": [7, 8, 2, 7], "texture": "#0"},
				"down": {"uv": [12, 7, 7, 8], "texture": "#0"}
			}
		},
		{
			"from": [3, 9, 1.99],
			"to": [7, 11, 1.99],
			"faces": {
				"north": {"uv": [11.5, 1.5, 15.5, 3.5], "texture": "#0"}
			}
		},
		{
			"from": [9, 9, 1.99],
			"to": [13, 11, 1.99],
			"rotation": {"angle": 0, "axis": "y", "origin": [16, 0, 0]},
			"faces": {
				"north": {"uv": [15.5, 1.5, 11.5, 3.5], "texture": "#0"}
			}
		},
		{
			"from": [4, 2, 2],
			"to": [12, 3, 4],
			"faces": {
				"north": {"uv": [6, 9, 10, 9.5], "texture": "#0"},
				"east": {"uv": [10, 5, 11, 5.5], "texture": "#0"},
				"south": {"uv": [6, 9.5, 10, 10], "texture": "#0"},
				"west": {"uv": [10, 5.5, 11, 6], "texture": "#0"},
				"up": {"uv": [6, 9, 2, 8], "texture": "#0"},
				"down": {"uv": [10.5, 8, 6.5, 9], "texture": "#0"}
			}
		},
		{
			"from": [4, 17, 2],
			"to": [12, 18, 4],
			"faces": {
				"north": {"uv": [10, 0, 14, 0.5], "texture": "#0"},
				"east": {"uv": [6, 10, 7, 10.5], "texture": "#0"},
				"south": {"uv": [10, 0.5, 14, 1], "texture": "#0"},
				"west": {"uv": [10, 6, 11, 6.5], "texture": "#0"},
				"up": {"uv": [6, 10, 2, 9], "texture": "#0"}
			}
		}
	],
	"gui_light": "front",
	"display": {
		"thirdperson_righthand": {
			"rotation": [50, 0, 0],
			"translation": [0, -1.75, 2.25],
			"scale": [0.75, 0.75, 0.75]
		},
		"thirdperson_lefthand": {
			"rotation": [50, 0, 0],
			"translation": [0, -1.75, 2.25],
			"scale": [0.75, 0.75, 0.75]
		},
		"firstperson_righthand": {
			"translation": [0.75, 2.25, 4.5],
			"scale": [0.5, 0.5, 0.5]
		},
		"firstperson_lefthand": {
			"translation": [0.75, 2.25, 4.5],
			"scale": [0.5, 0.5, 0.5]
		},
		"ground": {
			"rotation": [35, 0, 0],
			"translation": [0, 3, 2.25],
			"scale": [0.5, 0.5, 0.5]
		},
		"gui": {
			"rotation": [0, 135, 0],
			"translation": [3.25, -1.75, 0],
			"scale": [0.92, 0.92, 0.92]
		},
		"head": {
			"scale": [1.5, 1.5, 1.5]
		},
		"fixed": {
			"rotation": [-10, 0, 0],
			"translation": [0, 1.25, 6.75],
			"scale": [2, 2, 2]
		}
	},
	"groups": [
		{
			"name": "mask02",
			"origin": [0, -21.5, 4],
			"color": 0,
			"nbt": "{}",
			"armAnimationEnabled": false,
			"children": [0, 1, 2, 3, 4]
		}
	]
}