{
	"credit": "Copyright © 2021-2099 Ikaho-Onsen Minecraft Server. All rights reserved.",
	"textures": {
		"0": "minecraft:item/pants",
		"particle": "minecraft:item/pants"
	},
	"elements": [
		{
			"from": [0, 0, 0],
			"to": [16, 2, 1],
			"faces": {
				"north": {"uv": [0, 14, 16, 16], "texture": "#0"},
				"east": {"uv": [0, 12, 1, 14], "texture": "#0"},
				"south": {"uv": [0, 14, 16, 16], "texture": "#0"},
				"west": {"uv": [1, 12, 2, 14], "texture": "#0"},
				"up": {"uv": [16, 5, 0, 4], "texture": "#0"},
				"down": {"uv": [16, 15, 0, 16], "texture": "#0"}
			}
		},
		{
			"from": [0, 0, 1],
			"to": [1, 2, 15],
			"faces": {
				"north": {"uv": [0, 9, 1, 11], "texture": "#0"},
				"east": {"uv": [1, 14, 15, 16], "texture": "#0"},
				"south": {"uv": [0, 9, 1, 11], "texture": "#0"},
				"west": {"uv": [1, 14, 15, 16], "texture": "#0"},
				"up": {"uv": [0, 12, 1, 13], "texture": "#0"},
				"down": {"uv": [15, 11, 16, 12], "texture": "#0"}
			}
		},
		{
			"from": [0, 0, 15],
			"to": [16, 2, 16],
			"faces": {
				"north": {"uv": [0, 14, 16, 16], "texture": "#0"},
				"east": {"uv": [12, 12, 13, 14], "texture": "#0"},
				"south": {"uv": [0, 14, 16, 16], "texture": "#0"},
				"west": {"uv": [1, 12, 2, 14], "texture": "#0"},
				"up": {"uv": [0, 12, 16, 13], "texture": "#0"},
				"down": {"uv": [0, 15, 16, 16], "texture": "#0"}
			}
		},
		{
			"from": [15, 0, 1],
			"to": [16, 2, 15],
			"faces": {
				"north": {"uv": [0, 9, 1, 11], "texture": "#0"},
				"east": {"uv": [1, 14, 15, 16], "texture": "#0"},
				"south": {"uv": [0, 9, 1, 11], "texture": "#0"},
				"west": {"uv": [1, 14, 15, 16], "texture": "#0"},
				"up": {"uv": [0, 12, 1, 13], "texture": "#0"},
				"down": {"uv": [15, 15, 16, 16], "texture": "#0"}
			}
		},
		{
			"from": [2, 2, 0],
			"to": [14, 4, 1],
			"faces": {
				"north": {"uv": [2, 14, 14, 16], "texture": "#0"},
				"east": {"uv": [12, 12, 13, 14], "texture": "#0"},
				"south": {"uv": [2, 14, 14, 16], "texture": "#0"},
				"west": {"uv": [1, 12, 2, 14], "texture": "#0"},
				"up": {"uv": [2, 10, 14, 11], "texture": "#0"},
				"down": {"uv": [2, 10, 14, 11], "texture": "#0"}
			}
		},
		{
			"from": [2, 2, 15],
			"to": [14, 4, 16],
			"faces": {
				"north": {"uv": [1, 14, 13, 16], "texture": "#0"},
				"east": {"uv": [12, 12, 13, 14], "texture": "#0"},
				"south": {"uv": [1, 14, 13, 16], "texture": "#0"},
				"west": {"uv": [1, 12, 2, 14], "texture": "#0"},
				"up": {"uv": [0, 12, 12, 13], "texture": "#0"},
				"down": {"uv": [0, 12, 12, 13], "texture": "#0"}
			}
		},
		{
			"from": [3, 4, 0],
			"to": [13, 6, 1],
			"faces": {
				"north": {"uv": [2, 14, 12, 16], "texture": "#0"},
				"east": {"uv": [12, 12, 13, 14], "texture": "#0"},
				"south": {"uv": [2, 14, 12, 16], "texture": "#0"},
				"west": {"uv": [1, 12, 2, 14], "texture": "#0"},
				"up": {"uv": [2, 8, 12, 9], "texture": "#0"},
				"down": {"uv": [2, 8, 12, 9], "texture": "#0"}
			}
		},
		{
			"from": [3, 4, 15],
			"to": [13, 6, 16],
			"faces": {
				"north": {"uv": [2, 14, 12, 16], "texture": "#0"},
				"east": {"uv": [12, 12, 13, 14], "texture": "#0"},
				"south": {"uv": [2, 14, 12, 16], "texture": "#0"},
				"west": {"uv": [1, 12, 2, 14], "texture": "#0"},
				"up": {"uv": [2, 12, 12, 13], "texture": "#0"},
				"down": {"uv": [2, 12, 12, 13], "texture": "#0"}
			}
		},
		{
			"from": [5, 6, 1],
			"to": [11, 7, 15],
			"faces": {
				"north": {"uv": [0, 4, 6, 5], "texture": "#0"},
				"east": {"uv": [0, 0, 14, 1], "texture": "#0"},
				"south": {"uv": [0, 4, 6, 5], "texture": "#0"},
				"west": {"uv": [1, 0, 15, 1], "texture": "#0"},
				"up": {"uv": [4, 1, 10, 15], "texture": "#0"},
				"down": {"uv": [4, 2, 10, 16], "texture": "#0"}
			}
		},
		{
			"from": [4, 6, 0],
			"to": [12, 7, 1],
			"faces": {
				"north": {"uv": [4, 11, 12, 12], "texture": "#0"},
				"east": {"uv": [12, 13, 13, 14], "texture": "#0"},
				"south": {"uv": [4, 11, 12, 12], "texture": "#0"},
				"west": {"uv": [1, 13, 2, 14], "texture": "#0"},
				"up": {"uv": [4, 9, 12, 8], "texture": "#0"},
				"down": {"uv": [4, 11, 12, 12], "texture": "#0"}
			}
		},
		{
			"from": [4, 6, 15],
			"to": [12, 7, 16],
			"faces": {
				"north": {"uv": [3, 15, 11, 16], "texture": "#0"},
				"east": {"uv": [1, 13, 2, 14], "texture": "#0"},
				"south": {"uv": [3, 15, 11, 16], "texture": "#0"},
				"west": {"uv": [12, 13, 13, 14], "texture": "#0"},
				"up": {"uv": [3, 15, 11, 16], "texture": "#0"},
				"down": {"uv": [3, 15, 11, 16], "texture": "#0"}
			}
		}
	],
	"display": {
		"thirdperson_righthand": {
			"rotation": [-96, -3, 2],
			"translation": [0.5, -0.25, -2.75],
			"scale": [0.53, 0.58, 0.15]
		},
		"thirdperson_lefthand": {
			"rotation": [-96, -3, 2],
			"translation": [0.5, -0.25, -2.75],
			"scale": [0.53, 0.58, 0.15]
		},
		"firstperson_righthand": {
			"rotation": [175.07, 77.14, 24.8],
			"translation": [10, -6.5, -10.25],
			"scale": [1.13867, 1.41992, 0.26953]
		},
		"firstperson_lefthand": {
			"rotation": [175.07, 77.14, 24.8],
			"translation": [10, -6.5, -10.25],
			"scale": [1.13867, 1.41992, 0.26953]
		},
		"ground": {
			"rotation": [140.22, 37.07, 13.85],
			"translation": [0.25, 0, 5.25],
			"scale": [0.77, 0.77, 0.12]
		},
		"gui": {
			"rotation": [-9.25, 22.25, -180],
			"translation": [0, -4.75, 0],
			"scale": [1, 1, 0.35]
		},
		"head": {
			"rotation": [178.21, -0.61, 158.94],
			"translation": [-2.5, 9.5, -0.25],
			"scale": [0.99, 0.89, 0.96]
		},
		"fixed": {
			"rotation": [-177.26, -0.75, -17.91],
			"translation": [2, -5, -1.75],
			"scale": [1.15, 1.15, 0.15258]
		}
	}
}