{
	"parent": "minecraft:block/birch_slab",

	"overrides": [{
		"predicate": {
			"custom_model_data": 17
		},
		"model": "minecraft:block/kxywqvsuvwpkyiigmwsigpaenrvdpkol"
	},{
		"predicate": {
			"custom_model_data": 34
		},
		"model": "minecraft:block/hsjwqpxwtakpfnpcxrhaxmlqhqatbcte"
	},{
		"predicate": {
			"custom_model_data": 37
		},
		"model": "minecraft:block/xlukialzijaivncynrgdujzzwbiegzyv"
	},{
		"predicate": {
			"custom_model_data": 38
		},
		"model": "minecraft:block/qrpbumvosxhkcjlfvttfpdwnntyynabm"
	},{
		"predicate": {
			"custom_model_data": 39
		},
		"model": "minecraft:block/gifjcqjreiacaeodosnlwtoeghfkfmpb"
	},{
		"predicate": {
			"custom_model_data": 40
		},
		"model": "minecraft:block/wtzlqvzszgckrtzamyjhcmynkjadsvni"
	},{
		"predicate": {
			"custom_model_data": 41
		},
		"model": "minecraft:block/ssgaksoxzqwusoiyegeaeuflnzbrnfdb"
	},{
		"predicate": {
			"custom_model_data": 42
		},
		"model": "minecraft:block/tqaisiatzbasudettzszylpluqjvzpxi"
	},{
		"predicate": {
			"custom_model_data": 43
		},
		"model": "minecraft:block/ntqlwjnxquzooxrehfeqxwwrwmbxyyxn"
	},{
		"predicate": {
			"custom_model_data": 49
		},
		"model": "minecraft:item/gvdzraivtkztvxkfqijbyhzoticmjigt"
	},{
		"predicate": {
			"custom_model_data": 51
		},
		"model": "minecraft:block/ubjjvhnavlknjfyqrbbfdgimqsspuywo"
	}
]
}
