{
	"credit": "Made with Blockbench",
	"texture_size": [32, 32],
	"textures": {
		"1": "item/chef_hat"
	},
	"elements": [
		{
			"from": [3, 8, 3],
			"to": [13, 16, 13],
			"rotation": {"angle": 0, "axis": "y", "origin": [8, 9.75, 10.99258]},
			"faces": {
				"north": {"uv": [6, 8.5, 11, 12.5], "texture": "#1"},
				"east": {"uv": [6, 8.5, 11, 12.5], "texture": "#1"},
				"south": {"uv": [6, 8.5, 11, 12.5], "texture": "#1"},
				"west": {"uv": [6, 8.5, 11, 12.5], "texture": "#1"},
				"down": {"uv": [11, 0, 6, 5], "texture": "#1"}
			}
		},
		{
			"from": [2, 16, 2],
			"to": [14, 20, 14],
			"rotation": {"angle": 0, "axis": "x", "origin": [8, 18, 8]},
			"faces": {
				"north": {"uv": [6, 5, 12, 7], "texture": "#1"},
				"east": {"uv": [6, 5, 12, 7], "texture": "#1"},
				"south": {"uv": [6, 5, 12, 7], "texture": "#1"},
				"west": {"uv": [6, 5, 12, 7], "texture": "#1"},
				"up": {"uv": [6, 6, 0, 0], "texture": "#1"},
				"down": {"uv": [6, 6, 0, 12], "texture": "#1"}
			}
		},
		{
			"from": [2.8, 7, 2.8],
			"to": [13.2, 11, 13.2],
			"rotation": {"angle": 0, "axis": "y", "origin": [8, 9.75, 10.99258]},
			"faces": {
				"north": {"uv": [11, 0, 16, 2], "texture": "#1"},
				"east": {"uv": [0, 12, 5, 14], "texture": "#1"},
				"south": {"uv": [0, 12, 5, 14], "texture": "#1"},
				"west": {"uv": [0, 12, 5, 14], "texture": "#1"}
			}
		},
		{
			"from": [2.6, 8, 2.6],
			"to": [13.4, 10, 13.4],
			"rotation": {"angle": 0, "axis": "y", "origin": [8, 9.75, 10.99258]},
			"faces": {
				"north": {"uv": [5, 12.5, 10, 13.5], "texture": "#1", "tintindex": 0},
				"east": {"uv": [5, 12.5, 10, 13.5], "texture": "#1", "tintindex": 0},
				"south": {"uv": [5, 12.5, 10, 13.5], "texture": "#1", "tintindex": 0},
				"west": {"uv": [5, 12.5, 10, 13.5], "texture": "#1", "tintindex": 0}
			}
		},
		{
			"name": "cube inverted",
			"from": [13.2, 11, 13.2],
			"to": [2.8, 7, 2.8],
			"rotation": {"angle": 0, "axis": "y", "origin": [8, 9.75, 10.99258]},
			"faces": {
				"north": {"uv": [0, 14, 5, 12], "texture": "#1"},
				"east": {"uv": [0, 14, 5, 12], "texture": "#1"},
				"south": {"uv": [11, 2, 16, 0], "texture": "#1"},
				"west": {"uv": [0, 14, 5, 12], "texture": "#1"}
			}
		}
	],
	"gui_light": "front",
	"display": {
		"thirdperson_righthand": {
			"rotation": [75, 45, 0],
			"translation": [0, 2.5, 0],
			"scale": [0.375, 0.375, 0.375]
		},
		"thirdperson_lefthand": {
			"rotation": [75, 45, 0],
			"translation": [0, 2.5, 0],
			"scale": [0.375, 0.375, 0.375]
		},
		"firstperson_righthand": {
			"rotation": [0, 45, 0],
			"translation": [2.5, 0, 0],
			"scale": [0.4, 0.4, 0.4]
		},
		"firstperson_lefthand": {
			"rotation": [0, 45, 0],
			"translation": [2.5, 0, 0],
			"scale": [0.4, 0.4, 0.4]
		},
		"ground": {
			"translation": [0, 2, 0],
			"scale": [0.5, 0.5, 0.5]
		},
		"gui": {
			"rotation": [33, 135, 0],
			"translation": [0, -3.75, 0],
			"scale": [0.75, 0.75, 0.75]
		},
		"head": {
			"scale": [1.5, 1.5, 1.5]
		},
		"fixed": {
			"rotation": [-90, 0, 0],
			"translation": [0, 0, -1],
			"scale": [2, 2, 2]
		}
	}
}