{
 "parent": "item/handheld",
 "textures": {
  "layer0": "item/blaze_rod"
 },
 "overrides": [
  { "predicate": {"custom_model_data": 110}, "model": "item/hlpgoginxqoaaowqkyhscwwfdfvntmqv"},
  { "predicate": {"custom_model_data": 111}, "model": "item/xknbctxcawvzxccgefrhlihiucgsaule"},
  { "predicate": {"custom_model_data": 112}, "model": "item/jcrwpktvlkyqxyuvuxuxzaxtdfclqgxs"},
  { "predicate": {"custom_model_data": 113}, "model": "item/ubciotvppyuzsnhjpernnvoncvcnlije"},
  { "predicate": {"custom_model_data": 114}, "model": "item/rupqvuakseadobeaskvlfdbvrfryxvds"},
  { "predicate": {"custom_model_data": 115}, "model": "item/odywtqocjfkkxsbjearbiizdweuhagdm"},
  { "predicate": {"custom_model_data": 116}, "model": "item/wjqmtbrbrasnvxheasnsabqnkybehmhy"},
  { "predicate": {"custom_model_data": 117}, "model": "item/aakjxfksncmgbxbbvsxcikiediaiwwwu"},
  { "predicate": {"custom_model_data": 118}, "model": "item/wfnubdtufmkbdmrvnqrnriwfdausifhs"},
  { "predicate": {"custom_model_data": 119}, "model": "item/egwsxsdxdztiqgdtfiytinkvvgawfkzy"},
  { "predicate": {"custom_model_data": 120}, "model": "item/qkplmqysxtaiawaepzwwhjfniqurdbmk"},
  { "predicate": {"custom_model_data": 149}, "model": "item/mkspnvzcqptojpgapjlvxeunbmjdowpy"}
 ]
}