{
	"credit": "Made with Blockbench",
	"texture_size": [64, 64],
	"textures": {
		"1": "item/inkstone_shield"
	},
	"elements": [
		{
			"from": [1, -7, 5],
			"to": [15, 18, 6],
			"rotation": {"angle": 0, "axis": "z", "origin": [8, 5.5, 4.75]},
			"faces": {
				"north": {"uv": [0, 0, 3.5, 6.25], "rotation": 180, "texture": "#1"},
				"south": {"uv": [3.5, 0, 7, 6.25], "rotation": 180, "texture": "#1"}
			}
		},
		{
			"from": [13, -7, 2],
			"to": [15, 18, 6],
			"rotation": {"angle": 0, "axis": "z", "origin": [8, 5.5, 4.75]},
			"faces": {
				"north": {"uv": [4.5, 6.25, 5, 12.5], "rotation": 180, "texture": "#1"},
				"east": {"uv": [3.5, 6.25, 4.5, 12.5], "rotation": 180, "texture": "#1"},
				"west": {"uv": [2.5, 6.25, 3.5, 12.5], "rotation": 180, "texture": "#1"},
				"up": {"uv": [7.5, 1.5, 7, 2.5], "rotation": 180, "texture": "#1"},
				"down": {"uv": [7.5, 2.5, 7, 1.5], "rotation": 180, "texture": "#1"}
			}
		},
		{
			"from": [1, -7, 2],
			"to": [3, 18, 6],
			"rotation": {"angle": 0, "axis": "z", "origin": [8, 5.5, 4.75]},
			"faces": {
				"north": {"uv": [5, 6.25, 4.5, 12.5], "rotation": 180, "texture": "#1"},
				"east": {"uv": [3.5, 6.25, 2.5, 12.5], "rotation": 180, "texture": "#1"},
				"west": {"uv": [4.5, 6.25, 3.5, 12.5], "rotation": 180, "texture": "#1"},
				"up": {"uv": [7, 1.5, 7.5, 2.5], "rotation": 180, "texture": "#1"},
				"down": {"uv": [7, 2.5, 7.5, 1.5], "rotation": 180, "texture": "#1"}
			}
		},
		{
			"from": [3, 5.25312, 6.22751],
			"to": [13, 16.25312, 6.22751],
			"rotation": {"angle": -22.5, "axis": "x", "origin": [8, 5.5, 4.75]},
			"faces": {
				"north": {"uv": [0, 6.25, 2.5, 9], "rotation": 180, "texture": "#1"}
			}
		},
		{
			"from": [3, -7, 2],
			"to": [13, -5, 6],
			"rotation": {"angle": 0, "axis": "z", "origin": [8, 5.5, 4.75]},
			"faces": {
				"north": {"uv": [7, 1, 9.5, 1.5], "rotation": 180, "texture": "#1"},
				"up": {"uv": [9.5, 0, 7, 1], "rotation": 180, "texture": "#1"},
				"down": {"uv": [7.5, 7.25, 5, 6.25], "rotation": 180, "texture": "#1"}
			}
		},
		{
			"from": [3, 16, 2],
			"to": [13, 18, 6],
			"rotation": {"angle": 0, "axis": "z", "origin": [8, 5.5, 4.75]},
			"faces": {
				"north": {"uv": [7, 1.5, 9.5, 1], "rotation": 180, "texture": "#1"},
				"up": {"uv": [7.5, 6.25, 5, 7.25], "rotation": 180, "texture": "#1"}
			}
		},
		{
			"from": [7, 3, 6.001],
			"to": [9, 9, 10.001],
			"rotation": {"angle": 0, "axis": "z", "origin": [8, 6, 8.501]},
			"faces": {
				"north": {"uv": [6, 8.25, 6.5, 9.75], "texture": "#1"},
				"east": {"uv": [7.5, 8.25, 6.5, 9.75], "texture": "#1"},
				"south": {"uv": [7.5, 8.25, 8, 9.75], "texture": "#1"},
				"west": {"uv": [6.5, 8.25, 7.5, 9.75], "texture": "#1"},
				"up": {"uv": [6.5, 8.25, 6, 7.25], "texture": "#1"},
				"down": {"uv": [7, 7.25, 6.5, 8.25], "texture": "#1"}
			}
		}
	],
	"gui_light": "front",
	"display": {
		"thirdperson_righthand": {
			"rotation": [54.27, -41.33, 16.6],
			"translation": [0.25, 0, 2.5]
		},
		"thirdperson_lefthand": {
			"rotation": [54.27, -41.33, 16.6],
			"translation": [0.25, 0, 2.5]
		},
		"firstperson_righthand": {
			"translation": [-2, -2.5, 0]
		},
		"firstperson_lefthand": {
			"translation": [-2, -2.5, 0]
		},
		"ground": {
			"rotation": [35, 0, 0],
			"translation": [0, 4.25, 2.25],
			"scale": [0.5, 0.5, 0.5]
		},
		"gui": {
			"rotation": [155.79, 9.51, -147.15],
			"translation": [1, 0, 0],
			"scale": [0.51, 0.51, 0.51]
		},
		"fixed": {
			"translation": [0, 3, 4.25],
			"scale": [1.65, 1.65, 1.65]
		}
	}
}