{
	"credit": "Copyright © 2021-2099 Ikaho-Onsen Minecraft Server. All rights reserved.",
	"textures": {
		"0": "minecraft:item/beard01",
		"particle": "minecraft:item/beard01"
	},
	"elements": [
		{
			"from": [7.4, -1.075, 7.75],
			"to": [8.6, 7.625, 7.85],
			"rotation": {"angle": 0, "axis": "y", "origin": [8.3, 9.725, 7.95]},
			"faces": {
				"north": {"uv": [4.8, 7.3, 6, 16], "texture": "#0"},
				"east": {"uv": [0, 0, 0.1, 8.7], "texture": "#0"},
				"south": {"uv": [0, 0, 1.2, 8.7], "texture": "#missing"},
				"west": {"uv": [0, 0, 0.1, 8.7], "texture": "#0"},
				"up": {"uv": [0, 0, 1.2, 0.1], "texture": "#0"},
				"down": {"uv": [0, 0, 1.2, 0.1], "texture": "#0"}
			}
		},
		{
			"from": [6.3, -0.475, 7.75],
			"to": [7.5, 7.025, 7.85],
			"rotation": {"angle": 0, "axis": "y", "origin": [8.3, 9.725, 7.95]},
			"faces": {
				"north": {"uv": [12.8, 7.3, 14, 14.8], "texture": "#0"},
				"east": {"uv": [0, 0, 0.1, 7.5], "texture": "#0"},
				"south": {"uv": [0, 0, 1.2, 7.5], "texture": "#missing"},
				"west": {"uv": [0, 0, 0.1, 7.5], "texture": "#0"},
				"up": {"uv": [0, 0, 1.2, 0.1], "texture": "#0"},
				"down": {"uv": [0, 0, 1.2, 0.1], "texture": "#0"}
			}
		},
		{
			"from": [5.1, 0.825, 7.75],
			"to": [6.3, 6.525, 7.85],
			"rotation": {"angle": 0, "axis": "y", "origin": [8.3, 9.725, 7.95]},
			"faces": {
				"north": {"uv": [1.8, 2.3, 3, 8], "texture": "#0"},
				"east": {"uv": [0, 0, 0.1, 5.7], "texture": "#0"},
				"south": {"uv": [0, 0, 1.2, 5.7], "texture": "#missing"},
				"west": {"uv": [0, 0, 0.1, 5.7], "texture": "#0"},
				"up": {"uv": [0, 0, 1.2, 0.1], "texture": "#0"},
				"down": {"uv": [0, 0, 1.2, 0.1], "texture": "#0"}
			}
		},
		{
			"from": [4.2, 1.425, 7.75],
			"to": [5.1, 6.225, 7.85],
			"rotation": {"angle": 0, "axis": "y", "origin": [8.3, 9.725, 7.95]},
			"faces": {
				"north": {"uv": [12.8, 2.3, 13.7, 7.1], "texture": "#0"},
				"east": {"uv": [0, 0, 0.1, 4.8], "texture": "#0"},
				"south": {"uv": [0, 0, 0.9, 4.8], "texture": "#missing"},
				"west": {"uv": [0, 0, 0.1, 4.8], "texture": "#0"},
				"up": {"uv": [0, 0, 0.9, 0.1], "texture": "#0"},
				"down": {"uv": [0, 0, 0.9, 0.1], "texture": "#0"}
			}
		},
		{
			"from": [11, 1.425, 7.75],
			"to": [11.9, 6.225, 7.85],
			"rotation": {"angle": 0, "axis": "y", "origin": [8.3, 9.725, 7.95]},
			"faces": {
				"north": {"uv": [4.8, 2.3, 5.7, 7.1], "texture": "#0"},
				"east": {"uv": [0, 0, 0.1, 4.8], "texture": "#0"},
				"south": {"uv": [0, 0, 0.9, 4.8], "texture": "#missing"},
				"west": {"uv": [0, 0, 0.1, 4.8], "texture": "#0"},
				"up": {"uv": [0, 0, 0.9, 0.1], "texture": "#0"},
				"down": {"uv": [0, 0, 0.9, 0.1], "texture": "#0"}
			}
		},
		{
			"from": [9.8, 0.825, 7.75],
			"to": [11, 6.525, 7.85],
			"rotation": {"angle": 0, "axis": "y", "origin": [8.3, 9.725, 7.95]},
			"faces": {
				"north": {"uv": [12.8, 9.3, 14, 15], "texture": "#0"},
				"east": {"uv": [0, 0, 0.1, 5.7], "texture": "#0"},
				"south": {"uv": [0, 0, 1.2, 5.7], "texture": "#missing"},
				"west": {"uv": [0, 0, 0.1, 5.7], "texture": "#0"},
				"up": {"uv": [0, 0, 1.2, 0.1], "texture": "#0"},
				"down": {"uv": [0, 0, 1.2, 0.1], "texture": "#0"}
			}
		},
		{
			"from": [8.6, -0.475, 7.75],
			"to": [9.8, 7.025, 7.85],
			"rotation": {"angle": 0, "axis": "y", "origin": [8.3, 9.725, 7.95]},
			"faces": {
				"north": {"uv": [10.8, 7.3, 12, 14.8], "texture": "#0"},
				"east": {"uv": [0, 0, 0.1, 7.5], "texture": "#0"},
				"south": {"uv": [0, 0, 1.2, 7.5], "texture": "#missing"},
				"west": {"uv": [0, 0, 0.1, 7.5], "texture": "#0"},
				"up": {"uv": [0, 0, 1.2, 0.1], "texture": "#0"},
				"down": {"uv": [0, 0, 1.2, 0.1], "texture": "#0"}
			}
		},
		{
			"from": [11, 2.725, 7.95],
			"to": [12.2, 8.025, 8.05],
			"rotation": {"angle": 0, "axis": "y", "origin": [8.3, 9.725, 7.95]},
			"faces": {
				"north": {"uv": [10, 0, 11.2, 5.3], "texture": "#0"},
				"east": {"uv": [0, 0, 0.1, 5.3], "texture": "#0"},
				"south": {"uv": [0, 0, 1.2, 5.3], "texture": "#0"},
				"west": {"uv": [0, 0, 0.1, 5.3], "texture": "#0"},
				"up": {"uv": [0, 0, 1.2, 0.1], "texture": "#0"},
				"down": {"uv": [0, 0, 1.2, 0.1], "texture": "#0"}
			}
		},
		{
			"from": [3.8, 2.725, 7.95],
			"to": [5, 8.025, 8.05],
			"rotation": {"angle": 0, "axis": "y", "origin": [8.3, 9.725, 7.95]},
			"faces": {
				"north": {"uv": [10, 0, 11.2, 5.3], "texture": "#0"},
				"east": {"uv": [0, 0, 0.1, 5.3], "texture": "#0"},
				"south": {"uv": [0, 0, 1.2, 5.3], "texture": "#0"},
				"west": {"uv": [0, 0, 0.1, 5.3], "texture": "#0"},
				"up": {"uv": [0, 0, 1.2, 0.1], "texture": "#0"},
				"down": {"uv": [0, 0, 1.2, 0.1], "texture": "#0"}
			}
		},
		{
			"from": [9.8, 3.225, 7.95],
			"to": [11, 8.325, 8.05],
			"rotation": {"angle": 0, "axis": "y", "origin": [8.3, 9.725, 7.95]},
			"faces": {
				"north": {"uv": [10, 0, 11.2, 5.1], "texture": "#0"},
				"east": {"uv": [0, 0, 0.1, 5.1], "texture": "#0"},
				"south": {"uv": [0, 0, 1.2, 5.1], "texture": "#0"},
				"west": {"uv": [0, 0, 0.1, 5.1], "texture": "#0"},
				"up": {"uv": [0, 0, 1.2, 0.1], "texture": "#0"},
				"down": {"uv": [0, 0, 1.2, 0.1], "texture": "#0"}
			}
		},
		{
			"from": [5, 3.225, 7.95],
			"to": [6.2, 8.325, 8.05],
			"rotation": {"angle": 0, "axis": "y", "origin": [8.3, 9.725, 7.95]},
			"faces": {
				"north": {"uv": [10, 0, 11.2, 5.1], "texture": "#0"},
				"east": {"uv": [0, 0, 0.1, 5.1], "texture": "#0"},
				"south": {"uv": [0, 0, 1.2, 5.1], "texture": "#0"},
				"west": {"uv": [0, 0, 0.1, 5.1], "texture": "#0"},
				"up": {"uv": [0, 0, 1.2, 0.1], "texture": "#0"},
				"down": {"uv": [0, 0, 1.2, 0.1], "texture": "#0"}
			}
		},
		{
			"from": [8.6, 3.625, 7.95],
			"to": [9.8, 8.725, 8.05],
			"rotation": {"angle": 0, "axis": "y", "origin": [8.3, 9.725, 7.95]},
			"faces": {
				"north": {"uv": [10, 0, 11.2, 5.1], "texture": "#0"},
				"east": {"uv": [0, 0, 0.1, 5.1], "texture": "#0"},
				"south": {"uv": [0, 0, 1.2, 5.1], "texture": "#0"},
				"west": {"uv": [0, 0, 0.1, 5.1], "texture": "#0"},
				"up": {"uv": [0, 0, 1.2, 0.1], "texture": "#0"},
				"down": {"uv": [0, 0, 1.2, 0.1], "texture": "#0"}
			}
		},
		{
			"from": [6.2, 3.625, 7.95],
			"to": [7.4, 8.725, 8.05],
			"rotation": {"angle": 0, "axis": "y", "origin": [8.3, 9.725, 7.95]},
			"faces": {
				"north": {"uv": [10, 0, 11.2, 5.1], "texture": "#0"},
				"east": {"uv": [0, 0, 0.1, 5.1], "texture": "#0"},
				"south": {"uv": [0, 0, 1.2, 5.1], "texture": "#0"},
				"west": {"uv": [0, 0, 0.1, 5.1], "texture": "#0"},
				"up": {"uv": [0, 0, 1.2, 0.1], "texture": "#0"},
				"down": {"uv": [0, 0, 1.2, 0.1], "texture": "#0"}
			}
		},
		{
			"from": [7.4, 3.925, 7.95],
			"to": [8.6, 9.025, 8.05],
			"rotation": {"angle": 0, "axis": "y", "origin": [8.3, 9.725, 7.95]},
			"faces": {
				"north": {"uv": [10, 0, 11.2, 5.1], "texture": "#0"},
				"east": {"uv": [0, 0, 0.1, 5.1], "texture": "#0"},
				"south": {"uv": [0, 0, 1.2, 5.1], "texture": "#0"},
				"west": {"uv": [0, 0, 0.1, 5.1], "texture": "#0"},
				"up": {"uv": [0, 0, 1.2, 0.1], "texture": "#0"},
				"down": {"uv": [0, 0, 1.2, 0.1], "texture": "#0"}
			}
		},
		{
			"from": [11, 1.125, 7.85],
			"to": [12.2, 7.425, 7.95],
			"rotation": {"angle": 0, "axis": "y", "origin": [8.3, 9.725, 7.95]},
			"faces": {
				"north": {"uv": [12, 2, 13.2, 8.3], "texture": "#0"},
				"east": {"uv": [0, 0, 0.1, 6.3], "texture": "#0"},
				"south": {"uv": [0, 0, 1.2, 6.3], "texture": "#0"},
				"west": {"uv": [0, 0, 0.1, 6.3], "texture": "#0"},
				"up": {"uv": [0, 0, 1.2, 0.1], "texture": "#0"},
				"down": {"uv": [0, 0, 1.2, 0.1], "texture": "#0"}
			}
		},
		{
			"from": [3.8, 1.125, 7.85],
			"to": [5, 7.425, 7.95],
			"rotation": {"angle": 0, "axis": "y", "origin": [8.3, 9.725, 7.95]},
			"faces": {
				"north": {"uv": [12, 2, 13.2, 8.3], "texture": "#0"},
				"east": {"uv": [0, 0, 0.1, 6.3], "texture": "#0"},
				"south": {"uv": [0, 0, 1.2, 6.3], "texture": "#0"},
				"west": {"uv": [0, 0, 0.1, 6.3], "texture": "#0"},
				"up": {"uv": [0, 0, 1.2, 0.1], "texture": "#0"},
				"down": {"uv": [0, 0, 1.2, 0.1], "texture": "#0"}
			}
		},
		{
			"from": [5, 0.225, 7.85],
			"to": [6.2, 7.725, 7.95],
			"rotation": {"angle": 0, "axis": "y", "origin": [8.3, 9.725, 7.95]},
			"faces": {
				"north": {"uv": [12, 2, 13.2, 9.5], "texture": "#0"},
				"east": {"uv": [0, 0, 0.1, 7.5], "texture": "#0"},
				"south": {"uv": [0, 0, 1.2, 7.5], "texture": "#0"},
				"west": {"uv": [0, 0, 0.1, 7.5], "texture": "#0"},
				"up": {"uv": [0, 0, 1.2, 0.1], "texture": "#0"},
				"down": {"uv": [0, 0, 1.2, 0.1], "texture": "#0"}
			}
		},
		{
			"from": [9.8, 0.225, 7.85],
			"to": [11, 7.725, 7.95],
			"rotation": {"angle": 0, "axis": "y", "origin": [8.3, 9.725, 7.95]},
			"faces": {
				"north": {"uv": [12, 2, 13.2, 9.5], "texture": "#0"},
				"east": {"uv": [0, 0, 0.1, 7.5], "texture": "#0"},
				"south": {"uv": [0, 0, 1.2, 7.5], "texture": "#0"},
				"west": {"uv": [0, 0, 0.1, 7.5], "texture": "#0"},
				"up": {"uv": [0, 0, 1.2, 0.1], "texture": "#0"},
				"down": {"uv": [0, 0, 1.2, 0.1], "texture": "#0"}
			}
		},
		{
			"from": [8.6, -1.275, 7.85],
			"to": [9.8, 8.025, 7.95],
			"rotation": {"angle": 0, "axis": "y", "origin": [8.3, 9.725, 7.95]},
			"faces": {
				"north": {"uv": [12, 2, 13.2, 11.3], "texture": "#0"},
				"east": {"uv": [0, 0, 0.1, 9.3], "texture": "#0"},
				"south": {"uv": [0, 0, 1.2, 9.3], "texture": "#0"},
				"west": {"uv": [0, 0, 0.1, 9.3], "texture": "#0"},
				"up": {"uv": [0, 0, 1.2, 0.1], "texture": "#0"},
				"down": {"uv": [0, 0, 1.2, 0.1], "texture": "#0"}
			}
		},
		{
			"from": [6.2, -1.275, 7.85],
			"to": [7.4, 8.025, 7.95],
			"rotation": {"angle": 0, "axis": "y", "origin": [8.3, 9.725, 7.95]},
			"faces": {
				"north": {"uv": [12, 2, 13.2, 11.3], "texture": "#0"},
				"east": {"uv": [0, 0, 0.1, 9.3], "texture": "#0"},
				"south": {"uv": [0, 0, 1.2, 9.3], "texture": "#0"},
				"west": {"uv": [0, 0, 0.1, 9.3], "texture": "#0"},
				"up": {"uv": [0, 0, 1.2, 0.1], "texture": "#0"},
				"down": {"uv": [0, 0, 1.2, 0.1], "texture": "#0"}
			}
		},
		{
			"from": [7.4, -1.675, 7.85],
			"to": [8.6, 8.325, 7.95],
			"rotation": {"angle": 0, "axis": "y", "origin": [8.3, 9.725, 7.95]},
			"faces": {
				"north": {"uv": [12, 2, 13.2, 12], "texture": "#0"},
				"east": {"uv": [0, 0, 0.1, 10], "texture": "#0"},
				"south": {"uv": [0, 0, 1.2, 10], "texture": "#0"},
				"west": {"uv": [0, 0, 0.1, 10], "texture": "#0"},
				"up": {"uv": [0, 0, 1.2, 0.1], "texture": "#0"},
				"down": {"uv": [0, 0, 1.2, 0.1], "texture": "#0"}
			}
		}
	],
	"display": {
		"thirdperson_righthand": {
			"scale": [0.49, 0.5, 0.5]
		},
		"thirdperson_lefthand": {
			"scale": [0.5, 0.5, 0.5]
		},
		"ground": {
			"rotation": [72, 0, 0],
			"translation": [-1.5, 1.25, 2.75]
		},
		"gui": {
			"rotation": [0, -180, 0],
			"translation": [0, 4.5, 0]
		},
		"head": {
			"translation": [0, -5.25, -6.5]
		}
	},
	"groups": [
		{
			"name": "group",
			"origin": [8.45, 9.875, 8],
			"color": 0,
			"children": [0, 1, 2, 3, 4, 5, 6]
		},
		{
			"name": "group",
			"origin": [8, 8, 8],
			"color": 0,
			"children": [7, 8, 9, 10, 11, 12, 13]
		},
		{
			"name": "group",
			"origin": [8, 8, 8],
			"color": 0,
			"children": [14, 15, 16, 17, 18, 19, 20]
		}
	]
}