{
  "parent": "minecraft:item/generated",
  "textures": {
    "layer0": "minecraft:item/bread"
  },

 "overrides": [
  {"predicate": {"custom_model_data":1},"model": "item/heobgnplpdstpmabhipkfaixgbgnunio"},

  { "predicate": {"custom_model_data": 164}, "model": "item/yyoxixphyzwkxjzfjmlkiiqcxbrcfwri"},
  { "predicate": {"custom_model_data": 165}, "model": "item/vvlctlainabmraasbmrdewafsicdvkft"},
  { "predicate": {"custom_model_data": 166}, "model": "item/hniyvlafprpvbfhjitjcttiuptjpbpuw"},
  { "predicate": {"custom_model_data": 167}, "model": "item/pnlryxoqcxxraaesfsivzaeulyzxfxke"},
  { "predicate": {"custom_model_data": 168}, "model": "item/rnzbrzoigttiuuinfcmreeebjnnwxexp"},
  { "predicate": {"custom_model_data": 169}, "model": "item/olyeczpxmimoifmlmtfpntjwtkikwwjk"},
  { "predicate": {"custom_model_data": 170}, "model": "item/pgyyfwggmzbyycbtwlsnbyujuptkylwn"},
  { "predicate": {"custom_model_data": 171}, "model": "item/hpwqsakvlwualbquoevwtyckfahaninb"},
  { "predicate": {"custom_model_data": 172}, "model": "item/yafxawymtwxayysdxpvfuywvdorawroa"},
  { "predicate": {"custom_model_data": 173}, "model": "item/dgzrmlrjxgpipqchftphhwnmkqdmgrxl"},
  { "predicate": {"custom_model_data": 174}, "model": "item/stuwtkmehhjbehxtiwhifygcbsfupaxr"},
  { "predicate": {"custom_model_data": 178}, "model": "item/xfltzdrbqlmwyxjppaznjxvpanatbbea"},
  { "predicate": {"custom_model_data": 179}, "model": "item/gjcgtgutsepepuqvadkrchqqipllkber"},
  { "predicate": {"custom_model_data": 180}, "model": "item/otlpipbnudpywvkemadoknvttzqkoxbl"},
  { "predicate": {"custom_model_data": 181}, "model": "item/idxhajizfzttusylarpkthprclfwamdh"},
  { "predicate": {"custom_model_data": 182}, "model": "item/opaynzwwdfrmhgtofbuvefanvxzzrxxo"},
  { "predicate": {"custom_model_data": 183}, "model": "item/rltfntpsrwtvjsfpqddiqstwzlzrvlcr"},
  { "predicate": {"custom_model_data": 184}, "model": "item/dechtqxotezrbhlktmhbcjgqcgmidlsw"},
  { "predicate": {"custom_model_data": 185}, "model": "item/ywtlipqtrsvfafibwxkxkkwphdiizorf"},
  { "predicate": {"custom_model_data": 186}, "model": "item/otjzcyyhjkpldqxxljqozpowxcraxgmu"},
  { "predicate": {"custom_model_data": 187}, "model": "item/dbuikzzjriwgkbaoniseaflsagwyomcj"},
  { "predicate": {"custom_model_data": 188}, "model": "item/tzqkezowwgiffybnpazbvhcuoamdqtke"},
  { "predicate": {"custom_model_data": 189}, "model": "item/hfbezhwnqwsyqrdpqhlpljsiljubifku"},
  { "predicate": {"custom_model_data": 190}, "model": "item/agwqsuuzavduhmlzfllpmaoucqhhojdn"},
  { "predicate": {"custom_model_data": 191}, "model": "item/aqowysxktmhxdgtpflhpctbputcwfnxx"},
  { "predicate": {"custom_model_data": 192}, "model": "item/fpuoilgsybojtvsnocivmtecbngxnuzp"},
  { "predicate": {"custom_model_data": 193}, "model": "item/yewhjgrwgcgjufvhwzfsyivwemmrdsti"},
  { "predicate": {"custom_model_data": 195}, "model": "item/kqfhubrbqtgrkfagkiwuimilxhcgqhlk"},
  { "predicate": {"custom_model_data": 196}, "model": "item/owiasgtummokbtontomfaecyfiwlytdz"},
  { "predicate": {"custom_model_data": 197}, "model": "item/iufnjssxnsaqmytfexwifbdzcrxylhgj"},
  { "predicate": {"custom_model_data": 198}, "model": "item/cifabgjsfeyefencxcksttkwvxlottpo"},
  { "predicate": {"custom_model_data": 200}, "model": "item/cbljeyrgwzldsvdytcdymnmygmxrcaiv"},
  { "predicate": {"custom_model_data": 201}, "model": "item/ghwfgrwzpahiqkzxhrskqjfmazcxjfmq"},
  { "predicate": {"custom_model_data": 222}, "model": "item/xywsrblwbskvvioodutguhndztueiirn"},
  { "predicate": {"custom_model_data": 223}, "model": "item/xnlmrgvlrdefpeaomoysdcheovmbxnkq"},
  { "predicate": {"custom_model_data": 224}, "model": "item/hgzccifpkhtymuzptjdrtlvzpewsdshz"},
  { "predicate": {"custom_model_data": 225}, "model": "item/cqrtrqdcaeorakeqfrakvsykdjijsmqo"},
  { "predicate": {"custom_model_data": 226}, "model": "item/qwrqhkmkhcsfixvdyxciyxgndhochniz"},
  { "predicate": {"custom_model_data": 227}, "model": "item/hnduyvwxihhttwnhxbcgsawmbaaiujwb"},
  { "predicate": {"custom_model_data": 228}, "model": "item/iucnacvfnskhwydpmtdihpxaydkpuybu"},
  { "predicate": {"custom_model_data": 229}, "model": "item/hszuccmvedtmwoivzlsrptrnvbqvywon"},
  { "predicate": {"custom_model_data": 230}, "model": "item/lbthpvmzxmhkbwbzpwhqgxxgftvoikxj"},
  { "predicate": {"custom_model_data": 231}, "model": "item/oticzodwzeizmtinjythhmgbxpwocfrx"},
  { "predicate": {"custom_model_data": 232}, "model": "item/voxgbbtxaeqiehlctomyreytarsricxh"},
  { "predicate": {"custom_model_data": 233}, "model": "item/guxeowikayxnikdiaynfkcbmmbmaivve"},
  { "predicate": {"custom_model_data": 234}, "model": "item/zoylzfkmisrowuguldzarnmuipoeurxh"},
  { "predicate": {"custom_model_data": 249}, "model": "item/uhrgijnhamvfggcpxptuvstzldifvdah"},
  { "predicate": {"custom_model_data": 250}, "model": "item/agtpcovnzdvqwqkrwkxmicdfdezwvidi"},
  { "predicate": {"custom_model_data": 255}, "model": "item/xsdgdabwdyauznsmxpgukcjvsemmnusk"},
  { "predicate": {"custom_model_data": 256}, "model": "item/hvhihwrtmhhajsuwdkstzwdvfrugnttf"},
  { "predicate": {"custom_model_data": 323}, "model": "item/srnjrqremmckbxairaixcvkdjbhfpgvz"},
  { "predicate": {"custom_model_data": 336}, "model": "item/nsdeqngmsiflqankykskzjurtvmsxtrl"}


 ]
}