{
	"credit": "Copyright © 2021-2099 Ikaho-Onsen Minecraft Server. All rights reserved.",
	"texture_size": [128, 128],
	"textures": {
		"0": "minecraft:item/cit/stop",
		"particle": "minecraft:item/cit/stop"
	},
	"elements": [
		{
			"from": [2, 13, 6],
			"to": [14, 14, 10],
			"rotation": {"angle": 0, "axis": "y", "origin": [8, 29.5, 8]},
			"faces": {
				"north": {"uv": [0, 2.875, 1.5, 3], "texture": "#0"},
				"south": {"uv": [1.5, 2.5, 0, 2.625], "texture": "#0"},
				"up": {"uv": [1.5, 3, 0, 2.5], "texture": "#0"},
				"down": {"uv": [1.5, 2.5, 0, 3], "texture": "#0"}
			}
		},
		{
			"from": [2, 0, 6],
			"to": [14, 1, 10],
			"rotation": {"angle": 0, "axis": "y", "origin": [8, 29.5, 8]},
			"faces": {
				"north": {"uv": [1.5, 2.875, 0, 3], "texture": "#0"},
				"south": {"uv": [0, 2.5, 1.5, 2.625], "texture": "#0"},
				"up": {"uv": [0, 3, 1.5, 2.5], "texture": "#0"},
				"down": {"uv": [0, 2.5, 1.5, 3], "texture": "#0"}
			}
		},
		{
			"from": [1, 0, 6],
			"to": [2, 14, 10],
			"rotation": {"angle": 0, "axis": "y", "origin": [8, 29.5, 8]},
			"faces": {
				"north": {"uv": [1.75, 2.125, 0, 2.25], "rotation": 270, "texture": "#0"},
				"east": {"uv": [0, 2.25, 1.75, 1.75], "rotation": 90, "texture": "#0"},
				"south": {"uv": [0, 1.75, 1.75, 1.875], "rotation": 90, "texture": "#0"},
				"west": {"uv": [0, 1.75, 1.75, 2.25], "rotation": 90, "texture": "#0"},
				"up": {"uv": [0, 2.25, 0.5, 2.375], "rotation": 90, "texture": "#0"},
				"down": {"uv": [0, 2.375, 0.5, 2.5], "rotation": 90, "texture": "#0"}
			}
		},
		{
			"from": [14, 0, 6],
			"to": [15, 14, 10],
			"rotation": {"angle": 0, "axis": "y", "origin": [8, 29.5, 8]},
			"faces": {
				"north": {"uv": [0, 1.875, 1.75, 1.75], "rotation": 90, "texture": "#0"},
				"east": {"uv": [0, 1.75, 1.75, 2.25], "rotation": 90, "texture": "#0"},
				"south": {"uv": [1.75, 2.25, 0, 2.125], "rotation": 270, "texture": "#0"},
				"west": {"uv": [0, 2.25, 1.75, 1.75], "rotation": 90, "texture": "#0"},
				"up": {"uv": [0.5, 2.25, 0, 2.375], "rotation": 90, "texture": "#0"},
				"down": {"uv": [0.5, 2.375, 0, 2.5], "rotation": 90, "texture": "#0"}
			}
		},
		{
			"name": "013",
			"from": [2, 1, 7],
			"to": [14, 13, 9],
			"rotation": {"angle": 0, "axis": "y", "origin": [8, 23, 8]},
			"faces": {
				"north": {"uv": [1.75, 5.25, 3.5, 7], "texture": "#0"},
				"south": {"uv": [1.75, 5.25, 3.5, 7], "texture": "#0"}
			}
		}
	],
	"display": {
		"thirdperson_righthand": {
			"rotation": [76, 0, 0],
			"translation": [0, 1.75, 3.25],
			"scale": [0.5, 0.5, 0.5]
		},
		"thirdperson_lefthand": {
			"rotation": [76, 0, 0],
			"translation": [0, 1.75, 3.25],
			"scale": [0.5, 0.5, 0.5]
		},
		"firstperson_righthand": {
			"rotation": [0, -45, 0],
			"translation": [0, 4.5, 1.75],
			"scale": [0.5, 0.5, 0.5]
		},
		"firstperson_lefthand": {
			"rotation": [0, -45, 0],
			"translation": [0, 4.5, 1.75],
			"scale": [0.5, 0.5, 0.5]
		},
		"ground": {
			"translation": [0, 0.5, 0],
			"scale": [0.5, 0.5, 0.5]
		},
		"gui": {
			"rotation": [14, -36, 0],
			"translation": [0, 0.5, 0],
			"scale": [0.8, 0.8, 0.8]
		},
		"head": {
			"translation": [0, 14.5, -0.5]
		},
		"fixed": {
			"rotation": [-90, 0, 0],
			"translation": [0, 0, -16],
			"scale": [2, 2, 2]
		}
	},
	"groups": [
		{
			"name": "top",
			"origin": [8, 7.75, 8],
			"color": 0,
			"nbt": "{}",
			"armAnimationEnabled": false,
			"children": [0, 1, 2, 3]
		},
		4
	]
}