{
  "parent": "minecraft:item/generated",
  "textures": {
    "layer0": "minecraft:item/carrot"
  },
	"overrides": [{
		"predicate": {
			"custom_model_data": 20
		},
		"model": "minecraft:item/hrvpcrpqzbewmdokqivmxwwpdsnfjwup"
	},{
		"predicate": {
			"custom_model_data": 30
		},
		"model": "minecraft:item/gpwwlxqfovxfdiqnkuokoxjypucsefzc"
	},{
		"predicate": {
			"custom_model_data": 31
		},
		"model": "minecraft:item/qsnorchmlifwyvestpxohuuzisapdyhb"
	},{
		"predicate": {
			"custom_model_data": 47
		},
		"model": "minecraft:item/lhdqowntdkzgfjbsgquhaunnzckinyjz"
	},{
		"predicate": {
			"custom_model_data": 48
		},
		"model": "minecraft:item/wdkdgvknhalcsumpdevsjbvymoiawkvc"
	}]
}