{
	"credit": "Copyright © 2021-2099 Ikaho-Onsen Minecraft Server. All rights reserved.",
	"texture_size": [48, 48],
	"textures": {
		"0": "minecraft:item/weapon/spear",
		"particle": "minecraft:item/weapon/spear"
	},
	"elements": [
		{
			"from": [7.91155, 28.92417, 7.48258],
			"to": [8.91155, 31.47417, 8.48258],
			"rotation": {"angle": 22.5, "axis": "z", "origin": [8.41155, 30.54917, 7.98258]},
			"faces": {
				"north": {"uv": [5, 2, 5.33333, 3], "texture": "#0"},
				"east": {"uv": [5, 3, 5.33333, 4], "texture": "#0"},
				"south": {"uv": [5, 4, 5.33333, 5], "texture": "#0"},
				"west": {"uv": [5, 5, 5.33333, 6], "texture": "#0"},
				"up": {"uv": [6.33333, 1, 6, 0.66667], "texture": "#0"},
				"down": {"uv": [6.33333, 1, 6, 1.33333], "texture": "#0"}
			}
		},
		{
			"from": [6.95451, 28.95082, 7.48258],
			"to": [7.95451, 31.50082, 8.48258],
			"rotation": {"angle": -22.5, "axis": "z", "origin": [7.45451, 30.22582, 7.98258]},
			"faces": {
				"north": {"uv": [2, 5.33333, 2.33333, 6.33333], "texture": "#0"},
				"east": {"uv": [5.33333, 2, 5.66667, 3], "texture": "#0"},
				"south": {"uv": [2.33333, 5.33333, 2.66667, 6.33333], "texture": "#0"},
				"west": {"uv": [2.66667, 5.33333, 3, 6.33333], "texture": "#0"},
				"up": {"uv": [6.33333, 1.66667, 6, 1.33333], "texture": "#0"},
				"down": {"uv": [4.33333, 6, 4, 6.33333], "texture": "#0"}
			}
		},
		{
			"from": [6.51072, 20.25, 7.48758],
			"to": [9.51072, 29.25, 8.47758],
			"rotation": {"angle": 0, "axis": "y", "origin": [7.04036, 8.0625, 8]},
			"faces": {
				"north": {"uv": [1.33333, 0, 2.33333, 3], "texture": "#0"},
				"east": {"uv": [4, 0, 4.33333, 3], "texture": "#0"},
				"south": {"uv": [2.33333, 0, 3.33333, 3], "texture": "#0"},
				"west": {"uv": [4, 3, 4.33333, 6], "texture": "#0"},
				"up": {"uv": [4, 5.66667, 3, 5.33333], "texture": "#0"},
				"down": {"uv": [6.33333, 3, 5.33333, 3.33333], "texture": "#0"}
			}
		},
		{
			"from": [5.51072, 20.25, 7.48758],
			"to": [6.51072, 22.25, 8.47758],
			"rotation": {"angle": 0, "axis": "y", "origin": [6.04036, 8.0625, 8]},
			"faces": {
				"north": {"uv": [4.33333, 5.33333, 4.66667, 6], "texture": "#0"},
				"east": {"uv": [4.66667, 5.33333, 5, 6], "texture": "#0"},
				"south": {"uv": [5.66667, 0.33333, 6, 1], "texture": "#0"},
				"west": {"uv": [5.66667, 1, 6, 1.66667], "texture": "#0"},
				"up": {"uv": [4.66667, 6.33333, 4.33333, 6], "texture": "#0"},
				"down": {"uv": [5, 6, 4.66667, 6.33333], "texture": "#0"}
			}
		},
		{
			"from": [3.11072, 21.25, 7.48758],
			"to": [5.51072, 22.25, 8.47758],
			"rotation": {"angle": 0, "axis": "y", "origin": [5.04036, 8.0625, 8]},
			"faces": {
				"north": {"uv": [5.66667, 1.66667, 6.33333, 2], "texture": "#0"},
				"east": {"uv": [5, 6, 5.33333, 6.33333], "texture": "#0"},
				"south": {"uv": [5.66667, 2, 6.33333, 2.33333], "texture": "#0"},
				"west": {"uv": [5.66667, 6, 6, 6.33333], "texture": "#0"},
				"up": {"uv": [6.33333, 2.66667, 5.66667, 2.33333], "texture": "#0"},
				"down": {"uv": [6.33333, 2.66667, 5.66667, 3], "texture": "#0"}
			}
		},
		{
			"from": [3.18572, 20.6, 7.46258],
			"to": [5.78572, 21.6, 8.50258],
			"rotation": {"angle": -22.5, "axis": "z", "origin": [4.78572, 21.1, 7.98258]},
			"faces": {
				"north": {"uv": [5.33333, 3.33333, 6.33333, 3.66667], "texture": "#0"},
				"east": {"uv": [6, 6, 6.33333, 6.33333], "texture": "#0"},
				"south": {"uv": [5.33333, 3.66667, 6.33333, 4], "texture": "#0"},
				"west": {"uv": [6.33333, 0.66667, 6.66667, 1], "texture": "#0"},
				"up": {"uv": [6.33333, 4.33333, 5.33333, 4], "texture": "#0"},
				"down": {"uv": [6.33333, 4.33333, 5.33333, 4.66667], "texture": "#0"}
			}
		},
		{
			"from": [9.51072, 20.25, 7.48758],
			"to": [13.51072, 21.25, 8.47758],
			"rotation": {"angle": 0, "axis": "y", "origin": [10.04036, 8.0625, 8]},
			"faces": {
				"north": {"uv": [4.33333, 0, 5.66667, 0.33333], "texture": "#0"},
				"east": {"uv": [6.33333, 1, 6.66667, 1.33333], "texture": "#0"},
				"south": {"uv": [4.33333, 0.33333, 5.66667, 0.66667], "texture": "#0"},
				"west": {"uv": [6.33333, 1.33333, 6.66667, 1.66667], "texture": "#0"},
				"up": {"uv": [5.66667, 1, 4.33333, 0.66667], "texture": "#0"},
				"down": {"uv": [5.66667, 1, 4.33333, 1.33333], "texture": "#0"}
			}
		},
		{
			"from": [13.13572, 21.175, 7.46258],
			"to": [16.13572, 22.175, 8.50258],
			"rotation": {"angle": 22.5, "axis": "z", "origin": [15.63572, 21.675, 7.98258]},
			"faces": {
				"north": {"uv": [5.33333, 4.66667, 6.33333, 5], "texture": "#0"},
				"east": {"uv": [6.33333, 1.66667, 6.66667, 2], "texture": "#0"},
				"south": {"uv": [5.33333, 5, 6.33333, 5.33333], "texture": "#0"},
				"west": {"uv": [2, 6.33333, 2.33333, 6.66667], "texture": "#0"},
				"up": {"uv": [6.33333, 5.66667, 5.33333, 5.33333], "texture": "#0"},
				"down": {"uv": [6.66667, 0, 5.66667, 0.33333], "texture": "#0"}
			}
		},
		{
			"from": [15.76296, 21.43463, 7.5],
			"to": [16.46296, 22.13463, 8.5],
			"rotation": {"angle": -22.5, "axis": "z", "origin": [16.28796, 21.90963, 8]},
			"faces": {
				"north": {"uv": [6.33333, 2, 6.66667, 2.33333], "texture": "#0"},
				"east": {"uv": [2.33333, 6.33333, 2.66667, 6.66667], "texture": "#0"},
				"south": {"uv": [6.33333, 2.33333, 6.66667, 2.66667], "texture": "#0"},
				"west": {"uv": [2.66667, 6.33333, 3, 6.66667], "texture": "#0"},
				"up": {"uv": [6.66667, 3, 6.33333, 2.66667], "texture": "#0"},
				"down": {"uv": [3.33333, 6.33333, 3, 6.66667], "texture": "#0"}
			}
		},
		{
			"from": [7.51072, 29.25, 7.48758],
			"to": [8.51072, 31.25, 8.47758],
			"rotation": {"angle": 0, "axis": "y", "origin": [7.04036, 8.0625, 8]},
			"faces": {
				"north": {"uv": [3, 5.66667, 3.33333, 6.33333], "texture": "#0"},
				"east": {"uv": [3.33333, 5.66667, 3.66667, 6.33333], "texture": "#0"},
				"south": {"uv": [3.66667, 5.66667, 4, 6.33333], "texture": "#0"},
				"west": {"uv": [5.33333, 5.66667, 5.66667, 6.33333], "texture": "#0"},
				"up": {"uv": [6.66667, 3.33333, 6.33333, 3], "texture": "#0"},
				"down": {"uv": [3.66667, 6.33333, 3.33333, 6.66667], "texture": "#0"}
			}
		},
		{
			"from": [7.5, 30.6, 7.48758],
			"to": [8.5, 31.6, 8.47758],
			"rotation": {"angle": 0, "axis": "y", "origin": [7.02964, 8.7625, 8]},
			"faces": {
				"north": {"uv": [6.33333, 3.33333, 6.66667, 3.66667], "texture": "#0"},
				"east": {"uv": [3.66667, 6.33333, 4, 6.66667], "texture": "#0"},
				"south": {"uv": [6.33333, 3.66667, 6.66667, 4], "texture": "#0"},
				"west": {"uv": [4, 6.33333, 4.33333, 6.66667], "texture": "#0"},
				"up": {"uv": [6.66667, 4.33333, 6.33333, 4], "texture": "#0"},
				"down": {"uv": [4.66667, 6.33333, 4.33333, 6.66667], "texture": "#0"}
			}
		},
		{
			"from": [7.01072, -12.75, 7.48258],
			"to": [9.01072, 14.25, 8.48258],
			"rotation": {"angle": 0, "axis": "y", "origin": [7.04036, 8.0625, 8]},
			"faces": {
				"north": {"uv": [0, 0, 0.66667, 9], "texture": "#0"},
				"east": {"uv": [1.33333, 3, 1.66667, 12], "texture": "#0"},
				"south": {"uv": [0.66667, 0, 1.33333, 9], "texture": "#0"},
				"west": {"uv": [1.66667, 3, 2, 12], "texture": "#0"},
				"up": {"uv": [6.33333, 6, 5.66667, 5.66667], "texture": "#0"},
				"down": {"uv": [6.66667, 0.33333, 6, 0.66667], "texture": "#0"}
			}
		},
		{
			"from": [6.9, 13.5, 7],
			"to": [9.1, 20.5, 9],
			"rotation": {"angle": 0, "axis": "y", "origin": [8, 17, 8]},
			"faces": {
				"north": {"uv": [2, 3, 2.66667, 5.33333], "texture": "#0"},
				"east": {"uv": [2.66667, 3, 3.33333, 5.33333], "texture": "#0"},
				"south": {"uv": [3.33333, 0, 4, 2.33333], "texture": "#0"},
				"west": {"uv": [3.33333, 2.33333, 4, 4.66667], "texture": "#0"},
				"up": {"uv": [5, 2, 4.33333, 1.33333], "texture": "#0"},
				"down": {"uv": [5, 2, 4.33333, 2.66667], "texture": "#0"}
			}
		},
		{
			"from": [7, -14.5, 7],
			"to": [9.025, -12.5, 9],
			"rotation": {"angle": 0, "axis": "y", "origin": [8, 17, 8]},
			"faces": {
				"north": {"uv": [4.33333, 2.66667, 5, 3.33333], "texture": "#0"},
				"east": {"uv": [4.33333, 3.33333, 5, 4], "texture": "#0"},
				"south": {"uv": [4.33333, 4, 5, 4.66667], "texture": "#0"},
				"west": {"uv": [3.33333, 4.66667, 4, 5.33333], "texture": "#0"},
				"up": {"uv": [5, 5.33333, 4.33333, 4.66667], "texture": "#0"},
				"down": {"uv": [5.66667, 1.33333, 5, 2], "texture": "#0"}
			}
		},
		{
			"from": [7.28, -15.6, 7.63581],
			"to": [8.76, -14.6, 8.37581],
			"rotation": {"angle": 0, "axis": "y", "origin": [7.04036, 8.0625, 8]},
			"faces": {
				"north": {"uv": [6.33333, 4.33333, 6.66667, 4.66667], "texture": "#0"},
				"east": {"uv": [4.66667, 6.33333, 5, 6.66667], "texture": "#0"},
				"south": {"uv": [6.33333, 4.66667, 6.66667, 5], "texture": "#0"},
				"west": {"uv": [5, 6.33333, 5.33333, 6.66667], "texture": "#0"},
				"up": {"uv": [6.66667, 5.33333, 6.33333, 5], "texture": "#0"},
				"down": {"uv": [5.66667, 6.33333, 5.33333, 6.66667], "texture": "#0"}
			}
		}
	],
	"gui_light": "front",
	"display": {
		"thirdperson_righthand": {
			"rotation": [0, 90, 0],
			"translation": [-0.25, 4, 1.5]
		},
		"thirdperson_lefthand": {
			"rotation": [0, -90, 0],
			"translation": [-0.25, 4, 1.5]
		},
		"firstperson_righthand": {
			"rotation": [121, 55, -128],
			"translation": [0, 2, 0],
			"scale": [0.7, 0.7, 0.7]
		},
		"firstperson_lefthand": {
			"rotation": [-121, -55, -88],
			"translation": [0, 2, 0],
			"scale": [0.7, 0.7, 0.7]
		},
		"ground": {
			"rotation": [90, 0, 0]
		},
		"gui": {
			"rotation": [-30, 180, 40],
			"translation": [0.75, 0.25, 0],
			"scale": [-0.45, 0.45, 0.45]
		},
		"head": {
			"rotation": [0, 0, -35],
			"translation": [3.25, -15.25, 5.75],
			"scale": [1.5, -1.5, 1.5]
		},
		"fixed": {
			"translation": [0, 0, -2],
			"scale": [2, 2, 2]
		}
	},
	"groups": [
		{
			"name": "spear",
			"origin": [7.51072, 7.25, 8.48258],
			"color": 1,
			"children": [
				{
					"name": "blade",
					"origin": [-0.48928, -0.75, 0.48258],
					"color": 1,
					"children": [0, 1, 2, 3, 4, 5, 6, 7, 8, 9, 10]
				},
				{
					"name": "hold",
					"origin": [-0.48928, -0.75, 0.48258],
					"color": 1,
					"children": [11, 12, 13, 14]
				}
			]
		}
	]
}