{
	"credit": "Copyright © 2021-2099 Ikaho-Onsen Minecraft Server. All rights reserved.",
	"textures": {
		"1": "minecraft:item/mitarashi_dango",
		"particle": "minecraft:item/mitarashi_dango"
	},
	"elements": [
		{
			"from": [7.5, -3, 7.5],
			"to": [8.5, 12, 8.5],
			"rotation": {"angle": 0, "axis": "y", "origin": [8, 3, 8]},
			"faces": {
				"north": {"uv": [0, 0, 1, 16], "texture": "#1"},
				"east": {"uv": [0, 0, 1, 16], "texture": "#1"},
				"south": {"uv": [0, 0, 1, 16], "texture": "#1"},
				"west": {"uv": [0, 0, 1, 16], "texture": "#1"},
				"down": {"uv": [1, 15, 0, 16], "texture": "#1"}
			}
		},
		{
			"from": [6, 7.5, 6],
			"to": [10, 11.5, 10],
			"rotation": {"angle": 0, "axis": "y", "origin": [8, 9.5, 8]},
			"faces": {
				"north": {"uv": [9, 0, 5, 4], "texture": "#1"},
				"east": {"uv": [9, 0, 5, 4], "texture": "#1"},
				"south": {"uv": [9, 0, 5, 4], "texture": "#1"},
				"west": {"uv": [9, 0, 5, 4], "texture": "#1"},
				"up": {"uv": [1, 8, 5, 4], "texture": "#1"},
				"down": {"uv": [1, 0, 5, 4], "texture": "#1"}
			}
		},
		{
			"from": [5.9, 7.4, 5.9],
			"to": [10.1, 11.6, 10.1],
			"rotation": {"angle": 0, "axis": "y", "origin": [8, 9.5, 8]},
			"faces": {
				"north": {"uv": [9, 4, 5, 8], "texture": "#1"},
				"east": {"uv": [13, 0, 9, 4], "texture": "#1"},
				"south": {"uv": [13, 0, 9, 4], "texture": "#1"},
				"west": {"uv": [13, 0, 9, 4], "texture": "#1"},
				"up": {"uv": [9, 4, 13, 0], "texture": "#1"},
				"down": {"uv": [9, 0, 13, 4], "texture": "#1"}
			}
		},
		{
			"from": [6, 3, 6],
			"to": [10, 7, 10],
			"rotation": {"angle": 0, "axis": "y", "origin": [8, 9.5, 8]},
			"faces": {
				"north": {"uv": [5, 0, 9, 4], "texture": "#1"},
				"east": {"uv": [5, 0, 9, 4], "texture": "#1"},
				"south": {"uv": [5, 0, 9, 4], "texture": "#1"},
				"west": {"uv": [5, 0, 9, 4], "texture": "#1"},
				"up": {"uv": [5, 8, 1, 4], "texture": "#1"},
				"down": {"uv": [5, 0, 1, 4], "texture": "#1"}
			}
		},
		{
			"from": [5.9, 2.9, 5.9],
			"to": [10.1, 7.1, 10.1],
			"rotation": {"angle": 0, "axis": "y", "origin": [8, 9.5, 8]},
			"faces": {
				"north": {"uv": [5, 4, 9, 8], "texture": "#1"},
				"east": {"uv": [9, 0, 13, 4], "texture": "#1"},
				"south": {"uv": [9, 0, 13, 4], "texture": "#1"},
				"west": {"uv": [9, 0, 13, 4], "texture": "#1"},
				"up": {"uv": [13, 4, 9, 0], "texture": "#1"},
				"down": {"uv": [13, 0, 9, 4], "texture": "#1"}
			}
		},
		{
			"from": [5.9, 11.9, 5.9],
			"to": [10.1, 16.1, 10.1],
			"rotation": {"angle": 0, "axis": "y", "origin": [8, 9.5, 8]},
			"faces": {
				"north": {"uv": [5, 4, 9, 8], "texture": "#1"},
				"east": {"uv": [9, 0, 13, 4], "texture": "#1"},
				"south": {"uv": [9, 0, 13, 4], "texture": "#1"},
				"west": {"uv": [9, 0, 13, 4], "texture": "#1"},
				"up": {"uv": [13, 4, 9, 0], "texture": "#1"},
				"down": {"uv": [13, 0, 9, 4], "texture": "#1"}
			}
		},
		{
			"from": [6, 12, 6],
			"to": [10, 16, 10],
			"rotation": {"angle": 0, "axis": "y", "origin": [8, 9.5, 8]},
			"faces": {
				"north": {"uv": [5, 0, 9, 4], "texture": "#1"},
				"east": {"uv": [5, 0, 9, 4], "texture": "#1"},
				"south": {"uv": [5, 0, 9, 4], "texture": "#1"},
				"west": {"uv": [5, 0, 9, 4], "texture": "#1"},
				"up": {"uv": [5, 8, 1, 4], "texture": "#1"},
				"down": {"uv": [5, 0, 1, 4], "texture": "#1"}
			}
		},
		{
			"from": [6, 16.2, 6.5],
			"to": [9, 16.2, 9.5],
			"rotation": {"angle": 0, "axis": "y", "origin": [8, 3, 8]},
			"faces": {
				"up": {"uv": [6, 12, 3, 9], "texture": "#1"},
				"down": {"uv": [6, 9, 3, 12], "texture": "#1"}
			}
		},
		{
			"from": [9.07612, 15.81732, 6.5],
			"to": [11.07612, 15.81732, 9.5],
			"rotation": {"angle": 22.5, "axis": "z", "origin": [8.07612, 15.81732, 8]},
			"faces": {
				"up": {"uv": [3, 12, 1, 9], "texture": "#1"},
				"down": {"uv": [3, 9, 1, 12], "texture": "#1"}
			}
		},
		{
			"from": [5.14645, 16.55355, 6.5],
			"to": [6.14645, 16.55355, 9.5],
			"rotation": {"angle": -45, "axis": "z", "origin": [5.64645, 16.55355, 8]},
			"faces": {
				"up": {"uv": [7, 12, 6, 9], "texture": "#1"},
				"down": {"uv": [7, 9, 6, 12], "texture": "#1"}
			}
		}
	],
	"gui_light": "front",
	"display": {
		"thirdperson_righthand": {
			"translation": [0, 6, 0.5]
		},
		"thirdperson_lefthand": {
			"translation": [0, 6, 0.5]
		},
		"firstperson_righthand": {
			"translation": [2.5, 0, 0],
			"scale": [0.7, 0.7, 0.7]
		},
		"firstperson_lefthand": {
			"translation": [2.5, 0, 0],
			"scale": [0.7, 0.7, 0.7]
		},
		"ground": {
			"rotation": [35, 0, 0],
			"translation": [0, 3, 0],
			"scale": [0.5, 0.5, 0.5]
		},
		"gui": {
			"rotation": [33, 180, 33],
			"translation": [0.25, 0.25, 0],
			"scale": [0.85, 0.85, 0.85]
		},
		"head": {
			"rotation": [0, 0, 90],
			"translation": [1.25, -7, -7.25]
		},
		"fixed": {
			"translation": [0, 0, -4],
			"scale": [2, 2, 2]
		}
	}
}