{
	"credit": "Copyright © 2021-2099 Ikaho-Onsen Minecraft Server. All rights reserved.",
	"texture_size": [128, 128],
	"textures": {
		"1": "minecraft:item/big_pig"
	},
	"elements": [
		{
			"from": [-4.5, 6.00149, -4.40565],
			"to": [-0.5, 12.00149, 2.59435],
			"rotation": {"angle": -22.5, "axis": "x", "origin": [5, 11.65267, 7.11808]},
			"faces": {
				"north": {"uv": [2.25, 10.875, 2.75, 11.625], "texture": "#1"},
				"east": {"uv": [5.25, 10.375, 4.375, 11.125], "texture": "#1"},
				"west": {"uv": [4.375, 10.375, 5.25, 11.125], "texture": "#1"},
				"up": {"uv": [9.75, 11.375, 9.25, 10.5], "texture": "#1"},
				"down": {"uv": [10.25, 10.5, 9.75, 11.375], "texture": "#1"}
			}
		},
		{
			"from": [-5.5, 5.31068, 4.60794],
			"to": [0.5, 13.31068, 10.60794],
			"rotation": {"angle": 45, "axis": "x", "origin": [5, 11.65267, 7.11808]},
			"faces": {
				"north": {"uv": [2.125, 4.25, 2.875, 5.25], "texture": "#1"},
				"east": {"uv": [10.25, 6, 9.5, 7], "texture": "#1"},
				"south": {"uv": [5, 9.375, 5.75, 10.375], "texture": "#1"},
				"west": {"uv": [9.5, 6, 10.25, 7], "texture": "#1"},
				"down": {"uv": [11.125, 8.5, 10.375, 9.25], "texture": "#1"}
			}
		},
		{
			"from": [-7.5, 13.31068, 3.60794],
			"to": [-1.5, 15.31068, 11.60794],
			"rotation": {"angle": 45, "axis": "x", "origin": [5, 11.65267, 7.11808]},
			"faces": {
				"north": {"uv": [11.125, 7, 11.875, 7.25], "texture": "#1"},
				"east": {"uv": [11, 6.75, 12, 7], "texture": "#1"},
				"south": {"uv": [11.125, 7, 11.875, 7.25], "texture": "#1"},
				"west": {"uv": [11, 6.75, 12, 7], "texture": "#1"},
				"up": {"uv": [11, 1, 10.25, 0], "texture": "#1"},
				"down": {"uv": [11, 6, 10.25, 7], "texture": "#1"}
			}
		},
		{
			"from": [-7, 15.31068, 7.60794],
			"to": [-2, 20.31068, 7.60794],
			"rotation": {"angle": 45, "axis": "x", "origin": [5, 11.65267, 7.11808]},
			"faces": {
				"north": {"uv": [10.75, 10.375, 11.375, 11], "texture": "#1"},
				"south": {"uv": [11.375, 10.375, 10.75, 11], "texture": "#1"}
			}
		},
		{
			"from": [17.5, 15.08071, 3.70865],
			"to": [23.5, 17.08071, 11.70865],
			"rotation": {"angle": 45, "axis": "x", "origin": [19.5, 12.65927, 5.03182]},
			"faces": {
				"north": {"uv": [11.875, 7, 11.125, 7.25], "texture": "#1"},
				"east": {"uv": [12, 6.75, 11, 7], "texture": "#1"},
				"south": {"uv": [11.875, 7, 11.125, 7.25], "texture": "#1"},
				"west": {"uv": [12, 6.75, 11, 7], "texture": "#1"},
				"up": {"uv": [10.25, 1, 11, 0], "texture": "#1"},
				"down": {"uv": [10.25, 6, 11, 7], "texture": "#1"}
			}
		},
		{
			"from": [15.5, 7.08071, 4.70865],
			"to": [21.5, 15.08071, 10.70865],
			"rotation": {"angle": 45, "axis": "x", "origin": [19.5, 12.65927, 5.03182]},
			"faces": {
				"north": {"uv": [2.875, 4.25, 2.125, 5.25], "texture": "#1"},
				"east": {"uv": [10.25, 6, 9.5, 7], "texture": "#1"},
				"south": {"uv": [5.75, 9.375, 5, 10.375], "texture": "#1"},
				"west": {"uv": [9.5, 6, 10.25, 7], "texture": "#1"},
				"down": {"uv": [10.375, 8.5, 11.125, 9.25], "texture": "#1"}
			}
		},
		{
			"from": [16.5, 5.27973, -4.94967],
			"to": [20.5, 11.27973, 2.05033],
			"rotation": {"angle": -22.5, "axis": "x", "origin": [19.5, 12.65927, 5.03182]},
			"faces": {
				"north": {"uv": [2.75, 10.875, 2.25, 11.625], "texture": "#1"},
				"east": {"uv": [5.25, 10.375, 4.375, 11.125], "texture": "#1"},
				"west": {"uv": [4.375, 10.375, 5.25, 11.125], "texture": "#1"},
				"up": {"uv": [9.25, 11.375, 9.75, 10.5], "texture": "#1"},
				"down": {"uv": [9.75, 10.5, 10.25, 11.375], "texture": "#1"}
			}
		},
		{
			"from": [18, 15.31068, 7.60794],
			"to": [23, 20.31068, 7.60794],
			"rotation": {"angle": 45, "axis": "x", "origin": [11, 11.65267, 7.11808]},
			"faces": {
				"north": {"uv": [11.375, 10.375, 10.75, 11], "texture": "#1"},
				"south": {"uv": [10.75, 10.375, 11.375, 11], "texture": "#1"}
			}
		},
		{
			"from": [-5, 11.86776, 3.21223],
			"to": [0, 16.86776, 3.21223],
			"rotation": {"angle": -22.5, "axis": "z", "origin": [-1.5, 16.36776, 1.21223]},
			"faces": {
				"north": {"uv": [10.5, 7, 11.125, 7.625], "texture": "#1"},
				"south": {"uv": [11.125, 7, 10.5, 7.625], "texture": "#1"}
			}
		},
		{
			"from": [-4.5, -9.12055, 4.23548],
			"to": [20.5, 6.87945, 21.23548],
			"rotation": {"angle": 0, "axis": "x", "origin": [6.75, -3.1127, 5.97712]},
			"faces": {
				"north": {"uv": [3.125, 0, 6.25, 2], "texture": "#1"},
				"east": {"uv": [3.125, 4, 5.25, 6], "texture": "#1"},
				"south": {"uv": [3.125, 2, 6.25, 4], "texture": "#1"},
				"west": {"uv": [5.25, 4, 3.125, 6], "texture": "#1"},
				"up": {"uv": [3.125, 2.125, 0, 0], "texture": "#1"},
				"down": {"uv": [3.125, 2.125, 0, 4.25], "texture": "#1"}
			}
		},
		{
			"from": [2.5, 6.87945, 0.23548],
			"to": [13.5, 12.87945, 5.23548],
			"rotation": {"angle": 0, "axis": "x", "origin": [6.75, 12.8873, -10.02288]},
			"faces": {
				"north": {"uv": [9.25, 3, 10.625, 3.75], "texture": "#1"},
				"east": {"uv": [5.25, 10.5, 5.875, 11.25], "texture": "#1"},
				"west": {"uv": [5.875, 10.5, 5.25, 11.25], "texture": "#1"}
			}
		},
		{
			"from": [-0.5, -9.12055, -1.76452],
			"to": [16.5, 6.87945, 4.23548],
			"rotation": {"angle": 0, "axis": "x", "origin": [6.75, -3.1127, -2.02288]},
			"faces": {
				"north": {"uv": [5.25, 4, 7.375, 6], "texture": "#1"},
				"east": {"uv": [6, 7.75, 6.75, 9.75], "texture": "#1"},
				"west": {"uv": [6.75, 7.75, 6, 9.75], "texture": "#1"},
				"up": {"uv": [11.375, 2.25, 9.25, 1.5], "texture": "#1"},
				"down": {"uv": [11.375, 2.25, 9.25, 3], "texture": "#1"}
			}
		},
		{
			"from": [5.5, -5.12055, -4.76452],
			"to": [10.5, -0.12055, -1.76452],
			"rotation": {"angle": 0, "axis": "x", "origin": [6.75, -3.1127, -2.02288]},
			"faces": {
				"north": {"uv": [11, 0.625, 11.625, 1.25], "texture": "#1"},
				"east": {"uv": [10.75, 11, 11.125, 11.625], "texture": "#1"},
				"west": {"uv": [11.125, 11, 10.75, 11.625], "texture": "#1"},
				"up": {"uv": [3.75, 11.5, 3.125, 11.125], "texture": "#1"},
				"down": {"uv": [5, 11.125, 4.375, 11.5], "texture": "#1"}
			}
		},
		{
			"from": [-8.5, -7.12055, 5.23548],
			"to": [-4.5, 3.87945, 16.23548],
			"rotation": {"angle": 0, "axis": "x", "origin": [1.75, -3.1127, 5.97712]},
			"faces": {
				"north": {"uv": [7.5, 9, 8, 10.375], "texture": "#1"},
				"south": {"uv": [2.25, 9.5, 2.75, 10.875], "texture": "#1"},
				"west": {"uv": [9, 3.875, 10.375, 5.25], "texture": "#1"},
				"up": {"uv": [1.125, 11.75, 0.625, 10.375], "texture": "#1"},
				"down": {"uv": [4.375, 10.375, 3.875, 11.75], "texture": "#1"}
			}
		},
		{
			"from": [-7.5, -6.47792, 1.05638],
			"to": [-1.5, -0.47792, 9.05638],
			"rotation": {"angle": -22.5, "axis": "x", "origin": [1.75, -3.1127, 5.97712]},
			"faces": {
				"north": {"uv": [1.125, 10.5, 1.875, 11.25], "texture": "#1"},
				"east": {"uv": [10.5, 7, 9.5, 7.75], "texture": "#1"},
				"west": {"uv": [9.5, 7, 10.5, 7.75], "texture": "#1"},
				"up": {"uv": [10.25, 8.75, 9.5, 7.75], "texture": "#1"},
				"down": {"uv": [10.375, 8.75, 9.625, 9.75], "texture": "#1"}
			}
		},
		{
			"from": [-6.5, -8.10485, -4.28124],
			"to": [-2.5, -2.10485, 2.71876],
			"rotation": {"angle": 0, "axis": "x", "origin": [1.75, -3.1127, 5.97712]},
			"faces": {
				"north": {"uv": [11, 3.625, 11.5, 4.375], "texture": "#1"},
				"east": {"uv": [9.25, 10.375, 8.375, 11.125], "texture": "#1"},
				"west": {"uv": [8.375, 10.375, 9.25, 11.125], "texture": "#1"},
				"up": {"uv": [10.75, 11.375, 10.25, 10.5], "texture": "#1"},
				"down": {"uv": [11.125, 4.875, 10.625, 5.75], "texture": "#1"}
			}
		},
		{
			"from": [17.5, -6.47792, 1.05638],
			"to": [23.5, -0.47792, 9.05638],
			"rotation": {"angle": -22.5, "axis": "x", "origin": [14.25, -3.1127, 5.97712]},
			"faces": {
				"north": {"uv": [1.875, 10.5, 1.125, 11.25], "texture": "#1"},
				"east": {"uv": [10.5, 7, 9.5, 7.75], "texture": "#1"},
				"west": {"uv": [9.5, 7, 10.5, 7.75], "texture": "#1"},
				"up": {"uv": [9.5, 8.75, 10.25, 7.75], "texture": "#1"},
				"down": {"uv": [9.625, 8.75, 10.375, 9.75], "texture": "#1"}
			}
		},
		{
			"from": [18.5, -8.10485, -4.28124],
			"to": [22.5, -2.10485, 2.71876],
			"rotation": {"angle": 0, "axis": "x", "origin": [14.25, -3.1127, 5.97712]},
			"faces": {
				"north": {"uv": [11.5, 3.625, 11, 4.375], "texture": "#1"},
				"east": {"uv": [9.25, 10.375, 8.375, 11.125], "texture": "#1"},
				"west": {"uv": [8.375, 10.375, 9.25, 11.125], "texture": "#1"},
				"up": {"uv": [10.25, 11.375, 10.75, 10.5], "texture": "#1"},
				"down": {"uv": [10.625, 4.875, 11.125, 5.75], "texture": "#1"}
			}
		},
		{
			"from": [20.5, -7.12055, 5.23548],
			"to": [24.5, 3.87945, 16.23548],
			"rotation": {"angle": 0, "axis": "x", "origin": [14.25, -3.1127, 5.97712]},
			"faces": {
				"north": {"uv": [8, 9, 7.5, 10.375], "texture": "#1"},
				"east": {"uv": [10.375, 3.875, 9, 5.25], "texture": "#1"},
				"south": {"uv": [2.75, 9.5, 2.25, 10.875], "texture": "#1"},
				"up": {"uv": [0.625, 11.75, 1.125, 10.375], "texture": "#1"},
				"down": {"uv": [3.875, 10.375, 4.375, 11.75], "texture": "#1"}
			}
		},
		{
			"from": [-1.5, 3.85916, 4.05148],
			"to": [17.5, 17.85916, 17.05148],
			"rotation": {"angle": -22.5, "axis": "x", "origin": [7, 10.85916, 10.55148]},
			"faces": {
				"north": {"uv": [2.125, 6, 4.5, 7.75], "texture": "#1"},
				"east": {"uv": [7.375, 3.875, 9, 5.625], "texture": "#1"},
				"south": {"uv": [4.5, 6, 6.875, 7.75], "texture": "#1"},
				"west": {"uv": [9, 3.875, 7.375, 5.625], "texture": "#1"},
				"up": {"uv": [8.625, 1.625, 6.25, 0], "texture": "#1"}
			}
		},
		{
			"from": [1.5, 11.98093, -0.94026],
			"to": [14.5, 24.98093, 10.98474],
			"rotation": {"angle": 0, "axis": "x", "origin": [8, 18.48093, 3.55974]},
			"faces": {
				"north": {"uv": [2.75, 7.75, 4.375, 9.375], "texture": "#1"},
				"east": {"uv": [8, 5.625, 9.5, 7.25], "texture": "#1"},
				"south": {"uv": [4.375, 7.75, 6, 9.375], "texture": "#1"},
				"west": {"uv": [8, 7.25, 9.5, 8.875], "texture": "#1"},
				"up": {"uv": [10.25, 1.5, 8.625, 0], "texture": "#1"},
				"down": {"uv": [9.625, 8.875, 8, 10.375], "texture": "#1"}
			}
		},
		{
			"from": [3.5, 22.98093, -12.94026],
			"to": [12.5, 31.98093, 11.05974],
			"rotation": {"angle": 0, "axis": "x", "origin": [8, 27.48093, -0.94026]},
			"faces": {
				"north": {"uv": [0, 9.25, 1.125, 10.375], "texture": "#1"},
				"east": {"uv": [6.25, 1.625, 9.25, 2.75], "texture": "#1"},
				"south": {"uv": [2.75, 9.375, 3.875, 10.5], "texture": "#1"},
				"west": {"uv": [9.25, 1.625, 6.25, 2.75], "texture": "#1"},
				"up": {"uv": [1.125, 9.25, 0, 6.25], "texture": "#1"},
				"down": {"uv": [8, 6, 6.875, 9], "texture": "#1"}
			}
		},
		{
			"from": [-1.5, 13.98093, 1.05974],
			"to": [1.5, 22.98093, 6.05974],
			"rotation": {"angle": -22.5, "axis": "z", "origin": [0, 17.48093, 3.55974]},
			"faces": {
				"north": {"uv": [1.875, 10.5, 2.25, 11.625], "texture": "#1"},
				"east": {"uv": [0, 10.375, 0.625, 11.5], "texture": "#1"},
				"south": {"uv": [10.625, 9.25, 11, 10.375], "texture": "#1"},
				"west": {"uv": [10.375, 3.75, 11, 4.875], "texture": "#1"},
				"up": {"uv": [7.25, 11.625, 6.875, 11], "texture": "#1"},
				"down": {"uv": [11.375, 9.25, 11, 9.875], "texture": "#1"}
			}
		},
		{
			"from": [14.5, 13.98093, 1.05974],
			"to": [17.5, 22.98093, 6.05974],
			"rotation": {"angle": 22.5, "axis": "z", "origin": [16, 17.48093, 3.55974]},
			"faces": {
				"north": {"uv": [2.25, 10.5, 1.875, 11.625], "texture": "#1"},
				"east": {"uv": [11, 3.75, 10.375, 4.875], "texture": "#1"},
				"south": {"uv": [11, 9.25, 10.625, 10.375], "texture": "#1"},
				"west": {"uv": [0.625, 10.375, 0, 11.5], "texture": "#1"},
				"up": {"uv": [6.875, 11.625, 7.25, 11], "texture": "#1"},
				"down": {"uv": [11, 9.25, 11.375, 9.875], "texture": "#1"}
			}
		},
		{
			"from": [3.5, 13.98093, -6.94026],
			"to": [12.5, 19.98093, 1.05974],
			"rotation": {"angle": -22.5, "axis": "x", "origin": [5.25, 17.36675, -3.01428]},
			"faces": {
				"north": {"uv": [9.5, 5.25, 10.625, 6], "texture": "#1"},
				"east": {"uv": [5.75, 9.75, 6.75, 10.5], "texture": "#1"},
				"west": {"uv": [9.625, 9.75, 10.625, 10.5], "texture": "#1"},
				"up": {"uv": [5, 10.375, 3.875, 9.375], "texture": "#1"},
				"down": {"uv": [2.25, 9.5, 1.125, 10.5], "texture": "#1"}
			}
		},
		{
			"from": [4.5, 12.18093, -5.94026],
			"to": [11.5, 15.18093, -0.94026],
			"rotation": {"angle": 0, "axis": "x", "origin": [8, 14.98093, -4.44026]},
			"faces": {
				"north": {"uv": [1.125, 7.25, 2, 7.625], "texture": "#1"},
				"east": {"uv": [7.375, 5.625, 8, 6], "texture": "#1"},
				"west": {"uv": [11, 9.875, 11.625, 10.25], "texture": "#1"},
				"down": {"uv": [3.625, 10.5, 2.75, 11.125], "texture": "#1"}
			}
		},
		{
			"from": [0.5, 12.92741, -6.07494],
			"to": [2.5, 15.92741, -0.07494],
			"rotation": {"angle": 22.5, "axis": "y", "origin": [1.5, 14.42741, -7.07494]},
			"faces": {
				"east": {"uv": [10.25, 1, 11, 1.375], "texture": "#1"},
				"south": {"uv": [9, 5.25, 9.25, 5.625], "texture": "#1"},
				"west": {"uv": [11, 4.375, 11.75, 4.75], "texture": "#1"},
				"up": {"uv": [7.5, 11.75, 7.25, 11], "texture": "#1"},
				"down": {"uv": [11.375, 4.75, 11.125, 5.5], "texture": "#1"}
			}
		},
		{
			"from": [0.5, 12.92741, -9.07494],
			"to": [2.5, 20.92741, -6.07494],
			"rotation": {"angle": 22.5, "axis": "y", "origin": [1.5, 14.42741, -7.07494]},
			"faces": {
				"north": {"uv": [2.875, 4.25, 3.125, 5.25], "texture": "#1"},
				"east": {"uv": [11, 5.75, 11.375, 6.75], "texture": "#1"},
				"south": {"uv": [1.875, 6.25, 2.125, 7.25], "texture": "#1"},
				"west": {"uv": [6.5, 11, 6.875, 12], "texture": "#1"},
				"up": {"uv": [9.5, 5.625, 9.25, 5.25], "texture": "#1"},
				"down": {"uv": [6, 9.375, 5.75, 9.75], "texture": "#1"}
			}
		},
		{
			"from": [13.5, 12.92741, -9.07494],
			"to": [15.5, 20.92741, -6.07494],
			"rotation": {"angle": -22.5, "axis": "y", "origin": [14.5, 14.42741, -7.07494]},
			"faces": {
				"north": {"uv": [3.125, 4.25, 2.875, 5.25], "texture": "#1"},
				"east": {"uv": [6.875, 11, 6.5, 12], "texture": "#1"},
				"south": {"uv": [2.125, 6.25, 1.875, 7.25], "texture": "#1"},
				"west": {"uv": [11.375, 5.75, 11, 6.75], "texture": "#1"},
				"up": {"uv": [9.25, 5.625, 9.5, 5.25], "texture": "#1"},
				"down": {"uv": [5.75, 9.375, 6, 9.75], "texture": "#1"}
			}
		},
		{
			"from": [13.5, 12.92741, -6.07494],
			"to": [15.5, 15.92741, -0.07494],
			"rotation": {"angle": -22.5, "axis": "y", "origin": [14.5, 14.42741, -7.07494]},
			"faces": {
				"east": {"uv": [11.75, 4.375, 11, 4.75], "texture": "#1"},
				"south": {"uv": [9.25, 5.25, 9, 5.625], "texture": "#1"},
				"west": {"uv": [11, 1, 10.25, 1.375], "texture": "#1"},
				"up": {"uv": [7.25, 11.75, 7.5, 11], "texture": "#1"},
				"down": {"uv": [11.125, 4.75, 11.375, 5.5], "texture": "#1"}
			}
		}
	],
	"gui_light": "front",
	"display": {
		"thirdperson_righthand": {
			"rotation": [67, 0, 0],
			"translation": [0, 3.5, 3.75],
			"scale": [0.33, 0.33, 0.33]
		},
		"thirdperson_lefthand": {
			"rotation": [67, 0, 0],
			"translation": [0, 3.5, 3.75],
			"scale": [0.33, 0.33, 0.33]
		},
		"firstperson_righthand": {
			"rotation": [0, 120, 0],
			"translation": [2.25, 0, 0],
			"scale": [0.18, 0.18, 0.18]
		},
		"firstperson_lefthand": {
			"rotation": [0, 120, 0],
			"translation": [2.25, 0, 0],
			"scale": [0.18, 0.18, 0.18]
		},
		"ground": {
			"translation": [0, 3.5, 0],
			"scale": [0.3, 0.3, 0.3]
		},
		"gui": {
			"rotation": [6, 143, 0],
			"translation": [0, -0.75, 0],
			"scale": [0.58, 0.58, 0.58]
		},
		"head": {
			"translation": [0, -58, -3],
			"scale": [2.5, 2.5, 2.5]
		},
		"fixed": {
			"rotation": [-90, 0, 0],
			"translation": [0, 0, -42.75],
			"scale": [2.5, 2.5, 2.5]
		}
	},
	"groups": [
		{
			"name": "group",
			"origin": [4, 2.32894, 6.46927],
			"color": 0,
			"nbt": "{}",
			"armAnimationEnabled": false,
			"children": [
				{
					"name": "group",
					"origin": [15.5, 1.52894, 9.96927],
					"color": 0,
					"nbt": "{}",
					"armAnimationEnabled": false,
					"children": [0, 1, 2, 3, 4, 5, 6, 7, 8]
				}
			]
		},
		{
			"name": "group",
			"origin": [4, 2.32894, 6.46927],
			"color": 0,
			"nbt": "{}",
			"armAnimationEnabled": false,
			"children": [
				{
					"name": "group",
					"origin": [16, 14.54566, 23.48497],
					"color": 0,
					"nbt": "{}",
					"armAnimationEnabled": false,
					"children": [9, 10, 11, 12, 13, 14, 15, 16, 17, 18]
				}
			]
		},
		19,
		{
			"name": "group",
			"origin": [7.5, 10.33093, 0.30974],
			"color": 0,
			"nbt": "{}",
			"armAnimationEnabled": false,
			"children": [20, 21, 22, 23, 24, 25, 26, 27, 28, 29]
		}
	]
}