{
	"credit": "Copyright © 2021-2099 Ikaho-Onsen Minecraft Server. All rights reserved.",
	"textures": {
		"1": "minecraft:item/gray",
		"2": "item/black",
		"particle": "minecraft:item/black"
	},
	"elements": [
		{
			"from": [3.7, 0, 7],
			"to": [4, 4, 8],
			"faces": {
				"north": {"uv": [2.5, 7.5, 3, 9.5], "texture": "#2"},
				"east": {"uv": [3, 7.5, 3.5, 9.5], "texture": "#2"},
				"south": {"uv": [3.5, 7.5, 4, 9.5], "texture": "#2"},
				"west": {"uv": [7.5, 8, 8, 10], "texture": "#2"},
				"up": {"uv": [3, 10, 2.5, 9.5], "texture": "#2"},
				"down": {"uv": [10, 2.5, 9.5, 3], "texture": "#2"}
			}
		},
		{
			"from": [12, 0, 7],
			"to": [12.3, 4, 8],
			"faces": {
				"north": {"uv": [8, 8, 8.5, 10], "texture": "#2"},
				"east": {"uv": [8.5, 4, 9, 6], "texture": "#2"},
				"south": {"uv": [8.5, 8, 9, 10], "texture": "#2"},
				"west": {"uv": [9, 0, 9.5, 2], "texture": "#2"},
				"up": {"uv": [3.5, 10, 3, 9.5], "texture": "#2"},
				"down": {"uv": [10, 3, 9.5, 3.5], "texture": "#2"}
			}
		},
		{
			"from": [3.7, 4, 7],
			"to": [12.3, 4.3, 8],
			"faces": {
				"north": {"uv": [0, 0, 4.5, 0.5], "texture": "#2"},
				"east": {"uv": [3.5, 9.5, 4, 10], "texture": "#2"},
				"south": {"uv": [0, 0.5, 4.5, 1], "texture": "#2"},
				"west": {"uv": [9.5, 3.5, 10, 4], "texture": "#2"},
				"up": {"uv": [4.5, 1.5, 0, 1], "texture": "#2"},
				"down": {"uv": [4.5, 1.5, 0, 2], "texture": "#2"}
			}
		},
		{
			"from": [11, 5, 7.4],
			"to": [15, 6, 7.6],
			"rotation": {"angle": -45, "axis": "z", "origin": [13, 5.5, 7.5]},
			"faces": {
				"north": {"uv": [0, 2, 2, 2.5], "texture": "#2"},
				"east": {"uv": [8, 6, 8.5, 6.5], "texture": "#2"},
				"south": {"uv": [2, 2, 4, 2.5], "texture": "#2"},
				"west": {"uv": [8, 6.5, 8.5, 7], "texture": "#2"},
				"up": {"uv": [2, 3, 0, 2.5], "texture": "#2"},
				"down": {"uv": [4, 2.5, 2, 3], "texture": "#2"}
			}
		},
		{
			"from": [11, 5, 7.4],
			"to": [15, 6, 7.6],
			"rotation": {"angle": -22.5, "axis": "z", "origin": [13, 5.5, 7.5]},
			"faces": {
				"north": {"uv": [0, 6.5, 2, 7], "texture": "#2"},
				"east": {"uv": [6.5, 9, 7, 9.5], "texture": "#2"},
				"south": {"uv": [2, 6.5, 4, 7], "texture": "#2"},
				"west": {"uv": [9, 6.5, 9.5, 7], "texture": "#2"},
				"up": {"uv": [6, 7, 4, 6.5], "texture": "#2"},
				"down": {"uv": [8.5, 4, 6.5, 4.5], "texture": "#2"}
			}
		},
		{
			"from": [11, 5, 7.4],
			"to": [15, 6, 7.6],
			"rotation": {"angle": 0, "axis": "z", "origin": [13, 5.5, 7.5]},
			"faces": {
				"north": {"uv": [6.5, 4.5, 8.5, 5], "texture": "#2"},
				"east": {"uv": [7, 9, 7.5, 9.5], "texture": "#2"},
				"south": {"uv": [6.5, 5, 8.5, 5.5], "texture": "#2"},
				"west": {"uv": [9, 8, 9.5, 8.5], "texture": "#2"},
				"up": {"uv": [8.5, 6, 6.5, 5.5], "texture": "#2"},
				"down": {"uv": [8, 6.5, 6, 7], "texture": "#2"}
			}
		},
		{
			"from": [11, 5, 7.4],
			"to": [15, 6, 7.6],
			"rotation": {"angle": 22.5, "axis": "z", "origin": [13, 5.5, 7.5]},
			"faces": {
				"north": {"uv": [0, 7, 2, 7.5], "texture": "#2"},
				"east": {"uv": [9, 8.5, 9.5, 9], "texture": "#2"},
				"south": {"uv": [7, 0, 9, 0.5], "texture": "#2"},
				"west": {"uv": [9, 9, 9.5, 9.5], "texture": "#2"},
				"up": {"uv": [9, 1, 7, 0.5], "texture": "#2"},
				"down": {"uv": [9, 1, 7, 1.5], "texture": "#2"}
			}
		},
		{
			"from": [11, 5, 7.4],
			"to": [15, 6, 7.6],
			"rotation": {"angle": 45, "axis": "z", "origin": [13, 5.5, 7.5]},
			"faces": {
				"north": {"uv": [7, 1.5, 9, 2], "texture": "#2"},
				"east": {"uv": [0, 9.5, 0.5, 10], "texture": "#2"},
				"south": {"uv": [2, 7, 4, 7.5], "texture": "#2"},
				"west": {"uv": [9.5, 0, 10, 0.5], "texture": "#2"},
				"up": {"uv": [9, 2.5, 7, 2], "texture": "#2"},
				"down": {"uv": [9, 2.5, 7, 3], "texture": "#2"}
			}
		},
		{
			"from": [12.5, 3.5, 7.4],
			"to": [13.5, 7.5, 7.6],
			"rotation": {"angle": -22.5, "axis": "z", "origin": [13, 5.5, 7.5]},
			"faces": {
				"north": {"uv": [4, 7, 4.5, 9], "texture": "#2"},
				"east": {"uv": [4.5, 7, 5, 9], "texture": "#2"},
				"south": {"uv": [5, 7, 5.5, 9], "texture": "#2"},
				"west": {"uv": [5.5, 7, 6, 9], "texture": "#2"},
				"up": {"uv": [1, 10, 0.5, 9.5], "texture": "#2"},
				"down": {"uv": [10, 0.5, 9.5, 1], "texture": "#2"}
			}
		},
		{
			"from": [12.5, 3.5, 7.4],
			"to": [13.5, 7.5, 7.6],
			"rotation": {"angle": 0, "axis": "z", "origin": [13, 5.5, 7.5]},
			"faces": {
				"north": {"uv": [6, 7, 6.5, 9], "texture": "#2"},
				"east": {"uv": [6.5, 7, 7, 9], "texture": "#2"},
				"south": {"uv": [7, 7, 7.5, 9], "texture": "#2"},
				"west": {"uv": [0, 7.5, 0.5, 9.5], "texture": "#2"},
				"up": {"uv": [1.5, 10, 1, 9.5], "texture": "#2"},
				"down": {"uv": [10, 1, 9.5, 1.5], "texture": "#2"}
			}
		},
		{
			"from": [12.5, 3.5, 7.4],
			"to": [13.5, 7.5, 7.6],
			"rotation": {"angle": 22.5, "axis": "z", "origin": [13, 5.5, 7.5]},
			"faces": {
				"north": {"uv": [0.5, 7.5, 1, 9.5], "texture": "#2"},
				"east": {"uv": [1, 7.5, 1.5, 9.5], "texture": "#2"},
				"south": {"uv": [1.5, 7.5, 2, 9.5], "texture": "#2"},
				"west": {"uv": [2, 7.5, 2.5, 9.5], "texture": "#2"},
				"up": {"uv": [2, 10, 1.5, 9.5], "texture": "#2"},
				"down": {"uv": [10, 1.5, 9.5, 2], "texture": "#2"}
			}
		},
		{
			"from": [1, 5, 7.4],
			"to": [5, 6, 7.6],
			"rotation": {"angle": -45, "axis": "z", "origin": [3, 5.5, 7.5]},
			"faces": {
				"north": {"uv": [7, 3, 9, 3.5], "texture": "#2"},
				"east": {"uv": [2, 9.5, 2.5, 10], "texture": "#2"},
				"south": {"uv": [7, 3.5, 9, 4], "texture": "#2"},
				"west": {"uv": [9.5, 2, 10, 2.5], "texture": "#2"},
				"up": {"uv": [9.5, 7.5, 7.5, 7], "texture": "#2"},
				"down": {"uv": [9.5, 7.5, 7.5, 8], "texture": "#2"}
			}
		},
		{
			"from": [2.5, 3.5, 7.4],
			"to": [3.5, 7.5, 7.6],
			"rotation": {"angle": 22.5, "axis": "z", "origin": [3, 5.5, 7.5]},
			"faces": {
				"north": {"uv": [0, 3, 0.5, 5], "texture": "#2"},
				"east": {"uv": [0.5, 3, 1, 5], "texture": "#2"},
				"south": {"uv": [1, 3, 1.5, 5], "texture": "#2"},
				"west": {"uv": [1.5, 3, 2, 5], "texture": "#2"},
				"up": {"uv": [9, 6.5, 8.5, 6], "texture": "#2"},
				"down": {"uv": [9, 6.5, 8.5, 7], "texture": "#2"}
			}
		},
		{
			"from": [2.5, 3.5, 7.4],
			"to": [3.5, 7.5, 7.6],
			"rotation": {"angle": 0, "axis": "y", "origin": [3, 5.5, 7.5]},
			"faces": {
				"north": {"uv": [2, 3, 2.5, 5], "texture": "#2"},
				"east": {"uv": [2.5, 3, 3, 5], "texture": "#2"},
				"south": {"uv": [3, 3, 3.5, 5], "texture": "#2"},
				"west": {"uv": [3.5, 3, 4, 5], "texture": "#2"},
				"up": {"uv": [9.5, 2.5, 9, 2], "texture": "#2"},
				"down": {"uv": [9.5, 2.5, 9, 3], "texture": "#2"}
			}
		},
		{
			"from": [2.5, 3.5, 7.4],
			"to": [3.5, 7.5, 7.6],
			"rotation": {"angle": -22.5, "axis": "z", "origin": [3, 5.5, 7.5]},
			"faces": {
				"north": {"uv": [4, 2, 4.5, 4], "texture": "#2"},
				"east": {"uv": [4, 4, 4.5, 6], "texture": "#2"},
				"south": {"uv": [4.5, 0, 5, 2], "texture": "#2"},
				"west": {"uv": [4.5, 2, 5, 4], "texture": "#2"},
				"up": {"uv": [9.5, 3.5, 9, 3], "texture": "#2"},
				"down": {"uv": [9.5, 3.5, 9, 4], "texture": "#2"}
			}
		},
		{
			"from": [1, 5, 7.4],
			"to": [5, 6, 7.6],
			"rotation": {"angle": 45, "axis": "z", "origin": [3, 5.5, 7.5]},
			"faces": {
				"north": {"uv": [4.5, 4, 6.5, 4.5], "texture": "#2"},
				"east": {"uv": [4, 9, 4.5, 9.5], "texture": "#2"},
				"south": {"uv": [4.5, 4.5, 6.5, 5], "texture": "#2"},
				"west": {"uv": [9, 4, 9.5, 4.5], "texture": "#2"},
				"up": {"uv": [2, 5.5, 0, 5], "texture": "#2"},
				"down": {"uv": [7, 0, 5, 0.5], "texture": "#2"}
			}
		},
		{
			"from": [1, 5, 7.4],
			"to": [5, 6, 7.6],
			"rotation": {"angle": 22.5, "axis": "z", "origin": [3, 5.5, 7.5]},
			"faces": {
				"north": {"uv": [5, 0.5, 7, 1], "texture": "#2"},
				"east": {"uv": [4.5, 9, 5, 9.5], "texture": "#2"},
				"south": {"uv": [5, 1, 7, 1.5], "texture": "#2"},
				"west": {"uv": [9, 4.5, 9.5, 5], "texture": "#2"},
				"up": {"uv": [7, 2, 5, 1.5], "texture": "#2"},
				"down": {"uv": [4, 5, 2, 5.5], "texture": "#2"}
			}
		},
		{
			"from": [1, 5, 7.4],
			"to": [5, 6, 7.6],
			"rotation": {"angle": 0, "axis": "y", "origin": [3, 5.5, 7.5]},
			"faces": {
				"north": {"uv": [5, 2, 7, 2.5], "texture": "#2"},
				"east": {"uv": [5, 9, 5.5, 9.5], "texture": "#2"},
				"south": {"uv": [5, 2.5, 7, 3], "texture": "#2"},
				"west": {"uv": [9, 5, 9.5, 5.5], "texture": "#2"},
				"up": {"uv": [7, 3.5, 5, 3], "texture": "#2"},
				"down": {"uv": [7, 3.5, 5, 4], "texture": "#2"}
			}
		},
		{
			"from": [1, 5, 7.4],
			"to": [5, 6, 7.6],
			"rotation": {"angle": -22.5, "axis": "z", "origin": [3, 5.5, 7.5]},
			"faces": {
				"north": {"uv": [4.5, 5, 6.5, 5.5], "texture": "#2"},
				"east": {"uv": [5.5, 9, 6, 9.5], "texture": "#2"},
				"south": {"uv": [0, 5.5, 2, 6], "texture": "#2"},
				"west": {"uv": [9, 5.5, 9.5, 6], "texture": "#2"},
				"up": {"uv": [4, 6, 2, 5.5], "texture": "#2"},
				"down": {"uv": [6.5, 5.5, 4.5, 6], "texture": "#2"}
			}
		},
		{
			"from": [1, 5, 7.4],
			"to": [5, 6, 7.6],
			"rotation": {"angle": -45, "axis": "z", "origin": [3, 5.5, 7.5]},
			"faces": {
				"north": {"uv": [0, 6, 2, 6.5], "texture": "#2"},
				"east": {"uv": [6, 9, 6.5, 9.5], "texture": "#2"},
				"south": {"uv": [2, 6, 4, 6.5], "texture": "#2"},
				"west": {"uv": [9, 6, 9.5, 6.5], "texture": "#2"},
				"up": {"uv": [6, 6.5, 4, 6], "texture": "#2"},
				"down": {"uv": [8, 6, 6, 6.5], "texture": "#2"}
			}
		},
		{
			"from": [1.5, 5.1, 7.3],
			"to": [4.5, 5.9, 7.5],
			"rotation": {"angle": -45, "axis": "z", "origin": [3, 5.5, 7.5]},
			"faces": {
				"north": {"uv": [9, 6, 12, 7], "texture": "#1"},
				"east": {"uv": [14, 0, 15, 1], "texture": "#1"},
				"south": {"uv": [7, 9, 10, 10], "texture": "#1"},
				"west": {"uv": [1, 14, 2, 15], "texture": "#1"},
				"up": {"uv": [12, 8, 9, 7], "texture": "#1"},
				"down": {"uv": [12, 8, 9, 9], "texture": "#1"}
			}
		},
		{
			"from": [1.5, 5, 7.3],
			"to": [4.5, 6, 7.5],
			"rotation": {"angle": -22.5, "axis": "z", "origin": [3, 5.5, 7.5]},
			"faces": {
				"north": {"uv": [0, 10, 3, 11], "texture": "#1"},
				"east": {"uv": [14, 1, 15, 2], "texture": "#1"},
				"south": {"uv": [10, 0, 13, 1], "texture": "#1"},
				"west": {"uv": [2, 14, 3, 15], "texture": "#1"},
				"up": {"uv": [13, 2, 10, 1], "texture": "#1"},
				"down": {"uv": [13, 2, 10, 3], "texture": "#1"}
			}
		},
		{
			"from": [1.5, 5, 7.3],
			"to": [4.5, 6, 7.5],
			"rotation": {"angle": 0, "axis": "z", "origin": [3, 5.5, 7.5]},
			"faces": {
				"north": {"uv": [3, 10, 6, 11], "texture": "#1"},
				"east": {"uv": [14, 2, 15, 3], "texture": "#1"},
				"south": {"uv": [10, 3, 13, 4], "texture": "#1"},
				"west": {"uv": [14, 3, 15, 4], "texture": "#1"},
				"up": {"uv": [13, 5, 10, 4], "texture": "#1"},
				"down": {"uv": [13, 5, 10, 6], "texture": "#1"}
			}
		},
		{
			"from": [1.5, 5, 7.3],
			"to": [4.5, 6, 7.5],
			"rotation": {"angle": 22.5, "axis": "z", "origin": [3, 5.5, 7.5]},
			"faces": {
				"north": {"uv": [7, 10, 10, 11], "texture": "#1"},
				"east": {"uv": [14, 4, 15, 5], "texture": "#1"},
				"south": {"uv": [10, 9, 13, 10], "texture": "#1"},
				"west": {"uv": [14, 5, 15, 6], "texture": "#1"},
				"up": {"uv": [13, 11, 10, 10], "texture": "#1"},
				"down": {"uv": [3, 11, 0, 12], "texture": "#1"}
			}
		},
		{
			"from": [1.5, 5, 7.3],
			"to": [4.5, 6, 7.5],
			"rotation": {"angle": 45, "axis": "z", "origin": [3, 5.5, 7.5]},
			"faces": {
				"north": {"uv": [3, 11, 6, 12], "texture": "#1"},
				"east": {"uv": [14, 6, 15, 7], "texture": "#1"},
				"south": {"uv": [7, 11, 10, 12], "texture": "#1"},
				"west": {"uv": [14, 7, 15, 8], "texture": "#1"},
				"up": {"uv": [13, 12, 10, 11], "texture": "#1"},
				"down": {"uv": [3, 12, 0, 13], "texture": "#1"}
			}
		},
		{
			"from": [2.5, 4, 7.3],
			"to": [3.5, 7, 7.5],
			"rotation": {"angle": -22.5, "axis": "z", "origin": [3, 5.5, 7.5]},
			"faces": {
				"north": {"uv": [3, 12, 4, 15], "texture": "#1"},
				"east": {"uv": [4, 12, 5, 15], "texture": "#1"},
				"south": {"uv": [5, 12, 6, 15], "texture": "#1"},
				"west": {"uv": [6, 12, 7, 15], "texture": "#1"},
				"up": {"uv": [15, 9, 14, 8], "texture": "#1"},
				"down": {"uv": [15, 9, 14, 10], "texture": "#1"}
			}
		},
		{
			"from": [2.5, 4, 7.3],
			"to": [3.5, 7, 7.5],
			"rotation": {"angle": 0, "axis": "z", "origin": [3, 5.5, 7.5]},
			"faces": {
				"north": {"uv": [12, 6, 13, 9], "texture": "#1"},
				"east": {"uv": [7, 12, 8, 15], "texture": "#1"},
				"south": {"uv": [8, 12, 9, 15], "texture": "#1"},
				"west": {"uv": [9, 12, 10, 15], "texture": "#1"},
				"up": {"uv": [15, 11, 14, 10], "texture": "#1"},
				"down": {"uv": [15, 11, 14, 12], "texture": "#1"}
			}
		},
		{
			"from": [2.5, 4, 7.3],
			"to": [3.5, 7, 7.5],
			"rotation": {"angle": 22.5, "axis": "z", "origin": [3, 5.5, 7.5]},
			"faces": {
				"north": {"uv": [10, 12, 11, 15], "texture": "#1"},
				"east": {"uv": [11, 12, 12, 15], "texture": "#1"},
				"south": {"uv": [12, 12, 13, 15], "texture": "#1"},
				"west": {"uv": [0, 13, 1, 16], "texture": "#1"},
				"up": {"uv": [15, 13, 14, 12], "texture": "#1"},
				"down": {"uv": [14, 14, 13, 15], "texture": "#1"}
			}
		},
		{
			"from": [11.5, 5.1, 7.3],
			"to": [14.5, 5.9, 7.5],
			"rotation": {"angle": -45, "axis": "z", "origin": [13, 5.5, 7.5]},
			"faces": {
				"north": {"uv": [0, 0, 3, 1], "texture": "#1"},
				"east": {"uv": [13, 0, 14, 1], "texture": "#1"},
				"south": {"uv": [0, 1, 3, 2], "texture": "#1"},
				"west": {"uv": [1, 13, 2, 14], "texture": "#1"},
				"up": {"uv": [3, 3, 0, 2], "texture": "#1"},
				"down": {"uv": [3, 3, 0, 4], "texture": "#1"}
			}
		},
		{
			"from": [11.5, 5, 7.3],
			"to": [14.5, 6, 7.5],
			"rotation": {"angle": -22.5, "axis": "z", "origin": [13, 5.5, 7.5]},
			"faces": {
				"north": {"uv": [3, 0, 6, 1], "texture": "#1"},
				"east": {"uv": [13, 1, 14, 2], "texture": "#1"},
				"south": {"uv": [3, 1, 6, 2], "texture": "#1"},
				"west": {"uv": [2, 13, 3, 14], "texture": "#1"},
				"up": {"uv": [6, 3, 3, 2], "texture": "#1"},
				"down": {"uv": [6, 3, 3, 4], "texture": "#1"}
			}
		},
		{
			"from": [11.5, 5, 7.3],
			"to": [14.5, 6, 7.5],
			"rotation": {"angle": 0, "axis": "y", "origin": [13, 5.5, 7.5]},
			"faces": {
				"north": {"uv": [0, 4, 3, 5], "texture": "#1"},
				"east": {"uv": [13, 2, 14, 3], "texture": "#1"},
				"south": {"uv": [3, 4, 6, 5], "texture": "#1"},
				"west": {"uv": [13, 3, 14, 4], "texture": "#1"},
				"up": {"uv": [3, 6, 0, 5], "texture": "#1"},
				"down": {"uv": [6, 5, 3, 6], "texture": "#1"}
			}
		},
		{
			"from": [11.5, 5, 7.3],
			"to": [14.5, 6, 7.5],
			"rotation": {"angle": 22.5, "axis": "z", "origin": [13, 5.5, 7.5]},
			"faces": {
				"north": {"uv": [0, 6, 3, 7], "texture": "#1"},
				"east": {"uv": [13, 4, 14, 5], "texture": "#1"},
				"south": {"uv": [6, 0, 9, 1], "texture": "#1"},
				"west": {"uv": [13, 5, 14, 6], "texture": "#1"},
				"up": {"uv": [9, 2, 6, 1], "texture": "#1"},
				"down": {"uv": [9, 2, 6, 3], "texture": "#1"}
			}
		},
		{
			"from": [11.5, 5, 7.3],
			"to": [14.5, 6, 7.5],
			"rotation": {"angle": 45, "axis": "z", "origin": [13, 5.5, 7.5]},
			"faces": {
				"north": {"uv": [3, 6, 6, 7], "texture": "#1"},
				"east": {"uv": [13, 6, 14, 7], "texture": "#1"},
				"south": {"uv": [6, 3, 9, 4], "texture": "#1"},
				"west": {"uv": [13, 7, 14, 8], "texture": "#1"},
				"up": {"uv": [9, 5, 6, 4], "texture": "#1"},
				"down": {"uv": [9, 5, 6, 6], "texture": "#1"}
			}
		},
		{
			"from": [12.5, 4, 7.3],
			"to": [13.5, 7, 7.5],
			"rotation": {"angle": -22.5, "axis": "z", "origin": [13, 5.5, 7.5]},
			"faces": {
				"north": {"uv": [6, 6, 7, 9], "texture": "#1"},
				"east": {"uv": [0, 7, 1, 10], "texture": "#1"},
				"south": {"uv": [1, 7, 2, 10], "texture": "#1"},
				"west": {"uv": [2, 7, 3, 10], "texture": "#1"},
				"up": {"uv": [14, 9, 13, 8], "texture": "#1"},
				"down": {"uv": [14, 9, 13, 10], "texture": "#1"}
			}
		},
		{
			"from": [12.5, 4, 7.3],
			"to": [13.5, 7, 7.5],
			"rotation": {"angle": 0, "axis": "y", "origin": [13, 5.5, 7.5]},
			"faces": {
				"north": {"uv": [3, 7, 4, 10], "texture": "#1"},
				"east": {"uv": [4, 7, 5, 10], "texture": "#1"},
				"south": {"uv": [5, 7, 6, 10], "texture": "#1"},
				"west": {"uv": [7, 6, 8, 9], "texture": "#1"},
				"up": {"uv": [14, 11, 13, 10], "texture": "#1"},
				"down": {"uv": [14, 11, 13, 12], "texture": "#1"}
			}
		},
		{
			"from": [12.5, 4, 7.3],
			"to": [13.5, 7, 7.5],
			"rotation": {"angle": 22.5, "axis": "z", "origin": [13, 5.5, 7.5]},
			"faces": {
				"north": {"uv": [8, 6, 9, 9], "texture": "#1"},
				"east": {"uv": [9, 0, 10, 3], "texture": "#1"},
				"south": {"uv": [9, 3, 10, 6], "texture": "#1"},
				"west": {"uv": [6, 9, 7, 12], "texture": "#1"},
				"up": {"uv": [14, 13, 13, 12], "texture": "#1"},
				"down": {"uv": [14, 13, 13, 14], "texture": "#1"}
			}
		}
	],
	"display": {
		"thirdperson_righthand": {
			"rotation": [0, 90, 0],
			"translation": [0.5, 5.5, -4.25]
		},
		"thirdperson_lefthand": {
			"rotation": [0, 90, 0],
			"translation": [0.5, 5.5, -4.25]
		},
		"ground": {
			"translation": [0, 6.5, 0]
		},
		"head": {
			"translation": [0, 13, 0],
			"scale": [1.62, 1.62, 1.62]
		}
	},
	"groups": [
		0,
		1,
		2,
		{
			"name": "group",
			"origin": [13, 5.5, 7.5],
			"color": 0,
			"nbt": "{}",
			"armAnimationEnabled": false,
			"children": [3, 4, 5, 6, 7, 8, 9, 10]
		},
		{
			"name": "group",
			"origin": [3, 5.5, 7.5],
			"color": 0,
			"nbt": "{}",
			"armAnimationEnabled": false,
			"children": [11, 12, 13, 14, 15, 16, 17, 18, 19]
		},
		{
			"name": "group",
			"origin": [3, 5.5, 7.5],
			"color": 0,
			"nbt": "{}",
			"armAnimationEnabled": false,
			"children": [20, 21, 22, 23, 24, 25, 26, 27]
		},
		{
			"name": "group",
			"origin": [3, 5.5, 7.5],
			"color": 0,
			"nbt": "{}",
			"armAnimationEnabled": false,
			"children": [28, 29, 30, 31, 32, 33, 34, 35]
		}
	]
}