{
	"credit": "Made with Blockbench",
	"texture_size": [32, 32],
	"textures": {
		"0": "item/baseball_hat",
		"particle": "item/baseball_hat"
	},
	"elements": [
		{
			"from": [3, 8, 3],
			"to": [13, 13, 13],
			"rotation": {"angle": 0, "axis": "y", "origin": [8, 9.75, 10.99258]},
			"faces": {
				"north": {"uv": [0, 5, 5, 7.5], "texture": "#0", "tintindex": 0},
				"east": {"uv": [10, 0, 5, 2.5], "texture": "#0", "tintindex": 0},
				"south": {"uv": [0, 7.5, 5, 10], "texture": "#0", "tintindex": 0},
				"west": {"uv": [5, 0, 10, 2.5], "texture": "#0", "tintindex": 0},
				"up": {"uv": [5, 5, 0, 0], "texture": "#0", "tintindex": 0}
			}
		},
		{
			"from": [2.8, 7, 2.8],
			"to": [13.2, 9, 13.2],
			"rotation": {"angle": 0, "axis": "y", "origin": [8, 9.75, 10.99258]},
			"faces": {
				"north": {"uv": [10, 1, 15, 2], "texture": "#0", "tintindex": 0},
				"east": {"uv": [15, 0, 10, 1], "texture": "#0", "tintindex": 0},
				"south": {"uv": [10, 2, 15, 3], "texture": "#0", "tintindex": 0},
				"west": {"uv": [10, 0, 15, 1], "texture": "#0", "tintindex": 0}
			}
		},
		{
			"from": [3.93418, 7, 9.52766],
			"to": [7.33418, 9, 9.52766],
			"rotation": {"angle": -45, "axis": "y", "origin": [2.13418, 9.75, 17.72024]},
			"faces": {
				"north": {"uv": [11.5, 3, 10, 4], "texture": "#0", "tintindex": 0},
				"south": {"uv": [10, 3, 11.5, 4], "texture": "#0", "tintindex": 0}
			}
		},
		{
			"from": [7, 13.2, 7],
			"to": [9, 13.2, 9],
			"rotation": {"angle": 0, "axis": "y", "origin": [8, 13.2, 8]},
			"faces": {
				"up": {"uv": [7, 7.5, 6, 6.5], "rotation": 270, "texture": "#0", "tintindex": 0}
			}
		},
		{
			"from": [2.99212, 9.2, -1.025],
			"to": [4.99212, 10.2, 2.975],
			"rotation": {"angle": 22.5, "axis": "z", "origin": [7.99212, 9.201, -1.025]},
			"faces": {
				"north": {"uv": [7, 6.5, 8, 7], "texture": "#0", "tintindex": 0},
				"south": {"uv": [5, 7.5, 6, 8], "texture": "#0", "tintindex": 0},
				"west": {"uv": [6, 6, 8, 6.5], "texture": "#0", "tintindex": 0},
				"up": {"uv": [6, 7.5, 5, 5.5], "texture": "#0", "tintindex": 0},
				"down": {"uv": [5, 7.5, 6, 5.5], "rotation": 180, "texture": "#0", "tintindex": 0}
			}
		},
		{
			"from": [10.98424, 9.2, -1.025],
			"to": [12.98424, 10.2, 2.975],
			"rotation": {"angle": -22.5, "axis": "z", "origin": [7.98424, 9.201, -1.025]},
			"faces": {
				"north": {"uv": [8, 6.5, 7, 7], "texture": "#0", "tintindex": 0},
				"east": {"uv": [8, 6, 6, 6.5], "texture": "#0", "tintindex": 0},
				"south": {"uv": [5, 7.5, 6, 8], "texture": "#0", "tintindex": 0},
				"up": {"uv": [5, 7.5, 6, 5.5], "texture": "#0", "tintindex": 0},
				"down": {"uv": [5, 7.5, 6, 5.5], "rotation": 180, "texture": "#0", "tintindex": 0}
			}
		},
		{
			"from": [4.83818, 7.97591, -1],
			"to": [11.13818, 8.97591, 2.975],
			"rotation": {"angle": 0, "axis": "z", "origin": [14.03818, 7.97691, -1.025]},
			"faces": {
				"north": {"uv": [6, 5.5, 9, 6], "texture": "#0", "tintindex": 0},
				"south": {"uv": [5, 7.5, 8, 8], "texture": "#0", "tintindex": 0},
				"up": {"uv": [8, 4.5, 5, 2.5], "texture": "#0", "tintindex": 0},
				"down": {"uv": [5, 4.5, 8, 2.5], "rotation": 180, "texture": "#0", "tintindex": 0}
			}
		},
		{
			"name": "cube inverted",
			"from": [13, 13, 13],
			"to": [3, 8, 3],
			"rotation": {"angle": 0, "axis": "y", "origin": [8, 9.75, 10.99258]},
			"faces": {
				"north": {"uv": [0, 10, 5, 7.5], "texture": "#0", "tintindex": 0},
				"east": {"uv": [5, 2.5, 10, 0], "texture": "#0", "tintindex": 0},
				"south": {"uv": [0, 7.5, 5, 5], "texture": "#0", "tintindex": 0},
				"west": {"uv": [10, 2.5, 5, 0], "texture": "#0", "tintindex": 0},
				"down": {"uv": [0, 5, 5, 0], "texture": "#0", "tintindex": 0}
			}
		},
		{
			"name": "cube inverted",
			"from": [13.2, 9, 13.2],
			"to": [2.8, 7, 2.8],
			"rotation": {"angle": 0, "axis": "y", "origin": [8, 9.75, 10.99258]},
			"faces": {
				"north": {"uv": [10, 3, 15, 2], "texture": "#0", "tintindex": 0},
				"east": {"uv": [10, 1, 15, 0], "texture": "#0", "tintindex": 0},
				"south": {"uv": [10, 2, 15, 1], "texture": "#0", "tintindex": 0},
				"west": {"uv": [15, 1, 10, 0], "texture": "#0", "tintindex": 0}
			}
		}
	],
	"gui_light": "front",
	"display": {
		"thirdperson_righthand": {
			"rotation": [75, 45, 0],
			"translation": [0, 2.5, 0],
			"scale": [0.375, 0.375, 0.375]
		},
		"thirdperson_lefthand": {
			"rotation": [75, 45, 0],
			"translation": [0, 2.5, 0],
			"scale": [0.375, 0.375, 0.375]
		},
		"firstperson_righthand": {
			"rotation": [0, 45, 0],
			"translation": [2.5, 0, 0],
			"scale": [0.4, 0.4, 0.4]
		},
		"firstperson_lefthand": {
			"rotation": [0, 45, 0],
			"translation": [2.5, 0, 0],
			"scale": [0.4, 0.4, 0.4]
		},
		"ground": {
			"translation": [0, 2, 0],
			"scale": [0.5, 0.5, 0.5]
		},
		"gui": {
			"rotation": [33, 135, 0],
			"translation": [0.5, -1.5, 0],
			"scale": [0.79, 0.79, 0.79]
		},
		"head": {
			"scale": [1.5, 1.5, 1.5]
		},
		"fixed": {
			"rotation": [-90, 0, 0],
			"translation": [0, 0, -1],
			"scale": [2, 2, 2]
		}
	}
}