{
	"credit": "Copyright © 2021-2099 Ikaho-Onsen Minecraft Server. All rights reserved.",
	"texture_size": [128, 128],
	"textures": {
		"0": "minecraft:item/cit/boat_texture_1"
	},
	"elements": [
		{
			"from": [-3, -12, -16],
			"to": [19, -4, 18],
			"rotation": {"angle": 0, "axis": "y", "origin": [21, -7, 7]},
			"faces": {
				"south": {"uv": [5.5, 2.5, 8.25, 3.5], "texture": "#0"},
				"up": {"uv": [0, 0, 2.75, 4.25], "texture": "#0"},
				"down": {"uv": [2.75, 4.25, 5.5, 0], "texture": "#0"}
			}
		},
		{
			"from": [19, -12, -3],
			"to": [21, -1, 18],
			"rotation": {"angle": 0, "axis": "y", "origin": [21, -7, 7]},
			"faces": {
				"north": {"uv": [9, 4.125, 9.25, 5.5], "texture": "#0"},
				"east": {"uv": [2.25, 5.25, 4.875, 6.625], "texture": "#0"},
				"south": {"uv": [9, 0, 9.25, 1.375], "texture": "#0"},
				"west": {"uv": [4.875, 5.25, 2.25, 6.625], "texture": "#0"},
				"up": {"uv": [5.5, 7.875, 5.75, 10.5], "texture": "#0"},
				"down": {"uv": [0.5, 11.125, 0.75, 8.5], "texture": "#0"}
			}
		},
		{
			"from": [20, -1, -3],
			"to": [20, 2, 18],
			"rotation": {"angle": 0, "axis": "y", "origin": [21, -7, 7]},
			"faces": {
				"east": {"uv": [8.25, 2.5, 10.875, 2.875], "texture": "#0"},
				"west": {"uv": [10.875, 2.5, 8.25, 2.875], "texture": "#0"}
			}
		},
		{
			"from": [19, 2, -3],
			"to": [21, 3, 18],
			"rotation": {"angle": 0, "axis": "y", "origin": [21, -7, 7]},
			"faces": {
				"north": {"uv": [7.875, 7.375, 8.125, 7.5], "texture": "#0"},
				"east": {"uv": [8.75, 6.375, 11.375, 6.5], "texture": "#0"},
				"south": {"uv": [7.5, 6.5, 7.75, 6.625], "texture": "#0"},
				"west": {"uv": [8.75, 6.25, 11.375, 6.375], "texture": "#0"},
				"up": {"uv": [0.75, 8.5, 1, 11.125], "texture": "#0"},
				"down": {"uv": [1, 11.125, 1.25, 8.5], "texture": "#0"}
			}
		},
		{
			"from": [19, -12, -16],
			"to": [21, -4, -3],
			"rotation": {"angle": 0, "axis": "y", "origin": [21, -7, 7]},
			"faces": {
				"east": {"uv": [6.25, 6.625, 7.875, 7.625], "texture": "#0"},
				"up": {"uv": [8.75, 4.125, 9, 5.75], "texture": "#0"},
				"down": {"uv": [8.25, 10.5, 8.5, 8.875], "texture": "#0"}
			}
		},
		{
			"from": [-5, -12, -16],
			"to": [-3, -4, -3],
			"rotation": {"angle": 0, "axis": "y", "origin": [-5, -7, 7]},
			"faces": {
				"west": {"uv": [7.875, 6.625, 6.25, 7.625], "texture": "#0"},
				"up": {"uv": [9, 4.125, 8.75, 5.75], "texture": "#0"},
				"down": {"uv": [8.5, 10.5, 8.25, 8.875], "texture": "#0"}
			}
		},
		{
			"from": [-5, -12, -3],
			"to": [-3, -1, 18],
			"rotation": {"angle": 0, "axis": "y", "origin": [-5, -7, 7]},
			"faces": {
				"north": {"uv": [9.25, 4.125, 9, 5.5], "texture": "#0"},
				"east": {"uv": [2.25, 5.25, 4.875, 6.625], "texture": "#0"},
				"south": {"uv": [9.25, 0, 9, 1.375], "texture": "#0"},
				"west": {"uv": [4.875, 5.25, 2.25, 6.625], "texture": "#0"},
				"up": {"uv": [5.75, 7.875, 5.5, 10.5], "texture": "#0"},
				"down": {"uv": [0.75, 11.125, 0.5, 8.5], "texture": "#0"}
			}
		},
		{
			"from": [-4, -1, -3],
			"to": [-4, 2, 18],
			"rotation": {"angle": 0, "axis": "y", "origin": [-5, -7, 7]},
			"faces": {
				"east": {"uv": [10.875, 2.5, 8.25, 2.875], "texture": "#0"},
				"west": {"uv": [10.875, 2.5, 8.25, 2.875], "texture": "#0"}
			}
		},
		{
			"from": [-5, 2, -3],
			"to": [-3, 3, 18],
			"rotation": {"angle": 0, "axis": "y", "origin": [-5, -7, 7]},
			"faces": {
				"north": {"uv": [8.125, 7.375, 7.875, 7.5], "texture": "#0"},
				"east": {"uv": [11.375, 6.25, 8.75, 6.375], "texture": "#0"},
				"south": {"uv": [7.75, 6.5, 7.5, 6.625], "texture": "#0"},
				"west": {"uv": [11.375, 6.375, 8.75, 6.5], "texture": "#0"},
				"up": {"uv": [1, 8.5, 0.75, 11.125], "texture": "#0"},
				"down": {"uv": [1.25, 11.125, 1, 8.5], "texture": "#0"}
			}
		},
		{
			"from": [-1, -14, -16],
			"to": [17, -12, 18],
			"rotation": {"angle": 0, "axis": "y", "origin": [21, -7, 7]},
			"faces": {
				"east": {"uv": [7.75, 2.25, 12, 2.5], "texture": "#0"},
				"south": {"uv": [8.25, 8.625, 10.5, 8.875], "texture": "#0"},
				"west": {"uv": [7.75, 2, 12, 2.25], "texture": "#0"},
				"down": {"uv": [0, 8.5, 2.25, 4.25], "texture": "#0"}
			}
		},
		{
			"from": [-0.9, -11.39103, 16.77793],
			"to": [16.9, -3.39103, 26.77793],
			"rotation": {"angle": -22.5, "axis": "x", "origin": [2, -8.62363, 18.91971]},
			"faces": {
				"east": {"uv": [7.5, 5.5, 8.75, 6.5], "texture": "#0"},
				"south": {"uv": [6.5, 3.5, 8.75, 4.5], "texture": "#0"},
				"west": {"uv": [7.5, 4.5, 8.75, 5.5], "texture": "#0"},
				"up": {"uv": [5.5, 0, 7.75, 1.25], "texture": "#0"},
				"down": {"uv": [5.5, 2.5, 7.75, 1.25], "texture": "#0"}
			}
		},
		{
			"from": [17, -7.39103, 16.77793],
			"to": [19.1, 0.60897, 26.77793],
			"rotation": {"angle": -22.5, "axis": "x", "origin": [2, -8.62363, 18.91971]},
			"faces": {
				"north": {"uv": [9.25, 7.375, 9.5, 8.375], "texture": "#0"},
				"east": {"uv": [7.75, 0, 9, 1], "texture": "#0"},
				"south": {"uv": [9.25, 4.5, 9.5, 5.5], "texture": "#0"},
				"west": {"uv": [7.75, 0, 9, 1], "texture": "#0"},
				"up": {"uv": [9, 7.375, 9.25, 8.625], "texture": "#0"},
				"down": {"uv": [9, 10.125, 9.25, 8.875], "texture": "#0"}
			}
		},
		{
			"from": [18, 0.60897, 16.77793],
			"to": [18, 3.60897, 26.77793],
			"rotation": {"angle": -22.5, "axis": "x", "origin": [2, -8.62363, 18.91971]},
			"faces": {
				"east": {"uv": [8.75, 3.75, 10, 4.125], "texture": "#0"},
				"west": {"uv": [8.75, 3.75, 10, 4.125], "texture": "#0"}
			}
		},
		{
			"from": [-2, 0.60897, 16.77793],
			"to": [-2, 3.60897, 26.77793],
			"rotation": {"angle": -22.5, "axis": "x", "origin": [14, -8.62363, 18.91971]},
			"faces": {
				"east": {"uv": [10, 3.75, 8.75, 4.125], "texture": "#0"},
				"west": {"uv": [10, 3.75, 8.75, 4.125], "texture": "#0"}
			}
		},
		{
			"from": [17, 3.60897, 16.77793],
			"to": [19, 4.60897, 26.77793],
			"rotation": {"angle": -22.5, "axis": "x", "origin": [2, -8.62363, 18.91971]},
			"faces": {
				"north": {"uv": [8.25, 3.375, 8.5, 3.5], "texture": "#0"},
				"east": {"uv": [9.5, 4.5, 10.75, 4.625], "texture": "#0"},
				"south": {"uv": [7.875, 7.5, 8.125, 7.625], "texture": "#0"},
				"west": {"uv": [2.5, 9.5, 3.75, 9.625], "texture": "#0"},
				"up": {"uv": [4.75, 9.125, 5, 10.375], "texture": "#0"},
				"down": {"uv": [5, 10.375, 5.25, 9.125], "texture": "#0"}
			}
		},
		{
			"from": [-3, 3.60897, 16.77793],
			"to": [-1, 4.60897, 26.77793],
			"rotation": {"angle": -22.5, "axis": "x", "origin": [14, -8.62363, 18.91971]},
			"faces": {
				"north": {"uv": [8.5, 3.375, 8.25, 3.5], "texture": "#0"},
				"east": {"uv": [3.75, 9.5, 2.5, 9.625], "texture": "#0"},
				"south": {"uv": [8.125, 7.5, 7.875, 7.625], "texture": "#0"},
				"west": {"uv": [10.75, 4.5, 9.5, 4.625], "texture": "#0"},
				"up": {"uv": [5, 9.125, 4.75, 10.375], "texture": "#0"},
				"down": {"uv": [5.25, 10.375, 5, 9.125], "texture": "#0"}
			}
		},
		{
			"from": [-3.1, -7.39103, 16.77793],
			"to": [-1, 0.60897, 26.77793],
			"rotation": {"angle": -22.5, "axis": "x", "origin": [14, -8.62363, 18.91971]},
			"faces": {
				"north": {"uv": [9.5, 7.375, 9.25, 8.375], "texture": "#0"},
				"east": {"uv": [9, 0, 7.75, 1], "texture": "#0"},
				"south": {"uv": [9.5, 4.5, 9.25, 5.5], "texture": "#0"},
				"west": {"uv": [9, 0, 7.75, 1], "texture": "#0"},
				"up": {"uv": [9.25, 7.375, 9, 8.625], "texture": "#0"},
				"down": {"uv": [9.25, 10.125, 9, 8.875], "texture": "#0"}
			}
		},
		{
			"from": [1.1, -8.17317, 22.9388],
			"to": [14.9, 1.82683, 26.9388],
			"rotation": {"angle": 0, "axis": "y", "origin": [1, -7.17317, 7.2388]},
			"faces": {
				"north": {"uv": [4, 6.625, 5.75, 7.875], "texture": "#0"},
				"east": {"uv": [1.75, 8.5, 2.25, 9.75], "texture": "#0"},
				"south": {"uv": [2.25, 6.625, 4, 7.875], "texture": "#0"},
				"west": {"uv": [1.25, 8.5, 1.75, 9.75], "texture": "#0"},
				"up": {"uv": [8.25, 2.875, 10, 3.375], "texture": "#0"}
			}
		},
		{
			"from": [15, -5, 21],
			"to": [17.1, 5, 27],
			"rotation": {"angle": 0, "axis": "y", "origin": [1, -7, 7]},
			"faces": {
				"north": {"uv": [9.25, 0, 9.5, 1.25], "texture": "#0"},
				"east": {"uv": [9, 7.375, 8.25, 8.625], "texture": "#0"},
				"south": {"uv": [5.25, 9.125, 5.5, 10.375], "texture": "#0"},
				"west": {"uv": [8.25, 7.375, 9, 8.625], "texture": "#0"},
				"up": {"uv": [6.25, 3.5, 6.5, 4.25], "texture": "#0"},
				"down": {"uv": [7.25, 5.25, 7.5, 4.5], "texture": "#0"}
			}
		},
		{
			"from": [8, -5, 27],
			"to": [15, 5, 29],
			"rotation": {"angle": 0, "axis": "y", "origin": [1, -7, 7]},
			"faces": {
				"north": {"uv": [3.375, 9.75, 2.5, 11], "texture": "#0"},
				"east": {"uv": [8.5, 10.5, 8.75, 11.75], "texture": "#0"},
				"south": {"uv": [2.5, 9.75, 3.375, 11], "texture": "#0"},
				"up": {"uv": [3.75, 9.75, 4.625, 10], "texture": "#0"},
				"down": {"uv": [9.5, 4.875, 10.125, 4.625], "texture": "#0"}
			}
		},
		{
			"from": [1, -5, 27],
			"to": [8, 5, 29],
			"rotation": {"angle": 0, "axis": "y", "origin": [15, -7, 7]},
			"faces": {
				"north": {"uv": [2.5, 9.75, 3.375, 11], "texture": "#0"},
				"south": {"uv": [3.375, 9.75, 2.5, 11], "texture": "#0"},
				"west": {"uv": [8.75, 10.5, 8.5, 11.75], "texture": "#0"},
				"up": {"uv": [4.625, 9.75, 3.75, 10], "texture": "#0"},
				"down": {"uv": [10.125, 4.875, 9.5, 4.625], "texture": "#0"}
			}
		},
		{
			"from": [16, 5, 21],
			"to": [16, 8, 27],
			"rotation": {"angle": 0, "axis": "y", "origin": [1, -7, 7]},
			"faces": {
				"east": {"uv": [9.25, 4.125, 10, 4.5], "texture": "#0"},
				"west": {"uv": [10, 4.125, 9.25, 4.5], "texture": "#0"}
			}
		},
		{
			"from": [9, 5, 28],
			"to": [14, 8, 28],
			"rotation": {"angle": 0, "axis": "y", "origin": [1, -7, 7]},
			"faces": {
				"north": {"uv": [9.5, 0, 10.125, 0.375], "texture": "#0"},
				"south": {"uv": [9.5, 0, 10.125, 0.375], "texture": "#0"}
			}
		},
		{
			"from": [0, 5, 21],
			"to": [0, 8, 27],
			"rotation": {"angle": 0, "axis": "y", "origin": [15, -7, 7]},
			"faces": {
				"east": {"uv": [9.25, 4.125, 10, 4.5], "texture": "#0"},
				"west": {"uv": [10, 4.125, 9.25, 4.5], "texture": "#0"}
			}
		},
		{
			"from": [2, 5, 28],
			"to": [7, 8, 28],
			"rotation": {"angle": 0, "axis": "y", "origin": [15, -7, 7]},
			"faces": {
				"north": {"uv": [10.125, 0, 9.5, 0.375], "texture": "#0"},
				"south": {"uv": [10.125, 0, 9.5, 0.375], "texture": "#0"}
			}
		},
		{
			"from": [15, 8, 21],
			"to": [17, 9, 27],
			"rotation": {"angle": 0, "axis": "y", "origin": [1, -7, 7]},
			"faces": {
				"north": {"uv": [4.375, 9.5, 4.625, 9.625], "texture": "#0"},
				"east": {"uv": [2.5, 9.625, 3.25, 9.75], "texture": "#0"},
				"south": {"uv": [9.25, 1.25, 9.5, 1.375], "texture": "#0"},
				"west": {"uv": [9.5, 5.375, 10.25, 5.5], "texture": "#0"},
				"up": {"uv": [9.5, 0.375, 9.75, 1.125], "texture": "#0"},
				"down": {"uv": [2.25, 10.25, 2.5, 9.5], "texture": "#0"}
			}
		},
		{
			"from": [8.5, 8, 27],
			"to": [14.5, 9, 29],
			"rotation": {"angle": 0, "axis": "y", "origin": [16, 8.5, 24]},
			"faces": {
				"north": {"uv": [2.5, 9.625, 3.25, 9.75], "texture": "#0"},
				"east": {"uv": [9.25, 1.25, 9.5, 1.375], "texture": "#0"},
				"south": {"uv": [9.5, 5.375, 10.25, 5.5], "texture": "#0"},
				"west": {"uv": [4.375, 9.5, 4.625, 9.625], "texture": "#0"},
				"up": {"uv": [9.5, 0.375, 9.75, 1.125], "rotation": 270, "texture": "#0"},
				"down": {"uv": [2.25, 10.25, 2.5, 9.5], "rotation": 90, "texture": "#0"}
			}
		},
		{
			"from": [1.5, 8, 27],
			"to": [7.5, 9, 29],
			"rotation": {"angle": 0, "axis": "y", "origin": [16, 8.5, 24]},
			"faces": {
				"north": {"uv": [2.5, 9.625, 3.25, 9.75], "texture": "#0"},
				"east": {"uv": [9.25, 1.25, 9.5, 1.375], "texture": "#0"},
				"south": {"uv": [9.5, 5.375, 10.25, 5.5], "texture": "#0"},
				"west": {"uv": [4.375, 9.5, 4.625, 9.625], "texture": "#0"},
				"up": {"uv": [9.5, 0.375, 9.75, 1.125], "rotation": 270, "texture": "#0"},
				"down": {"uv": [2.25, 10.25, 2.5, 9.5], "rotation": 90, "texture": "#0"}
			}
		},
		{
			"from": [-1.1, -5, 21],
			"to": [1, 5, 27],
			"rotation": {"angle": 0, "axis": "y", "origin": [15, -7, 7]},
			"faces": {
				"north": {"uv": [9.5, 0, 9.25, 1.25], "texture": "#0"},
				"east": {"uv": [9, 7.375, 8.25, 8.625], "texture": "#0"},
				"south": {"uv": [5.5, 9.125, 5.25, 10.375], "texture": "#0"},
				"west": {"uv": [8.25, 7.375, 9, 8.625], "texture": "#0"},
				"up": {"uv": [6.5, 3.5, 6.25, 4.25], "texture": "#0"},
				"down": {"uv": [7.5, 5.25, 7.25, 4.5], "texture": "#0"}
			}
		},
		{
			"from": [-1, 8, 21],
			"to": [1, 9, 27],
			"rotation": {"angle": 0, "axis": "y", "origin": [15, -7, 7]},
			"faces": {
				"north": {"uv": [4.625, 9.5, 4.375, 9.625], "texture": "#0"},
				"east": {"uv": [10.25, 5.375, 9.5, 5.5], "texture": "#0"},
				"south": {"uv": [9.5, 1.25, 9.25, 1.375], "texture": "#0"},
				"west": {"uv": [3.25, 9.625, 2.5, 9.75], "texture": "#0"},
				"up": {"uv": [9.75, 0.375, 9.5, 1.125], "texture": "#0"},
				"down": {"uv": [2.5, 10.25, 2.25, 9.5], "texture": "#0"}
			}
		},
		{
			"from": [6, -10, 26],
			"to": [10, 1, 30],
			"rotation": {"angle": 0, "axis": "y", "origin": [-4.65056, -16.5706, 8]},
			"faces": {
				"north": {"uv": [1, 11.125, 1.5, 14.125], "texture": "#0"},
				"east": {"uv": [1.5, 11.125, 2, 14.125], "texture": "#0"},
				"south": {"uv": [0, 11.125, 0.5, 14.125], "texture": "#0"},
				"west": {"uv": [0.5, 11.125, 1, 14.125], "texture": "#0"},
				"down": {"uv": [9.25, 9.375, 9.75, 8.875], "texture": "#0"}
			}
		},
		{
			"from": [6.1, -11.97136, 17.19865],
			"to": [9.9, -9.97136, 28.19865],
			"rotation": {"angle": -22.5, "axis": "x", "origin": [-26.1, -10.97136, 22.69865]},
			"faces": {
				"east": {"uv": [8.75, 6, 10.125, 6.25], "texture": "#0"},
				"west": {"uv": [8.75, 5.75, 10.125, 6], "texture": "#0"},
				"down": {"uv": [0, 9.875, 0.5, 8.5], "texture": "#0"}
			}
		},
		{
			"from": [6, -16, -16],
			"to": [10, -14, 18],
			"rotation": {"angle": 0, "axis": "y", "origin": [21, -9, 7]},
			"faces": {
				"east": {"uv": [7.875, 6.75, 12.125, 7], "texture": "#0"},
				"south": {"uv": [9.5, 7.875, 10, 8.125], "texture": "#0"},
				"west": {"uv": [7.875, 6.5, 12.125, 6.75], "texture": "#0"},
				"down": {"uv": [5.75, 10.625, 6.25, 6.375], "texture": "#0"}
			}
		},
		{
			"from": [-1, -4, -9],
			"to": [17, -2, -3],
			"rotation": {"angle": 0, "axis": "y", "origin": [8, -1.75, -13]},
			"faces": {
				"north": {"uv": [0, 15.625, 2.25, 15.875], "texture": "#0"},
				"east": {"uv": [2.25, 14.875, 3, 15.125], "texture": "#0"},
				"south": {"uv": [0, 15.625, 2.25, 15.875], "texture": "#0"},
				"west": {"uv": [3, 14.875, 2.25, 15.125], "texture": "#0"},
				"up": {"uv": [0, 14.875, 2.25, 15.625], "rotation": 180, "texture": "#0"},
				"down": {"uv": [0, 0, 0, 0], "rotation": 180, "texture": "#0"}
			}
		},
		{
			"from": [-1, -2, -5],
			"to": [17, 1, -3],
			"rotation": {"angle": 0, "axis": "y", "origin": [8, -1.75, -13]},
			"faces": {
				"north": {"uv": [0, 14.25, 2.25, 14.625], "texture": "#0"},
				"east": {"uv": [2.5, 14.25, 2.25, 14.625], "texture": "#0"},
				"south": {"uv": [0, 14.25, 2.25, 14.625], "texture": "#0"},
				"west": {"uv": [2.25, 14.25, 2.5, 14.625], "texture": "#0"},
				"up": {"uv": [0, 14.625, 2.25, 14.875], "rotation": 180, "texture": "#0"},
				"down": {"uv": [0, 0, 0, 0], "rotation": 180, "texture": "#0"}
			}
		},
		{
			"from": [-1, -4, -1],
			"to": [17, -2, 5],
			"rotation": {"angle": 0, "axis": "y", "origin": [8, -1.75, -13]},
			"faces": {
				"north": {"uv": [0, 15.625, 2.25, 15.875], "texture": "#0"},
				"east": {"uv": [2.25, 14.875, 3, 15.125], "texture": "#0"},
				"south": {"uv": [0, 15.625, 2.25, 15.875], "texture": "#0"},
				"west": {"uv": [3, 14.875, 2.25, 15.125], "texture": "#0"},
				"up": {"uv": [0, 14.875, 2.25, 15.625], "rotation": 180, "texture": "#0"},
				"down": {"uv": [0, 0, 0, 0], "rotation": 180, "texture": "#0"}
			}
		},
		{
			"from": [-1, -2, 3],
			"to": [17, 1, 5],
			"rotation": {"angle": 0, "axis": "y", "origin": [8, -1.75, -13]},
			"faces": {
				"north": {"uv": [0, 14.25, 2.25, 14.625], "texture": "#0"},
				"east": {"uv": [2.5, 14.25, 2.25, 14.625], "texture": "#0"},
				"south": {"uv": [0, 14.25, 2.25, 14.625], "texture": "#0"},
				"west": {"uv": [2.25, 14.25, 2.5, 14.625], "texture": "#0"},
				"up": {"uv": [0, 14.625, 2.25, 14.875], "rotation": 180, "texture": "#0"},
				"down": {"uv": [0, 0, 0, 0], "rotation": 180, "texture": "#0"}
			}
		},
		{
			"from": [-1, -4, 7],
			"to": [17, -2, 13],
			"rotation": {"angle": 0, "axis": "y", "origin": [8, -1.75, -13]},
			"faces": {
				"north": {"uv": [0, 15.625, 2.25, 15.875], "texture": "#0"},
				"east": {"uv": [2.25, 14.875, 3, 15.125], "texture": "#0"},
				"south": {"uv": [0, 15.625, 2.25, 15.875], "texture": "#0"},
				"west": {"uv": [3, 14.875, 2.25, 15.125], "texture": "#0"},
				"up": {"uv": [0, 14.875, 2.25, 15.625], "rotation": 180, "texture": "#0"},
				"down": {"uv": [0, 0, 0, 0], "rotation": 180, "texture": "#0"}
			}
		},
		{
			"from": [-1, -2, 11],
			"to": [17, 1, 13],
			"rotation": {"angle": 0, "axis": "y", "origin": [8, -1.75, -13]},
			"faces": {
				"north": {"uv": [0, 14.25, 2.25, 14.625], "texture": "#0"},
				"east": {"uv": [2.5, 14.25, 2.25, 14.625], "texture": "#0"},
				"south": {"uv": [0, 14.25, 2.25, 14.625], "texture": "#0"},
				"west": {"uv": [2.25, 14.25, 2.5, 14.625], "texture": "#0"},
				"up": {"uv": [0, 14.625, 2.25, 14.875], "rotation": 180, "texture": "#0"},
				"down": {"uv": [0, 0, 0, 0], "rotation": 180, "texture": "#0"}
			}
		}
	],
	"display": {
		"head": {
			"scale": [4, 4, 4]
		},
		"fixed": {
			"rotation": [-90, 0, 0],
			"translation": [0, 0, -24]
		}
	},
	"groups": [
		{
			"name": "boat_head",
			"origin": [8, 8, 8],
			"color": 0,
			"nbt": "{}",
			"armAnimationEnabled": false,
			"children": [
				{
					"name": "group",
					"origin": [-5, -11, 9],
					"color": 0,
					"nbt": "{}",
					"armAnimationEnabled": false,
					"children": [0, 1, 2, 3, 4, 5, 6, 7, 8, 9]
				},
				{
					"name": "group",
					"origin": [-5, -11, 9],
					"color": 0,
					"nbt": "{}",
					"armAnimationEnabled": false,
					"children": [10, 11, 12, 13, 14, 15, 16]
				},
				{
					"name": "group",
					"origin": [-5, -11, 9],
					"color": 0,
					"nbt": "{}",
					"armAnimationEnabled": false,
					"children": [17, 18, 19, 20, 21, 22, 23, 24, 25, 26, 27, 28, 29]
				},
				{
					"name": "group",
					"origin": [-5, -10, 9],
					"color": 0,
					"nbt": "{}",
					"armAnimationEnabled": false,
					"children": [30, 31, 32]
				},
				{
					"name": "seat",
					"origin": [8, 8, 8],
					"color": 0,
					"nbt": "{}",
					"armAnimationEnabled": false,
					"children": [
						{
							"name": "seat",
							"origin": [8, 8, 8],
							"color": 0,
							"nbt": "{}",
							"armAnimationEnabled": false,
							"children": [33, 34]
						},
						{
							"name": "seat",
							"origin": [8, 8, 8],
							"color": 0,
							"nbt": "{}",
							"armAnimationEnabled": false,
							"children": [35, 36]
						},
						{
							"name": "seat",
							"origin": [8, 8, 8],
							"color": 0,
							"nbt": "{}",
							"armAnimationEnabled": false,
							"children": [37, 38]
						}
					]
				}
			]
		}
	]
}