{
	"credit": "Made with Blockbench",
	"texture_size": [64, 64],
	"textures": {
		"0": "item/rabbit_head_01",
		"particle": "item/rabbit_head_01"
	},
	"elements": [
		{
			"from": [2, 2, 2],
			"to": [14, 14, 14],
			"faces": {
				"north": {"uv": [0, 0, 3, 3], "texture": "#0", "tintindex": 0},
				"east": {"uv": [6, 0, 3, 3], "texture": "#0", "tintindex": 0},
				"south": {"uv": [0, 3, 3, 6], "texture": "#0", "tintindex": 0},
				"west": {"uv": [3, 0, 6, 3], "texture": "#0", "tintindex": 0},
				"up": {"uv": [6, 6, 3, 3], "texture": "#0", "tintindex": 0},
				"down": {"uv": [3, 6, 0, 9], "texture": "#0", "tintindex": 0}
			}
		},
		{
			"from": [3, 14, 7],
			"to": [7, 20, 9],
			"rotation": {"angle": 0, "axis": "y", "origin": [5, 17.5, 8]},
			"faces": {
				"north": {"uv": [6, 0, 7, 1.5], "texture": "#0", "tintindex": 0},
				"east": {"uv": [4.5, 6, 4, 7.5], "texture": "#0", "tintindex": 0},
				"south": {"uv": [6, 1.5, 7, 3], "texture": "#0", "tintindex": 0},
				"west": {"uv": [4, 6, 4.5, 7.5], "texture": "#0", "tintindex": 0}
			}
		},
		{
			"from": [2.975, 20.38268, 6.92388],
			"to": [7.025, 26.38268, 8.92388],
			"rotation": {"angle": -22.5, "axis": "x", "origin": [8, 20.38268, 9.92388]},
			"faces": {
				"north": {"uv": [3, 6, 4, 7.5], "texture": "#0", "tintindex": 0},
				"east": {"uv": [5, 6, 4.5, 7.5], "texture": "#0", "tintindex": 0},
				"south": {"uv": [6, 3, 7, 4.5], "texture": "#0", "tintindex": 0},
				"west": {"uv": [4.5, 6, 5, 7.5], "texture": "#0", "tintindex": 0},
				"up": {"uv": [7, 5, 6, 4.5], "texture": "#0", "tintindex": 0}
			}
		},
		{
			"from": [8.975, 20.38268, 6.92388],
			"to": [13.025, 26.38268, 8.92388],
			"rotation": {"angle": -22.5, "axis": "x", "origin": [8, 20.38268, 9.92388]},
			"faces": {
				"north": {"uv": [4, 6, 3, 7.5], "texture": "#0", "tintindex": 0},
				"east": {"uv": [5, 6, 4.5, 7.5], "texture": "#0", "tintindex": 0},
				"south": {"uv": [7, 3, 6, 4.5], "texture": "#0", "tintindex": 0},
				"west": {"uv": [4.5, 6, 5, 7.5], "texture": "#0", "tintindex": 0},
				"up": {"uv": [6, 5, 7, 4.5], "texture": "#0", "tintindex": 0}
			}
		},
		{
			"from": [9, 14, 7],
			"to": [13, 20, 9],
			"rotation": {"angle": 0, "axis": "y", "origin": [11, 17.5, 8]},
			"faces": {
				"north": {"uv": [7, 0, 6, 1.5], "texture": "#0", "tintindex": 0},
				"east": {"uv": [4.5, 6, 4, 7.5], "texture": "#0", "tintindex": 0},
				"south": {"uv": [7, 1.5, 6, 3], "texture": "#0", "tintindex": 0},
				"west": {"uv": [4, 6, 4.5, 7.5], "texture": "#0", "tintindex": 0}
			}
		},
		{
			"from": [1.9, 3.95, 1.825],
			"to": [14.1, 9.05, 3.825],
			"faces": {
				"north": {"uv": [7, 1.25, 10, 2.5], "texture": "#0"},
				"east": {"uv": [7.5, 1.25, 7, 2.5], "texture": "#0"},
				"west": {"uv": [7, 1.25, 7.5, 2.5], "texture": "#0"}
			}
		},
		{
			"from": [4, 14, 7],
			"to": [6, 20, 7],
			"rotation": {"angle": 0, "axis": "y", "origin": [5, 17.5, 8]},
			"faces": {
				"north": {"uv": [6.25, 5, 6.75, 6.5], "texture": "#0"}
			}
		},
		{
			"from": [3.975, 20.38268, 6.92388],
			"to": [6.025, 26.38268, 6.92388],
			"rotation": {"angle": -22.5, "axis": "x", "origin": [8, 20.38268, 9.92388]},
			"faces": {
				"north": {"uv": [5.25, 6, 5.75, 7.5], "texture": "#0"}
			}
		},
		{
			"from": [10, 14, 7],
			"to": [12, 20, 7],
			"rotation": {"angle": 0, "axis": "y", "origin": [11, 17.5, 8]},
			"faces": {
				"north": {"uv": [6.75, 5, 6.25, 6.5], "texture": "#0"}
			}
		},
		{
			"from": [9.975, 20.38268, 6.92388],
			"to": [12.025, 26.38268, 6.92388],
			"rotation": {"angle": -22.5, "axis": "x", "origin": [8, 20.38268, 9.92388]},
			"faces": {
				"north": {"uv": [5.75, 6, 5.25, 7.5], "texture": "#0"}
			}
		},
		{
			"name": "cube_outline",
			"from": [14.2, 14.2, 14.2],
			"to": [1.8, 1.8, 1.8],
			"faces": {
				"north": {"uv": [6, 10, 9, 13], "rotation": 180, "texture": "#0", "tintindex": 0},
				"east": {"uv": [9, 7, 12, 10], "rotation": 180, "texture": "#0", "tintindex": 0},
				"south": {"uv": [6, 7, 9, 10], "rotation": 180, "texture": "#0", "tintindex": 0},
				"west": {"uv": [12, 7, 9, 10], "rotation": 180, "texture": "#0", "tintindex": 0},
				"up": {"uv": [9, 13, 6, 16], "rotation": 180, "texture": "#0", "tintindex": 0},
				"down": {"uv": [12, 13, 9, 10], "rotation": 180, "texture": "#0", "tintindex": 0}
			}
		},
		{
			"name": "cube_outline",
			"from": [7.2, 20.2, 9.2],
			"to": [2.8, 13.8, 6.8],
			"rotation": {"angle": 0, "axis": "y", "origin": [5, 17, 8]},
			"faces": {
				"north": {"uv": [12, 8.5, 13, 10], "rotation": 180, "texture": "#0", "tintindex": 0},
				"east": {"uv": [10, 13, 10.5, 14.5], "rotation": 180, "texture": "#0", "tintindex": 0},
				"south": {"uv": [12, 7, 13, 8.5], "rotation": 180, "texture": "#0", "tintindex": 0},
				"west": {"uv": [10.5, 13, 10, 14.5], "rotation": 180, "texture": "#0", "tintindex": 0}
			}
		},
		{
			"name": "cube_outline",
			"from": [7.225, 26.58268, 9.12388],
			"to": [2.775, 20.18268, 6.72388],
			"rotation": {"angle": -22.5, "axis": "x", "origin": [8, 20.38268, 9.92388]},
			"faces": {
				"north": {"uv": [12, 10, 13, 11.5], "rotation": 180, "texture": "#0", "tintindex": 0},
				"east": {"uv": [10.5, 13, 11, 14.5], "rotation": 180, "texture": "#0", "tintindex": 0},
				"south": {"uv": [9, 13, 10, 14.5], "rotation": 180, "texture": "#0", "tintindex": 0},
				"west": {"uv": [11, 13, 10.5, 14.5], "rotation": 180, "texture": "#0", "tintindex": 0},
				"down": {"uv": [13, 12, 12, 11.5], "rotation": 180, "texture": "#0", "tintindex": 0}
			}
		},
		{
			"name": "cube_outline",
			"from": [13.225, 26.58268, 9.12388],
			"to": [8.775, 20.18268, 6.72388],
			"rotation": {"angle": -22.5, "axis": "x", "origin": [8, 20.38268, 9.92388]},
			"faces": {
				"north": {"uv": [13, 10, 12, 11.5], "rotation": 180, "texture": "#0", "tintindex": 0},
				"east": {"uv": [10.5, 13, 11, 14.5], "rotation": 180, "texture": "#0", "tintindex": 0},
				"south": {"uv": [10, 13, 9, 14.5], "rotation": 180, "texture": "#0", "tintindex": 0},
				"west": {"uv": [11, 13, 10.5, 14.5], "rotation": 180, "texture": "#0", "tintindex": 0},
				"down": {"uv": [12, 12, 13, 11.5], "rotation": 180, "texture": "#0", "tintindex": 0}
			}
		},
		{
			"name": "cube_outline",
			"from": [13.2, 19.9, 9.275],
			"to": [8.8, 13.8, 6.8],
			"rotation": {"angle": 0, "axis": "y", "origin": [11, 17.5, 8]},
			"faces": {
				"north": {"uv": [13, 8.5, 12, 10], "rotation": 180, "texture": "#0", "tintindex": 0},
				"east": {"uv": [10, 13, 10.5, 14.5], "rotation": 180, "texture": "#0", "tintindex": 0},
				"south": {"uv": [13, 7, 12, 8.5], "rotation": 180, "texture": "#0", "tintindex": 0},
				"west": {"uv": [10.5, 13, 10, 14.5], "rotation": 180, "texture": "#0", "tintindex": 0}
			}
		},
		{
			"name": "cube_outline",
			"from": [14.3, 4.75, 1.625],
			"to": [1.7, 7.25, 4.025],
			"faces": {
				"north": {"uv": [13, 8.25, 16, 9.475], "rotation": 180, "texture": "#0", "tintindex": 0},
				"east": {"uv": [13, 8.25, 13.5, 9.5], "rotation": 180, "texture": "#0", "tintindex": 0},
				"west": {"uv": [13.5, 8.25, 13, 9.5], "rotation": 180, "texture": "#0", "tintindex": 0}
			}
		}
	],
	"gui_light": "front",
	"display": {
		"thirdperson_righthand": {
			"rotation": [75, 45, 0],
			"translation": [0, 2.5, 0],
			"scale": [0.375, 0.375, 0.375]
		},
		"thirdperson_lefthand": {
			"rotation": [75, 45, 0],
			"translation": [0, 2.5, 0],
			"scale": [0.375, 0.375, 0.375]
		},
		"firstperson_righthand": {
			"translation": [2.5, 0, 0],
			"scale": [0.4, 0.4, 0.4]
		},
		"firstperson_lefthand": {
			"translation": [2.5, 0, 0],
			"scale": [0.4, 0.4, 0.4]
		},
		"ground": {
			"translation": [0, 2, 0],
			"scale": [0.5, 0.5, 0.5]
		},
		"gui": {
			"rotation": [33, 135, 0],
			"translation": [0, -2, 0],
			"scale": [0.87, 0.87, 0.87]
		},
		"head": {
			"scale": [1.5, 1.5, 1.5]
		},
		"fixed": {
			"rotation": [-90, 0, 0],
			"translation": [0, 0, -11.5],
			"scale": [2, 2, 2]
		}
	},
	"groups": [
		{
			"name": "Tint",
			"origin": [8, 20.38268, 9.92388],
			"color": 0,
			"nbt": "{}",
			"armAnimationEnabled": false,
			"children": [0, 1, 2, 3, 4]
		},
		{
			"name": "group",
			"origin": [8, 20.38268, 9.92388],
			"color": 0,
			"nbt": "{}",
			"armAnimationEnabled": false,
			"children": [5, 6, 7, 8, 9]
		},
		{
			"name": "outline",
			"origin": [8, 8, 8],
			"color": 0,
			"nbt": "{}",
			"armAnimationEnabled": false,
			"children": [10, 11, 12, 13, 14, 15]
		}
	]
}