{
    "parent": "item/handheld",
        "textures": {
        "layer0": "item/diamond_hoe"
    },
"overrides": [
{"predicate": {"custom_model_data":1}, "model": "item/qknwivnsfxndmytvfpouwklkvrblvbxa"},
{"predicate": {"custom_model_data":2}, "model": "item/whkhrtsyoindkpzpqvqxtxhmanetzmbn"},
{"predicate": {"custom_model_data":3}, "model": "item/pxmaktsdzsbqrnwczbhpcrdglshxqchl"},
{"predicate": {"custom_model_data":4}, "model": "item/igixllhnmscdzwjgwunhnnjpexeotoid"},
{"predicate": {"custom_model_data":5}, "model": "item/erxthwdnpgdsigptojccfbfpiffysbtl"},
{"predicate": {"custom_model_data":6}, "model": "item/sjqiardlyyhbpzyqitygffmuojomfxbj"},
{"predicate": {"custom_model_data":7}, "model": "item/uuhssjuexwhduhztlrgrilafjwyowljd"},
{"predicate": {"custom_model_data":8}, "model": "item/wplycmqqmuhuddrpdoqbvxygffmvwuad"},
{"predicate": {"custom_model_data":9}, "model": "item/muqoepivqegruzfigjmvxkvxfvoisklr"},
{"predicate": {"custom_model_data":10}, "model": "item/dcsuobutoagpkcsdnzpscreizupfnjll"},
{"predicate": {"custom_model_data":11}, "model": "item/bnlwqklzjnlajsfvwogivcjomdiojirm"}
]
}