{
    "parent": "item/handheld",
        "textures": {
        "layer0": "item/diamond_sword"
    },
"overrides": [
{"predicate": {"custom_model_data":1}, "model": "item/wvmlzaawkzwhzkbwuraarhnohexavyci"},
{"predicate": {"custom_model_data":2}, "model": "item/mfrxtnhnjmrkpxyqdbfvakcpuuikbyco"},
{"predicate": {"custom_model_data":3}, "model": "item/vgqaiixgikcpkfjklfroevexahcvvxsb"},
{"predicate": {"custom_model_data":4}, "model": "item/frksjsalsejpepykoniftnlsdxgwnqvc"},
{"predicate": {"custom_model_data":5}, "model": "item/uvouqpbsuylemawmdiuclesmezkvhthy"},
{"predicate": {"custom_model_data":6}, "model": "item/lfykqpcefnkhwxxnzcoypqqnfhmulqku"},
{"predicate": {"custom_model_data":7}, "model": "item/fmhmxmpcalucyltkumamixsdmfosfgnz"},
{"predicate": {"custom_model_data":8}, "model": "item/slkkzagtwdluarqztvuqqcoueqwronbm"},
{"predicate": {"custom_model_data":9}, "model": "item/vnjhpuaqkslvwpcmazqdxtjqavinhwtk"},
{"predicate": {"custom_model_data":10}, "model": "item/tfbaumsuymhlqobauiczrowimozroayd"},
{"predicate": {"custom_model_data":11}, "model": "item/gecasiljnglikvdlbuwkncayboxiouln"},
{"predicate": {"custom_model_data":12}, "model": "item/ecrujspqwmdrksihmrfbhwnfseltetlc"},

{"predicate": {"custom_model_data":348}, "model": "item/senbprtsomvufzgjhrrvdiardytostvi"}
]
}