{
	"credit": "Copyright © 2021-2099 Ikaho-Onsen Minecraft Server. All rights reserved.",
	"textures": {
		"0": "minecraft:item/bbq",
		"1": "minecraft:item/bbq_fire",
		"particle": "minecraft:item/bbq"
	},
	"elements": [
		{
			"from": [-1, 9, 0],
			"to": [15, 14, 16],
			"rotation": {"angle": 0, "axis": "y", "origin": [0, 9, 0]},
			"faces": {
				"north": {"uv": [0, 8, 4, 9.25], "texture": "#0", "tintindex": 0},
				"east": {"uv": [0, 8, 4, 9.25], "texture": "#0", "tintindex": 0},
				"south": {"uv": [0, 8, 4, 9.25], "texture": "#0", "tintindex": 0},
				"west": {"uv": [0, 8, 4, 9.25], "texture": "#0", "tintindex": 0},
				"up": {"uv": [4, 4, 0, 0], "texture": "#0", "tintindex": 0},
				"down": {"uv": [4, 4, 0, 8], "texture": "#0", "tintindex": 0}
			}
		},
		{
			"from": [-1, 14, 0],
			"to": [15, 14, 16],
			"rotation": {"angle": 0, "axis": "y", "origin": [0, 9, 0]},
			"faces": {
				"up": {"uv": [16, 16, 0, 0], "texture": "#1"}
			}
		},
		{
			"from": [1, 14, 7],
			"to": [7, 16, 14],
			"rotation": {"angle": -22.5, "axis": "y", "origin": [4, 15, 10.5]},
			"faces": {
				"north": {"uv": [9, 4.5, 10.5, 5], "texture": "#0"},
				"east": {"uv": [8.5, 7.25, 10.25, 7.75], "texture": "#0"},
				"south": {"uv": [10.5, 4.5, 12, 5], "texture": "#0"},
				"west": {"uv": [8.5, 7.25, 10.25, 7.75], "texture": "#0"},
				"up": {"uv": [5.5, 9.75, 4, 8], "texture": "#0"}
			}
		},
		{
			"from": [5, 14, 2],
			"to": [9, 15, 6],
			"rotation": {"angle": 0, "axis": "y", "origin": [-2, 10, 1]},
			"faces": {
				"north": {"uv": [9, 6, 10, 6.25], "texture": "#0"},
				"east": {"uv": [9, 6, 10, 6.25], "texture": "#0"},
				"south": {"uv": [9, 6, 10, 6.25], "texture": "#0"},
				"west": {"uv": [9, 6, 10, 6.25], "texture": "#0"},
				"up": {"uv": [6.5, 9.5, 5.5, 8.5], "texture": "#0"}
			}
		},
		{
			"from": [5.70711, 15.12132, 2],
			"to": [6.70711, 19.12132, 6],
			"rotation": {"angle": -45, "axis": "z", "origin": [5.70711, 17.12132, 4]},
			"faces": {
				"north": {"uv": [9.25, 0.5, 9.5, 1.5], "texture": "#0"},
				"east": {"uv": [8.5, 6.25, 9.5, 7.25], "texture": "#0"},
				"south": {"uv": [9.25, 0.5, 9.5, 1.5], "rotation": 180, "texture": "#0"},
				"west": {"uv": [6.5, 8.5, 7.5, 9.5], "texture": "#0"},
				"up": {"uv": [9.75, 0.5, 10, 1.5], "rotation": 180, "texture": "#0"},
				"down": {"uv": [9.5, 0.5, 9.75, 1.5], "rotation": 180, "texture": "#0"}
			}
		},
		{
			"from": [10.70711, 14.12132, -1],
			"to": [12.70711, 16.12132, 6],
			"rotation": {"angle": -22.5, "axis": "y", "origin": [10.70711, 16.12132, 4]},
			"faces": {
				"north": {"uv": [1, 9.25, 1.5, 9.75], "texture": "#0"},
				"east": {"uv": [7.5, 8.5, 9.25, 9], "texture": "#0"},
				"west": {"uv": [9, 4, 10.75, 4.5], "texture": "#0"}
			}
		},
		{
			"from": [9.76777, 14, 10.02513],
			"to": [11.76777, 15, 12.02513],
			"rotation": {"angle": -45, "axis": "y", "origin": [10.76777, 15, 10.02513]},
			"faces": {
				"north": {"uv": [1.5, 9.25, 2, 9.5], "texture": "#0"},
				"east": {"uv": [9.25, 1.5, 9.75, 1.75], "texture": "#0"},
				"south": {"uv": [9.25, 1.75, 9.75, 2], "texture": "#0"},
				"west": {"uv": [2, 9.25, 2.5, 9.5], "texture": "#0"},
				"up": {"uv": [9.75, 0.5, 9.25, 0], "texture": "#0"},
				"down": {"uv": [1, 9.25, 0.5, 9.75], "texture": "#0"}
			}
		},
		{
			"from": [11.03553, 14.5, 13.5],
			"to": [15.03553, 14.5, 16.5],
			"rotation": {"angle": 0, "axis": "y", "origin": [12.53553, 14.5, 12.5]},
			"faces": {
				"up": {"uv": [10, 5.75, 9, 5], "texture": "#0"},
				"down": {"uv": [8.5, 9, 7.5, 9.75], "texture": "#0"}
			}
		},
		{
			"from": [8, 14, 11],
			"to": [10, 15, 16],
			"rotation": {"angle": 45, "axis": "y", "origin": [9, 15, 12.5]},
			"faces": {
				"north": {"uv": [9.25, 2, 9.75, 2.25], "texture": "#0"},
				"east": {"uv": [8.5, 7.75, 9.75, 8], "texture": "#0"},
				"south": {"uv": [9.25, 2.25, 9.75, 2.5], "texture": "#0"},
				"west": {"uv": [9, 5.75, 10.25, 6], "texture": "#0"},
				"up": {"uv": [9, 10.25, 8.5, 9], "texture": "#0"},
				"down": {"uv": [9.5, 9, 9, 10.25], "texture": "#0"}
			}
		},
		{
			"from": [6, -3, 0],
			"to": [8, 13, 2],
			"rotation": {"angle": 22.5, "axis": "x", "origin": [-9, 4, 0]},
			"faces": {
				"north": {"uv": [8.5, 4, 8, 8], "texture": "#0"},
				"east": {"uv": [8, 4, 8.5, 8], "texture": "#0"},
				"south": {"uv": [8.5, 4, 8, 8], "texture": "#0"},
				"west": {"uv": [8, 4, 8.5, 8], "texture": "#0"},
				"down": {"uv": [0.5, 9.25, 0, 9.75], "texture": "#0"}
			}
		},
		{
			"from": [6, -3.30656, 14.5412],
			"to": [8, 12.69344, 16.5412],
			"rotation": {"angle": -22.5, "axis": "x", "origin": [7, 2.69344, 15.5412]},
			"faces": {
				"north": {"uv": [8.5, 4, 8, 8], "texture": "#0"},
				"east": {"uv": [8, 4, 8.5, 8], "texture": "#0"},
				"south": {"uv": [8.5, 4, 8, 8], "texture": "#0"},
				"west": {"uv": [8, 4, 8.5, 8], "texture": "#0"},
				"down": {"uv": [0.5, 9.25, 0, 9.75], "texture": "#0"}
			}
		},
		{
			"from": [-0.9291, -6.17669, 7.0412],
			"to": [1.0709, 9.82331, 9.0412],
			"rotation": {"angle": -22.5, "axis": "z", "origin": [7, 2.69344, 8.0412]},
			"faces": {
				"north": {"uv": [8, 4, 8.5, 8], "texture": "#0"},
				"east": {"uv": [8.5, 4, 8, 8], "texture": "#0"},
				"south": {"uv": [8, 4, 8.5, 8], "texture": "#0"},
				"west": {"uv": [8.5, 4, 8, 8], "texture": "#0"},
				"down": {"uv": [0.5, 9.25, 0, 9.75], "rotation": 270, "texture": "#0"}
			}
		},
		{
			"from": [12.9291, -6.17669, 7.0412],
			"to": [14.9291, 9.82331, 9.0412],
			"rotation": {"angle": 22.5, "axis": "z", "origin": [7, 2.69344, 8.0412]},
			"faces": {
				"north": {"uv": [8, 4, 8.5, 8], "texture": "#0"},
				"east": {"uv": [8.5, 4, 8, 8], "texture": "#0"},
				"south": {"uv": [8, 4, 8.5, 8], "texture": "#0"},
				"west": {"uv": [8.5, 4, 8, 8], "texture": "#0"},
				"down": {"uv": [0.5, 9.25, 0, 9.75], "rotation": 270, "texture": "#0"}
			}
		},
		{
			"from": [-6.4588, 13.69344, 0],
			"to": [-1.4588, 29.69344, 16],
			"rotation": {"angle": -22.5, "axis": "z", "origin": [-0.4588, 12.69344, 0]},
			"faces": {
				"north": {"uv": [8, 0, 9.25, 4], "texture": "#0", "tintindex": 0},
				"east": {"uv": [4, 0, 8, 4], "texture": "#0", "tintindex": 0},
				"south": {"uv": [9.25, 0, 8, 4], "texture": "#0", "tintindex": 0},
				"west": {"uv": [4, 4, 8, 8], "texture": "#0", "tintindex": 0},
				"up": {"uv": [9.25, 0, 8, 4], "texture": "#0", "tintindex": 0},
				"down": {"uv": [9.25, 0, 8, 4], "texture": "#0", "tintindex": 0}
			}
		},
		{
			"from": [2.69592, 28.66266, 4],
			"to": [4.69592, 30.66266, 12],
			"rotation": {"angle": -22.5, "axis": "z", "origin": [3.19592, 30.66266, 11.5]},
			"faces": {
				"north": {"uv": [9.25, 2.5, 9.75, 3], "rotation": 270, "texture": "#0"},
				"south": {"uv": [9.25, 2.5, 9.75, 3], "rotation": 90, "texture": "#0"},
				"up": {"uv": [9, 6, 8.5, 4], "texture": "#0"}
			}
		},
		{
			"name": "cube inverted",
			"from": [4.69592, 30.66266, 12],
			"to": [2.69592, 28.66266, 4],
			"rotation": {"angle": -22.5, "axis": "z", "origin": [3.19592, 30.66266, 11.5]},
			"faces": {
				"north": {"uv": [9.75, 2.5, 9.25, 3], "rotation": 90, "texture": "#0"},
				"south": {"uv": [9.75, 2.5, 9.25, 3], "rotation": 270, "texture": "#0"},
				"down": {"uv": [8.5, 6, 9, 4], "texture": "#0"}
			}
		},
		{
			"name": "cube inverted",
			"from": [12.70711, 16.12132, 6],
			"to": [10.70711, 14.12132, -1],
			"rotation": {"angle": -22.5, "axis": "y", "origin": [10.70711, 16.12132, 4]},
			"faces": {
				"east": {"uv": [9, 4.5, 10.75, 4], "texture": "#0"},
				"south": {"uv": [1, 9.75, 1.5, 9.25], "texture": "#0"},
				"west": {"uv": [7.5, 9, 9.25, 8.5], "texture": "#0"}
			}
		}
	],
	"gui_light": "front",
	"display": {
		"thirdperson_righthand": {
			"rotation": [75, 90, 0],
			"translation": [0, 2.5, 0],
			"scale": [0.375, 0.375, 0.375]
		},
		"thirdperson_lefthand": {
			"rotation": [75, -90, 0],
			"translation": [0, 2.5, 0],
			"scale": [0.375, 0.375, 0.375]
		},
		"firstperson_righthand": {
			"rotation": [0, -180, 0],
			"scale": [0.25, 0.25, 0.25]
		},
		"firstperson_lefthand": {
			"scale": [0.25, 0.25, 0.25]
		},
		"ground": {
			"translation": [0, 3, 0],
			"scale": [0.25, 0.25, 0.25]
		},
		"gui": {
			"rotation": [30, 225, 0],
			"translation": [0, -2.25, 0],
			"scale": [0.39, 0.39, 0.39]
		},
		"head": {
			"rotation": [0, 90, 0],
			"translation": [0, 12.75, -1],
			"scale": [0.6, 0.6, 0.6]
		},
		"fixed": {
			"rotation": [-90, 0, 0],
			"translation": [0, 0, -22],
			"scale": [2, 2, 2]
		}
	}
}