{
	"credit": "Copyright © 2021-2099 Ikaho-Onsen Minecraft Server. All rights reserved.",
	"texture_size": [48, 48],
	"textures": {
		"0": "minecraft:item/weapon/kanata",
		"particle": "minecraft:item/weapon/kanata"
	},
	"elements": [
		{
			"from": [19.97034, 18.15726, 7.47678],
			"to": [20.97034, 21.40726, 8.47678],
			"rotation": {"angle": 45, "axis": "z", "origin": [8, 8, 8]},
			"faces": {
				"north": {"uv": [3, 4.33333, 3.33333, 5.33333], "texture": "#0"},
				"east": {"uv": [3.33333, 4.33333, 3.66667, 5.33333], "texture": "#0"},
				"south": {"uv": [3.66667, 4.33333, 4, 5.33333], "texture": "#0"},
				"west": {"uv": [3, 5.33333, 3.33333, 6.33333], "texture": "#0"},
				"up": {"uv": [6.33333, 1.66667, 6, 1.33333], "texture": "#0"},
				"down": {"uv": [6.33333, 1.66667, 6, 2], "texture": "#0"}
			}
		},
		{
			"from": [6.98572, -1.65, 7.48178],
			"to": [9.98572, 24.35, 8.47178],
			"rotation": {"angle": 0, "axis": "y", "origin": [8, 8, 8]},
			"faces": {
				"north": {"uv": [0, 0, 1, 8.66667], "texture": "#0"},
				"east": {"uv": [4, 4, 4.33333, 12.66667], "texture": "#0"},
				"south": {"uv": [1, 0, 2, 8.66667], "texture": "#0"},
				"west": {"uv": [2, 4.33333, 2.33333, 13], "texture": "#0"},
				"up": {"uv": [5.33333, 5.66667, 4.33333, 5.33333], "texture": "#0"},
				"down": {"uv": [6.33333, 5.33333, 5.33333, 5.66667], "texture": "#0"}
			}
		},
		{
			"from": [6.98572, 24.35, 7.48178],
			"to": [7.98572, 25.95, 8.47178],
			"rotation": {"angle": 0, "axis": "y", "origin": [8, 8, 8]},
			"faces": {
				"north": {"uv": [3.33333, 5.33333, 3.66667, 6], "texture": "#0"},
				"east": {"uv": [3.66667, 5.33333, 4, 6], "texture": "#0"},
				"south": {"uv": [6, 0, 6.33333, 0.66667], "texture": "#0"},
				"west": {"uv": [6, 0.66667, 6.33333, 1.33333], "texture": "#0"},
				"up": {"uv": [6.33333, 2.33333, 6, 2], "texture": "#0"},
				"down": {"uv": [6.33333, 2.33333, 6, 2.66667], "texture": "#0"}
			}
		},
		{
			"from": [7.98572, 24.35, 7.48178],
			"to": [8.98572, 25.35, 8.47178],
			"rotation": {"angle": 0, "axis": "y", "origin": [8, 8, 8]},
			"faces": {
				"north": {"uv": [6, 2.66667, 6.33333, 3], "texture": "#0"},
				"east": {"uv": [6, 3, 6.33333, 3.33333], "texture": "#0"},
				"south": {"uv": [3.33333, 6, 3.66667, 6.33333], "texture": "#0"},
				"west": {"uv": [6, 3.33333, 6.33333, 3.66667], "texture": "#0"},
				"up": {"uv": [4, 6.33333, 3.66667, 6], "texture": "#0"},
				"down": {"uv": [6.33333, 3.66667, 6, 4], "texture": "#0"}
			}
		},
		{
			"from": [5.38007, -2.65, 4.65277],
			"to": [11.38007, -1.65, 10.65277],
			"rotation": {"angle": -45, "axis": "y", "origin": [8, 8, 8]},
			"faces": {
				"north": {"uv": [4.33333, 4, 6.33333, 4.33333], "texture": "#0"},
				"east": {"uv": [4.33333, 4.33333, 6.33333, 4.66667], "texture": "#0"},
				"south": {"uv": [4.33333, 4.66667, 6.33333, 5], "texture": "#0"},
				"west": {"uv": [4.33333, 5, 6.33333, 5.33333], "texture": "#0"},
				"up": {"uv": [6, 2, 4, 0], "texture": "#0"},
				"down": {"uv": [6, 2, 4, 4], "texture": "#0"}
			}
		},
		{
			"from": [6.98572, -15.65, 7.47678],
			"to": [9.98572, -2.65, 8.47678],
			"rotation": {"angle": 0, "axis": "y", "origin": [8, 8, 8]},
			"faces": {
				"north": {"uv": [2, 0, 3, 4.33333], "texture": "#0"},
				"east": {"uv": [2.33333, 4.33333, 2.66667, 8.66667], "texture": "#0"},
				"south": {"uv": [3, 0, 4, 4.33333], "texture": "#0"},
				"west": {"uv": [2.66667, 4.33333, 3, 8.66667], "texture": "#0"},
				"up": {"uv": [5.33333, 6, 4.33333, 5.66667], "texture": "#0"},
				"down": {"uv": [6.33333, 5.66667, 5.33333, 6], "texture": "#0"}
			}
		}
	],
	"gui_light": "front",
	"display": {
		"thirdperson_righthand": {
			"rotation": [0, 90, 0],
			"translation": [0, 8, 1.5],
			"scale": [0.7, 0.7, 0.7]
		},
		"thirdperson_lefthand": {
			"rotation": [0, -90, 0],
			"translation": [0, 7.75, 1.5],
			"scale": [0.7, 0.7, 0.7]
		},
		"firstperson_righthand": {
			"rotation": [121, 55, -128],
			"translation": [1, 2, 0],
			"scale": [0.7, 0.7, 0.7]
		},
		"firstperson_lefthand": {
			"rotation": [-121, -55, -88],
			"translation": [1, 2, 0],
			"scale": [0.7, 0.7, 0.7]
		},
		"ground": {
			"rotation": [90, 0, 0]
		},
		"gui": {
			"rotation": [-30, 180, 40],
			"translation": [0.75, 0.75, 0],
			"scale": [-0.5, 0.5, 0.5]
		},
		"head": {
			"rotation": [90, 0, -90],
			"translation": [17.5, -6.25, -6.25]
		},
		"fixed": {
			"translation": [0, 0, -1.5],
			"scale": [2, 2, 2]
		}
	},
	"groups": [
		{
			"name": "katana",
			"origin": [7.98572, 7.35, 8.47678],
			"color": 1,
			"children": [
				{
					"name": "blade",
					"origin": [-0.01428, -0.65, 0.47678],
					"color": 1,
					"children": [0, 1, 2, 3]
				},
				{
					"name": "hold",
					"origin": [-0.01428, -0.65, 0.47678],
					"color": 1,
					"children": [4, 5]
				}
			]
		}
	]
}