{
	"credit": "Copyright © 2021-2099 Ikaho-Onsen Minecraft Server. All rights reserved.",
	"texture_size": [64, 64],
	"textures": {
		"1": "minecraft:item/guitar"
	},
	"elements": [
		{
			"from": [5.5, 24.34985, 7.2685],
			"to": [10.5, 30.34985, 9.2685],
			"rotation": {"angle": 22.5, "axis": "x", "origin": [8.5, 25.34985, 8.7685]},
			"faces": {
				"north": {"uv": [5.5, 4, 6.75, 5.5], "texture": "#1"},
				"east": {"uv": [5, 6.5, 5.5, 8], "texture": "#1"},
				"south": {"uv": [5.5, 5.5, 6.75, 7], "texture": "#1"},
				"west": {"uv": [6.75, 4, 7.25, 5.5], "texture": "#1"},
				"up": {"uv": [8, 6, 6.75, 5.5], "texture": "#1"},
				"down": {"uv": [8, 6, 6.75, 6.5], "texture": "#1"}
			}
		},
		{
			"from": [10.5, 28.93776, 9.4375],
			"to": [11.5, 29.93776, 10.4375],
			"rotation": {"angle": -22.5, "axis": "x", "origin": [11, 29.13776, 10.3375]},
			"faces": {
				"north": {"uv": [6.5, 7.25, 6.75, 7.5], "texture": "#1"},
				"east": {"uv": [6.75, 7.25, 7, 7.5], "texture": "#1"},
				"south": {"uv": [7, 7.25, 7.25, 7.5], "texture": "#1"},
				"west": {"uv": [7.25, 7.25, 7.5, 7.5], "texture": "#1"},
				"up": {"uv": [1.75, 7.75, 1.5, 7.5], "texture": "#1"},
				"down": {"uv": [2, 7.5, 1.75, 7.75], "texture": "#1"}
			}
		},
		{
			"from": [10.5, 27.09, 8.67214],
			"to": [11.5, 28.09, 9.67214],
			"rotation": {"angle": -22.5, "axis": "x", "origin": [11, 27.29, 9.57214]},
			"faces": {
				"north": {"uv": [2, 7.5, 2.25, 7.75], "texture": "#1"},
				"east": {"uv": [2.25, 7.5, 2.5, 7.75], "texture": "#1"},
				"south": {"uv": [7.5, 3, 7.75, 3.25], "texture": "#1"},
				"west": {"uv": [7.5, 3.25, 7.75, 3.5], "texture": "#1"},
				"up": {"uv": [7.75, 3.75, 7.5, 3.5], "texture": "#1"},
				"down": {"uv": [7.75, 3.75, 7.5, 4], "texture": "#1"}
			}
		},
		{
			"from": [10.5, 25.24224, 7.90677],
			"to": [11.5, 26.24224, 8.90677],
			"rotation": {"angle": -22.5, "axis": "x", "origin": [11, 25.44224, 8.80677]},
			"faces": {
				"north": {"uv": [5.5, 7.5, 5.75, 7.75], "texture": "#1"},
				"east": {"uv": [5.75, 7.5, 6, 7.75], "texture": "#1"},
				"south": {"uv": [6, 7.5, 6.25, 7.75], "texture": "#1"},
				"west": {"uv": [6.25, 7.5, 6.5, 7.75], "texture": "#1"},
				"up": {"uv": [6.75, 7.75, 6.5, 7.5], "texture": "#1"},
				"down": {"uv": [7, 7.5, 6.75, 7.75], "texture": "#1"}
			}
		},
		{
			"from": [4.5, 28.93776, 9.4375],
			"to": [5.5, 29.93776, 10.4375],
			"rotation": {"angle": -22.5, "axis": "x", "origin": [11, 29.13776, 10.3375]},
			"faces": {
				"north": {"uv": [7, 7.5, 7.25, 7.75], "texture": "#1"},
				"east": {"uv": [7.5, 7, 7.75, 7.25], "texture": "#1"},
				"south": {"uv": [7.25, 7.5, 7.5, 7.75], "texture": "#1"},
				"west": {"uv": [7.5, 7.25, 7.75, 7.5], "texture": "#1"},
				"up": {"uv": [7.75, 7.75, 7.5, 7.5], "texture": "#1"},
				"down": {"uv": [1.75, 7.75, 1.5, 8], "texture": "#1"}
			}
		},
		{
			"from": [4.5, 27.09, 8.67214],
			"to": [5.5, 28.09, 9.67214],
			"rotation": {"angle": -22.5, "axis": "x", "origin": [11, 27.29, 9.57214]},
			"faces": {
				"north": {"uv": [1.75, 7.75, 2, 8], "texture": "#1"},
				"east": {"uv": [2, 7.75, 2.25, 8], "texture": "#1"},
				"south": {"uv": [2.25, 7.75, 2.5, 8], "texture": "#1"},
				"west": {"uv": [7.75, 3, 8, 3.25], "texture": "#1"},
				"up": {"uv": [8, 3.5, 7.75, 3.25], "texture": "#1"},
				"down": {"uv": [3.75, 7.75, 3.5, 8], "texture": "#1"}
			}
		},
		{
			"from": [4.5, 25.24224, 7.90677],
			"to": [5.5, 26.24224, 8.90677],
			"rotation": {"angle": -22.5, "axis": "x", "origin": [11, 25.44224, 8.80677]},
			"faces": {
				"north": {"uv": [7.75, 3.5, 8, 3.75], "texture": "#1"},
				"east": {"uv": [3.75, 7.75, 4, 8], "texture": "#1"},
				"south": {"uv": [7.75, 3.75, 8, 4], "texture": "#1"},
				"west": {"uv": [4, 7.75, 4.25, 8], "texture": "#1"},
				"up": {"uv": [4.5, 8, 4.25, 7.75], "texture": "#1"},
				"down": {"uv": [5.75, 7.75, 5.5, 8], "texture": "#1"}
			}
		},
		{
			"from": [2, -3, 7],
			"to": [14, 9, 11],
			"rotation": {"angle": 0, "axis": "y", "origin": [1, 1, 0]},
			"faces": {
				"north": {"uv": [0, 0, 3, 3], "texture": "#1", "tintindex": 0},
				"east": {"uv": [3.5, 2.5, 4.5, 5.5], "texture": "#1"},
				"south": {"uv": [0, 3, 3, 6], "texture": "#1"},
				"west": {"uv": [4.5, 2.5, 5.5, 5.5], "texture": "#1"},
				"up": {"uv": [8.5, 1, 5.5, 0], "texture": "#1"},
				"down": {"uv": [8.5, 1, 5.5, 2], "texture": "#1"}
			}
		},
		{
			"from": [2, -3, 7],
			"to": [14, 9, 11],
			"rotation": {"angle": 0, "axis": "y", "origin": [1, 1, 0]},
			"faces": {
				"north": {"uv": [0, 8.5, 3, 11.5], "texture": "#1"}
			}
		},
		{
			"from": [4, -4, 7],
			"to": [12, -3, 11],
			"rotation": {"angle": 0, "axis": "y", "origin": [1, 1, 0]},
			"faces": {
				"north": {"uv": [6.75, 6.5, 8.75, 6.75], "texture": "#1", "tintindex": 0},
				"east": {"uv": [1.5, 7.25, 2.5, 7.5], "texture": "#1"},
				"south": {"uv": [6.75, 6.75, 8.75, 7], "texture": "#1"},
				"west": {"uv": [7.25, 4.25, 8.25, 4.5], "texture": "#1"},
				"down": {"uv": [7.5, 3, 5.5, 4], "texture": "#1"}
			}
		},
		{
			"from": [6, -1, 6.5],
			"to": [10, 0, 7],
			"rotation": {"angle": 0, "axis": "y", "origin": [1, 1, 0]},
			"faces": {
				"north": {"uv": [7.25, 4.5, 8.25, 4.75], "texture": "#1"},
				"east": {"uv": [5.75, 7.75, 6, 8], "texture": "#1"},
				"west": {"uv": [6, 7.75, 6.25, 8], "texture": "#1"},
				"up": {"uv": [8.25, 5, 7.25, 4.75], "texture": "#1"},
				"down": {"uv": [8.25, 5, 7.25, 5.25], "texture": "#1"}
			}
		},
		{
			"from": [3, 9, 7],
			"to": [13, 14, 11],
			"rotation": {"angle": 0, "axis": "y", "origin": [1, 1, 0]},
			"faces": {
				"north": {"uv": [3, 0, 5.5, 1.25], "texture": "#1", "tintindex": 0},
				"east": {"uv": [1.5, 6, 2.5, 7.25], "texture": "#1"},
				"south": {"uv": [3, 1.25, 5.5, 2.5], "texture": "#1"},
				"west": {"uv": [3.5, 6.5, 4.5, 7.75], "texture": "#1"},
				"up": {"uv": [8, 3, 5.5, 2], "texture": "#1"}
			}
		},
		{
			"from": [4, 14, 7],
			"to": [12, 15, 11],
			"rotation": {"angle": 0, "axis": "y", "origin": [1, 1, 0]},
			"faces": {
				"north": {"uv": [5.5, 7, 7.5, 7.25], "texture": "#1", "tintindex": 0},
				"east": {"uv": [7.25, 5.25, 8.25, 5.5], "texture": "#1"},
				"south": {"uv": [7.25, 4, 9.25, 4.25], "texture": "#1"},
				"west": {"uv": [5.5, 7.25, 6.5, 7.5], "texture": "#1"},
				"up": {"uv": [5.5, 6.5, 3.5, 5.5], "texture": "#1"}
			}
		},
		{
			"from": [6.5, 15, 7],
			"to": [9.5, 25, 9],
			"rotation": {"angle": 0, "axis": "y", "origin": [1, 1, 0]},
			"faces": {
				"north": {"uv": [0, 6, 0.75, 8.5], "texture": "#1"},
				"east": {"uv": [2.5, 6, 3, 8.5], "texture": "#1"},
				"south": {"uv": [0.75, 6, 1.5, 8.5], "texture": "#1"},
				"west": {"uv": [4.5, 6.5, 5, 9], "texture": "#1"}
			}
		},
		{
			"from": [6.8, 0, 6.9],
			"to": [9.2, 25, 6.9],
			"rotation": {"angle": 0, "axis": "y", "origin": [1, 1, 0]},
			"faces": {
				"north": {"uv": [9.75, 0, 12.5, 6.25], "texture": "#1"}
			}
		}
	],
	"gui_light": "front",
	"display": {
		"thirdperson_righthand": {
			"rotation": [77, 13, -61],
			"translation": [-9.5, -1.75, -2],
			"scale": [0.8, 0.8, 0.8]
		},
		"thirdperson_lefthand": {
			"rotation": [77, 13, -61],
			"translation": [-9.5, -1.75, -2],
			"scale": [0.8, 0.8, 0.8]
		},
		"firstperson_righthand": {
			"rotation": [20, 0, -60],
			"translation": [-11.5, -4, -0.75],
			"scale": [0.7, 0.7, 0.7]
		},
		"firstperson_lefthand": {
			"rotation": [20, 0, -60],
			"translation": [-11.5, -4, -0.75],
			"scale": [0.7, 0.7, 0.7]
		},
		"ground": {
			"rotation": [35, 0, 0],
			"translation": [0, 3, -0.25],
			"scale": [0.45, 0.45, 0.45]
		},
		"gui": {
			"rotation": [-15, 167, 44],
			"translation": [-1.25, -1.5, 0],
			"scale": [0.47, 0.47, 0.47]
		},
		"head": {
			"translation": [0, 5, -4.5],
			"scale": [1.5, 1.5, 1.5]
		},
		"fixed": {
			"rotation": [-79, 0, 0],
			"translation": [0, 0, -17.75],
			"scale": [2, 2, 2]
		}
	}
}