{
	"credit": "Copyright © 2021-2099 Ikaho-Onsen Minecraft Server. All rights reserved.",
	"texture_size": [20, 20],
	"textures": {
		"0": "minecraft:item/sus",
		"particle": "minecraft:item/sus"
	},
	"elements": [
		{
			"from": [9, 0, 7],
			"to": [11, 2, 9],
			"faces": {
				"north": {"uv": [14.4, 14, 16, 15.6], "texture": "#0"},
				"east": {"uv": [14.4, 14, 16, 15.6], "texture": "#0"},
				"south": {"uv": [14, 14, 15.6, 15.6], "texture": "#0"},
				"west": {"uv": [14, 14, 15.6, 15.6], "texture": "#0"},
				"up": {"uv": [14, 14.4, 15.6, 16], "texture": "#0"},
				"down": {"uv": [14.4, 14, 16, 15.6], "texture": "#0"}
			}
		},
		{
			"from": [5, 0, 7],
			"to": [7, 2, 9],
			"faces": {
				"north": {"uv": [14.4, 14.4, 16, 16], "texture": "#0"},
				"east": {"uv": [14, 14.4, 15.6, 16], "texture": "#0"},
				"south": {"uv": [14, 14, 15.6, 15.6], "texture": "#0"},
				"west": {"uv": [14, 14, 15.6, 15.6], "texture": "#0"},
				"up": {"uv": [14, 14.4, 15.6, 16], "texture": "#0"},
				"down": {"uv": [14, 14.4, 15.6, 16], "texture": "#0"}
			}
		},
		{
			"from": [5, 2, 6],
			"to": [11, 9, 10],
			"faces": {
				"north": {"uv": [11, 10, 15.8, 15.6], "texture": "#0"},
				"east": {"uv": [12.8, 10.4, 16, 16], "texture": "#0"},
				"south": {"uv": [11, 10, 15.8, 15.6], "texture": "#0"},
				"west": {"uv": [12, 10, 15.2, 15.6], "texture": "#0"},
				"up": {"uv": [11, 10, 15.8, 13.2], "texture": "#0"},
				"down": {"uv": [11.2, 12, 16, 15.2], "texture": "#0"}
			}
		},
		{
			"from": [6, 3, 5],
			"to": [10, 9, 6],
			"faces": {
				"north": {"uv": [12.8, 11, 16, 15.8], "texture": "#0"},
				"east": {"uv": [14, 11, 14.8, 15.8], "texture": "#0"},
				"south": {"uv": [12.8, 11, 16, 15.8], "texture": "#0"},
				"west": {"uv": [15, 11, 15.8, 15.8], "texture": "#0"},
				"up": {"uv": [12.8, 12, 16, 12.8], "texture": "#0"},
				"down": {"uv": [12.8, 11, 16, 11.8], "texture": "#0"}
			}
		},
		{
			"from": [6, 3, 10],
			"to": [10, 9, 11],
			"faces": {
				"north": {"uv": [12.8, 11.2, 16, 16], "texture": "#0"},
				"east": {"uv": [14, 11, 14.8, 15.8], "texture": "#0"},
				"south": {"uv": [12.8, 11, 16, 15.8], "texture": "#0"},
				"west": {"uv": [15, 11, 15.8, 15.8], "texture": "#0"},
				"up": {"uv": [12.8, 12, 16, 12.8], "texture": "#0"},
				"down": {"uv": [12.8, 11, 16, 11.8], "texture": "#0"}
			}
		},
		{
			"from": [6, 9, 6],
			"to": [10, 10, 10],
			"faces": {
				"north": {"uv": [12.8, 10, 16, 10.8], "texture": "#0"},
				"east": {"uv": [12.8, 11, 16, 11.8], "texture": "#0"},
				"south": {"uv": [12.8, 12, 16, 12.8], "texture": "#0"},
				"west": {"uv": [12.8, 14, 16, 14.8], "texture": "#0"},
				"up": {"uv": [12.8, 10, 16, 13.2], "texture": "#0"},
				"down": {"uv": [12.8, 12.8, 16, 16], "texture": "#0"}
			}
		},
		{
			"from": [10, 9, 7],
			"to": [11, 10, 9],
			"faces": {
				"north": {"uv": [15, 15, 15.8, 15.8], "texture": "#0"},
				"east": {"uv": [14.4, 14, 16, 14.8], "texture": "#0"},
				"south": {"uv": [15, 15, 15.8, 15.8], "texture": "#0"},
				"west": {"uv": [14.4, 15.2, 16, 16], "texture": "#0"},
				"up": {"uv": [15.2, 14, 16, 15.6], "texture": "#0"},
				"down": {"uv": [15, 14, 15.8, 15.6], "texture": "#0"}
			}
		},
		{
			"from": [5, 9, 7],
			"to": [6, 10, 9],
			"faces": {
				"north": {"uv": [15, 15, 15.8, 15.8], "texture": "#0"},
				"east": {"uv": [14, 15, 15.6, 15.8], "texture": "#0"},
				"south": {"uv": [14, 15, 14.8, 15.8], "texture": "#0"},
				"west": {"uv": [14.4, 14, 16, 14.8], "texture": "#0"},
				"up": {"uv": [15, 14.4, 15.8, 16], "texture": "#0"},
				"down": {"uv": [15, 14.4, 15.8, 16], "texture": "#0"}
			}
		},
		{
			"from": [7, 9, 5],
			"to": [9, 10, 6],
			"faces": {
				"north": {"uv": [14, 15, 15.6, 15.8], "texture": "#0"},
				"east": {"uv": [15, 15, 15.8, 15.8], "texture": "#0"},
				"south": {"uv": [14, 15, 15.6, 15.8], "texture": "#0"},
				"west": {"uv": [15, 15, 15.8, 15.8], "texture": "#0"},
				"up": {"uv": [14, 15, 15.6, 15.8], "texture": "#0"},
				"down": {"uv": [14, 15, 15.6, 15.8], "texture": "#0"}
			}
		},
		{
			"from": [7, 9, 10],
			"to": [9, 10, 11],
			"faces": {
				"north": {"uv": [14, 14, 15.6, 14.8], "texture": "#0"},
				"east": {"uv": [15, 15, 15.8, 15.8], "texture": "#0"},
				"south": {"uv": [14, 15, 15.6, 15.8], "texture": "#0"},
				"west": {"uv": [14, 15, 14.8, 15.8], "texture": "#0"},
				"up": {"uv": [14.4, 15, 16, 15.8], "texture": "#0"},
				"down": {"uv": [14.4, 15, 16, 15.8], "texture": "#0"}
			}
		},
		{
			"from": [6, 10, 7],
			"to": [10, 11, 9],
			"faces": {
				"north": {"uv": [12.8, 15.2, 16, 16], "texture": "#0"},
				"east": {"uv": [14.4, 15.2, 16, 16], "texture": "#0"},
				"south": {"uv": [12.8, 15.2, 16, 16], "texture": "#0"},
				"west": {"uv": [14.4, 15, 16, 15.8], "texture": "#0"},
				"up": {"uv": [12.8, 14.4, 16, 16], "texture": "#0"},
				"down": {"uv": [12.8, 14.4, 16, 16], "texture": "#0"}
			}
		},
		{
			"from": [7, 10, 6],
			"to": [9, 11, 10],
			"faces": {
				"north": {"uv": [14.4, 14, 16, 14.8], "texture": "#0"},
				"east": {"uv": [12.8, 15, 16, 15.8], "texture": "#0"},
				"south": {"uv": [14.4, 15, 16, 15.8], "texture": "#0"},
				"west": {"uv": [12.8, 15, 16, 15.8], "texture": "#0"},
				"up": {"uv": [14.4, 12.8, 16, 16], "texture": "#0"},
				"down": {"uv": [14.4, 12.8, 16, 16], "texture": "#0"}
			}
		},
		{
			"from": [6.25, 4, 11],
			"to": [9.75, 8.5, 12.25],
			"faces": {
				"north": {"uv": [13.2, 12, 16, 15.6], "texture": "#0"},
				"east": {"uv": [15, 12, 16, 15.6], "texture": "#0"},
				"south": {"uv": [13, 12, 15.8, 15.6], "texture": "#0"},
				"west": {"uv": [15, 12, 16, 15.6], "texture": "#0"},
				"up": {"uv": [13, 14, 15.8, 15], "texture": "#0"},
				"down": {"uv": [13, 13, 15.8, 14], "texture": "#0"}
			}
		},
		{
			"from": [6, 6.25, 4.5],
			"to": [10, 8.25, 5],
			"faces": {
				"north": {"uv": [0, 0, 3.2, 2.6], "texture": "#0"},
				"east": {"uv": [1, 0, 1.4, 1.6], "texture": "#0"},
				"south": {"uv": [0, 1, 3.2, 2.6], "texture": "#0"},
				"west": {"uv": [3, 0, 3.4, 1.6], "texture": "#0"},
				"up": {"uv": [0, 3, 3.2, 2.4], "texture": "#0"},
				"down": {"uv": [0, 2, 3.2, 2.4], "texture": "#0"}
			}
		},
		{
			"from": [11, 1.5, 6.5],
			"to": [12.75, 3, 8.5],
			"rotation": {"angle": -22.5, "axis": "x", "origin": [0, 0, 0]},
			"faces": {
				"north": {"uv": [14.6, 14, 16, 15.2], "texture": "#0"},
				"east": {"uv": [14, 14, 15.6, 15.2], "texture": "#0"},
				"south": {"uv": [14.6, 14.8, 16, 16], "texture": "#0"},
				"west": {"uv": [14.4, 14.8, 16, 16], "texture": "#0"},
				"up": {"uv": [14, 14, 15.4, 15.6], "texture": "#0"},
				"down": {"uv": [14, 14.4, 15.4, 16], "texture": "#0"}
			}
		},
		{
			"from": [11.25, 3, 6.75],
			"to": [12.5, 3.25, 8.25],
			"rotation": {"angle": -22.5, "axis": "x", "origin": [0, 0, 0]},
			"faces": {
				"north": {"uv": [0, 15.8, 1, 16], "texture": "#0"},
				"east": {"uv": [0, 15, 1.2, 15.2], "texture": "#0"},
				"south": {"uv": [1, 15.8, 2, 16], "texture": "#0"},
				"west": {"uv": [0, 14, 1.2, 14.2], "texture": "#0"},
				"up": {"uv": [0, 12, 1, 13.2], "texture": "#0"},
				"down": {"uv": [0, 10, 1, 11.2], "texture": "#0"}
			}
		},
		{
			"from": [11.75, 3, 7.5],
			"to": [12, 6, 7.75],
			"rotation": {"angle": -22.5, "axis": "x", "origin": [0, 0, 0]},
			"faces": {
				"north": {"uv": [3, 4, 3.2, 6.4], "texture": "#0"},
				"east": {"uv": [0, 4, 0.2, 6.4], "texture": "#0"},
				"south": {"uv": [2, 4, 2.2, 6.4], "texture": "#0"},
				"west": {"uv": [1, 4, 1.2, 6.4], "texture": "#0"},
				"up": {"uv": [1, 7, 1.2, 7.2], "texture": "#0"},
				"down": {"uv": [0, 7, 0.2, 7.2], "texture": "#0"}
			}
		},
		{
			"from": [11.75, 3, 7.75],
			"to": [12, 6, 8],
			"rotation": {"angle": -22.5, "axis": "x", "origin": [0, 0, 0]},
			"faces": {
				"north": {"uv": [3, 5, 3.2, 7.4], "texture": "#0"},
				"east": {"uv": [0, 5, 0.2, 7.4], "texture": "#0"},
				"south": {"uv": [2, 5, 2.2, 7.4], "texture": "#0"},
				"west": {"uv": [1, 5, 1.2, 7.4], "texture": "#0"},
				"up": {"uv": [1, 4, 1.2, 4.2], "texture": "#0"},
				"down": {"uv": [0, 4, 0.2, 4.2], "texture": "#0"}
			}
		},
		{
			"from": [11.75, 3, 7.25],
			"to": [12, 5.75, 7.5],
			"rotation": {"angle": -22.5, "axis": "x", "origin": [0, 0, 0]},
			"faces": {
				"north": {"uv": [12, 0, 12.2, 2.2], "texture": "#0"},
				"east": {"uv": [9, 0, 9.2, 2.2], "texture": "#0"},
				"south": {"uv": [11, 0, 11.2, 2.2], "texture": "#0"},
				"west": {"uv": [10, 0, 10.2, 2.2], "texture": "#0"},
				"up": {"uv": [10, 3, 10.2, 3.2], "texture": "#0"},
				"down": {"uv": [9, 3, 9.2, 3.2], "texture": "#0"}
			}
		},
		{
			"from": [11.75, 3, 7],
			"to": [12, 5.5, 7.25],
			"rotation": {"angle": -22.5, "axis": "x", "origin": [0, 0, 0]},
			"faces": {
				"north": {"uv": [12, 0, 12.2, 2], "texture": "#0"},
				"east": {"uv": [9, 0, 9.2, 2], "texture": "#0"},
				"south": {"uv": [11, 0, 11.2, 2], "texture": "#0"},
				"west": {"uv": [10, 0, 10.2, 2], "texture": "#0"},
				"up": {"uv": [10, 3, 10.2, 3.2], "texture": "#0"},
				"down": {"uv": [9, 3, 9.2, 3.2], "texture": "#0"}
			}
		}
	],
	"display": {
		"thirdperson_righthand": {
			"rotation": [61, 0, 0],
			"translation": [0, 3.25, 0]
		},
		"thirdperson_lefthand": {
			"rotation": [61, 0, 0],
			"translation": [0, 3.25, 0]
		},
		"firstperson_righthand": {
			"rotation": [0, 130, -17],
			"translation": [1.25, 5.25, 0],
			"scale": [1.19, 1.19, 1.19]
		},
		"firstperson_lefthand": {
			"rotation": [0, 130, -17],
			"translation": [1.25, 5.25, 0],
			"scale": [1.19, 1.19, 1.19]
		},
		"ground": {
			"translation": [0, 7.25, 0],
			"scale": [1.65, 1.65, 1.65]
		},
		"gui": {
			"rotation": [-170, 30, -180],
			"translation": [0, 7.75, 0],
			"scale": [4, 4, 4]
		},
		"head": {
			"translation": [0, 22, 0],
			"scale": [2, 2, 2]
		},
		"fixed": {
			"rotation": [-90, 0, 0],
			"translation": [0, 0, -32],
			"scale": [4, 4, 4]
		}
	},
	"groups": [
		0,
		1,
		2,
		3,
		4,
		5,
		6,
		7,
		8,
		9,
		10,
		11,
		12,
		13,
		{
			"name": "group",
			"origin": [8, 8, 8],
			"color": 0,
			"children": [14, 15, 16, 17, 18, 19]
		}
	]
}