{
  "parent": "minecraft:item/generated",
  "textures": {
    "layer0": "minecraft:item/golden_apple"
  },
 "overrides": [
  { "predicate": {"custom_model_data": 200}, "model": "item/cbljeyrgwzldsvdytcdymnmygmxrcaiv"},
  { "predicate": {"custom_model_data": 201}, "model": "item/ghwfgrwzpahiqkzxhrskqjfmazcxjfmq"},
  { "predicate": {"custom_model_data": 249}, "model": "item/uhrgijnhamvfggcpxptuvstzldifvdah"},
  { "predicate": {"custom_model_data": 250}, "model": "item/agtpcovnzdvqwqkrwkxmicdfdezwvidi"},
  { "predicate": {"custom_model_data": 255}, "model": "item/xsdgdabwdyauznsmxpgukcjvsemmnusk"},
  { "predicate": {"custom_model_data": 256}, "model": "item/hvhihwrtmhhajsuwdkstzwdvfrugnttf"}

]
}