{
	"credit": "Copyright © 2021-2099 Ikaho-Onsen Minecraft Server. All rights reserved.",
	"textures": {
		"0": "minecraft:item/glass_02",
		"particle": "minecraft:item/glass_02"
	},
	"elements": [
		{
			"from": [2.5, 3, 2.5],
			"to": [13.5, 7.5, 9.5],
			"rotation": {"angle": 0, "axis": "y", "origin": [0, -19.5, 0]},
			"faces": {
				"north": {"uv": [0, 0, 12, 5], "texture": "#0"}
			}
		},
		{
			"from": [2.5, 3, 2.5],
			"to": [13.5, 7.5, 9.5],
			"rotation": {"angle": 0, "axis": "y", "origin": [0, -19.5, 0]},
			"faces": {
				"north": {"uv": [0, 10, 12, 15], "texture": "#0", "tintindex": 0},
				"east": {"uv": [7, 5, 0, 10], "texture": "#0", "tintindex": 0},
				"west": {"uv": [0, 5, 7, 10], "texture": "#0", "tintindex": 0}
			}
		},
		{
			"name": "cube inverted",
			"from": [13.5, 7.5, 9.5],
			"to": [2.5, 3, 2.5],
			"rotation": {"angle": 0, "axis": "y", "origin": [0, -19.5, 0]},
			"faces": {
				"south": {"uv": [0, 5, 12, 0], "texture": "#0"}
			}
		},
		{
			"name": "cube inverted",
			"from": [13.5, 7.5, 9.5],
			"to": [2.5, 3, 2.5],
			"rotation": {"angle": 0, "axis": "y", "origin": [0, -19.5, 0]},
			"faces": {
				"east": {"uv": [0, 10, 7, 5], "texture": "#0", "tintindex": 0},
				"south": {"uv": [0, 15, 12, 10], "texture": "#0", "tintindex": 0},
				"west": {"uv": [7, 10, 0, 5], "texture": "#0", "tintindex": 0}
			}
		}
	],
	"gui_light": "front",
	"display": {
		"thirdperson_righthand": {
			"rotation": [75, 45, 0],
			"translation": [0, 2.5, 0],
			"scale": [0.375, 0.375, 0.375]
		},
		"thirdperson_lefthand": {
			"rotation": [75, 45, 0],
			"translation": [0, 2.5, 0],
			"scale": [0.375, 0.375, 0.375]
		},
		"firstperson_righthand": {
			"rotation": [0, 45, 0],
			"translation": [5.25, 0, 0],
			"scale": [0.4, 0.4, 0.4]
		},
		"firstperson_lefthand": {
			"rotation": [0, 45, 0],
			"translation": [5.25, 0, 0],
			"scale": [0.4, 0.4, 0.4]
		},
		"ground": {
			"rotation": [30, 0, 0],
			"translation": [0, 2, 1.25],
			"scale": [0.5, 0.5, 0.5]
		},
		"gui": {
			"rotation": [33, 135, 0],
			"translation": [1.75, 2, 0]
		},
		"head": {
			"scale": [1.4, 1.4, 1.4]
		},
		"fixed": {
			"rotation": [-73, 0, 0],
			"translation": [0, 4.5, -5.25],
			"scale": [2, 2, 2]
		}
	}
}