{
	"credit": "Copyright © 2021-2099 Ikaho-Onsen Minecraft Server. All rights reserved.",
	"ambientocclusion": false,
	"texture_size": [64, 64],
	"textures": {
		"0": "minecraft:item/cit/trapa_texture",
		"particle": "minecraft:item/cit/trapa_texture"
	},
	"elements": [
		{
			"from": [7.5, 9.6, 3.5],
			"to": [11.5, 9.6, 13.5],
			"rotation": {"angle": 22.5, "axis": "z", "origin": [11.5, 9.6, 1.5]},
			"faces": {
				"up": {"uv": [4, 0, 2, 5.5], "texture": "#0"}
			}
		},
		{
			"from": [4.1082, 9.6, 3.5],
			"to": [8.1082, 9.6, 13.5],
			"rotation": {"angle": -22.5, "axis": "z", "origin": [4.1082, 9.6, 1.5]},
			"faces": {
				"up": {"uv": [2, 0, 4, 5.5], "texture": "#0"}
			}
		},
		{
			"from": [11.5, 9.6, 3.5],
			"to": [15.5, 9.6, 13.5],
			"rotation": {"angle": 0, "axis": "y", "origin": [11.5, 9.6, 1.5]},
			"faces": {
				"up": {"uv": [2, 0, 0, 5.5], "texture": "#0"}
			}
		},
		{
			"from": [0.10858, 9.59992, 3.5],
			"to": [4.10858, 9.59992, 13.5],
			"rotation": {"angle": 0, "axis": "y", "origin": [4.10858, 9.59992, 1.5]},
			"faces": {
				"up": {"uv": [0, 0, 2, 5.5], "texture": "#0"}
			}
		},
		{
			"from": [7.5, 9.5, 3.5],
			"to": [11.5, 9.5, 13.5],
			"rotation": {"angle": 22.5, "axis": "z", "origin": [11.5, 9.5, 1.5]},
			"faces": {
				"down": {"uv": [8, 16, 4, 6], "texture": "#0"}
			}
		},
		{
			"from": [11.5, 9.5, 3.5],
			"to": [15.5, 9.5, 13.5],
			"rotation": {"angle": 0, "axis": "y", "origin": [11.5, 9.5, 1.5]},
			"faces": {
				"down": {"uv": [4, 16, 0, 6], "texture": "#0"}
			}
		},
		{
			"from": [4.1082, 9.5, 3.5],
			"to": [8.1082, 9.5, 13.5],
			"rotation": {"angle": -22.5, "axis": "z", "origin": [4.1082, 9.5, 1.5]},
			"faces": {
				"down": {"uv": [12, 16, 8, 6], "texture": "#0"}
			}
		},
		{
			"from": [0.10858, 9.49992, 3.5],
			"to": [4.10858, 9.49992, 13.5],
			"rotation": {"angle": 0, "axis": "y", "origin": [4.10858, 9.49992, 1.5]},
			"faces": {
				"down": {"uv": [16, 16, 12, 6], "texture": "#0"}
			}
		},
		{
			"from": [0.35676, 9.53903, 4],
			"to": [4.35676, 10.03903, 13],
			"rotation": {"angle": 0, "axis": "y", "origin": [3.35676, 9.23903, 2]},
			"faces": {
				"north": {"uv": [4, 6, 8, 5.5], "texture": "#0"},
				"south": {"uv": [4, 5.5, 8, 6], "texture": "#0"},
				"west": {"uv": [4, 5.5, 8, 6], "texture": "#0"},
				"up": {"uv": [4, 0, 6, 5.5], "texture": "#0"}
			}
		},
		{
			"from": [4.05023, 9.6, 4],
			"to": [7.75023, 10.1, 13],
			"rotation": {"angle": -22.5, "axis": "z", "origin": [4.05023, 9.3, 2]},
			"faces": {
				"north": {"uv": [4, 5.5, 7.7, 6], "texture": "#0"},
				"east": {"uv": [4, 5.5, 7.5, 6], "texture": "#0"},
				"south": {"uv": [4, 5.5, 7.7, 6], "texture": "#0"},
				"west": {"uv": [3, 0, 12, 0], "texture": "#0"},
				"up": {"uv": [6, 0, 8, 5.5], "texture": "#0"},
				"down": {"uv": [12.5, 0, 14.35, 4.5], "texture": "#0"}
			}
		},
		{
			"from": [7.8, 9.6, 4],
			"to": [11.5, 10.1, 13],
			"rotation": {"angle": 22.5, "axis": "z", "origin": [11.5, 9.3, 2]},
			"faces": {
				"north": {"uv": [4, 5.5, 7.7, 6], "texture": "#0"},
				"south": {"uv": [4, 5.5, 7.7, 6], "texture": "#0"},
				"west": {"uv": [4, 5.5, 8, 6], "texture": "#0"},
				"up": {"uv": [8, 0, 10, 5.5], "texture": "#0"}
			}
		},
		{
			"from": [11.19385, 9.5391, 4],
			"to": [15.19385, 10.0391, 13],
			"rotation": {"angle": 0, "axis": "y", "origin": [12.19385, 9.2391, 2]},
			"faces": {
				"north": {"uv": [4, 6, 8, 5.5], "texture": "#0"},
				"east": {"uv": [4, 5.5, 8, 6], "texture": "#0"},
				"south": {"uv": [4, 5.5, 8, 6], "texture": "#0"},
				"up": {"uv": [10, 0, 12, 5.5], "texture": "#0"}
			}
		},
		{
			"from": [1.5, 10, 3],
			"to": [3.5, 10, 4],
			"rotation": {"angle": 0, "axis": "y", "origin": [1.5, 10, 0]},
			"faces": {
				"up": {"uv": [12, 2.5, 13, 1.5], "texture": "#0"},
				"down": {"uv": [0, 0, 0.5, 0.25], "texture": "#0"}
			}
		},
		{
			"from": [8.34609, 9.27374, 13],
			"to": [10.34609, 9.27374, 14],
			"rotation": {"angle": 22.5, "axis": "z", "origin": [9.34609, 9.27374, 10]},
			"faces": {
				"up": {"uv": [12, 1.5, 13, 0.5], "texture": "#0"},
				"down": {"uv": [0, 0, 0.5, 0.25], "texture": "#0"}
			}
		},
		{
			"from": [11.19385, 9.6391, 4],
			"to": [15.19385, 10.1391, 13],
			"rotation": {"angle": 0, "axis": "y", "origin": [12.19385, 9.3391, 2]},
			"faces": {
				"up": {"uv": [14, 0, 16, 5.5], "texture": "#0"}
			}
		},
		{
			"from": [0.35676, 9.63903, 4],
			"to": [4.35676, 10.13903, 13],
			"rotation": {"angle": 0, "axis": "y", "origin": [3.35676, 9.23903, 2]},
			"faces": {
				"up": {"uv": [13, 0, 15, 5.5], "texture": "#0"}
			}
		},
		{
			"from": [4.05023, 9.7, 4],
			"to": [7.75023, 10.2, 13],
			"rotation": {"angle": -22.5, "axis": "z", "origin": [4.05023, 9.3, 2]},
			"faces": {
				"up": {"uv": [16, 5.5, 14, 0], "texture": "#0"}
			}
		}
	],
	"gui_light": "front",
	"display": {
		"thirdperson_righthand": {
			"rotation": [108, 0, 0],
			"translation": [-4.75, 5.75, 0.25]
		},
		"thirdperson_lefthand": {
			"rotation": [0, -180, 0],
			"translation": [0, 0.25, 2.5]
		},
		"firstperson_righthand": {
			"translation": [-8.75, -0.25, 0],
			"scale": [0.75, 0.75, 0.75]
		},
		"firstperson_lefthand": {
			"rotation": [-70, 180, 0],
			"translation": [0, 0.25, 2.5],
			"scale": [0.75, 0.75, 0.75]
		},
		"ground": {
			"rotation": [35, 0, 0],
			"translation": [0, 3, 0],
			"scale": [0.5, 0.5, 0.5]
		},
		"gui": {
			"rotation": [-147, -133, 0],
			"translation": [0.25, 0.5, 0],
			"scale": [0.8, 0.8, 0.8]
		},
		"head": {
			"rotation": [90, 0, 0],
			"translation": [1.25, 1.5, -10.75],
			"scale": [1.5, 1.5, 1.5]
		},
		"fixed": {
			"rotation": [90, 0, 0],
			"translation": [0.25, 0.75, -3.75],
			"scale": [2, 2, 2]
		}
	},
	"groups": [
		{
			"name": "group",
			"origin": [11.69385, -0.0609, 0.1],
			"color": 0,
			"nbt": "{}",
			"armAnimationEnabled": false,
			"children": [
				0,
				1,
				2,
				3,
				4,
				5,
				6,
				7,
				8,
				9,
				10,
				11,
				{
					"name": "group",
					"origin": [11.69385, -0.0609, 0.1],
					"color": 0,
					"nbt": "{}",
					"armAnimationEnabled": false,
					"children": [12, 13, 14, 15, 16]
				}
			]
		}
	]
}