{
	"credit": "Copyright © 2021-2099 Ikaho-Onsen Minecraft Server. All rights reserved.",
	"ambientocclusion": false,
	"textures": {
		"8": "block/yellow_concrete_powder",
		"340": "minecraft:item/wool_colored_black",
		"344": "minecraft:item/concrete_gray",
		"particle": "minecraft:block/light_blue_shulker_box"
	},
	"elements": [
		{
			"from": [11.28, 16.2, 14.86],
			"to": [16.2, 20.3, 15.68],
			"rotation": {"angle": 0, "axis": "y", "origin": [7.18, 14.56, -1.54]},
			"faces": {
				"north": {"uv": [0, 0, 1, 5], "texture": "#340"},
				"east": {"uv": [0, 0, 1, 5], "texture": "#340"},
				"south": {"uv": [0, 0, 6, 5], "texture": "#8"},
				"west": {"uv": [0, 0, 1, 5], "texture": "#340"},
				"up": {"uv": [0, 0, 1, 5], "rotation": 180, "texture": "#340"},
				"down": {"uv": [0, 0, 1, 5], "rotation": 180, "texture": "#340"}
			}
		},
		{
			"from": [-3.48, -2.66, 5.34],
			"to": [19.48, -1.84, 14.86],
			"rotation": {"angle": 0, "axis": "y", "origin": [0, 0, -12]},
			"faces": {
				"north": {"uv": [0, 0, 16, 16], "texture": "#344"},
				"east": {"uv": [0, 0, 16, 16], "texture": "#344"},
				"south": {"uv": [0, 0, 16, 16], "texture": "#344"},
				"west": {"uv": [0, 0, 16, 16], "texture": "#344"},
				"up": {"uv": [0, 0, 16, 16], "rotation": 180, "texture": "#344"},
				"down": {"uv": [0, 0, 16, 16], "rotation": 180, "texture": "#344"}
			}
		},
		{
			"from": [-3.48, 2.34, 3.66],
			"to": [19.48, 3.16, 14.86],
			"rotation": {"angle": 0, "axis": "y", "origin": [0, 0, -12]},
			"faces": {
				"north": {"uv": [0, 0, 16, 16], "texture": "#344"},
				"east": {"uv": [0, 0, 16, 16], "texture": "#344"},
				"south": {"uv": [0, 0, 16, 16], "texture": "#344"},
				"west": {"uv": [0, 0, 16, 16], "texture": "#344"},
				"up": {"uv": [0, 0, 16, 16], "rotation": 180, "texture": "#344"},
				"down": {"uv": [0, 0, 16, 16], "rotation": 180, "texture": "#344"}
			}
		},
		{
			"from": [-5.12, 2.26, 4.42],
			"to": [-4.3, 4.72, 14.86],
			"rotation": {"angle": 0, "axis": "y", "origin": [0, 0, -12]},
			"faces": {
				"north": {"uv": [0, 0, 1, 3], "texture": "#8"},
				"east": {"uv": [0, 0, 16, 3], "texture": "#344"},
				"south": {"uv": [0, 0, 1, 3], "texture": "#8"},
				"west": {"uv": [0, 0, 16, 3], "texture": "#8"},
				"up": {"uv": [0, 0, 1, 16], "rotation": 180, "texture": "#8"},
				"down": {"uv": [0, 0, 1, 16], "rotation": 180, "texture": "#8"}
			}
		},
		{
			"from": [-5.12, 2.26, 14.86],
			"to": [21.12, 16.2, 15.68],
			"rotation": {"angle": 0, "axis": "y", "origin": [0, 0, -12]},
			"faces": {
				"north": {"uv": [0, 0, 16, 16], "texture": "#8"},
				"east": {"uv": [1, 0, 2, 16], "texture": "#8"},
				"south": {"uv": [0, 0, 16, 16], "texture": "#8"},
				"west": {"uv": [0, 0, 1, 16], "texture": "#8"},
				"up": {"uv": [0, 0, 16, 1], "rotation": 180, "texture": "#8"},
				"down": {"uv": [0, 1, 16, 2], "rotation": 180, "texture": "#8"}
			}
		},
		{
			"from": [20.3, 2.26, 4.42],
			"to": [21.12, 4.72, 14.86],
			"rotation": {"angle": 0, "axis": "y", "origin": [0, 0, -12]},
			"faces": {
				"north": {"uv": [0, 0, 16, 3], "texture": "#8"},
				"east": {"uv": [0, 12, 16, 16], "texture": "#8"},
				"south": {"uv": [0, 4, 16, 8], "texture": "#8"},
				"west": {"uv": [0, 0, 16, 3], "texture": "#344"},
				"up": {"uv": [0, 0, 1, 16], "rotation": 180, "texture": "#8"},
				"down": {"uv": [0, 0, 0, 16], "rotation": 180, "texture": "#8"}
			}
		},
		{
			"from": [-5.12, 4.72, 10.76],
			"to": [-4.3, 16.2, 14.86],
			"rotation": {"angle": 0, "axis": "y", "origin": [0, 0, -12]},
			"faces": {
				"north": {"uv": [0, 0, 5, 14], "texture": "#8"},
				"east": {"uv": [0, 0, 5, 14], "texture": "#8"},
				"south": {"uv": [0, 0, 5, 14], "texture": "#8"},
				"west": {"uv": [0, 0, 5, 14], "texture": "#8"},
				"up": {"uv": [0, 0, 5, 14], "rotation": 180, "texture": "#8"},
				"down": {"uv": [0, 0, 5, 14], "rotation": 180, "texture": "#8"}
			}
		},
		{
			"from": [-5.12, 9.64, 8.3],
			"to": [-4.3, 22.76, 13.22],
			"rotation": {"angle": 22.5, "axis": "x", "origin": [8, 13.74, -6.46]},
			"faces": {
				"north": {"uv": [0, 0, 6, 16], "texture": "#8"},
				"east": {"uv": [0, 0, 6, 16], "texture": "#8"},
				"south": {"uv": [0, 0, 6, 16], "texture": "#8"},
				"west": {"uv": [0, 0, 6, 16], "texture": "#8"},
				"up": {"uv": [0, 0, 6, 16], "rotation": 180, "texture": "#8"},
				"down": {"uv": [0, 0, 6, 16], "rotation": 180, "texture": "#8"}
			}
		},
		{
			"from": [20.3, 9.64, 8.3],
			"to": [21.12, 22.76, 13.22],
			"rotation": {"angle": 22.5, "axis": "x", "origin": [32, 13.74, -6.46]},
			"faces": {
				"north": {"uv": [0, 0, 6, 16], "texture": "#8"},
				"east": {"uv": [0, 0, 6, 16], "texture": "#8"},
				"south": {"uv": [0, 0, 6, 16], "texture": "#8"},
				"west": {"uv": [0, 0, 6, 16], "texture": "#8"},
				"up": {"uv": [0, 0, 6, 16], "rotation": 180, "texture": "#8"},
				"down": {"uv": [0, 0, 6, 16], "rotation": 180, "texture": "#8"}
			}
		},
		{
			"from": [20.3, 4.72, 10.76],
			"to": [21.12, 16.2, 14.86],
			"rotation": {"angle": 0, "axis": "y", "origin": [0, 0, -12]},
			"faces": {
				"north": {"uv": [0, 0, 5, 14], "texture": "#8"},
				"east": {"uv": [0, 0, 5, 14], "texture": "#8"},
				"south": {"uv": [0, 0, 5, 14], "texture": "#8"},
				"west": {"uv": [0, 0, 5, 14], "texture": "#8"},
				"up": {"uv": [0, 0, 5, 14], "rotation": 180, "texture": "#8"},
				"down": {"uv": [0, 0, 5, 14], "rotation": 180, "texture": "#8"}
			}
		},
		{
			"from": [18.66, -1.84, 5.34],
			"to": [19.48, 1.44, 14.86],
			"rotation": {"angle": 0, "axis": "y", "origin": [0, 0, -12]},
			"faces": {
				"north": {"uv": [0, 0, 16, 4], "texture": "#344"},
				"east": {"uv": [0, 0, 16, 4], "texture": "#344"},
				"south": {"uv": [0, 0, 16, 4], "texture": "#344"},
				"west": {"uv": [0, 0, 16, 4], "texture": "#344"},
				"up": {"uv": [0, 0, 16, 4], "rotation": 180, "texture": "#344"},
				"down": {"uv": [0, 0, 16, 4], "rotation": 180, "texture": "#344"}
			}
		},
		{
			"from": [-3.48, -1.84, 5.34],
			"to": [-2.66, 1.44, 14.86],
			"rotation": {"angle": 0, "axis": "y", "origin": [0, 0, -12]},
			"faces": {
				"north": {"uv": [0, 0, 16, 4], "texture": "#344"},
				"east": {"uv": [0, 0, 16, 4], "texture": "#344"},
				"south": {"uv": [0, 0, 16, 4], "texture": "#344"},
				"west": {"uv": [0, 0, 16, 4], "texture": "#344"},
				"up": {"uv": [0, 0, 16, 4], "rotation": 180, "texture": "#344"},
				"down": {"uv": [0, 0, 16, 4], "rotation": 180, "texture": "#344"}
			}
		},
		{
			"from": [-2.66, -1.84, 14.04],
			"to": [18.66, 3.08, 14.86],
			"rotation": {"angle": 0, "axis": "y", "origin": [0, 0, -12]},
			"faces": {
				"north": {"uv": [0, 0, 16, 6], "texture": "#344"},
				"east": {"uv": [0, 0, 16, 6], "texture": "#344"},
				"south": {"uv": [0, 0, 16, 6], "texture": "#344"},
				"west": {"uv": [0, 0, 16, 6], "texture": "#344"},
				"up": {"uv": [0, 0, 16, 6], "rotation": 180, "texture": "#344"},
				"down": {"uv": [0, 0, 16, 6], "rotation": 180, "texture": "#344"}
			}
		},
		{
			"from": [-3.48, -6, -0.9],
			"to": [19.48, -0.3, -0.08],
			"rotation": {"angle": -22.5, "axis": "x", "origin": [7.18, 11.28, -6.46]},
			"faces": {
				"north": {"uv": [0, 0, 16, 6], "texture": "#344"},
				"east": {"uv": [0, 0, 16, 6], "texture": "#344"},
				"south": {"uv": [0, 0, 16, 6], "texture": "#344"},
				"west": {"uv": [0, 0, 16, 6], "texture": "#344"},
				"up": {"uv": [0, 0, 16, 6], "rotation": 180, "texture": "#344"},
				"down": {"uv": [0, 0, 16, 6], "rotation": 180, "texture": "#344"}
			}
		},
		{
			"from": [18.66, 1.44, 3.7],
			"to": [20.3, 4.72, 14.86],
			"rotation": {"angle": 0, "axis": "y", "origin": [0, 0, -12]},
			"faces": {
				"north": {"uv": [0, 0, 2, 4], "texture": "#344"},
				"east": {"uv": [0, 0, 2, 4], "texture": "#344"},
				"south": {"uv": [0, 0, 2, 4], "texture": "#344"},
				"west": {"uv": [0, 0, 2, 4], "texture": "#344"},
				"up": {"uv": [0, 0, 2, 4], "rotation": 180, "texture": "#344"},
				"down": {"uv": [0, 0, 2, 4], "rotation": 180, "texture": "#344"}
			}
		},
		{
			"from": [-4.3, 1.44, 3.7],
			"to": [-2.66, 4.72, 14.86],
			"rotation": {"angle": 0, "axis": "y", "origin": [0, 0, -12]},
			"faces": {
				"north": {"uv": [0, 0, 2, 16], "texture": "#344"},
				"east": {"uv": [0, 0, 2, 16], "texture": "#344"},
				"south": {"uv": [0, 0, 2, 16], "texture": "#344"},
				"west": {"uv": [0, 0, 2, 16], "texture": "#344"},
				"up": {"uv": [0, 0, 2, 16], "rotation": 180, "texture": "#344"},
				"down": {"uv": [0, 0, 2, 16], "rotation": 180, "texture": "#344"}
			}
		},
		{
			"from": [18.66, -6, -0.4],
			"to": [19.48, -0.26, 0.42],
			"rotation": {"angle": -22.5, "axis": "x", "origin": [29.32, 12.1, -6.46]},
			"faces": {
				"north": {"uv": [0, 0, 1, 7], "texture": "#344"},
				"east": {"uv": [0, 0, 1, 7], "texture": "#344"},
				"south": {"uv": [0, 0, 1, 7], "texture": "#344"},
				"west": {"uv": [0, 0, 1, 7], "texture": "#344"},
				"up": {"uv": [0, 0, 1, 7], "rotation": 180, "texture": "#344"},
				"down": {"uv": [0, 0, 1, 7], "rotation": 180, "texture": "#344"}
			}
		},
		{
			"from": [-3.34, -6, -0.4],
			"to": [-2.52, -0.26, 0.42],
			"rotation": {"angle": -22.5, "axis": "x", "origin": [29.32, 12.1, -6.46]},
			"faces": {
				"north": {"uv": [0, 0, 1, 7], "texture": "#344"},
				"east": {"uv": [0, 0, 1, 7], "texture": "#344"},
				"south": {"uv": [0, 0, 1, 7], "texture": "#344"},
				"west": {"uv": [0, 0, 1, 7], "texture": "#344"},
				"up": {"uv": [0, 0, 1, 7], "rotation": 180, "texture": "#344"},
				"down": {"uv": [0, 0, 1, 7], "rotation": 180, "texture": "#344"}
			}
		},
		{
			"from": [-1.84, 3.08, 2.56],
			"to": [6.36, 3.9, 10.76],
			"rotation": {"angle": 0, "axis": "y", "origin": [0, 0, -12]},
			"faces": {
				"north": {"uv": [0, 0, 10, 10], "texture": "#340"},
				"east": {"uv": [0, 0, 10, 10], "texture": "#340"},
				"south": {"uv": [0, 0, 10, 10], "texture": "#340"},
				"west": {"uv": [0, 0, 10, 10], "texture": "#340"},
				"up": {"uv": [0, 0, 10, 10], "rotation": 180, "texture": "#340"},
				"down": {"uv": [0, 0, 10, 10], "rotation": 180, "texture": "#340"}
			}
		},
		{
			"from": [9.64, 3.08, 2.56],
			"to": [17.84, 3.9, 10.76],
			"rotation": {"angle": 0, "axis": "y", "origin": [0, 0, -12]},
			"faces": {
				"north": {"uv": [0, 0, 10, 10], "texture": "#340"},
				"east": {"uv": [0, 0, 10, 10], "texture": "#340"},
				"south": {"uv": [0, 0, 10, 10], "texture": "#340"},
				"west": {"uv": [0, 0, 10, 10], "texture": "#340"},
				"up": {"uv": [0, 0, 10, 10], "rotation": 180, "texture": "#340"},
				"down": {"uv": [0, 0, 10, 10], "rotation": 180, "texture": "#340"}
			}
		},
		{
			"from": [9.64, 9.64, 9.12],
			"to": [17.84, 24.4, 9.94],
			"rotation": {"angle": 22.5, "axis": "x", "origin": [8, 8, -7.28]},
			"faces": {
				"north": {"uv": [0, 0, 10, 16], "texture": "#340"},
				"east": {"uv": [0, 0, 1, 16], "texture": "#340"},
				"south": {"uv": [0, 0, 10, 16], "texture": "#340"},
				"west": {"uv": [0, 0, 1, 16], "texture": "#340"},
				"up": {"uv": [0, 0, 10, 1], "rotation": 180, "texture": "#340"},
				"down": {"uv": [0, 0, 10, 1], "rotation": 180, "texture": "#340"}
			}
		},
		{
			"from": [-1.84, 9.64, 9.12],
			"to": [6.36, 24.4, 9.94],
			"rotation": {"angle": 22.5, "axis": "x", "origin": [-3.48, 8, -7.28]},
			"faces": {
				"north": {"uv": [0, 0, 10, 16], "texture": "#340"},
				"east": {"uv": [0, 0, 1, 16], "texture": "#340"},
				"south": {"uv": [0, 0, 10, 16], "texture": "#340"},
				"west": {"uv": [0, 0, 1, 16], "texture": "#340"},
				"up": {"uv": [0, 0, 10, 1], "rotation": 180, "texture": "#340"},
				"down": {"uv": [0, 0, 10, 1], "rotation": 180, "texture": "#340"}
			}
		},
		{
			"from": [-4.3, 9.64, 12.4],
			"to": [20.3, 22.76, 13.22],
			"rotation": {"angle": 22.5, "axis": "x", "origin": [6.36, 14.56, -5.64]},
			"faces": {
				"north": {"uv": [0, 0, 16, 16], "texture": "#8"},
				"east": {"uv": [0, 0, 16, 16], "texture": "#8"},
				"south": {"uv": [0, 0, 16, 16], "texture": "#8"},
				"west": {"uv": [0, 0, 16, 16], "texture": "#8"},
				"up": {"uv": [0, 0, 16, 16], "rotation": 180, "texture": "#8"},
				"down": {"uv": [0, 0, 16, 16], "rotation": 180, "texture": "#8"}
			}
		},
		{
			"from": [-0.2, 16.2, 14.86],
			"to": [4.72, 20.3, 15.68],
			"rotation": {"angle": 0, "axis": "y", "origin": [-4.3, 14.56, -1.54]},
			"faces": {
				"north": {"uv": [0, 0, 6, 5], "texture": "#340"},
				"east": {"uv": [0, 0, 6, 5], "texture": "#340"},
				"south": {"uv": [0, 0, 6, 5], "texture": "#8"},
				"west": {"uv": [0, 0, 6, 5], "texture": "#340"},
				"up": {"uv": [0, 0, 6, 5], "rotation": 180, "texture": "#340"},
				"down": {"uv": [0, 0, 6, 5], "rotation": 180, "texture": "#340"}
			}
		}
	],
	"display": {
		"thirdperson_righthand": {
			"scale": [2.5, 2.5, 2.5]
		},
		"head": {
			"scale": [2.05, 2.05, 2.05]
		}
	},
	"groups": [
		{
			"name": "group",
			"origin": [-4.3, 14.56, 10.46],
			"color": 0,
			"nbt": "{}",
			"armAnimationEnabled": false,
			"children": [0, 1, 2, 3, 4, 5, 6, 7, 8, 9, 10, 11, 12, 13, 14, 15, 16, 17, 18, 19, 20, 21, 22, 23]
		}
	]
}