{
	"credit": "Copyright © 2021-2099 Ikaho-Onsen Minecraft Server. All rights reserved.",
	"textures": {
		"0": "minecraft:item/redmoon",
		"particle": "minecraft:item/redmoon"
	},
	"elements": [
		{
			"from": [7, 0, 7.25],
			"to": [9, 0.5, 8.75],
			"rotation": {"angle": 45, "axis": "z", "origin": [8, 1, 8]},
			"faces": {
				"north": {"uv": [13, 14, 15, 14.5], "texture": "#0"},
				"east": {"uv": [13, 14, 14.5, 14.5], "texture": "#0"},
				"south": {"uv": [13, 14, 15, 14.5], "texture": "#0"},
				"west": {"uv": [13, 14, 14.5, 14.5], "texture": "#0"},
				"up": {"uv": [13, 14, 15, 15.5], "texture": "#0"},
				"down": {"uv": [13, 14, 15, 15.5], "texture": "#0"}
			}
		},
		{
			"from": [7, 1.5, 7.25],
			"to": [9, 2, 8.75],
			"rotation": {"angle": 45, "axis": "z", "origin": [8, 1, 8]},
			"faces": {
				"north": {"uv": [13, 14, 15, 14.5], "texture": "#0"},
				"east": {"uv": [13, 14, 14.5, 14.5], "texture": "#0"},
				"south": {"uv": [13, 14, 15, 14.5], "texture": "#0"},
				"west": {"uv": [13, 14, 14.5, 14.5], "texture": "#0"},
				"up": {"uv": [13, 14, 15, 15.5], "texture": "#0"},
				"down": {"uv": [13, 14, 15, 15.5], "texture": "#0"}
			}
		},
		{
			"from": [7, 0.5, 7.25],
			"to": [7.5, 1.5, 8.75],
			"rotation": {"angle": 45, "axis": "z", "origin": [8, 1, 8]},
			"faces": {
				"north": {"uv": [13, 14, 13.5, 15], "texture": "#0"},
				"east": {"uv": [13, 14, 14.5, 15], "texture": "#0"},
				"south": {"uv": [13, 14, 13.5, 15], "texture": "#0"},
				"west": {"uv": [13, 14, 14.5, 15], "texture": "#0"},
				"up": {"uv": [13, 14, 13.5, 15.5], "texture": "#0"},
				"down": {"uv": [13, 14, 13.5, 15.5], "texture": "#0"}
			}
		},
		{
			"from": [8.5, 0.5, 7.25],
			"to": [9, 1.5, 8.75],
			"rotation": {"angle": 45, "axis": "z", "origin": [8, 1, 8]},
			"faces": {
				"north": {"uv": [13, 14, 13.5, 15], "texture": "#0"},
				"east": {"uv": [13, 14, 14.5, 15], "texture": "#0"},
				"south": {"uv": [13, 14, 13.5, 15], "texture": "#0"},
				"west": {"uv": [13, 14, 14.5, 15], "texture": "#0"},
				"up": {"uv": [13, 14, 13.5, 15.5], "texture": "#0"},
				"down": {"uv": [13, 14, 13.5, 15.5], "texture": "#0"}
			}
		},
		{
			"from": [7.5, 0.5, 7.75],
			"to": [8.5, 1.5, 8.25],
			"rotation": {"angle": 45, "axis": "z", "origin": [8, 1, 8]},
			"faces": {
				"north": {"uv": [10, 1, 11, 2], "texture": "#0"},
				"east": {"uv": [10, 1, 10.5, 2], "texture": "#0"},
				"south": {"uv": [10, 1, 11, 2], "texture": "#0"},
				"west": {"uv": [10, 1, 10.5, 2], "texture": "#0"},
				"up": {"uv": [10, 1, 11, 1.5], "texture": "#0"},
				"down": {"uv": [10, 1, 11, 1.5], "texture": "#0"}
			}
		},
		{
			"from": [6.5, 6.75, 7.25],
			"to": [9.5, 7.25, 8.75],
			"rotation": {"angle": 45, "axis": "z", "origin": [8, 8.25, 8]},
			"faces": {
				"north": {"uv": [13, 14, 16, 14.5], "texture": "#0"},
				"east": {"uv": [13, 14, 14.5, 14.5], "texture": "#0"},
				"south": {"uv": [13, 14, 16, 14.5], "texture": "#0"},
				"west": {"uv": [13, 14, 14.5, 14.5], "texture": "#0"},
				"up": {"uv": [13, 14, 16, 15.5], "texture": "#0"},
				"down": {"uv": [13, 14, 16, 15.5], "texture": "#0"}
			}
		},
		{
			"from": [6.5, 9.25, 7.25],
			"to": [9.5, 9.75, 8.75],
			"rotation": {"angle": 45, "axis": "z", "origin": [8, 8.25, 8]},
			"faces": {
				"north": {"uv": [13, 14, 16, 14.5], "texture": "#0"},
				"east": {"uv": [13, 14, 14.5, 14.5], "texture": "#0"},
				"south": {"uv": [13, 14, 16, 14.5], "texture": "#0"},
				"west": {"uv": [13, 14, 14.5, 14.5], "texture": "#0"},
				"up": {"uv": [13, 14, 16, 15.5], "texture": "#0"},
				"down": {"uv": [13, 14, 16, 15.5], "texture": "#0"}
			}
		},
		{
			"from": [6.5, 7.25, 7.25],
			"to": [7, 9.25, 8.75],
			"rotation": {"angle": 45, "axis": "z", "origin": [8, 8.25, 8]},
			"faces": {
				"north": {"uv": [13, 14, 13.5, 16], "texture": "#0"},
				"east": {"uv": [13, 14, 14.5, 16], "texture": "#0"},
				"south": {"uv": [13, 14, 13.5, 16], "texture": "#0"},
				"west": {"uv": [13, 14, 14.5, 16], "texture": "#0"},
				"up": {"uv": [13, 14, 13.5, 15.5], "texture": "#0"},
				"down": {"uv": [13, 14, 13.5, 15.5], "texture": "#0"}
			}
		},
		{
			"from": [9, 7.25, 7.25],
			"to": [9.5, 9.25, 8.75],
			"rotation": {"angle": 45, "axis": "z", "origin": [8, 8.25, 8]},
			"faces": {
				"north": {"uv": [13, 14, 13.5, 16], "texture": "#0"},
				"east": {"uv": [13, 14, 14.5, 16], "texture": "#0"},
				"south": {"uv": [13, 14, 13.5, 16], "texture": "#0"},
				"west": {"uv": [13, 14, 14.5, 16], "texture": "#0"},
				"up": {"uv": [13, 14, 13.5, 15.5], "texture": "#0"},
				"down": {"uv": [13, 14, 13.5, 15.5], "texture": "#0"}
			}
		},
		{
			"from": [7, 7.25, 7.7],
			"to": [9, 9.25, 8.3],
			"rotation": {"angle": 45, "axis": "z", "origin": [8, 8.25, 8]},
			"faces": {
				"north": {"uv": [9.5, 0, 11.5, 2], "texture": "#0"},
				"east": {"uv": [9.5, 0, 10.1, 2], "texture": "#0"},
				"south": {"uv": [9.5, 0, 11.5, 2], "texture": "#0"},
				"west": {"uv": [9.5, 0, 10.1, 2], "texture": "#0"},
				"up": {"uv": [9.5, 0, 11.5, 0.6], "texture": "#0"},
				"down": {"uv": [9.5, 0, 11.5, 0.6], "texture": "#0"}
			}
		},
		{
			"from": [7.5, 1.75, 7.5],
			"to": [8.5, 6.75, 8.5],
			"faces": {
				"north": {"uv": [13, 9.5, 14, 14.5], "texture": "#0"},
				"east": {"uv": [13, 9.5, 14, 14.5], "texture": "#0"},
				"south": {"uv": [13, 9.5, 14, 14.5], "texture": "#0"},
				"west": {"uv": [13, 9.5, 14, 14.5], "texture": "#0"},
				"up": {"uv": [13, 13, 14, 14], "texture": "#0"},
				"down": {"uv": [13, 13, 14, 14], "texture": "#0"}
			}
		},
		{
			"from": [9.5, 7.75, 7.5],
			"to": [11.5, 8.75, 8.5],
			"faces": {
				"north": {"uv": [10, 14.5, 12, 15.5], "texture": "#0"},
				"east": {"uv": [10, 14.5, 11, 15.5], "texture": "#0"},
				"south": {"uv": [10, 14.5, 12, 15.5], "texture": "#0"},
				"west": {"uv": [10, 14.5, 11, 15.5], "texture": "#0"},
				"up": {"uv": [10, 14.5, 12, 15.5], "texture": "#0"},
				"down": {"uv": [10, 14.5, 12, 15.5], "texture": "#0"}
			}
		},
		{
			"from": [4.5, 7.75, 7.5],
			"to": [6.5, 8.75, 8.5],
			"faces": {
				"north": {"uv": [10, 14.5, 12, 15.5], "texture": "#0"},
				"east": {"uv": [10, 14.5, 11, 15.5], "texture": "#0"},
				"south": {"uv": [10, 14.5, 12, 15.5], "texture": "#0"},
				"west": {"uv": [10, 14.5, 11, 15.5], "texture": "#0"},
				"up": {"uv": [10, 14.5, 12, 15.5], "texture": "#0"},
				"down": {"uv": [10, 14.5, 12, 15.5], "texture": "#0"}
			}
		},
		{
			"from": [4.5, 7.5, 7.75],
			"to": [6.5, 9, 8.25],
			"faces": {
				"north": {"uv": [10, 14.5, 12, 16], "texture": "#0"},
				"east": {"uv": [10, 14.5, 10.5, 16], "texture": "#0"},
				"south": {"uv": [10, 14.5, 12, 16], "texture": "#0"},
				"west": {"uv": [10, 14.5, 10.5, 16], "texture": "#0"},
				"up": {"uv": [10, 14.5, 12, 15], "texture": "#0"},
				"down": {"uv": [10, 14.5, 12, 15], "texture": "#0"}
			}
		},
		{
			"from": [9.5, 7.5, 7.75],
			"to": [11.5, 9, 8.25],
			"faces": {
				"north": {"uv": [10, 14.5, 12, 16], "texture": "#0"},
				"east": {"uv": [10, 14.5, 10.5, 16], "texture": "#0"},
				"south": {"uv": [10, 14.5, 12, 16], "texture": "#0"},
				"west": {"uv": [10, 14.5, 10.5, 16], "texture": "#0"},
				"up": {"uv": [10, 14.5, 12, 15], "texture": "#0"},
				"down": {"uv": [10, 14.5, 12, 15], "texture": "#0"}
			}
		},
		{
			"from": [4, 7, 7.25],
			"to": [4.75, 11, 8.75],
			"faces": {
				"north": {"uv": [14, 11, 14.75, 15], "texture": "#0"},
				"east": {"uv": [14, 11, 15.5, 15], "texture": "#0"},
				"south": {"uv": [14, 11, 14.75, 15], "texture": "#0"},
				"west": {"uv": [14, 11, 15.5, 15], "texture": "#0"},
				"up": {"uv": [14, 11, 14.75, 12.5], "texture": "#0"},
				"down": {"uv": [14, 11, 14.75, 12.5], "texture": "#0"}
			}
		},
		{
			"from": [3.75, 7, 7.5],
			"to": [4, 11, 8.5],
			"faces": {
				"north": {"uv": [14, 11, 14.25, 15], "texture": "#0"},
				"east": {"uv": [14, 11, 15, 15], "texture": "#0"},
				"south": {"uv": [14, 11, 14.25, 15], "texture": "#0"},
				"west": {"uv": [14, 11, 15, 15], "texture": "#0"},
				"up": {"uv": [14, 11, 14.25, 12], "texture": "#0"},
				"down": {"uv": [14, 11, 14.25, 12], "texture": "#0"}
			}
		},
		{
			"from": [4.25, 7, 7],
			"to": [4.5, 11, 9],
			"faces": {
				"north": {"uv": [14, 11, 14.25, 15], "texture": "#0"},
				"east": {"uv": [14, 11, 16, 15], "texture": "#0"},
				"south": {"uv": [14, 11, 14.25, 15], "texture": "#0"},
				"west": {"uv": [14, 11, 16, 15], "texture": "#0"},
				"up": {"uv": [14, 11, 14.25, 13], "texture": "#0"},
				"down": {"uv": [14, 11, 14.25, 13], "texture": "#0"}
			}
		},
		{
			"from": [4.25, 6.75, 7.25],
			"to": [4.5, 11.25, 8.75],
			"faces": {
				"north": {"uv": [14, 11, 14.25, 15.5], "texture": "#0"},
				"east": {"uv": [14, 11, 15.5, 15.5], "texture": "#0"},
				"south": {"uv": [14, 11, 14.25, 15.5], "texture": "#0"},
				"west": {"uv": [14, 11, 15.5, 15.5], "texture": "#0"},
				"up": {"uv": [14, 11, 14.25, 12.5], "texture": "#0"},
				"down": {"uv": [14, 11, 14.25, 12.5], "texture": "#0"}
			}
		},
		{
			"from": [4, 6.75, 7.5],
			"to": [4.75, 11.25, 8.5],
			"faces": {
				"north": {"uv": [14, 11, 14.75, 15.5], "texture": "#0"},
				"east": {"uv": [14, 11, 15, 15.5], "texture": "#0"},
				"south": {"uv": [14, 11, 14.75, 15.5], "texture": "#0"},
				"west": {"uv": [14, 11, 15, 15.5], "texture": "#0"},
				"up": {"uv": [14, 11, 14.75, 12], "texture": "#0"},
				"down": {"uv": [14, 11, 14.75, 12], "texture": "#0"}
			}
		},
		{
			"from": [4.25, 6.5, 7.5],
			"to": [4.5, 11.5, 8.5],
			"faces": {
				"north": {"uv": [14, 11, 14.25, 16], "texture": "#0"},
				"east": {"uv": [14, 11, 15, 16], "texture": "#0"},
				"south": {"uv": [14, 11, 14.25, 16], "texture": "#0"},
				"west": {"uv": [14, 11, 15, 16], "texture": "#0"},
				"up": {"uv": [14, 11, 14.25, 12], "texture": "#0"},
				"down": {"uv": [14, 11, 14.25, 12], "texture": "#0"}
			}
		},
		{
			"from": [11.25, 7, 7.25],
			"to": [12, 11, 8.75],
			"rotation": {"angle": 0, "axis": "y", "origin": [8, 0, 8]},
			"faces": {
				"north": {"uv": [14, 11, 14.75, 15], "texture": "#0"},
				"east": {"uv": [14, 11, 15.5, 15], "texture": "#0"},
				"south": {"uv": [14, 11, 14.75, 15], "texture": "#0"},
				"west": {"uv": [14, 11, 15.5, 15], "texture": "#0"},
				"up": {"uv": [14, 11, 14.75, 12.5], "rotation": 180, "texture": "#0"},
				"down": {"uv": [14, 11, 14.75, 12.5], "rotation": 180, "texture": "#0"}
			}
		},
		{
			"from": [12, 7, 7.5],
			"to": [12.25, 11, 8.5],
			"rotation": {"angle": 0, "axis": "y", "origin": [8, 0, 8]},
			"faces": {
				"north": {"uv": [14, 11, 14.25, 15], "texture": "#0"},
				"east": {"uv": [14, 11, 15, 15], "texture": "#0"},
				"south": {"uv": [14, 11, 14.25, 15], "texture": "#0"},
				"west": {"uv": [14, 11, 15, 15], "texture": "#0"},
				"up": {"uv": [14, 11, 14.25, 12], "rotation": 180, "texture": "#0"},
				"down": {"uv": [14, 11, 14.25, 12], "rotation": 180, "texture": "#0"}
			}
		},
		{
			"from": [11.5, 7, 7],
			"to": [11.75, 11, 9],
			"rotation": {"angle": 0, "axis": "y", "origin": [8, 0, 8]},
			"faces": {
				"north": {"uv": [14, 11, 14.25, 15], "texture": "#0"},
				"east": {"uv": [14, 11, 16, 15], "texture": "#0"},
				"south": {"uv": [14, 11, 14.25, 15], "texture": "#0"},
				"west": {"uv": [14, 11, 16, 15], "texture": "#0"},
				"up": {"uv": [14, 11, 14.25, 13], "rotation": 180, "texture": "#0"},
				"down": {"uv": [14, 11, 14.25, 13], "rotation": 180, "texture": "#0"}
			}
		},
		{
			"from": [11.5, 6.75, 7.25],
			"to": [11.75, 11.25, 8.75],
			"rotation": {"angle": 0, "axis": "y", "origin": [8, 0, 8]},
			"faces": {
				"north": {"uv": [14, 11, 14.25, 15.5], "texture": "#0"},
				"east": {"uv": [14, 11, 15.5, 15.5], "texture": "#0"},
				"south": {"uv": [14, 11, 14.25, 15.5], "texture": "#0"},
				"west": {"uv": [14, 11, 15.5, 15.5], "texture": "#0"},
				"up": {"uv": [14, 11, 14.25, 12.5], "rotation": 180, "texture": "#0"},
				"down": {"uv": [14, 11, 14.25, 12.5], "rotation": 180, "texture": "#0"}
			}
		},
		{
			"from": [11.25, 6.75, 7.5],
			"to": [12, 11.25, 8.5],
			"rotation": {"angle": 0, "axis": "y", "origin": [8, 0, 8]},
			"faces": {
				"north": {"uv": [14, 11, 14.75, 15.5], "texture": "#0"},
				"east": {"uv": [14, 11, 15, 15.5], "texture": "#0"},
				"south": {"uv": [14, 11, 14.75, 15.5], "texture": "#0"},
				"west": {"uv": [14, 11, 15, 15.5], "texture": "#0"},
				"up": {"uv": [14, 11, 14.75, 12], "rotation": 180, "texture": "#0"},
				"down": {"uv": [14, 11, 14.75, 12], "rotation": 180, "texture": "#0"}
			}
		},
		{
			"from": [11.5, 6.5, 7.5],
			"to": [11.75, 11.5, 8.5],
			"rotation": {"angle": 0, "axis": "y", "origin": [8, 0, 8]},
			"faces": {
				"north": {"uv": [14, 11, 14.25, 16], "texture": "#0"},
				"east": {"uv": [14, 11, 15, 16], "texture": "#0"},
				"south": {"uv": [14, 11, 14.25, 16], "texture": "#0"},
				"west": {"uv": [14, 11, 15, 16], "texture": "#0"},
				"up": {"uv": [14, 11, 14.25, 12], "rotation": 180, "texture": "#0"},
				"down": {"uv": [14, 11, 14.25, 12], "rotation": 180, "texture": "#0"}
			}
		},
		{
			"from": [7, 8.75, 7.875],
			"to": [9, 31, 8.125],
			"faces": {
				"north": {"uv": [2.9125, 0, 4.9125, 16], "texture": "#0"},
				"east": {"uv": [2.9125, 0, 3.1625, 16], "texture": "#0"},
				"south": {"uv": [2.9125, 0, 4.9125, 16], "texture": "#0"},
				"west": {"uv": [2.9125, 0, 3.1625, 16], "texture": "#0"},
				"up": {"uv": [2.9125, 0, 4.9125, 0.25], "texture": "#0"},
				"down": {"uv": [2.9125, 0, 4.9125, 0.25], "texture": "#0"}
			}
		},
		{
			"from": [7.5, 31, 7.875],
			"to": [8.5, 32, 8.125],
			"faces": {
				"north": {"uv": [0, 0, 1, 1], "texture": "#0"},
				"east": {"uv": [0, 0, 0.25, 1], "texture": "#0"},
				"south": {"uv": [0, 0, 1, 1], "texture": "#0"},
				"west": {"uv": [0, 0, 0.25, 1], "texture": "#0"},
				"up": {"uv": [0, 0, 1, 0.25], "texture": "#0"},
				"down": {"uv": [0, 0, 1, 0.25], "texture": "#0"}
			}
		},
		{
			"from": [7.5, 8.75, 7.75],
			"to": [8.5, 31, 8.25],
			"faces": {
				"north": {"uv": [2.9125, 0, 3.9125, 16], "texture": "#0"},
				"east": {"uv": [2.9125, 0, 3.4125, 16], "texture": "#0"},
				"south": {"uv": [2.9125, 0, 3.9125, 16], "texture": "#0"},
				"west": {"uv": [2.9125, 0, 3.4125, 16], "texture": "#0"},
				"up": {"uv": [2.9125, 0, 3.9125, 0.5], "texture": "#0"},
				"down": {"uv": [2.9125, 0, 3.9125, 0.5], "texture": "#0"}
			}
		},
		{
			"from": [9, 8.75, 7.875],
			"to": [9.5, 30, 8.125],
			"faces": {
				"north": {"uv": [0, 0, 0.5, 16], "texture": "#0"},
				"east": {"uv": [0, 0, 0.25, 16], "texture": "#0"},
				"south": {"uv": [0, 0, 0.5, 16], "texture": "#0"},
				"west": {"uv": [0, 0, 0.25, 16], "texture": "#0"},
				"up": {"uv": [0, 0, 0.5, 0.25], "texture": "#0"},
				"down": {"uv": [0, 0, 0.5, 0.25], "texture": "#0"}
			}
		},
		{
			"from": [6.5, 8.75, 7.875],
			"to": [7, 30, 8.125],
			"faces": {
				"north": {"uv": [0, 0, 0.5, 16], "texture": "#0"},
				"east": {"uv": [0, 0, 0.25, 16], "texture": "#0"},
				"south": {"uv": [0, 0, 0.5, 16], "texture": "#0"},
				"west": {"uv": [0, 0, 0.25, 16], "texture": "#0"},
				"up": {"uv": [0, 0, 0.5, 0.25], "texture": "#0"},
				"down": {"uv": [0, 0, 0.5, 0.25], "texture": "#0"}
			}
		}
	],
	"display": {
		"thirdperson_righthand": {
			"rotation": [0, 110, 0],
			"translation": [0, 3, 0],
			"scale": [1.5, 1.5, 1.5]
		},
		"thirdperson_lefthand": {
			"rotation": [0, 110, 0],
			"translation": [0, 3, 0],
			"scale": [1.5, 1.5, 1.5]
		},
		"firstperson_righthand": {
			"rotation": [-37, -77, -17],
			"translation": [3.25, 2.25, 0],
			"scale": [0.7, 0.7, 0.7]
		},
		"firstperson_lefthand": {
			"rotation": [-37, -77, -17],
			"translation": [3.25, 2.25, 0],
			"scale": [0.7, 0.7, 0.7]
		},
		"ground": {
			"translation": [0, 5, 0]
		},
		"gui": {
			"rotation": [0, 0, -45],
			"translation": [-4, -4, 0],
			"scale": [0.75, 0.75, 0.75]
		},
		"head": {
			"rotation": [0, 0, 120],
			"translation": [9.75, -6.75, 4],
			"scale": [1.5, 1.5, 1.5]
		},
		"fixed": {
			"rotation": [90, 0, 0],
			"translation": [0, -0.25, -39],
			"scale": [2.5, 2.5, 2.5]
		}
	},
	"groups": [
		{
			"name": "group",
			"origin": [0, 0, 0],
			"color": 0,
			"children": [0, 1, 2, 3, 4]
		},
		{
			"name": "group",
			"origin": [8, 1, 8],
			"color": 0,
			"children": [5, 6, 7, 8, 9]
		},
		10,
		11,
		12,
		13,
		14,
		{
			"name": "group",
			"origin": [0, 0, 0],
			"color": 0,
			"children": [15, 16, 17, 18, 19, 20]
		},
		{
			"name": "group",
			"origin": [0, 0, 0],
			"color": 0,
			"children": [21, 22, 23, 24, 25, 26]
		},
		27,
		28,
		29,
		30,
		31
	]
}