{
	"credit": "Copyright © 2021-2099 Ikaho-Onsen Minecraft Server. All rights reserved.",
	"texture_size": [32, 32],
	"textures": {
		"7": "item/cit/white_mask_texture"
	},
	"elements": [
		{
			"from": [1, 0, 1],
			"to": [14.9, 4, 15],
			"rotation": {"angle": 0, "axis": "y", "origin": [6.5, 0, 3]},
			"faces": {
				"north": {"uv": [7, 0, 14, 2], "texture": "#7"},
				"east": {"uv": [14, 6, 7, 8], "texture": "#7"},
				"south": {"uv": [7, 4, 14, 6], "texture": "#7"},
				"west": {"uv": [7, 6, 14, 8], "texture": "#7"},
				"up": {"uv": [7, 7, 0, 0], "texture": "#7"},
				"down": {"uv": [7, 7, 0, 14], "texture": "#7"}
			}
		},
		{
			"from": [1, 0, 15],
			"to": [14.9, 4, 1],
			"rotation": {"angle": 0, "axis": "y", "origin": [8, 0, 8]},
			"faces": {
				"north": {"uv": [7, 4, 14, 6], "texture": "#7"},
				"east": {"uv": [7, 6, 14, 8], "texture": "#7"},
				"south": {"uv": [7, 0, 14, 2], "texture": "#7"},
				"west": {"uv": [14, 6, 7, 8], "texture": "#7"},
				"up": {"uv": [7, 7, 0, 0], "rotation": 180, "texture": "#7"},
				"down": {"uv": [7, 7, 0, 14], "rotation": 180, "texture": "#7"}
			}
		}
	],
	"display": {
		"thirdperson_righthand": {
			"rotation": [90, 0, -90],
			"translation": [2.25, -1.75, -1.25],
			"scale": [0.35, 0.35, 0.35]
		},
		"thirdperson_lefthand": {
			"translation": [0, 3.75, 0],
			"scale": [0.5, 0.5, 0.5]
		},
		"firstperson_righthand": {
			"translation": [5.5, 4.25, 0]
		},
		"firstperson_lefthand": {
			"translation": [4.25, 5.5, 0]
		},
		"ground": {
			"rotation": [45, 0, 0],
			"translation": [0, 2.75, 0],
			"scale": [0.5, 0.5, 0.5]
		},
		"gui": {
			"rotation": [22, 144, 0],
			"translation": [0, 4.75, 0]
		}
	},
	"groups": [
		{
			"name": "group",
			"origin": [8, 8, 8],
			"color": 0,
			"children": [0, 1]
		}
	]
}