{
	"credit": "Made with Blockbench",
	"texture_size": [32, 32],
	"textures": {
		"0": "item/build_tool_01",
		"particle": "item/build_tool_01"
	},
	"elements": [
		{
			"from": [6, 9, 6],
			"to": [10, 11, 13],
			"rotation": {"angle": 0, "axis": "y", "origin": [7, 9, 7]},
			"faces": {
				"north": {"uv": [4, 2, 6, 3], "texture": "#0"},
				"east": {"uv": [2, 4, 5.5, 5], "texture": "#0"},
				"south": {"uv": [4, 3, 6, 4], "texture": "#0"},
				"west": {"uv": [2, 4, 5.5, 5], "texture": "#0"},
				"up": {"uv": [2, 3.5, 0, 0], "texture": "#0"},
				"down": {"uv": [8.5, 3, 10.5, 6.5], "texture": "#0"}
			}
		},
		{
			"from": [6, 17, 6],
			"to": [10, 19, 10],
			"rotation": {"angle": 0, "axis": "y", "origin": [7, 17, 7]},
			"faces": {
				"north": {"uv": [5.5, 4, 7.5, 5], "texture": "#0"},
				"east": {"uv": [6, 0, 8, 1], "texture": "#0"},
				"west": {"uv": [8, 0, 6, 1], "texture": "#0"},
				"up": {"uv": [4, 2, 2, 0], "texture": "#0"},
				"down": {"uv": [8, 1, 10, 3], "texture": "#0"}
			}
		},
		{
			"from": [6.025, 16.87868, 8.29289],
			"to": [9.975, 18.87868, 12.29289],
			"rotation": {"angle": 45, "axis": "x", "origin": [7, 16.87868, 9.29289]},
			"faces": {
				"east": {"uv": [6, 6, 8, 7], "texture": "#0"},
				"south": {"uv": [6, 5, 8, 6], "texture": "#0"},
				"west": {"uv": [8, 6, 6, 7], "texture": "#0"},
				"up": {"uv": [6, 2, 4, 0], "texture": "#0"},
				"down": {"uv": [10, 1, 11.975, 3], "texture": "#0"}
			}
		},
		{
			"from": [7, 4, 7],
			"to": [9, 9, 9],
			"rotation": {"angle": 0, "axis": "y", "origin": [7, 0, 7]},
			"faces": {
				"north": {"uv": [1, 5.5, 2, 8], "texture": "#0"},
				"east": {"uv": [0, 5.5, 1, 8], "texture": "#0"},
				"south": {"uv": [0, 8.5, 1, 11], "texture": "#0"},
				"west": {"uv": [1, 5.5, 0, 8], "texture": "#0"}
			}
		},
		{
			"from": [6, 2, 6],
			"to": [10, 4, 10],
			"rotation": {"angle": 0, "axis": "y", "origin": [7, 0, 7]},
			"faces": {
				"north": {"uv": [6, 1, 8, 2], "texture": "#0"},
				"east": {"uv": [6, 1, 8, 2], "texture": "#0"},
				"south": {"uv": [6, 1, 8, 2], "texture": "#0"},
				"west": {"uv": [8, 1, 6, 2], "texture": "#0"},
				"up": {"uv": [2, 5.5, 0, 3.5], "texture": "#0"},
				"down": {"uv": [8, 6.5, 10, 8.5], "texture": "#0"}
			}
		},
		{
			"from": [7, 11, 10],
			"to": [9, 17, 12],
			"rotation": {"angle": 0, "axis": "y", "origin": [7, 10, 10]},
			"faces": {
				"north": {"uv": [2, 5, 3, 8], "texture": "#0"},
				"east": {"uv": [5, 5, 4, 8], "texture": "#0"},
				"south": {"uv": [3, 5, 4, 8], "texture": "#0"},
				"west": {"uv": [4, 5, 5, 8], "texture": "#0"}
			}
		},
		{
			"from": [7, 11, 7],
			"to": [9, 13, 9],
			"rotation": {"angle": 0, "axis": "y", "origin": [7, 10, 7]},
			"faces": {
				"north": {"uv": [6, 7, 7, 8], "texture": "#0"},
				"east": {"uv": [7.5, 4, 8.5, 5], "texture": "#0"},
				"south": {"uv": [7, 7, 8, 8], "texture": "#0"},
				"west": {"uv": [8.5, 4, 7.5, 5], "texture": "#0"}
			}
		},
		{
			"from": [6, 13, 6],
			"to": [10, 14, 10],
			"rotation": {"angle": 0, "axis": "y", "origin": [7, 12, 7]},
			"faces": {
				"north": {"uv": [8, 0, 10, 0.5], "texture": "#0"},
				"east": {"uv": [10, 0, 8, 0.5], "texture": "#0"},
				"south": {"uv": [8, 0, 10, 0.5], "texture": "#0"},
				"west": {"uv": [10, 0, 8, 0.5], "texture": "#0"},
				"up": {"uv": [4, 10, 2, 8], "texture": "#0"},
				"down": {"uv": [2, 2, 4, 4], "texture": "#0"}
			}
		}
	],
	"gui_light": "front",
	"display": {
		"thirdperson_righthand": {
			"translation": [0, -0.5, 0]
		},
		"firstperson_righthand": {
			"translation": [2.5, 0, 0],
			"scale": [0.5, 0.5, 0.5]
		},
		"firstperson_lefthand": {
			"translation": [2.5, 0, 0],
			"scale": [0.5, 0.5, 0.5]
		},
		"ground": {
			"translation": [0, 2, 0],
			"scale": [0.5, 0.5, 0.5]
		},
		"gui": {
			"rotation": [33, 125, -45],
			"translation": [0.5, -1.75, 0],
			"scale": [0.83, 0.83, 0.83]
		},
		"fixed": {
			"rotation": [0, 90, 0],
			"translation": [0, -4, -4],
			"scale": [2, 2, 2]
		}
	}
}