{
	"credit": "Copyright © 2021-2099 Ikaho-Onsen Minecraft Server. All rights reserved.",
	"textures": {
		"0": "minecraft:item/aesopdu",
		"particle": "minecraft:item/aesopdu"
	},
	"elements": [
		{
			"from": [7.5, 1, 7.5],
			"to": [8.5, 18.1, 8.5],
			"rotation": {"angle": 0, "axis": "y", "origin": [8, 2, 8]},
			"faces": {
				"north": {"uv": [0.5, 0, 1.5, 16], "texture": "#0"},
				"east": {"uv": [0.5, 0, 1.5, 16], "texture": "#0"},
				"south": {"uv": [0.5, 0, 1.5, 16], "texture": "#0"},
				"west": {"uv": [0.5, 0, 1.5, 16], "texture": "#0"},
				"up": {"uv": [0.5, 0, 1.5, 1], "texture": "#0"},
				"down": {"uv": [0.5, 0, 1.5, 1], "texture": "#0"}
			}
		},
		{
			"from": [7.5, 17.9, 7.5],
			"to": [8.5, 24.9, 8.5],
			"rotation": {"angle": 22.5, "axis": "x", "origin": [8, 18, 8]},
			"faces": {
				"north": {"uv": [0, 0, 1, 7], "texture": "#0"},
				"east": {"uv": [0, 0, 1, 7], "texture": "#0"},
				"south": {"uv": [0, 0, 1, 7], "texture": "#0"},
				"west": {"uv": [0, 0, 1, 7], "texture": "#0"},
				"up": {"uv": [0, 0, 1, 1], "texture": "#0"},
				"down": {"uv": [0, 0, 1, 1], "texture": "#0"}
			}
		},
		{
			"from": [7.75, 22.5, 10],
			"to": [8.25, 24.5, 14],
			"rotation": {"angle": 0, "axis": "x", "origin": [8, 28, 9.4]},
			"faces": {
				"north": {"uv": [11, 1.5, 11.5, 3.5], "texture": "#0"},
				"east": {"uv": [11, 1.5, 15, 3.5], "texture": "#0"},
				"south": {"uv": [11, 1.5, 11.5, 3.5], "texture": "#0"},
				"west": {"uv": [11, 1.5, 15, 3.5], "texture": "#0"},
				"up": {"uv": [11, 1.5, 11.5, 5.5], "texture": "#0"},
				"down": {"uv": [11, 1.5, 11.5, 5.5], "texture": "#0"}
			}
		},
		{
			"from": [7.75, 26.5, 10],
			"to": [8.25, 30.5, 14],
			"rotation": {"angle": 45, "axis": "x", "origin": [8, 28, 9.4]},
			"faces": {
				"north": {"uv": [11, 1.5, 11.5, 5.5], "texture": "#0"},
				"east": {"uv": [11, 1.5, 15, 5.5], "texture": "#0"},
				"south": {"uv": [11, 1.5, 11.5, 5.5], "texture": "#0"},
				"west": {"uv": [11, 1.5, 15, 5.5], "texture": "#0"},
				"up": {"uv": [11, 1.5, 11.5, 5.5], "texture": "#0"},
				"down": {"uv": [11, 1.5, 11.5, 5.5], "texture": "#0"}
			}
		},
		{
			"from": [7.75, 23, 7],
			"to": [8.25, 26, 10],
			"rotation": {"angle": 0, "axis": "y", "origin": [8, 28, 9.4]},
			"faces": {
				"north": {"uv": [10.5, 1.5, 11, 4.5], "texture": "#0"},
				"east": {"uv": [10.5, 1.5, 13.5, 4.5], "texture": "#0"},
				"south": {"uv": [10.5, 1.5, 11, 4.5], "texture": "#0"},
				"west": {"uv": [10.5, 1.5, 13.5, 4.5], "texture": "#0"},
				"up": {"uv": [10.5, 1.5, 11, 4.5], "texture": "#0"},
				"down": {"uv": [10.5, 1.5, 11, 4.5], "texture": "#0"}
			}
		},
		{
			"from": [7.75, 22.5, 4],
			"to": [8.25, 26.5, 7],
			"rotation": {"angle": 0, "axis": "y", "origin": [8, 28, 9.4]},
			"faces": {
				"north": {"uv": [10.5, 1.5, 11, 5.5], "texture": "#0"},
				"east": {"uv": [10.5, 1.5, 13.5, 5.5], "texture": "#0"},
				"south": {"uv": [10.5, 1.5, 11, 5.5], "texture": "#0"},
				"west": {"uv": [10.5, 1.5, 13.5, 5.5], "texture": "#0"},
				"up": {"uv": [10.5, 1.5, 11, 4.5], "texture": "#0"},
				"down": {"uv": [10.5, 1.5, 11, 4.5], "texture": "#0"}
			}
		},
		{
			"from": [7.75, 21.5, 1],
			"to": [8.25, 25.5, 4],
			"rotation": {"angle": 0, "axis": "y", "origin": [8, 28, 9.4]},
			"faces": {
				"north": {"uv": [10.5, 1.5, 11, 5.5], "texture": "#0"},
				"east": {"uv": [10.5, 1.5, 13.5, 5.5], "texture": "#0"},
				"south": {"uv": [10.5, 1.5, 11, 5.5], "texture": "#0"},
				"west": {"uv": [10.5, 1.5, 13.5, 5.5], "texture": "#0"},
				"up": {"uv": [10.5, 1.5, 11, 4.5], "texture": "#0"},
				"down": {"uv": [10.5, 1.5, 11, 4.5], "texture": "#0"}
			}
		},
		{
			"from": [7.75, 20.5, -1],
			"to": [8.25, 24.5, 1],
			"rotation": {"angle": 0, "axis": "y", "origin": [8, 28, 9.4]},
			"faces": {
				"north": {"uv": [10.5, 1.5, 11, 5.5], "texture": "#0"},
				"east": {"uv": [10.5, 1.5, 12.5, 5.5], "texture": "#0"},
				"south": {"uv": [10.5, 1.5, 11, 5.5], "texture": "#0"},
				"west": {"uv": [10.5, 1.5, 12.5, 5.5], "texture": "#0"},
				"up": {"uv": [10.5, 1.5, 11, 3.5], "texture": "#0"},
				"down": {"uv": [10.5, 1.5, 11, 3.5], "texture": "#0"}
			}
		},
		{
			"from": [7.75, 19.5, -3],
			"to": [8.25, 23.5, -1],
			"rotation": {"angle": 0, "axis": "y", "origin": [8, 28, 9.4]},
			"faces": {
				"north": {"uv": [10.5, 1.5, 11, 5.5], "texture": "#0"},
				"east": {"uv": [10.5, 1.5, 12.5, 5.5], "texture": "#0"},
				"south": {"uv": [10.5, 1.5, 11, 5.5], "texture": "#0"},
				"west": {"uv": [10.5, 1.5, 12.5, 5.5], "texture": "#0"},
				"up": {"uv": [10.5, 1.5, 11, 3.5], "texture": "#0"},
				"down": {"uv": [10.5, 1.5, 11, 3.5], "texture": "#0"}
			}
		},
		{
			"from": [7.75, 19.5, -4],
			"to": [8.25, 21.5, -3],
			"rotation": {"angle": 0, "axis": "y", "origin": [8, 28, 9.4]},
			"faces": {
				"north": {"uv": [10.5, 1.5, 11, 3.5], "texture": "#0"},
				"east": {"uv": [10.5, 1.5, 11.5, 3.5], "texture": "#0"},
				"south": {"uv": [10.5, 1.5, 11, 3.5], "texture": "#0"},
				"west": {"uv": [10.5, 1.5, 11.5, 3.5], "texture": "#0"},
				"up": {"uv": [10.5, 1.5, 11, 2.5], "texture": "#0"},
				"down": {"uv": [10.5, 1.5, 11, 2.5], "texture": "#0"}
			}
		},
		{
			"from": [7.75, 18.5, -5],
			"to": [8.25, 19.5, -4],
			"rotation": {"angle": 0, "axis": "y", "origin": [8, 28, 9.4]},
			"faces": {
				"north": {"uv": [10.5, 1.5, 11, 2.5], "texture": "#0"},
				"east": {"uv": [10.5, 1.5, 11.5, 2.5], "texture": "#0"},
				"south": {"uv": [10.5, 1.5, 11, 2.5], "texture": "#0"},
				"west": {"uv": [10.5, 1.5, 11.5, 2.5], "texture": "#0"},
				"up": {"uv": [10.5, 1.5, 11, 2.5], "texture": "#0"},
				"down": {"uv": [10.5, 1.5, 11, 2.5], "texture": "#0"}
			}
		},
		{
			"from": [7.75, 17.5, -6],
			"to": [8.25, 18.5, -5],
			"rotation": {"angle": 0, "axis": "y", "origin": [8, 28, 9.4]},
			"faces": {
				"north": {"uv": [10.5, 1.5, 11, 2.5], "texture": "#0"},
				"east": {"uv": [10.5, 1.5, 11.5, 2.5], "texture": "#0"},
				"south": {"uv": [10.5, 1.5, 11, 2.5], "texture": "#0"},
				"west": {"uv": [10.5, 1.5, 11.5, 2.5], "texture": "#0"},
				"up": {"uv": [10.5, 1.5, 11, 2.5], "texture": "#0"},
				"down": {"uv": [10.5, 1.5, 11, 2.5], "texture": "#0"}
			}
		},
		{
			"from": [7.625, 25.5, 7],
			"to": [8.375, 27.5, 11],
			"rotation": {"angle": 0, "axis": "y", "origin": [8, 28, 9.4]},
			"faces": {
				"north": {"uv": [9.5, 9, 10.25, 11], "texture": "#0"},
				"east": {"uv": [9.5, 9, 13.5, 11], "texture": "#0"},
				"south": {"uv": [9.5, 9, 10.25, 11], "texture": "#0"},
				"west": {"uv": [9.5, 9, 13.5, 11], "texture": "#0"},
				"up": {"uv": [9.5, 9, 10.25, 13], "texture": "#0"},
				"down": {"uv": [9.5, 9, 10.25, 13], "texture": "#0"}
			}
		},
		{
			"from": [7.625, 26.5, 3],
			"to": [8.375, 28.5, 7],
			"rotation": {"angle": 0, "axis": "y", "origin": [8, 28, 9.4]},
			"faces": {
				"north": {"uv": [9.5, 9, 10.25, 11], "texture": "#0"},
				"east": {"uv": [9.5, 9, 13.5, 11], "texture": "#0"},
				"south": {"uv": [9.5, 9, 10.25, 11], "texture": "#0"},
				"west": {"uv": [9.5, 9, 13.5, 11], "texture": "#0"},
				"up": {"uv": [9.5, 9, 10.25, 13], "texture": "#0"},
				"down": {"uv": [9.5, 9, 10.25, 13], "texture": "#0"}
			}
		},
		{
			"from": [7.625, 25.5, 0],
			"to": [8.375, 27.5, 4],
			"rotation": {"angle": 0, "axis": "y", "origin": [8, 28, 9.4]},
			"faces": {
				"north": {"uv": [9.5, 9, 10.25, 11], "texture": "#0"},
				"east": {"uv": [9.5, 9, 13.5, 11], "texture": "#0"},
				"south": {"uv": [9.5, 9, 10.25, 11], "texture": "#0"},
				"west": {"uv": [9.5, 9, 13.5, 11], "texture": "#0"},
				"up": {"uv": [9.5, 9, 10.25, 13], "texture": "#0"},
				"down": {"uv": [9.5, 9, 10.25, 13], "texture": "#0"}
			}
		},
		{
			"from": [7.625, 24.5, -2],
			"to": [8.375, 26.5, 1],
			"rotation": {"angle": 0, "axis": "y", "origin": [8, 28, 9.4]},
			"faces": {
				"north": {"uv": [9.5, 9, 10.25, 11], "texture": "#0"},
				"east": {"uv": [9.5, 9, 12.5, 11], "texture": "#0"},
				"south": {"uv": [9.5, 9, 10.25, 11], "texture": "#0"},
				"west": {"uv": [9.5, 9, 12.5, 11], "texture": "#0"},
				"up": {"uv": [9.5, 9, 10.25, 12], "texture": "#0"},
				"down": {"uv": [9.5, 9, 10.25, 12], "texture": "#0"}
			}
		},
		{
			"from": [7.625, 23.5, -4],
			"to": [8.375, 25.5, -1],
			"rotation": {"angle": 0, "axis": "y", "origin": [8, 28, 9.4]},
			"faces": {
				"north": {"uv": [9.5, 9, 10.25, 11], "texture": "#0"},
				"east": {"uv": [9.5, 9, 12.5, 11], "texture": "#0"},
				"south": {"uv": [9.5, 9, 10.25, 11], "texture": "#0"},
				"west": {"uv": [9.5, 9, 12.5, 11], "texture": "#0"},
				"up": {"uv": [9.5, 9, 10.25, 12], "texture": "#0"},
				"down": {"uv": [9.5, 9, 10.25, 12], "texture": "#0"}
			}
		},
		{
			"from": [7.625, 20.5, -5],
			"to": [8.375, 23.5, -3],
			"rotation": {"angle": 0, "axis": "y", "origin": [8, 28, 9.4]},
			"faces": {
				"north": {"uv": [9.5, 9, 10.25, 12], "texture": "#0"},
				"east": {"uv": [9.5, 9, 11.5, 12], "texture": "#0"},
				"south": {"uv": [9.5, 9, 10.25, 12], "texture": "#0"},
				"west": {"uv": [9.5, 9, 11.5, 12], "texture": "#0"},
				"up": {"uv": [9.5, 9, 10.25, 11], "texture": "#0"},
				"down": {"uv": [9.5, 9, 10.25, 11], "texture": "#0"}
			}
		},
		{
			"from": [7.625, 19.5, -6],
			"to": [8.375, 21.5, -4],
			"rotation": {"angle": 0, "axis": "y", "origin": [8, 28, 9.4]},
			"faces": {
				"north": {"uv": [9.5, 9, 10.25, 11], "texture": "#0"},
				"east": {"uv": [9.5, 9, 11.5, 11], "texture": "#0"},
				"south": {"uv": [9.5, 9, 10.25, 11], "texture": "#0"},
				"west": {"uv": [9.5, 9, 11.5, 11], "texture": "#0"},
				"up": {"uv": [9.5, 9, 10.25, 11], "texture": "#0"},
				"down": {"uv": [9.5, 9, 10.25, 11], "texture": "#0"}
			}
		},
		{
			"from": [7.625, 18.5, -6],
			"to": [8.375, 19.5, -5],
			"rotation": {"angle": 0, "axis": "y", "origin": [8, 28, 9.4]},
			"faces": {
				"north": {"uv": [9.5, 9, 10.25, 10], "texture": "#0"},
				"east": {"uv": [9.5, 9, 10.5, 10], "texture": "#0"},
				"south": {"uv": [9.5, 9, 10.25, 10], "texture": "#0"},
				"west": {"uv": [9.5, 9, 10.5, 10], "texture": "#0"},
				"up": {"uv": [9.5, 9, 10.25, 10], "texture": "#0"},
				"down": {"uv": [9.5, 9, 10.25, 10], "texture": "#0"}
			}
		},
		{
			"from": [7.625, 17.5, -7],
			"to": [8.375, 19.5, -6],
			"rotation": {"angle": 0, "axis": "y", "origin": [8, 28, 9.4]},
			"faces": {
				"north": {"uv": [9.5, 9, 10.25, 10], "texture": "#0"},
				"east": {"uv": [9.5, 9, 10.5, 10], "texture": "#0"},
				"south": {"uv": [9.5, 9, 10.25, 10], "texture": "#0"},
				"west": {"uv": [9.5, 9, 10.5, 10], "texture": "#0"},
				"up": {"uv": [9.5, 9, 10.25, 10], "texture": "#0"},
				"down": {"uv": [9.5, 9, 10.25, 10], "texture": "#0"}
			}
		},
		{
			"from": [7.375, 0, 7],
			"to": [8.625, 2, 9],
			"rotation": {"angle": 45, "axis": "x", "origin": [8, 1, 8]},
			"faces": {
				"north": {"uv": [4.5, 5.5, 5.75, 7.5], "rotation": 180, "texture": "#0"},
				"east": {"uv": [4.5, 11.5, 6.5, 13.5], "rotation": 270, "texture": "#0"},
				"south": {"uv": [4.5, 5.5, 5.75, 7.5], "texture": "#0"},
				"west": {"uv": [4.5, 11.5, 6.5, 13.5], "rotation": 90, "texture": "#0"},
				"up": {"uv": [4.5, 5.5, 5.75, 7.5], "rotation": 180, "texture": "#0"},
				"down": {"uv": [4.5, 5.5, 5.75, 7.5], "texture": "#0"}
			}
		},
		{
			"from": [7.375, 22.6, 6.5],
			"to": [8.625, 26.6, 10.5],
			"rotation": {"angle": -22.5, "axis": "x", "origin": [8, 28, 8]},
			"faces": {
				"north": {"uv": [3.5, 7.5, 4.75, 11.5], "rotation": 180, "texture": "#0"},
				"east": {"uv": [3.5, 7.5, 7.5, 11.5], "rotation": 270, "texture": "#0"},
				"south": {"uv": [3.5, 7.5, 4.75, 11.5], "texture": "#0"},
				"west": {"uv": [3.5, 7.5, 7.5, 11.5], "rotation": 90, "texture": "#0"},
				"up": {"uv": [3.5, 7.5, 4.75, 11.5], "rotation": 180, "texture": "#0"},
				"down": {"uv": [3.5, 7.5, 4.75, 11.5], "texture": "#0"}
			}
		},
		{
			"from": [7.375, 23.6, 5.5],
			"to": [8.625, 25.6, 6.5],
			"rotation": {"angle": -22.5, "axis": "x", "origin": [8, 28, 8]},
			"faces": {
				"north": {"uv": [3.5, 7.5, 4.75, 9.5], "rotation": 180, "texture": "#0"},
				"east": {"uv": [3.5, 7.5, 5.5, 8.5], "rotation": 270, "texture": "#0"},
				"south": {"uv": [3.5, 7.5, 4.75, 9.5], "texture": "#0"},
				"west": {"uv": [3.5, 7.5, 5.5, 8.5], "rotation": 90, "texture": "#0"},
				"up": {"uv": [3.5, 7.5, 4.75, 8.5], "rotation": 180, "texture": "#0"},
				"down": {"uv": [3.5, 7.5, 4.75, 8.5], "texture": "#0"}
			}
		},
		{
			"from": [7.375, 23.6, 10.5],
			"to": [8.625, 25.6, 11.5],
			"rotation": {"angle": -22.5, "axis": "x", "origin": [8, 28, 8]},
			"faces": {
				"north": {"uv": [3.5, 7.5, 4.75, 9.5], "rotation": 180, "texture": "#0"},
				"east": {"uv": [3.5, 7.5, 5.5, 8.5], "rotation": 270, "texture": "#0"},
				"south": {"uv": [3.5, 7.5, 4.75, 9.5], "texture": "#0"},
				"west": {"uv": [3.5, 7.5, 5.5, 8.5], "rotation": 90, "texture": "#0"},
				"up": {"uv": [3.5, 7.5, 4.75, 8.5], "rotation": 180, "texture": "#0"},
				"down": {"uv": [3.5, 7.5, 4.75, 8.5], "texture": "#0"}
			}
		},
		{
			"from": [7.375, 26.6, 7.5],
			"to": [8.625, 27.6, 9.5],
			"rotation": {"angle": -22.5, "axis": "x", "origin": [8, 28, 8]},
			"faces": {
				"north": {"uv": [3.5, 7.5, 4.75, 8.5], "rotation": 180, "texture": "#0"},
				"east": {"uv": [3.5, 7.5, 4.5, 9.5], "rotation": 270, "texture": "#0"},
				"south": {"uv": [3.5, 7.5, 4.75, 8.5], "texture": "#0"},
				"west": {"uv": [3.5, 7.5, 4.5, 9.5], "rotation": 90, "texture": "#0"},
				"up": {"uv": [3.5, 7.5, 4.75, 9.5], "rotation": 180, "texture": "#0"},
				"down": {"uv": [3.5, 7.5, 4.75, 9.5], "texture": "#0"}
			}
		},
		{
			"from": [7.375, 21.6, 7.5],
			"to": [8.625, 22.6, 9.5],
			"rotation": {"angle": -22.5, "axis": "x", "origin": [8, 28, 8]},
			"faces": {
				"north": {"uv": [3.5, 7.5, 4.75, 8.5], "rotation": 180, "texture": "#0"},
				"east": {"uv": [3.5, 7.5, 4.5, 9.5], "rotation": 270, "texture": "#0"},
				"south": {"uv": [3.5, 7.5, 4.75, 8.5], "texture": "#0"},
				"west": {"uv": [3.5, 7.5, 4.5, 9.5], "rotation": 90, "texture": "#0"},
				"up": {"uv": [3.5, 7.5, 4.75, 9.5], "rotation": 180, "texture": "#0"},
				"down": {"uv": [3.5, 7.5, 4.75, 9.5], "texture": "#0"}
			}
		}
	],
	"display": {
		"thirdperson_righthand": {
			"translation": [0, -8, 0]
		},
		"thirdperson_lefthand": {
			"translation": [0, -8, 0]
		},
		"firstperson_righthand": {
			"rotation": [-35, 22, 0],
			"translation": [0.75, -3, 6],
			"scale": [0.7, 0.7, 0.7]
		},
		"firstperson_lefthand": {
			"rotation": [-35, 22, 0],
			"translation": [0.75, -3, 6],
			"scale": [0.7, 0.7, 0.7]
		},
		"ground": {
			"translation": [0, 4.75, 0]
		},
		"gui": {
			"rotation": [90, 135, -90],
			"translation": [4.5, -4, 0],
			"scale": [0.7, 0.7, 0.7]
		},
		"head": {
			"rotation": [-90, 32, 90],
			"translation": [9, -19.75, 4.5],
			"scale": [1.5, 1.5, 1.55]
		},
		"fixed": {
			"rotation": [-90, 0, 0],
			"translation": [0, 0, -22.5],
			"scale": [3, 3, 3]
		}
	},
	"groups": [
		0,
		1,
		2,
		3,
		{
			"name": "group",
			"origin": [8, 26, 9.4],
			"color": 2,
			"children": [4, 5, 6, 7, 8, 9, 10, 11]
		},
		{
			"name": "group",
			"origin": [8, 26, 9.4],
			"color": 0,
			"children": [12, 13, 14, 15, 16, 17, 18, 19, 20]
		},
		21,
		{
			"name": "group",
			"origin": [8, 28, 8],
			"color": 0,
			"children": [22, 23, 24, 25, 26]
		}
	]
}