{
	"credit": "Copyright © 2021-2099 Ikaho-Onsen Minecraft Server. All rights reserved.",
	"texture_size": [32, 32],
	"textures": {
		"0": "minecraft:item/cit/mask_07_texture",
		"particle": "minecraft:item/cit/mask_07_texture"
	},
	"elements": [
		{
			"from": [3, 3, 2],
			"to": [13, 13, 4],
			"rotation": {"angle": 0, "axis": "y", "origin": [0, -19.5, 5]},
			"faces": {
				"north": {"uv": [0, 0, 5, 5], "texture": "#0"},
				"east": {"uv": [9, 0, 10, 5], "texture": "#0"},
				"south": {"uv": [0, 5, 5, 10], "texture": "#0"},
				"west": {"uv": [0, 10, 1, 15], "texture": "#0"},
				"down": {"uv": [14, 5, 9, 6], "texture": "#0"}
			}
		},
		{
			"from": [5, 13, 2],
			"to": [11, 14, 4],
			"rotation": {"angle": 0, "axis": "y", "origin": [0, -18.5, 5]},
			"faces": {
				"north": {"uv": [11, 9, 14, 9.5], "texture": "#0"},
				"east": {"uv": [9, 7.5, 10, 8], "texture": "#0"},
				"south": {"uv": [11, 9.5, 14, 10], "texture": "#0"},
				"west": {"uv": [4, 10, 5, 10.5], "texture": "#0"},
				"up": {"uv": [14, 8.5, 11, 7.5], "texture": "#0"}
			}
		},
		{
			"from": [4, 2, 2],
			"to": [12, 3, 4],
			"rotation": {"angle": 0, "axis": "y", "origin": [0, -19.5, 5]},
			"faces": {
				"north": {"uv": [10, 4.5, 14, 5], "texture": "#0"},
				"east": {"uv": [10, 7.5, 11, 8], "texture": "#0"},
				"south": {"uv": [11, 8.5, 15, 9], "texture": "#0"},
				"west": {"uv": [11, 10, 12, 10.5], "texture": "#0"},
				"down": {"uv": [8, 10.5, 4, 11.5], "texture": "#0"}
			}
		},
		{
			"from": [5, 13, -1],
			"to": [11, 13, 2],
			"rotation": {"angle": 0, "axis": "y", "origin": [8, 13, 0.5]},
			"faces": {
				"up": {"uv": [12, 7.5, 9, 6], "texture": "#0"},
				"down": {"uv": [9, 6, 12, 7.5], "texture": "#0"}
			}
		},
		{
			"from": [5, 13, 4],
			"to": [11, 13, 7],
			"rotation": {"angle": 0, "axis": "y", "origin": [8, 13, 5.5]},
			"faces": {
				"up": {"uv": [4, 11.5, 1, 10], "texture": "#0"},
				"down": {"uv": [1, 10, 4, 11.5], "texture": "#0"}
			}
		},
		{
			"from": [1, 13, -1],
			"to": [5, 13, 7],
			"rotation": {"angle": 0, "axis": "y", "origin": [8, 13, 0.5]},
			"faces": {
				"up": {"uv": [7, 4, 5, 0], "texture": "#0"},
				"down": {"uv": [7, 4, 5, 0], "texture": "#0"}
			}
		},
		{
			"from": [11, 13, -1],
			"to": [15, 13, 7],
			"rotation": {"angle": 0, "axis": "y", "origin": [18, 13, 0.5]},
			"faces": {
				"up": {"uv": [9, 4, 7, 0], "texture": "#0"},
				"down": {"uv": [9, 4, 7, 0], "texture": "#0"}
			}
		},
		{
			"from": [5, 3, -3],
			"to": [11, 6, 2],
			"rotation": {"angle": 0, "axis": "y", "origin": [0, -19.5, 5]},
			"faces": {
				"north": {"uv": [10, 3, 13, 4.5], "texture": "#0"},
				"east": {"uv": [8, 10.5, 10.5, 12], "texture": "#0"},
				"west": {"uv": [10.5, 10.5, 13, 12], "texture": "#0"},
				"up": {"uv": [8, 10.5, 5, 8], "texture": "#0"},
				"down": {"uv": [11, 8, 8, 10.5], "texture": "#0"}
			}
		}
	],
	"gui_light": "front",
	"display": {
		"thirdperson_righthand": {
			"rotation": [50, 0, 0],
			"translation": [0, -1.75, 2.25],
			"scale": [0.75, 0.75, 0.75]
		},
		"thirdperson_lefthand": {
			"rotation": [50, 0, 0],
			"translation": [0, -1.75, 2.25],
			"scale": [0.75, 0.75, 0.75]
		},
		"firstperson_righthand": {
			"translation": [0.75, 2.25, 4.5],
			"scale": [0.5, 0.5, 0.5]
		},
		"firstperson_lefthand": {
			"translation": [0.75, 2.25, 4.5],
			"scale": [0.5, 0.5, 0.5]
		},
		"ground": {
			"rotation": [35, 0, 0],
			"translation": [0, 3, 2.75],
			"scale": [0.5, 0.5, 0.5]
		},
		"gui": {
			"rotation": [0, 135, 0],
			"translation": [4.25, -0.25, 0]
		},
		"head": {
			"rotation": [45, 45, -45],
			"translation": [-3.5, 2.5, -3.5]
		},
		"fixed": {
			"rotation": [-10, 0, 0],
			"translation": [0, 1.25, 6.75],
			"scale": [2, 2, 2]
		}
	},
	"groups": [
		{
			"name": "mask07",
			"origin": [0, -21.5, 4],
			"color": 0,
			"nbt": "{}",
			"armAnimationEnabled": false,
			"children": [0, 1, 2, 3, 4, 5, 6, 7]
		}
	]
}