{
	"credit": "Copyright © 2021-2099 Ikaho-Onsen Minecraft Server. All rights reserved.",
	"textures": {
		"0": "minecraft:item/asu",
		"particle": "minecraft:item/asu"
	},
	"elements": [
		{
			"from": [7.5, 0, 0],
			"to": [8.5, 3, 1],
			"faces": {
				"north": {"uv": [1, 12, 2, 15], "texture": "#0"},
				"east": {"uv": [1, 12, 2, 15], "texture": "#0"},
				"south": {"uv": [1, 12, 2, 15], "texture": "#0"},
				"west": {"uv": [1, 12, 2, 15], "texture": "#0"},
				"up": {"uv": [1, 12, 2, 13], "texture": "#0"},
				"down": {"uv": [1, 12, 2, 13], "texture": "#0"}
			}
		},
		{
			"from": [7.5, 0, 2],
			"to": [8.5, 2, 3],
			"faces": {
				"north": {"uv": [3, 13, 4, 15], "texture": "#0"},
				"east": {"uv": [3, 13, 4, 15], "texture": "#0"},
				"south": {"uv": [3, 13, 4, 15], "texture": "#0"},
				"west": {"uv": [3, 13, 4, 15], "texture": "#0"},
				"up": {"uv": [3, 13, 4, 14], "texture": "#0"},
				"down": {"uv": [3, 13, 4, 14], "texture": "#0"}
			}
		},
		{
			"from": [7.5, 0, 1],
			"to": [8.5, 1, 2],
			"faces": {
				"north": {"uv": [2, 14, 3, 15], "texture": "#0"},
				"east": {"uv": [2, 14, 3, 15], "texture": "#0"},
				"south": {"uv": [2, 14, 3, 15], "texture": "#0"},
				"west": {"uv": [2, 14, 3, 15], "texture": "#0"},
				"up": {"uv": [2, 14, 3, 15], "texture": "#0"},
				"down": {"uv": [2, 14, 3, 15], "texture": "#0"}
			}
		},
		{
			"from": [7.5, 2, 1],
			"to": [8.5, 3, 2],
			"faces": {
				"north": {"uv": [2, 14, 3, 15], "texture": "#0"},
				"east": {"uv": [2, 14, 3, 15], "texture": "#0"},
				"south": {"uv": [2, 14, 3, 15], "texture": "#0"},
				"west": {"uv": [2, 14, 3, 15], "texture": "#0"},
				"up": {"uv": [2, 14, 3, 15], "texture": "#0"},
				"down": {"uv": [2, 14, 3, 15], "texture": "#0"}
			}
		},
		{
			"from": [7.625, 2, 2],
			"to": [8.375, 4, 4],
			"faces": {
				"north": {"uv": [3, 11, 4, 13], "texture": "#0"},
				"east": {"uv": [3, 11, 5, 13], "texture": "#0"},
				"south": {"uv": [3, 11, 4, 13], "texture": "#0"},
				"west": {"uv": [3, 11, 5, 13], "texture": "#0"},
				"up": {"uv": [3, 11, 4, 13], "texture": "#0"},
				"down": {"uv": [3, 11, 4, 13], "texture": "#0"}
			}
		},
		{
			"from": [7.625, 3, 3],
			"to": [8.375, 5, 5],
			"faces": {
				"north": {"uv": [3, 11, 4, 13], "texture": "#0"},
				"east": {"uv": [3, 11, 5, 13], "texture": "#0"},
				"south": {"uv": [3, 11, 4, 13], "texture": "#0"},
				"west": {"uv": [3, 11, 5, 13], "texture": "#0"},
				"up": {"uv": [3, 11, 4, 13], "texture": "#0"},
				"down": {"uv": [3, 11, 4, 13], "texture": "#0"}
			}
		},
		{
			"from": [7.625, 4, 4],
			"to": [8.375, 6, 6],
			"faces": {
				"north": {"uv": [3, 11, 4, 13], "texture": "#0"},
				"east": {"uv": [3, 11, 5, 13], "texture": "#0"},
				"south": {"uv": [3, 11, 4, 13], "texture": "#0"},
				"west": {"uv": [3, 11, 5, 13], "texture": "#0"},
				"up": {"uv": [3, 11, 4, 13], "texture": "#0"},
				"down": {"uv": [3, 11, 4, 13], "texture": "#0"}
			}
		},
		{
			"from": [7.625, 7, 7],
			"to": [8.375, 9, 9],
			"faces": {
				"north": {"uv": [3, 11, 4, 13], "texture": "#0"},
				"east": {"uv": [3, 11, 5, 13], "texture": "#0"},
				"south": {"uv": [3, 11, 4, 13], "texture": "#0"},
				"west": {"uv": [3, 11, 5, 13], "texture": "#0"},
				"up": {"uv": [3, 11, 4, 13], "texture": "#0"},
				"down": {"uv": [3, 11, 4, 13], "texture": "#0"}
			}
		},
		{
			"from": [7.625, 5, 5],
			"to": [8.375, 7, 7],
			"faces": {
				"north": {"uv": [3, 11, 4, 13], "texture": "#0"},
				"east": {"uv": [3, 11, 5, 13], "texture": "#0"},
				"south": {"uv": [3, 11, 4, 13], "texture": "#0"},
				"west": {"uv": [3, 11, 5, 13], "texture": "#0"},
				"up": {"uv": [3, 11, 4, 13], "texture": "#0"},
				"down": {"uv": [3, 11, 4, 13], "texture": "#0"}
			}
		},
		{
			"from": [7.625, 6, 6],
			"to": [8.375, 8, 8],
			"faces": {
				"north": {"uv": [3, 11, 4, 13], "texture": "#0"},
				"east": {"uv": [3, 11, 5, 13], "texture": "#0"},
				"south": {"uv": [3, 11, 4, 13], "texture": "#0"},
				"west": {"uv": [3, 11, 5, 13], "texture": "#0"},
				"up": {"uv": [3, 11, 4, 13], "texture": "#0"},
				"down": {"uv": [3, 11, 4, 13], "texture": "#0"}
			}
		},
		{
			"from": [7.25, 9, 8],
			"to": [8.75, 11, 9],
			"faces": {
				"north": {"uv": [9, 4, 10, 6], "texture": "#0"},
				"east": {"uv": [9, 4, 10, 6], "texture": "#0"},
				"south": {"uv": [9, 4, 10, 6], "texture": "#0"},
				"west": {"uv": [9, 4, 10, 6], "texture": "#0"},
				"up": {"uv": [9, 4, 10, 5], "texture": "#0"},
				"down": {"uv": [9, 4, 10, 5], "texture": "#0"}
			}
		},
		{
			"from": [7.25, 9, 11],
			"to": [8.75, 11, 12],
			"faces": {
				"north": {"uv": [12, 4, 13, 6], "texture": "#0"},
				"east": {"uv": [12, 4, 13, 6], "texture": "#0"},
				"south": {"uv": [12, 4, 13, 6], "texture": "#0"},
				"west": {"uv": [12, 4, 13, 6], "texture": "#0"},
				"up": {"uv": [12, 4, 13, 5], "texture": "#0"},
				"down": {"uv": [12, 4, 13, 5], "texture": "#0"}
			}
		},
		{
			"from": [7.25, 8, 9],
			"to": [8.75, 9, 11],
			"faces": {
				"north": {"uv": [10, 6, 11, 7], "texture": "#0"},
				"east": {"uv": [10, 6, 12, 7], "texture": "#0"},
				"south": {"uv": [10, 6, 11, 7], "texture": "#0"},
				"west": {"uv": [10, 6, 12, 7], "texture": "#0"},
				"up": {"uv": [9, 4, 10, 6], "texture": "#0"},
				"down": {"uv": [9, 4, 10, 6], "texture": "#0"}
			}
		},
		{
			"from": [7.25, 11, 9],
			"to": [8.75, 12, 11],
			"faces": {
				"north": {"uv": [10, 3, 11, 4], "texture": "#0"},
				"east": {"uv": [10, 3, 12, 4], "texture": "#0"},
				"south": {"uv": [10, 3, 11, 4], "texture": "#0"},
				"west": {"uv": [10, 3, 12, 4], "texture": "#0"},
				"up": {"uv": [12, 4, 13, 6], "texture": "#0"},
				"down": {"uv": [12, 4, 13, 6], "texture": "#0"}
			}
		},
		{
			"from": [7.5, 9, 9],
			"to": [8.5, 11, 11],
			"faces": {
				"north": {"uv": [10, 4, 11, 6], "texture": "#0"},
				"east": {"uv": [10, 4, 12, 6], "texture": "#0"},
				"south": {"uv": [10, 4, 11, 6], "texture": "#0"},
				"west": {"uv": [10, 4, 12, 6], "texture": "#0"},
				"up": {"uv": [10, 4, 11, 6], "texture": "#0"},
				"down": {"uv": [10, 4, 11, 6], "texture": "#0"}
			}
		},
		{
			"from": [7.5, 7, 10],
			"to": [8.5, 8, 11],
			"faces": {
				"north": {"uv": [11, 7, 12, 8], "texture": "#0"},
				"east": {"uv": [11, 7, 12, 8], "texture": "#0"},
				"south": {"uv": [11, 7, 12, 8], "texture": "#0"},
				"west": {"uv": [11, 7, 12, 8], "texture": "#0"},
				"up": {"uv": [11, 7, 12, 8], "texture": "#0"},
				"down": {"uv": [11, 7, 12, 8], "texture": "#0"}
			}
		},
		{
			"from": [7.5, 4, 11],
			"to": [8.5, 7, 12],
			"faces": {
				"north": {"uv": [12, 8, 13, 11], "texture": "#0"},
				"east": {"uv": [12, 8, 13, 11], "texture": "#0"},
				"south": {"uv": [12, 8, 13, 11], "texture": "#0"},
				"west": {"uv": [12, 8, 13, 11], "texture": "#0"},
				"up": {"uv": [12, 8, 13, 9], "texture": "#0"},
				"down": {"uv": [12, 8, 13, 9], "texture": "#0"}
			}
		},
		{
			"from": [7.5, 3, 12],
			"to": [8.5, 4, 14],
			"faces": {
				"north": {"uv": [13, 11, 14, 12], "texture": "#0"},
				"east": {"uv": [13, 11, 15, 12], "texture": "#0"},
				"south": {"uv": [13, 11, 14, 12], "texture": "#0"},
				"west": {"uv": [13, 11, 15, 12], "texture": "#0"},
				"up": {"uv": [12, 9, 13, 11], "texture": "#0"},
				"down": {"uv": [12, 9, 13, 11], "texture": "#0"}
			}
		},
		{
			"from": [7.5, 4, 13],
			"to": [8.5, 8, 14],
			"faces": {
				"north": {"uv": [14, 7, 15, 11], "texture": "#0"},
				"east": {"uv": [14, 7, 15, 11], "texture": "#0"},
				"south": {"uv": [14, 7, 15, 11], "texture": "#0"},
				"west": {"uv": [14, 7, 15, 11], "texture": "#0"},
				"up": {"uv": [14, 7, 15, 8], "texture": "#0"},
				"down": {"uv": [14, 7, 15, 8], "texture": "#0"}
			}
		},
		{
			"from": [7.5, 8, 12],
			"to": [8.5, 10, 13],
			"faces": {
				"north": {"uv": [13, 5, 14, 7], "texture": "#0"},
				"east": {"uv": [13, 5, 14, 7], "texture": "#0"},
				"south": {"uv": [13, 5, 14, 7], "texture": "#0"},
				"west": {"uv": [13, 5, 14, 7], "texture": "#0"},
				"up": {"uv": [13, 5, 14, 6], "texture": "#0"},
				"down": {"uv": [13, 5, 14, 6], "texture": "#0"}
			}
		},
		{
			"from": [7.5, 12, 8],
			"to": [8.5, 13, 10],
			"faces": {
				"north": {"uv": [9, 2, 10, 3], "texture": "#0"},
				"east": {"uv": [9, 2, 11, 3], "texture": "#0"},
				"south": {"uv": [9, 2, 10, 3], "texture": "#0"},
				"west": {"uv": [9, 2, 11, 3], "texture": "#0"},
				"up": {"uv": [4, 1, 5, 3], "texture": "#0"},
				"down": {"uv": [4, 1, 5, 3], "texture": "#0"}
			}
		},
		{
			"from": [7.5, 13, 4],
			"to": [8.5, 14, 8],
			"faces": {
				"north": {"uv": [5, 1, 6, 2], "texture": "#0"},
				"east": {"uv": [5, 1, 9, 2], "texture": "#0"},
				"south": {"uv": [5, 1, 6, 2], "texture": "#0"},
				"west": {"uv": [5, 1, 9, 2], "texture": "#0"},
				"up": {"uv": [14, 7, 15, 11], "texture": "#0"},
				"down": {"uv": [14, 7, 15, 11], "texture": "#0"}
			}
		},
		{
			"from": [7.5, 12, 3],
			"to": [8.5, 14, 4],
			"faces": {
				"north": {"uv": [4, 1, 5, 3], "texture": "#0"},
				"east": {"uv": [4, 1, 5, 3], "texture": "#0"},
				"south": {"uv": [4, 1, 5, 3], "texture": "#0"},
				"west": {"uv": [4, 1, 5, 3], "texture": "#0"},
				"up": {"uv": [4, 1, 5, 2], "texture": "#0"},
				"down": {"uv": [4, 1, 5, 2], "texture": "#0"}
			}
		},
		{
			"from": [7.5, 11, 4],
			"to": [8.5, 12, 7],
			"faces": {
				"north": {"uv": [5, 3, 6, 4], "texture": "#0"},
				"east": {"uv": [5, 3, 8, 4], "texture": "#0"},
				"south": {"uv": [5, 3, 6, 4], "texture": "#0"},
				"west": {"uv": [5, 3, 8, 4], "texture": "#0"},
				"up": {"uv": [12, 8, 13, 11], "texture": "#0"},
				"down": {"uv": [12, 8, 13, 11], "texture": "#0"}
			}
		},
		{
			"from": [7.5, 10, 7],
			"to": [8.5, 11, 8],
			"faces": {
				"north": {"uv": [8, 4, 9, 5], "texture": "#0"},
				"east": {"uv": [8, 4, 9, 5], "texture": "#0"},
				"south": {"uv": [8, 4, 9, 5], "texture": "#0"},
				"west": {"uv": [8, 4, 9, 5], "texture": "#0"},
				"up": {"uv": [8, 4, 9, 5], "texture": "#0"},
				"down": {"uv": [8, 4, 9, 5], "texture": "#0"}
			}
		},
		{
			"from": [7.6, 1, 1],
			"to": [8.35, 2, 2],
			"faces": {
				"north": {"uv": [2, 13, 2.75, 14], "texture": "#0"},
				"east": {"uv": [2, 13, 3, 14], "texture": "#0"},
				"south": {"uv": [2, 13, 2.75, 14], "texture": "#0"},
				"west": {"uv": [2, 13, 3, 14], "texture": "#0"},
				"up": {"uv": [2, 13, 2.75, 14], "texture": "#0"},
				"down": {"uv": [2, 13, 2.75, 14], "texture": "#0"}
			}
		},
		{
			"from": [7.6, 12, 4],
			"to": [8.35, 13, 8],
			"faces": {
				"north": {"uv": [5, 2, 6, 3], "texture": "#0"},
				"east": {"uv": [5, 2, 9, 3], "texture": "#0"},
				"south": {"uv": [5, 2, 6, 3], "texture": "#0"},
				"west": {"uv": [5, 2, 9, 3], "texture": "#0"},
				"up": {"uv": [5, 2, 9, 3], "texture": "#0"},
				"down": {"uv": [5, 2, 9, 3], "texture": "#0"}
			}
		},
		{
			"from": [7.6, 11, 7],
			"to": [8.35, 12, 9],
			"faces": {
				"north": {"uv": [8, 3, 9, 4], "texture": "#0"},
				"east": {"uv": [8, 3, 10, 4], "texture": "#0"},
				"south": {"uv": [8, 3, 9, 4], "texture": "#0"},
				"west": {"uv": [8, 3, 10, 4], "texture": "#0"},
				"up": {"uv": [8, 3, 10, 4], "texture": "#0"},
				"down": {"uv": [8, 3, 10, 4], "texture": "#0"}
			}
		},
		{
			"from": [7.6, 7, 11],
			"to": [8.35, 9, 12],
			"faces": {
				"north": {"uv": [12, 6, 13, 8], "texture": "#0"},
				"east": {"uv": [12, 6, 13, 8], "texture": "#0"},
				"south": {"uv": [12, 6, 13, 8], "texture": "#0"},
				"west": {"uv": [12, 6, 13, 8], "texture": "#0"},
				"up": {"uv": [12, 6, 13, 7], "texture": "#0"},
				"down": {"uv": [12, 6, 13, 7], "texture": "#0"}
			}
		},
		{
			"from": [7.6, 4, 12],
			"to": [8.35, 8, 13],
			"faces": {
				"north": {"uv": [13, 7, 14, 11], "texture": "#0"},
				"east": {"uv": [13, 7, 14, 11], "texture": "#0"},
				"south": {"uv": [13, 7, 14, 11], "texture": "#0"},
				"west": {"uv": [13, 7, 14, 11], "texture": "#0"},
				"up": {"uv": [12, 6, 13, 7], "texture": "#0"},
				"down": {"uv": [12, 6, 13, 7], "texture": "#0"}
			}
		}
	],
	"display": {
		"thirdperson_righthand": {
			"rotation": [-50, 0, 0],
			"translation": [0, 12, -4],
			"scale": [4, 4, 4]
		},
		"thirdperson_lefthand": {
			"rotation": [-50, 0, 0],
			"translation": [0, 12, -4],
			"scale": [4, 4, 4]
		},
		"firstperson_righthand": {
			"rotation": [-89, 40, 29],
			"translation": [24, -1, -21.75],
			"scale": [4, 4, 4]
		},
		"firstperson_lefthand": {
			"rotation": [-89, 40, 29],
			"translation": [24, -1, -21.75],
			"scale": [4, 4, 4]
		},
		"ground": {
			"translation": [0, 28.75, 0],
			"scale": [4, 4, 4]
		},
		"gui": {
			"rotation": [0, 90, 0],
			"translation": [3.5, 3.25, 0],
			"scale": [4, 4, 4]
		},
		"head": {
			"translation": [0, 19.5, -18.25],
			"scale": [4, 4, 4]
		},
		"fixed": {
			"rotation": [0, 90, 0],
			"scale": [4, 4, 4]
		}
	}
}