{
	"credit": "Copyright © 2021-2099 Ikaho-Onsen Minecraft Server. All rights reserved.",
	"texture_size": [64, 64],
	"textures": {
		"0": "minecraft:item/clear_item_01",
		"particle": "minecraft:item/clear_item_01"
	},
	"elements": [
		{
			"from": [4, 7, 5],
			"to": [12, 9, 11],
			"rotation": {"angle": 0, "axis": "y", "origin": [8, 9, 8]},
			"faces": {
				"north": {"uv": [4.25, 3, 6.25, 3.5], "texture": "#0"},
				"east": {"uv": [4.25, 3, 5.75, 3.5], "texture": "#0"},
				"south": {"uv": [4.25, 3, 6.25, 3.5], "texture": "#0"},
				"west": {"uv": [5.75, 3, 4.25, 3.5], "texture": "#0"},
				"up": {"uv": [6.25, 5, 4.25, 3.5], "texture": "#0"},
				"down": {"uv": [6.25, 3.5, 4.25, 5], "texture": "#0"}
			}
		},
		{
			"from": [6, 9, 6],
			"to": [10, 14, 10],
			"rotation": {"angle": 0, "axis": "y", "origin": [8, 9, 8]},
			"faces": {
				"north": {"uv": [6.25, 6.25, 7.25, 7.5], "texture": "#0"},
				"east": {"uv": [7.25, 5, 6.25, 6.25], "texture": "#0"},
				"south": {"uv": [6.25, 2.75, 7.25, 4], "texture": "#0"},
				"west": {"uv": [6.25, 5, 7.25, 6.25], "texture": "#0"},
				"up": {"uv": [7.25, 5, 6.25, 4], "rotation": 180, "texture": "#0"}
			}
		},
		{
			"from": [7, 15, 7],
			"to": [9, 17, 9],
			"rotation": {"angle": 0, "axis": "y", "origin": [8, 9, 8]},
			"faces": {
				"north": {"uv": [1, 0, 1.5, 0.5], "texture": "#0"},
				"east": {"uv": [1.5, 0, 1, 0.5], "texture": "#0"},
				"south": {"uv": [1, 0, 1.5, 0.5], "texture": "#0"},
				"west": {"uv": [1.5, 0, 1, 0.5], "texture": "#0"},
				"up": {"uv": [1.5, 1, 1, 0.5], "texture": "#0"},
				"down": {"uv": [1.5, 1, 1, 1.5], "texture": "#0"}
			}
		},
		{
			"from": [7.5, 14, 7.5],
			"to": [8.5, 15, 8.5],
			"rotation": {"angle": 0, "axis": "y", "origin": [8, 9, 8]},
			"faces": {
				"north": {"uv": [1.5, 7.75, 1.75, 8], "texture": "#0"},
				"east": {"uv": [1.5, 7.75, 1.75, 8], "texture": "#0"},
				"south": {"uv": [1.5, 7.75, 1.75, 8], "texture": "#0"},
				"west": {"uv": [1.5, 7.75, 1.75, 8], "texture": "#0"}
			}
		},
		{
			"from": [8, 13.5, 3],
			"to": [8, 17.5, 7],
			"rotation": {"angle": 0, "axis": "y", "origin": [8, 9, 8]},
			"faces": {
				"east": {"uv": [6.25, 2, 5.25, 3], "texture": "#0"},
				"west": {"uv": [5.25, 2, 6.25, 3], "texture": "#0"}
			}
		}
	],
	"gui_light": "front",
	"display": {
		"thirdperson_righthand": {
			"rotation": [70, 0, 0],
			"translation": [0, 2.75, 0]
		},
		"thirdperson_lefthand": {
			"rotation": [70, 0, 0],
			"translation": [0, 2.75, 0]
		},
		"firstperson_righthand": {
			"translation": [1.88, 2.7, 2.13],
			"scale": [0.5, 0.5, 0.5]
		},
		"firstperson_lefthand": {
			"translation": [1.88, 2.7, 2.13],
			"scale": [0.5, 0.5, 0.5]
		},
		"ground": {
			"rotation": [30, 0, 0],
			"scale": [0.5, 0.5, 0.5]
		},
		"gui": {
			"rotation": [33, 135, 0],
			"translation": [0, -2.75, 0],
			"scale": [1.2, 1.2, 1.2]
		},
		"head": {
			"translation": [0, 8, 0],
			"scale": [1.5, 1.5, 1.5]
		},
		"fixed": {
			"rotation": [-90, 0, 0],
			"translation": [0, 0, -1.75],
			"scale": [2, 2, 2]
		}
	},
	"groups": [
		{
			"name": "group",
			"origin": [-0.5, 0, 0.5],
			"color": 0,
			"nbt": "{}",
			"armAnimationEnabled": false,
			"children": [0, 1, 2, 3, 4]
		}
	]
}