{
	"credit": "Copyright © 2021-2099 Ikaho-Onsen Minecraft Server. All rights reserved.",
	"texture_size": [32, 32],
	"textures": {
		"0": "minecraft:item/lamp_03",
		"particle": "minecraft:item/lamp_03"
	},
	"elements": [
		{
			"from": [4, 2, 4],
			"to": [12, 9, 12],
			"rotation": {"angle": 0, "axis": "x", "origin": [8, 5.5, 8]},
			"faces": {
				"north": {"uv": [4, 0, 8, 3.5], "texture": "#0"},
				"east": {"uv": [4, 8, 0, 11.5], "texture": "#0"},
				"south": {"uv": [4, 7, 8, 10.5], "texture": "#0"},
				"west": {"uv": [0, 8, 4, 11.5], "texture": "#0"},
				"up": {"uv": [4, 4, 0, 0], "texture": "#0"},
				"down": {"uv": [4, 4, 0, 8], "texture": "#0"}
			}
		},
		{
			"from": [9.00264, 2, 11.99923],
			"to": [12.00264, 9, 11.99923],
			"rotation": {"angle": 22.5, "axis": "y", "origin": [12.00074, 5.5, 12.00676]},
			"faces": {
				"north": {"uv": [2.5, 12, 1, 15.5], "texture": "#0"},
				"south": {"uv": [1, 12, 2.5, 15.5], "texture": "#0"}
			}
		},
		{
			"from": [3.99736, 2, 11.99923],
			"to": [6.99736, 9, 11.99923],
			"rotation": {"angle": -22.5, "axis": "y", "origin": [3.99926, 5.5, 12.00676]},
			"faces": {
				"north": {"uv": [1, 12, 2.5, 15.5], "texture": "#0"},
				"south": {"uv": [2.5, 12, 1, 15.5], "texture": "#0"}
			}
		},
		{
			"from": [3.8, 1.8, 3.8],
			"to": [12.2, 9.2, 12.2],
			"rotation": {"angle": 0, "axis": "y", "origin": [12.2, 5.5, 8]},
			"faces": {
				"north": {"uv": [6.5, 12.5, 10.5, 16], "texture": "#0"},
				"east": {"uv": [8, 3.5, 4, 7], "texture": "#0"},
				"south": {"uv": [6.5, 12.5, 10.5, 16], "texture": "#0"},
				"west": {"uv": [4, 3.5, 8, 7], "texture": "#0"},
				"up": {"uv": [4, 16, 0, 12], "texture": "#0"}
			}
		},
		{
			"from": [5, 2.025, 2],
			"to": [11, 6.025, 7],
			"rotation": {"angle": 0, "axis": "x", "origin": [8, 4.525, 4.5]},
			"faces": {
				"north": {"uv": [8, 0, 11, 2.5], "texture": "#0"},
				"east": {"uv": [6.5, 10.5, 4, 13], "texture": "#0"},
				"south": {"uv": [8, 2.5, 11, 5], "texture": "#0"},
				"west": {"uv": [4, 10.5, 6.5, 13], "texture": "#0"},
				"up": {"uv": [11, 7.5, 8, 5], "texture": "#0"},
				"down": {"uv": [11, 7.5, 8, 10], "texture": "#0"}
			}
		},
		{
			"from": [4.8, 1.725, 3],
			"to": [11.2, 6.225, 5],
			"rotation": {"angle": 0, "axis": "x", "origin": [8, 3.025, 4.5]},
			"faces": {
				"east": {"uv": [11, 0, 13.5, 1], "rotation": 90, "texture": "#0", "tintindex": 0},
				"west": {"uv": [11, 1, 13.5, 2], "rotation": 270, "texture": "#0", "tintindex": 0},
				"up": {"uv": [11, 6, 14, 7], "texture": "#0", "tintindex": 0},
				"down": {"uv": [11, 6, 14, 7], "rotation": 180, "texture": "#0", "tintindex": 0}
			}
		},
		{
			"from": [4.3, 5.725, 3.025],
			"to": [6.3, 9.725, 4.025],
			"rotation": {"angle": 22.5, "axis": "z", "origin": [6, 8.025, 3.525]},
			"faces": {
				"north": {"uv": [11, 4, 12, 6], "texture": "#0"},
				"east": {"uv": [12, 2, 12.5, 4], "texture": "#0"},
				"south": {"uv": [13, 2, 14, 4], "texture": "#0"},
				"west": {"uv": [13.5, 0, 14, 2], "texture": "#0"},
				"up": {"uv": [12, 10, 11, 9.5], "texture": "#0"}
			}
		},
		{
			"from": [9.7, 5.725, 3.025],
			"to": [11.7, 9.725, 4.025],
			"rotation": {"angle": -22.5, "axis": "z", "origin": [10, 8.025, 3.525]},
			"faces": {
				"north": {"uv": [12, 4, 11, 6], "texture": "#0"},
				"east": {"uv": [14, 0, 13.5, 2], "texture": "#0"},
				"south": {"uv": [14, 2, 13, 4], "texture": "#0"},
				"west": {"uv": [12.5, 2, 12, 4], "texture": "#0"},
				"up": {"uv": [11, 10, 12, 9.5], "texture": "#0"}
			}
		},
		{
			"name": "cube inverted",
			"from": [12.2, 9.2, 12.2],
			"to": [3.8, 1.8, 3.8],
			"rotation": {"angle": 0, "axis": "y", "origin": [12.2, 5.5, 8]},
			"faces": {
				"north": {"uv": [6.5, 16, 10.5, 12.5], "texture": "#0"},
				"east": {"uv": [4, 7, 8, 3.5], "texture": "#0"},
				"south": {"uv": [6.5, 16, 10.5, 12.5], "texture": "#0"},
				"west": {"uv": [8, 7, 4, 3.5], "texture": "#0"},
				"down": {"uv": [0, 16, 4, 12], "texture": "#0"}
			}
		},
		{
			"name": "cube inverted",
			"from": [11.2, 6.225, 5],
			"to": [4.8, 1.725, 3],
			"rotation": {"angle": 0, "axis": "x", "origin": [8, 3.025, 4.5]},
			"faces": {
				"east": {"uv": [13.5, 1, 11, 2], "rotation": 270, "texture": "#0", "tintindex": 0},
				"west": {"uv": [13.5, 0, 11, 1], "rotation": 90, "texture": "#0", "tintindex": 0},
				"up": {"uv": [14, 6, 11, 7], "rotation": 180, "texture": "#0", "tintindex": 0},
				"down": {"uv": [14, 6, 11, 7], "texture": "#0", "tintindex": 0}
			}
		},
		{
			"from": [5, 6, 7],
			"to": [6, 12, 9],
			"rotation": {"angle": 0, "axis": "y", "origin": [8, 11, 8]},
			"faces": {
				"north": {"uv": [12, 9, 15, 9.5], "rotation": 90, "texture": "#0"},
				"east": {"uv": [16, 10, 13, 9], "rotation": 270, "texture": "#0"},
				"south": {"uv": [15, 9.5, 12, 10], "rotation": 270, "texture": "#0"},
				"west": {"uv": [16, 9, 13, 10], "rotation": 270, "texture": "#0"},
				"down": {"uv": [14, 9, 14.5, 10], "rotation": 270, "texture": "#0"}
			}
		},
		{
			"from": [7, 12, 6],
			"to": [9, 14, 20],
			"rotation": {"angle": -45, "axis": "z", "origin": [8, 13, 14.5]},
			"faces": {
				"north": {"uv": [15, 0, 16, 1], "rotation": 90, "texture": "#0"},
				"east": {"uv": [15, 1, 14, 8], "rotation": 270, "texture": "#0"},
				"south": {"uv": [15, 0, 16, 1], "texture": "#0"},
				"west": {"uv": [15, 1, 16, 8], "rotation": 270, "texture": "#0"},
				"up": {"uv": [16, 1, 15, 8], "texture": "#0"},
				"down": {"uv": [14, 1, 15, 8], "texture": "#0"}
			}
		},
		{
			"from": [5.56066, 11.35355, 7],
			"to": [6.56066, 15.59355, 9],
			"rotation": {"angle": -45, "axis": "z", "origin": [6.06066, 12.35355, 8]},
			"faces": {
				"north": {"uv": [12, 8, 14, 8.5], "rotation": 90, "texture": "#0"},
				"east": {"uv": [16, 9, 14, 8], "rotation": 270, "texture": "#0"},
				"south": {"uv": [14, 8.5, 12, 9], "rotation": 270, "texture": "#0"},
				"west": {"uv": [16, 8, 14, 9], "rotation": 270, "texture": "#0"}
			}
		},
		{
			"from": [9.43934, 11.35355, 7],
			"to": [10.43934, 15.59355, 9],
			"rotation": {"angle": 45, "axis": "z", "origin": [9.93934, 12.35355, 8]},
			"faces": {
				"north": {"uv": [12, 8.5, 14, 8], "rotation": 90, "texture": "#0"},
				"east": {"uv": [16, 9, 14, 8], "rotation": 270, "texture": "#0"},
				"south": {"uv": [14, 9, 12, 8.5], "rotation": 270, "texture": "#0"},
				"west": {"uv": [16, 8, 14, 9], "rotation": 270, "texture": "#0"}
			}
		},
		{
			"from": [10, 6, 7],
			"to": [11, 12, 9],
			"rotation": {"angle": 0, "axis": "y", "origin": [8, 11, 8]},
			"faces": {
				"north": {"uv": [12, 9.5, 15, 9], "rotation": 90, "texture": "#0"},
				"east": {"uv": [16, 10, 13, 9], "rotation": 270, "texture": "#0"},
				"south": {"uv": [15, 10, 12, 9.5], "rotation": 270, "texture": "#0"},
				"west": {"uv": [16, 9, 13, 10], "rotation": 270, "texture": "#0"},
				"down": {"uv": [14, 10, 14.5, 9], "rotation": 270, "texture": "#0"}
			}
		}
	],
	"gui_light": "front",
	"display": {
		"thirdperson_righthand": {
			"rotation": [67.5, 0, 0],
			"translation": [0, 4.75, -7.5]
		},
		"thirdperson_lefthand": {
			"rotation": [67.5, 0, 0],
			"translation": [0, 4.75, -7.5]
		},
		"firstperson_righthand": {
			"translation": [5, 0, -1],
			"scale": [0.55, 0.55, 0.55]
		},
		"firstperson_lefthand": {
			"translation": [5, 0, -1],
			"scale": [0.55, 0.55, 0.55]
		},
		"ground": {
			"translation": [0, 2, 0],
			"scale": [0.6, 0.6, 0.6]
		},
		"gui": {
			"rotation": [33, 135, 0],
			"translation": [-1.75, -0.75, 0],
			"scale": [0.78, 0.78, 0.78]
		},
		"head": {
			"translation": [0, -1.5, -18]
		},
		"fixed": {
			"translation": [0, 0, -23.75],
			"scale": [2, 2, 2]
		}
	},
	"groups": [
		{
			"name": "group",
			"origin": [8, 8, 8],
			"color": 0,
			"nbt": "{}",
			"armAnimationEnabled": false,
			"children": [0, 1, 2, 3, 4, 5, 6, 7, 8, 9]
		},
		{
			"name": "group",
			"origin": [9.93934, 12.35355, 8],
			"color": 0,
			"nbt": "{}",
			"armAnimationEnabled": false,
			"children": [10, 11, 12, 13, 14]
		}
	]
}