{
	"credit": "Copyright © 2021-2099 Ikaho-Onsen Minecraft Server. All rights reserved.",
	"textures": {
		"0": "minecraft:item/corn_hot",
		"particle": "minecraft:item/corn_hot"
	},
	"elements": [
		{
			"from": [6.5, 3, 6.5],
			"to": [9.5, 5, 9.5],
			"rotation": {"angle": 0, "axis": "y", "origin": [8.5, 1, 8.5]},
			"faces": {
				"north": {"uv": [5, 10, 8, 12], "texture": "#0"},
				"east": {"uv": [5, 10, 8, 12], "texture": "#0"},
				"south": {"uv": [5, 10, 8, 12], "texture": "#0"},
				"west": {"uv": [5, 10, 8, 12], "texture": "#0"},
				"down": {"uv": [13, 0, 10, 3], "texture": "#0"}
			}
		},
		{
			"from": [5.5, 5, 5.5],
			"to": [10.5, 16, 10.5],
			"rotation": {"angle": 0, "axis": "y", "origin": [8.5, 9, 8.5]},
			"faces": {
				"north": {"uv": [0, 0, 5, 11], "texture": "#0"},
				"east": {"uv": [0, 0, 5, 11], "texture": "#0"},
				"south": {"uv": [0, 0, 5, 11], "texture": "#0"},
				"west": {"uv": [0, 0, 5, 11], "texture": "#0"},
				"up": {"uv": [10, 5, 5, 0], "texture": "#0"},
				"down": {"uv": [10, 0, 5, 5], "texture": "#0"}
			}
		},
		{
			"from": [5.4, 4.9, 5.4],
			"to": [10.6, 16.1, 10.6],
			"rotation": {"angle": 0, "axis": "y", "origin": [8.5, 9, 8.5]},
			"faces": {
				"north": {"uv": [11, 3, 16, 14], "texture": "#0"},
				"east": {"uv": [11, 3, 16, 14], "texture": "#0"},
				"south": {"uv": [11, 3, 16, 14], "texture": "#0"},
				"west": {"uv": [11, 3, 16, 14], "texture": "#0"},
				"up": {"uv": [5, 16, 0, 11], "texture": "#0"},
				"down": {"uv": [0, 11, 5, 16], "texture": "#0"}
			}
		},
		{
			"from": [7.5, -3, 7.5],
			"to": [8.5, 3, 8.5],
			"rotation": {"angle": 0, "axis": "y", "origin": [8.5, 7, 8.5]},
			"faces": {
				"north": {"uv": [10, 3, 11, 9], "texture": "#0"},
				"east": {"uv": [10, 3, 11, 9], "texture": "#0"},
				"south": {"uv": [10, 3, 11, 9], "texture": "#0"},
				"west": {"uv": [10, 3, 11, 9], "texture": "#0"},
				"down": {"uv": [9, 10, 8, 11], "texture": "#0"}
			}
		}
	],
	"gui_light": "front",
	"display": {
		"thirdperson_righthand": {
			"translation": [0, 6, 0.5]
		},
		"thirdperson_lefthand": {
			"translation": [0, 6, 0.5]
		},
		"firstperson_righthand": {
			"translation": [2.5, 0, 0],
			"scale": [0.7, 0.7, 0.7]
		},
		"firstperson_lefthand": {
			"translation": [2.5, 0, 0],
			"scale": [0.7, 0.7, 0.7]
		},
		"ground": {
			"rotation": [35, 0, 0],
			"translation": [0, 3, 0],
			"scale": [0.5, 0.5, 0.5]
		},
		"gui": {
			"rotation": [33, 180, 33],
			"translation": [0.25, -0.25, 0],
			"scale": [0.8, 0.8, 0.8]
		},
		"head": {
			"rotation": [0, 0, 90],
			"translation": [2.75, -7.5, -8]
		},
		"fixed": {
			"translation": [0, 0, -4.75],
			"scale": [2, 2, 2]
		}
	}
}