{
	"credit": "Copyright © 2021-2099 Ikaho-Onsen Minecraft Server. All rights reserved.",
	"texture_size": [32, 32],
	"textures": {
		"0": "minecraft:item/cit/mask_01_texture",
		"particle": "minecraft:item/cit/mask_01_texture"
	},
	"elements": [
		{
			"from": [3, 3, 2],
			"to": [13, 14, 4],
			"rotation": {"angle": 0, "axis": "y", "origin": [0, -19.5, 5]},
			"faces": {
				"north": {"uv": [0, 0, 5, 5.5], "texture": "#0"},
				"east": {"uv": [0, 7, 1, 12.5], "texture": "#0"},
				"south": {"uv": [5, 0, 10, 5.5], "texture": "#0"},
				"west": {"uv": [1, 7, 2, 12.5], "texture": "#0"},
				"up": {"uv": [7, 8, 2, 7], "texture": "#0"},
				"down": {"uv": [0, 0, 0, 0], "texture": "#0"}
			}
		},
		{
			"from": [2.7, 2.14645, 1.23223],
			"to": [13.3, 4.14645, 3.23223],
			"rotation": {"angle": 45, "axis": "x", "origin": [8, 2.64645, 2.23223]},
			"faces": {
				"north": {"uv": [2, 8, 7, 9], "texture": "#0"},
				"east": {"uv": [8, 10.5, 9, 11.5], "texture": "#0"},
				"south": {"uv": [8, 5.5, 13, 6.5], "texture": "#0"},
				"west": {"uv": [9, 10.5, 10, 11.5], "texture": "#0"},
				"up": {"uv": [12, 9, 7, 8], "texture": "#0"},
				"down": {"uv": [7, 9, 2, 10], "texture": "#0"}
			}
		},
		{
			"from": [4, 0.14645, 1.23223],
			"to": [12, 2.14645, 3.23223],
			"rotation": {"angle": 45, "axis": "x", "origin": [8, 2.64645, 2.23223]},
			"faces": {
				"north": {"uv": [7, 9, 11, 10], "texture": "#0"},
				"east": {"uv": [10, 10.5, 11, 11.5], "texture": "#0"},
				"south": {"uv": [10, 0, 14, 1], "texture": "#0"},
				"west": {"uv": [2, 11, 3, 12], "texture": "#0"},
				"up": {"uv": [0, 0, 0, 0], "texture": "#0"},
				"down": {"uv": [6, 10, 2, 11], "texture": "#0"}
			}
		},
		{
			"from": [7, 5, -6],
			"to": [9, 8, 2],
			"rotation": {"angle": 0, "axis": "y", "origin": [0, -20.5, 5]},
			"faces": {
				"north": {"uv": [10, 4, 11, 5.5], "texture": "#0"},
				"east": {"uv": [0, 5.5, 4, 7], "texture": "#0"},
				"south": {"uv": [0, 0, 0, 0], "texture": "#0"},
				"west": {"uv": [4, 5.5, 8, 7], "texture": "#0"},
				"up": {"uv": [7, 14, 6, 10], "texture": "#0"},
				"down": {"uv": [8, 10, 7, 14], "texture": "#0"}
			}
		},
		{
			"from": [5, 5, 0],
			"to": [7, 7, 2],
			"rotation": {"angle": 0, "axis": "y", "origin": [0, -20.5, 5]},
			"faces": {
				"north": {"uv": [3, 11, 4, 12], "texture": "#0"},
				"east": {"uv": [0, 0, 0, 0], "texture": "#0"},
				"south": {"uv": [0, 0, 0, 0], "texture": "#0"},
				"west": {"uv": [4, 11, 5, 12], "texture": "#0"},
				"up": {"uv": [12, 5, 11, 4], "texture": "#0"},
				"down": {"uv": [6, 11, 5, 12], "texture": "#0"}
			}
		},
		{
			"from": [2.7, 11, 1],
			"to": [7.7, 13, 2],
			"rotation": {"angle": -22.5, "axis": "z", "origin": [3.5, 11.5, 1.5]},
			"faces": {
				"north": {"uv": [10, 2, 12.5, 3], "texture": "#0"},
				"east": {"uv": [11, 9, 11.5, 10], "texture": "#0"},
				"south": {"uv": [10, 3, 12.5, 4], "texture": "#0"},
				"west": {"uv": [11, 10, 11.5, 11], "texture": "#0"},
				"up": {"uv": [10.5, 7, 8, 6.5], "texture": "#0"},
				"down": {"uv": [10.5, 10, 8, 10.5], "texture": "#0"}
			}
		},
		{
			"from": [9, 5, 0],
			"to": [11, 7, 2],
			"rotation": {"angle": 0, "axis": "y", "origin": [16, -20.5, 5]},
			"faces": {
				"north": {"uv": [4, 11, 3, 12], "texture": "#0"},
				"east": {"uv": [5, 11, 4, 12], "texture": "#0"},
				"south": {"uv": [0, 0, 0, 0], "texture": "#0"},
				"west": {"uv": [0, 0, 0, 0], "texture": "#0"},
				"up": {"uv": [11, 5, 12, 4], "texture": "#0"},
				"down": {"uv": [5, 11, 6, 12], "texture": "#0"}
			}
		},
		{
			"from": [8.3, 11, 1],
			"to": [13.3, 13, 2],
			"rotation": {"angle": 22.5, "axis": "z", "origin": [12.5, 11.5, 1.5]},
			"faces": {
				"north": {"uv": [12.5, 2, 10, 3], "texture": "#0"},
				"east": {"uv": [11.5, 10, 11, 11], "texture": "#0"},
				"south": {"uv": [12.5, 3, 10, 4], "texture": "#0"},
				"west": {"uv": [11.5, 9, 11, 10], "texture": "#0"},
				"up": {"uv": [8, 7, 10.5, 6.5], "texture": "#0"},
				"down": {"uv": [8, 10, 10.5, 10.5], "texture": "#0"}
			}
		}
	],
	"gui_light": "front",
	"display": {
		"thirdperson_righthand": {
			"rotation": [50, 0, 0],
			"translation": [0, -1.75, 2.25],
			"scale": [0.75, 0.75, 0.75]
		},
		"thirdperson_lefthand": {
			"rotation": [50, 0, 0],
			"translation": [0, -1.75, 2.25],
			"scale": [0.75, 0.75, 0.75]
		},
		"firstperson_righthand": {
			"translation": [0.75, 2.25, 4.5],
			"scale": [0.5, 0.5, 0.5]
		},
		"firstperson_lefthand": {
			"translation": [0.75, 2.25, 4.5],
			"scale": [0.5, 0.5, 0.5]
		},
		"ground": {
			"rotation": [35, 0, 0],
			"translation": [0, 3, 2.75],
			"scale": [0.5, 0.5, 0.5]
		},
		"gui": {
			"rotation": [0, 135, 0],
			"translation": [4.25, 1, 0]
		},
		"head": {
			"scale": [1.5, 1.5, 1.5]
		},
		"fixed": {
			"rotation": [-10, 0, 0],
			"translation": [0, 1.25, 6.75],
			"scale": [2, 2, 2]
		}
	},
	"groups": [
		{
			"name": "mask01",
			"origin": [0, -21.5, 4],
			"color": 0,
			"nbt": "{}",
			"armAnimationEnabled": false,
			"children": [0, 1, 2, 3, 4, 5, 6, 7]
		}
	]
}