{
	"credit": "Copyright © 2021-2099 Ikaho-Onsen Minecraft Server. All rights reserved.",
	"textures": {
		"0": "minecraft:item/sickle01",
		"particle": "minecraft:item/sickle01"
	},
	"elements": [
		{
			"from": [7.5, 21.29395, -0.80477],
			"to": [8.5, 22.29395, 4.09523],
			"rotation": {"angle": -45, "axis": "x", "origin": [8, 21.79395, 2.49523]},
			"faces": {
				"north": {"uv": [0, 0, 1, 1], "rotation": 180, "texture": "#0"},
				"east": {"uv": [0, 0, 1, 4.9], "rotation": 90, "texture": "#0"},
				"south": {"uv": [0, 0, 1, 1], "texture": "#0"},
				"west": {"uv": [0, 0, 1, 4.9], "rotation": 270, "texture": "#0"},
				"up": {"uv": [0, 0, 1, 4.9], "texture": "#0"},
				"down": {"uv": [0, 0, 1, 4.9], "rotation": 180, "texture": "#0"}
			}
		},
		{
			"from": [7.5, -5.10346, 9.39426],
			"to": [8.5, 18.59654, 10.39426],
			"rotation": {"angle": 0, "axis": "y", "origin": [6.5, 7.89654, 9.39426]},
			"faces": {
				"north": {"uv": [0, 0, 1, 16], "texture": "#0"},
				"east": {"uv": [0, 0, 1, 16], "texture": "#0"},
				"south": {"uv": [0, 0, 1, 16], "texture": "#0"},
				"west": {"uv": [0, 0, 1, 16], "texture": "#0"},
				"up": {"uv": [0, 0, 1, 1], "texture": "#0"},
				"down": {"uv": [0, 0, 1, 1], "texture": "#0"}
			}
		},
		{
			"from": [7.5, 18.0337, 9.60567],
			"to": [8.5, 19.5337, 14.10567],
			"rotation": {"angle": -22.5, "axis": "x", "origin": [8, 18.5337, 11.85567]},
			"faces": {
				"north": {"uv": [0, 0, 1, 1.5], "rotation": 180, "texture": "#0"},
				"east": {"uv": [0, 0, 1.5, 4.5], "rotation": 270, "texture": "#0"},
				"south": {"uv": [0, 0, 1, 1.5], "texture": "#0"},
				"west": {"uv": [0, 0, 1.5, 4.5], "rotation": 90, "texture": "#0"},
				"up": {"uv": [0, 0, 1, 4.5], "rotation": 180, "texture": "#0"},
				"down": {"uv": [0, 0, 1, 4.5], "texture": "#0"}
			}
		},
		{
			"from": [7.5, 19.04802, 12.84648],
			"to": [8.5, 23.04802, 14.54648],
			"rotation": {"angle": 22.5, "axis": "x", "origin": [8, 20.04802, 14.04648]},
			"faces": {
				"north": {"uv": [0, 0, 1, 4], "texture": "#0"},
				"east": {"uv": [0, 0, 1.7, 4], "texture": "#0"},
				"south": {"uv": [0, 0, 1, 4], "texture": "#0"},
				"west": {"uv": [0, 0, 1.7, 4], "texture": "#0"},
				"up": {"uv": [0, 0, 1, 1.7], "texture": "#0"},
				"down": {"uv": [0, 0, 1, 1.7], "texture": "#0"}
			}
		},
		{
			"from": [7.5, 23.89027, 10.9876],
			"to": [8.5, 24.79027, 14.8876],
			"rotation": {"angle": 22.5, "axis": "x", "origin": [8, 24.29027, 10.3376]},
			"faces": {
				"north": {"uv": [0, 0, 1, 0.9], "rotation": 180, "texture": "#0"},
				"east": {"uv": [0, 0, 0.9, 3.9], "rotation": 90, "texture": "#0"},
				"south": {"uv": [0, 0, 1, 0.9], "texture": "#0"},
				"west": {"uv": [0, 0, 0.9, 3.9], "rotation": 270, "texture": "#0"},
				"up": {"uv": [0, 0, 1, 3.9], "texture": "#0"},
				"down": {"uv": [0, 0, 1, 3.9], "rotation": 180, "texture": "#0"}
			}
		},
		{
			"from": [7.5, 20.56661, 14.80249],
			"to": [8.5, 21.36661, 18.70249],
			"rotation": {"angle": 45, "axis": "x", "origin": [8, 20.96661, 16.75249]},
			"faces": {
				"north": {"uv": [0, 0, 1, 0.8], "rotation": 180, "texture": "#0"},
				"east": {"uv": [0, 0, 0.8, 3.9], "rotation": 90, "texture": "#0"},
				"south": {"uv": [0, 0, 1, 0.8], "texture": "#0"},
				"west": {"uv": [0, 0, 0.8, 3.9], "rotation": 270, "texture": "#0"},
				"up": {"uv": [0, 0, 1, 3.9], "texture": "#0"},
				"down": {"uv": [0, 0, 1, 3.9], "rotation": 180, "texture": "#0"}
			}
		},
		{
			"from": [7.5, 16.18818, 13.52406],
			"to": [8.5, 20.08818, 14.32406],
			"rotation": {"angle": -22.5, "axis": "x", "origin": [8, 18.13818, 13.92406]},
			"faces": {
				"north": {"uv": [0, 0, 1, 3.9], "texture": "#0"},
				"east": {"uv": [0, 0, 0.8, 3.9], "texture": "#0"},
				"south": {"uv": [0, 0, 1, 3.9], "texture": "#0"},
				"west": {"uv": [0, 0, 0.8, 3.9], "texture": "#0"},
				"up": {"uv": [0, 0, 1, 0.8], "texture": "#0"},
				"down": {"uv": [0, 0, 1, 0.8], "texture": "#0"}
			}
		},
		{
			"from": [7.5, 23.50346, 6.22946],
			"to": [8.5, 24.50346, 11.12946],
			"rotation": {"angle": 0, "axis": "x", "origin": [8, 24.00346, 9.17946]},
			"faces": {
				"north": {"uv": [0, 0, 1, 1], "rotation": 180, "texture": "#0"},
				"east": {"uv": [0, 0, 1, 4.9], "rotation": 90, "texture": "#0"},
				"south": {"uv": [0, 0, 1, 1], "texture": "#0"},
				"west": {"uv": [0, 0, 1, 4.9], "rotation": 270, "texture": "#0"},
				"up": {"uv": [0, 0, 1, 4.9], "texture": "#0"},
				"down": {"uv": [0, 0, 1, 4.9], "rotation": 180, "texture": "#0"}
			}
		},
		{
			"from": [7.5, 22.60395, 3.4073],
			"to": [8.5, 23.60395, 6.6073],
			"rotation": {"angle": -22.5, "axis": "x", "origin": [8, 23.10395, 4.1573]},
			"faces": {
				"north": {"uv": [0, 0, 1, 1], "rotation": 180, "texture": "#0"},
				"east": {"uv": [0, 0, 1, 3.2], "rotation": 90, "texture": "#0"},
				"south": {"uv": [0, 0, 1, 1], "texture": "#0"},
				"west": {"uv": [0, 0, 1, 3.2], "rotation": 270, "texture": "#0"},
				"up": {"uv": [0, 0, 1, 3.2], "texture": "#0"},
				"down": {"uv": [0, 0, 1, 3.2], "rotation": 180, "texture": "#0"}
			}
		},
		{
			"from": [7.85, 19.2346, 11.0856],
			"to": [8.15, 23.0346, 14.0856],
			"rotation": {"angle": 0, "axis": "y", "origin": [7.85, 0.4346, 9.0856]},
			"faces": {
				"north": {"uv": [15.7, 0, 16, 3.2], "texture": "#0"},
				"east": {"uv": [11.6, 0, 14.6, 3.2], "texture": "#0"},
				"south": {"uv": [0, 0, 0.3, 3.2], "texture": "#missing"},
				"west": {"uv": [11.6, 0, 14.6, 3.2], "texture": "#0"},
				"up": {"uv": [0, 0, 0.3, 3], "texture": "#missing"},
				"down": {"uv": [15.7, 0, 16, 3], "texture": "#0"}
			}
		},
		{
			"from": [7.85, 20.8346, 8.0856],
			"to": [8.15, 23.7346, 11.0856],
			"rotation": {"angle": 0, "axis": "y", "origin": [7.85, 0.4346, 9.0856]},
			"faces": {
				"north": {"uv": [15.7, 0, 16, 3.2], "texture": "#0"},
				"east": {"uv": [11.6, 0, 14.6, 3.2], "texture": "#0"},
				"south": {"uv": [0, 0, 0.3, 3.2], "texture": "#missing"},
				"west": {"uv": [11.6, 0, 14.6, 3.2], "texture": "#0"},
				"up": {"uv": [0, 0, 0.3, 3], "texture": "#missing"},
				"down": {"uv": [15.7, 0, 16, 3], "texture": "#0"}
			}
		},
		{
			"from": [7.85, 19.78995, 9.11753],
			"to": [8.15, 23.98995, 11.31753],
			"rotation": {"angle": 22.5, "axis": "x", "origin": [8, 19.98995, 9.76753]},
			"faces": {
				"north": {"uv": [15.7, 0, 16, 3.2], "texture": "#0"},
				"east": {"uv": [11.6, 0, 14.6, 3.2], "texture": "#0"},
				"south": {"uv": [0, 0, 0.3, 3.2], "texture": "#missing"},
				"west": {"uv": [11.6, 0, 14.6, 3.2], "texture": "#0"},
				"up": {"uv": [0, 0, 0.3, 3], "texture": "#missing"},
				"down": {"uv": [15.7, 0, 16, 3], "texture": "#0"}
			}
		},
		{
			"from": [7.85, 20.42159, 7.24208],
			"to": [8.15, 21.82159, 9.44208],
			"rotation": {"angle": 22.5, "axis": "x", "origin": [8, 21.12159, 8.34208]},
			"faces": {
				"north": {"uv": [15.7, 0, 16, 3.2], "texture": "#0"},
				"east": {"uv": [11.6, 0, 14.6, 3.2], "texture": "#0"},
				"south": {"uv": [0, 0, 0.3, 3.2], "texture": "#missing"},
				"west": {"uv": [11.6, 0, 14.6, 3.2], "texture": "#0"},
				"up": {"uv": [0, 0, 0.3, 3], "texture": "#missing"},
				"down": {"uv": [15.7, 0, 16, 3], "texture": "#0"}
			}
		},
		{
			"from": [7.85, 20.81929, 4.11845],
			"to": [8.15, 23.61929, 8.31845],
			"rotation": {"angle": 0, "axis": "x", "origin": [8, 21.01929, 4.81845]},
			"faces": {
				"north": {"uv": [15.7, 0, 16, 3.2], "texture": "#0"},
				"east": {"uv": [11.6, 0, 14.6, 3.2], "texture": "#0"},
				"south": {"uv": [0, 0, 0.3, 3.2], "texture": "#missing"},
				"west": {"uv": [11.6, 0, 14.6, 3.2], "texture": "#0"},
				"up": {"uv": [0, 0, 0.3, 3], "texture": "#missing"},
				"down": {"uv": [15.7, 0, 16, 3], "texture": "#0"}
			}
		},
		{
			"from": [7.85, 22.11929, 3.51845],
			"to": [8.15, 23.41929, 7.71845],
			"rotation": {"angle": -22.5, "axis": "x", "origin": [8, 22.96929, 6.21845]},
			"faces": {
				"north": {"uv": [15.7, 0, 16, 3.2], "texture": "#0"},
				"east": {"uv": [11.6, 0, 14.6, 3.2], "texture": "#0"},
				"south": {"uv": [0, 0, 0.3, 3.2], "texture": "#missing"},
				"west": {"uv": [11.6, 0, 14.6, 1.2], "texture": "#0"},
				"up": {"uv": [0, 0, 0.3, 3], "texture": "#missing"},
				"down": {"uv": [15.7, 0, 16, 3], "texture": "#0"}
			}
		},
		{
			"from": [7.85, 22.10106, -0.1136],
			"to": [8.15, 22.90106, 4.1864],
			"rotation": {"angle": -22.5, "axis": "x", "origin": [8, 22.50106, 7.5864]},
			"faces": {
				"north": {"uv": [15.7, 0, 16, 0.8], "texture": "#0"},
				"east": {"uv": [11.6, 0, 15.4, 0.8], "texture": "#0"},
				"south": {"uv": [0, 0, 0.3, 0.8], "texture": "#missing"},
				"west": {"uv": [11.6, 0, 15.4, 0.8], "texture": "#0"},
				"up": {"uv": [0, 0, 0.3, 3.8], "texture": "#missing"},
				"down": {"uv": [15.7, 0, 16, 3.8], "texture": "#0"}
			}
		},
		{
			"from": [7.85, 20.6148, 1.70356],
			"to": [8.15, 22.1148, 4.60356],
			"rotation": {"angle": -45, "axis": "x", "origin": [8, 21.5148, 2.85356]},
			"faces": {
				"north": {"uv": [15.7, 0, 16, 1.2], "texture": "#0"},
				"east": {"uv": [11.6, 0, 13.9, 1.2], "texture": "#0"},
				"south": {"uv": [0, 0, 0.3, 1.2], "texture": "#missing"},
				"west": {"uv": [11.6, 0, 13.9, 0.9], "texture": "#0"},
				"up": {"uv": [0, 0, 0.3, 2.3], "texture": "#missing"},
				"down": {"uv": [15.7, 0, 16, 2.3], "texture": "#0"}
			}
		},
		{
			"from": [7.7, -7.25, 9.7],
			"to": [8.4, -5.65, 10.4],
			"rotation": {"angle": 0, "axis": "y", "origin": [7, 21.25, 7]},
			"faces": {
				"north": {"uv": [12, 8, 15.7, 10.6], "texture": "#0"},
				"east": {"uv": [11, 8, 14.7, 10.6], "texture": "#0"},
				"south": {"uv": [11, 8, 14.7, 10.6], "texture": "#0"},
				"west": {"uv": [12, 8, 15.7, 10.6], "texture": "#0"},
				"up": {"uv": [0, 0, 0.7, 0.7], "texture": "#missing"},
				"down": {"uv": [15, 11, 15.7, 11.7], "texture": "#0"}
			}
		},
		{
			"from": [7.7, -7.25, 9.3],
			"to": [8.4, -5.65, 10],
			"rotation": {"angle": 0, "axis": "y", "origin": [7, 21.25, 7]},
			"faces": {
				"north": {"uv": [12, 8, 15.7, 10.6], "texture": "#0"},
				"east": {"uv": [11, 8, 14.7, 10.6], "texture": "#0"},
				"south": {"uv": [11, 8, 14.7, 10.6], "texture": "#0"},
				"west": {"uv": [12, 8, 15.7, 10.6], "texture": "#0"},
				"up": {"uv": [0, 0, 0.7, 0.7], "texture": "#missing"},
				"down": {"uv": [15, 11, 15.7, 11.7], "texture": "#0"}
			}
		},
		{
			"from": [7.7, -6.75, 9.1],
			"to": [8.4, -5.15, 9.8],
			"rotation": {"angle": 0, "axis": "y", "origin": [7, 21.25, 7]},
			"faces": {
				"north": {"uv": [12, 8, 15.7, 10.6], "texture": "#0"},
				"east": {"uv": [11, 8, 14.7, 10.6], "texture": "#0"},
				"south": {"uv": [11, 8, 14.7, 10.6], "texture": "#0"},
				"west": {"uv": [12, 8, 15.7, 10.6], "texture": "#0"},
				"up": {"uv": [0, 0, 0.7, 0.7], "texture": "#missing"},
				"down": {"uv": [15, 11, 15.7, 11.7], "texture": "#0"}
			}
		},
		{
			"from": [7.7, -6.75, 9.9],
			"to": [8.4, -5.15, 10.6],
			"rotation": {"angle": 0, "axis": "y", "origin": [7, 21.25, 7]},
			"faces": {
				"north": {"uv": [12, 8, 15.7, 10.6], "texture": "#0"},
				"east": {"uv": [11, 8, 14.7, 10.6], "texture": "#0"},
				"south": {"uv": [11, 8, 14.7, 10.6], "texture": "#0"},
				"west": {"uv": [12, 8, 15.7, 10.6], "texture": "#0"},
				"up": {"uv": [0, 0, 0.7, 0.7], "texture": "#missing"},
				"down": {"uv": [15, 11, 15.7, 11.7], "texture": "#0"}
			}
		},
		{
			"from": [8.1, -6.75, 9.5],
			"to": [8.8, -5.15, 10.2],
			"rotation": {"angle": 0, "axis": "y", "origin": [7, 21.25, 7]},
			"faces": {
				"north": {"uv": [12, 8, 15.7, 10.6], "texture": "#0"},
				"east": {"uv": [11, 8, 14.7, 10.6], "texture": "#0"},
				"south": {"uv": [11, 8, 14.7, 10.6], "texture": "#0"},
				"west": {"uv": [12, 8, 15.7, 10.6], "texture": "#0"},
				"up": {"uv": [0, 0, 0.7, 0.7], "texture": "#missing"},
				"down": {"uv": [15, 11, 15.7, 11.7], "texture": "#0"}
			}
		},
		{
			"from": [7.9, -7.25, 9.5],
			"to": [8.6, -5.65, 10.2],
			"rotation": {"angle": 0, "axis": "y", "origin": [7, 21.25, 7]},
			"faces": {
				"north": {"uv": [12, 8, 15.7, 10.6], "texture": "#0"},
				"east": {"uv": [11, 8, 14.7, 10.6], "texture": "#0"},
				"south": {"uv": [11, 8, 14.7, 10.6], "texture": "#0"},
				"west": {"uv": [12, 8, 15.7, 10.6], "texture": "#0"},
				"up": {"uv": [0, 0, 0.7, 0.7], "texture": "#missing"},
				"down": {"uv": [15, 11, 15.7, 11.7], "texture": "#0"}
			}
		},
		{
			"from": [7.5, -7.25, 9.5],
			"to": [8.2, -5.65, 10.2],
			"rotation": {"angle": 0, "axis": "y", "origin": [7, 21.25, 7]},
			"faces": {
				"north": {"uv": [12, 8, 15.7, 10.6], "texture": "#0"},
				"east": {"uv": [11, 8, 14.7, 10.6], "texture": "#0"},
				"south": {"uv": [11, 8, 14.7, 10.6], "texture": "#0"},
				"west": {"uv": [12, 8, 15.7, 10.6], "texture": "#0"},
				"up": {"uv": [0, 0, 0.7, 0.7], "texture": "#missing"},
				"down": {"uv": [15, 11, 15.7, 11.7], "texture": "#0"}
			}
		},
		{
			"from": [7.3, -6.75, 9.5],
			"to": [8, -5.15, 10.2],
			"rotation": {"angle": 0, "axis": "y", "origin": [7, 21.25, 7]},
			"faces": {
				"north": {"uv": [12, 8, 15.7, 10.6], "texture": "#0"},
				"east": {"uv": [11, 8, 14.7, 10.6], "texture": "#0"},
				"south": {"uv": [11, 8, 14.7, 10.6], "texture": "#0"},
				"west": {"uv": [12, 8, 15.7, 10.6], "texture": "#0"},
				"up": {"uv": [0, 0, 0.7, 0.7], "texture": "#missing"},
				"down": {"uv": [15, 11, 15.7, 11.7], "texture": "#0"}
			}
		},
		{
			"from": [7.7, -7.85, 9.5],
			"to": [8.4, -5.15, 10.2],
			"rotation": {"angle": 0, "axis": "y", "origin": [7, 21.25, 7]},
			"faces": {
				"north": {"uv": [12, 8, 15.7, 11.7], "texture": "#0"},
				"east": {"uv": [11, 8, 14.7, 11.7], "texture": "#0"},
				"south": {"uv": [11, 8, 14.7, 11.7], "texture": "#0"},
				"west": {"uv": [12, 8, 15.7, 11.7], "texture": "#0"},
				"up": {"uv": [0, 0, 0.7, 0.7], "texture": "#missing"},
				"down": {"uv": [15, 11, 15.7, 11.7], "texture": "#0"}
			}
		},
		{
			"from": [7, -5.15, 8.9],
			"to": [9, -4.65, 10.9],
			"rotation": {"angle": 0, "axis": "y", "origin": [7, 21.25, 7]},
			"faces": {
				"north": {"uv": [14, 15, 16, 15.5], "texture": "#0"},
				"east": {"uv": [14, 15, 16, 15.5], "texture": "#0"},
				"south": {"uv": [14, 15.2, 16, 15.7], "texture": "#0"},
				"west": {"uv": [14, 15, 16, 15.5], "texture": "#0"},
				"up": {"uv": [14, 14, 16, 16], "texture": "#0"},
				"down": {"uv": [14, 14, 16, 16], "texture": "#0"}
			}
		},
		{
			"from": [7, 16.6, 9],
			"to": [9, 17.4, 11],
			"rotation": {"angle": 45, "axis": "y", "origin": [8, 17.2, 10]},
			"faces": {
				"north": {"uv": [14, 15, 16, 15.8], "texture": "#0"},
				"east": {"uv": [14, 15, 16, 15.8], "texture": "#0"},
				"south": {"uv": [14, 15.2, 16, 16], "texture": "#0"},
				"west": {"uv": [14, 15, 16, 15.8], "texture": "#0"},
				"up": {"uv": [14, 14, 16, 16], "texture": "#0"},
				"down": {"uv": [14, 14, 16, 16], "texture": "#0"}
			}
		},
		{
			"from": [7, 16.6, 9],
			"to": [9, 17.4, 11],
			"rotation": {"angle": 0, "axis": "y", "origin": [7, 17, 9]},
			"faces": {
				"north": {"uv": [14, 15, 16, 15.8], "texture": "#0"},
				"east": {"uv": [14, 15, 16, 15.8], "texture": "#0"},
				"south": {"uv": [14, 15.2, 16, 16], "texture": "#0"},
				"west": {"uv": [14, 15, 16, 15.8], "texture": "#0"},
				"up": {"uv": [14, 14, 16, 16], "texture": "#0"},
				"down": {"uv": [14, 14, 16, 16], "texture": "#0"}
			}
		}
	],
	"gui_light": "front",
	"display": {
		"firstperson_righthand": {
			"translation": [1.5, -4, 0]
		},
		"firstperson_lefthand": {
			"translation": [0, -5.5, 0]
		},
		"ground": {
			"rotation": [-49, 0, 0],
			"translation": [0, 8, 0]
		},
		"gui": {
			"rotation": [-86, 57, 98],
			"translation": [1.5, -1.5, -1.5],
			"scale": [0.75, 0.75, 0.75]
		},
		"head": {
			"rotation": [-89, -50, -90],
			"translation": [-12, -1.5, -0.5]
		},
		"fixed": {
			"rotation": [-88, -46, -88],
			"translation": [0, -1.25, -1.5]
		}
	},
	"groups": [
		{
			"name": "group",
			"origin": [8, 8, 8],
			"color": 0,
			"children": [0, 1, 2, 3, 4, 5, 6, 7, 8]
		},
		{
			"name": "group",
			"origin": [8, 8, 8],
			"color": 0,
			"children": [9, 10, 11, 12, 13, 14, 15, 16]
		},
		{
			"name": "group",
			"origin": [7, 21.25, 7],
			"color": 0,
			"children": [17, 18, 19, 20, 21, 22, 23, 24, 25]
		},
		{
			"name": "group",
			"origin": [8, 8, 8],
			"color": 0,
			"children": [26, 27, 28]
		}
	]
}