{
	"credit": "Copyright © 2021-2099 Ikaho-Onsen Minecraft Server. All rights reserved.",
	"texture_size": [64, 64],
	"textures": {
		"2": "item/doctor_hat_01",
		"particle": "minecraft:item/doctor_hat_01"
	},
	"elements": [
		{
			"from": [5, 7, -3],
			"to": [11, 12, 2],
			"rotation": {"angle": 0, "axis": "x", "origin": [8, 9.03062, -2.36794]},
			"faces": {
				"north": {"uv": [6.5, 4.25, 8, 5.5], "texture": "#2"},
				"east": {"uv": [6.25, 7.5, 5, 8.75], "texture": "#2"},
				"west": {"uv": [5, 7.5, 6.25, 8.75], "texture": "#2"},
				"up": {"uv": [8, 6.75, 6.5, 5.5], "texture": "#2"},
				"down": {"uv": [8, 6.75, 6.5, 8], "texture": "#2"}
			}
		},
		{
			"from": [6, 7.3118, -8.27331],
			"to": [10, 11.3118, -1.27331],
			"rotation": {"angle": -22.5, "axis": "x", "origin": [8, 9.03062, -2.36794]},
			"faces": {
				"north": {"uv": [8, 1.5, 9, 2.5], "texture": "#2"},
				"east": {"uv": [8.75, 0, 7, 1], "texture": "#2"},
				"west": {"uv": [7, 0, 8.75, 1], "texture": "#2"},
				"up": {"uv": [8, 2.75, 7, 1], "texture": "#2"},
				"down": {"uv": [5, 7.5, 4, 9.25], "texture": "#2"}
			}
		},
		{
			"from": [3, 11, 0],
			"to": [7, 15, 2],
			"rotation": {"angle": 22.5, "axis": "y", "origin": [5, 13, 1]},
			"faces": {
				"north": {"uv": [3, 8, 4, 9], "texture": "#2"},
				"east": {"uv": [8, 5.75, 8.5, 6.75], "texture": "#2"},
				"south": {"uv": [8, 4.25, 9, 5.25], "texture": "#2"},
				"west": {"uv": [6.25, 8, 6.75, 9], "texture": "#2"},
				"up": {"uv": [7.75, 8.5, 6.75, 8], "texture": "#2"},
				"down": {"uv": [9, 6.75, 8, 7.25], "texture": "#2"}
			}
		},
		{
			"from": [9, 11, 0],
			"to": [13, 15, 2],
			"rotation": {"angle": -22.5, "axis": "y", "origin": [11, 13, 1]},
			"faces": {
				"north": {"uv": [4, 8, 3, 9], "texture": "#2"},
				"east": {"uv": [6.75, 8, 6.25, 9], "texture": "#2"},
				"south": {"uv": [9, 4.25, 8, 5.25], "texture": "#2"},
				"west": {"uv": [8.5, 5.75, 8, 6.75], "texture": "#2"},
				"up": {"uv": [6.75, 8.5, 7.75, 8], "texture": "#2"},
				"down": {"uv": [8, 6.75, 9, 7.25], "texture": "#2"}
			}
		},
		{
			"from": [3, 7, 2],
			"to": [13, 16, 4],
			"rotation": {"angle": 0, "axis": "y", "origin": [0, 13, 2]},
			"faces": {
				"north": {"uv": [4, 3, 6.5, 5.25], "texture": "#2"},
				"east": {"uv": [3, 8, 2.5, 10.25], "texture": "#2"},
				"south": {"uv": [4, 5.25, 6.5, 7.5], "texture": "#2"},
				"west": {"uv": [2.5, 8, 3, 10.25], "texture": "#2"},
				"down": {"uv": [2.5, 8, 0, 8.5], "texture": "#2"}
			}
		},
		{
			"from": [2, 14, 1],
			"to": [14, 19, 13],
			"rotation": {"angle": 22.5, "axis": "x", "origin": [8, 14.5, 7]},
			"faces": {
				"north": {"uv": [6.5, 3, 9.5, 4.25], "texture": "#2"},
				"east": {"uv": [6.5, 3, 9.5, 4.25], "texture": "#2"},
				"south": {"uv": [6.5, 3, 9.5, 4.25], "texture": "#2"},
				"west": {"uv": [6.5, 3, 9.5, 4.25], "texture": "#2"},
				"up": {"uv": [7, 3, 4, 0], "texture": "#2"}
			}
		},
		{
			"from": [0, 13, -1],
			"to": [16, 14, 15],
			"rotation": {"angle": 22.5, "axis": "x", "origin": [8, 14.5, 7]},
			"faces": {
				"north": {"uv": [7, 2.75, 11, 3], "texture": "#2"},
				"east": {"uv": [7, 2.75, 11, 3], "texture": "#2"},
				"south": {"uv": [7, 2.75, 11, 3], "texture": "#2"},
				"west": {"uv": [7, 2.75, 11, 3], "texture": "#2"},
				"up": {"uv": [4, 4, 0, 0], "texture": "#2"},
				"down": {"uv": [4, 4, 0, 8], "texture": "#2"}
			}
		},
		{
			"from": [3, 11, 4],
			"to": [13, 13, 12],
			"rotation": {"angle": 0, "axis": "y", "origin": [0, 12, 4]},
			"faces": {
				"east": {"uv": [8, 5.25, 10, 5.75], "texture": "#2"},
				"south": {"uv": [8, 1, 10.5, 1.5], "texture": "#2"},
				"west": {"uv": [8, 5.25, 10, 5.75], "texture": "#2"}
			}
		},
		{
			"name": "cube inverted",
			"from": [13, 13, 12],
			"to": [3, 11, 4],
			"rotation": {"angle": 0, "axis": "y", "origin": [0, 12, 4]},
			"faces": {
				"north": {"uv": [8, 1.5, 10.5, 1], "texture": "#2"},
				"east": {"uv": [8, 5.75, 10, 5.25], "texture": "#2"},
				"west": {"uv": [8, 5.75, 10, 5.25], "texture": "#2"}
			}
		}
	],
	"gui_light": "front",
	"display": {
		"thirdperson_righthand": {
			"rotation": [75, 45, 0],
			"translation": [0, 2.5, 0],
			"scale": [0.375, 0.375, 0.375]
		},
		"thirdperson_lefthand": {
			"rotation": [75, 45, 0],
			"translation": [0, 2.5, 0],
			"scale": [0.375, 0.375, 0.375]
		},
		"firstperson_righthand": {
			"rotation": [0, 45, 0],
			"translation": [4.5, -0.75, 0],
			"scale": [0.4, 0.4, 0.4]
		},
		"firstperson_lefthand": {
			"rotation": [0, 45, 0],
			"translation": [4.5, -0.75, 0],
			"scale": [0.4, 0.4, 0.4]
		},
		"ground": {
			"translation": [0, 2, 0],
			"scale": [0.5, 0.5, 0.5]
		},
		"gui": {
			"rotation": [33, 135, 0],
			"translation": [1.25, -0.75, 0],
			"scale": [0.62, 0.62, 0.62]
		},
		"head": {
			"translation": [0, -5, 1],
			"scale": [1.5, 1.5, 1.5]
		},
		"fixed": {
			"rotation": [-72, 0, 0],
			"scale": [2, 2, 2]
		}
	},
	"groups": [
		{
			"name": "head",
			"origin": [10, 6.14006, 31.09354],
			"color": 0,
			"nbt": "{}",
			"armAnimationEnabled": false,
			"children": [
				0,
				1,
				2,
				3,
				4,
				{
					"name": "group",
					"origin": [8, 15.5, 7],
					"color": 0,
					"nbt": "{}",
					"armAnimationEnabled": false,
					"children": [5, 6]
				},
				7,
				8
			]
		}
	]
}