{
	"credit": "Copyright © 2021-2099 Ikaho-Onsen Minecraft Server. All rights reserved.",
	"texture_size": [128, 128],
	"textures": {
		"0": "minecraft:item/cit/boat_texture",
		"particle": "minecraft:item/cit/boat_texture"
	},
	"elements": [
		{
			"from": [2.02893, 0.1, 13.17157],
			"to": [10.92893, 0.1, 22.07157],
			"rotation": {"angle": 45, "axis": "y", "origin": [7.92893, 0.1, 16.17157]},
			"faces": {
				"down": {"uv": [5.125, 4.25, 4, 5.375], "texture": "#0"}
			}
		},
		{
			"from": [13.85614, 0.1, 11.77791],
			"to": [15.85614, 6.9, 19.77791],
			"rotation": {"angle": -22.5, "axis": "y", "origin": [13.85614, 7, 17.77791]},
			"faces": {
				"east": {"uv": [1.25, 5.125, 2.25, 6], "texture": "#0"},
				"west": {"uv": [2.25, 5.125, 3.25, 6], "texture": "#0"},
				"up": {"uv": [0.5, 7.5, 0.25, 6.5], "texture": "#0"},
				"down": {"uv": [0.75, 6.5, 0.5, 7.5], "texture": "#0"}
			}
		},
		{
			"from": [13.93853, 0, 19.97682],
			"to": [15.93853, 7, 27.77682],
			"rotation": {"angle": -45, "axis": "y", "origin": [14.93853, 0.1, 18.97682]},
			"faces": {
				"north": {"uv": [1.75, 6.5, 2, 7.375], "texture": "#0"},
				"east": {"uv": [5.125, 5.25, 6.125, 6.125], "texture": "#0"},
				"south": {"uv": [2, 6.5, 2.25, 7.375], "texture": "#0", "cullface": "south"},
				"west": {"uv": [3.25, 5.375, 4.25, 6.25], "texture": "#0"},
				"up": {"uv": [1.5, 7.5, 1.25, 6.5], "texture": "#0"},
				"down": {"uv": [1.75, 6.5, 1.5, 7.5], "texture": "#0"}
			}
		},
		{
			"from": [0.06147, 0, 19.97682],
			"to": [2.06147, 7, 29.77682],
			"rotation": {"angle": 45, "axis": "y", "origin": [1.06147, 0.1, 18.97682]},
			"faces": {
				"north": {"uv": [2.25, 6.5, 2.5, 7.375], "texture": "#0"},
				"east": {"uv": [0, 5, 1.25, 5.875], "texture": "#0"},
				"south": {"uv": [2.5, 6.5, 2.75, 7.375], "texture": "#0", "cullface": "south"},
				"west": {"uv": [5, 2.625, 6.25, 3.5], "texture": "#0"},
				"up": {"uv": [6.25, 7.625, 6, 6.375], "texture": "#0"},
				"down": {"uv": [6.5, 6.375, 6.25, 7.625], "texture": "#0"}
			}
		},
		{
			"from": [0, 2, -9],
			"to": [16, 2, 24],
			"rotation": {"angle": 0, "axis": "y", "origin": [0, 2, 0]},
			"faces": {
				"up": {"uv": [2, 4.125, 0, 0], "texture": "#0"}
			}
		},
		{
			"from": [0, 0.1, -9],
			"to": [16, 0.1, 18],
			"rotation": {"angle": 0, "axis": "y", "origin": [0, 0.1, 0]},
			"faces": {
				"down": {"uv": [4, 0, 2, 3.375], "texture": "#0"}
			}
		},
		{
			"from": [16, 0, -11],
			"to": [18, 7, 13],
			"faces": {
				"north": {"uv": [2.75, 6.5, 3, 7.375], "texture": "#0"},
				"east": {"uv": [2, 3.375, 5, 4.25], "texture": "#0"},
				"south": {"uv": [3, 6.5, 3.25, 7.375], "texture": "#0", "cullface": "south"},
				"west": {"uv": [4, 0, 7, 0.875], "texture": "#0"},
				"up": {"uv": [4.5, 8.375, 4.25, 5.375], "texture": "#0"},
				"down": {"uv": [4.75, 5.375, 4.5, 8.375], "texture": "#0"}
			}
		},
		{
			"from": [0.14386, 0.1, 11.77791],
			"to": [2.14386, 6.9, 19.77791],
			"rotation": {"angle": 22.5, "axis": "y", "origin": [2.14386, 7, 17.77791]},
			"faces": {
				"east": {"uv": [3.25, 5.125, 2.25, 6], "texture": "#0"},
				"west": {"uv": [2.25, 5.125, 1.25, 6], "texture": "#0"},
				"up": {"uv": [0.25, 7.5, 0.5, 6.5], "texture": "#0"},
				"down": {"uv": [0.5, 6.5, 0.75, 7.5], "texture": "#0"}
			}
		},
		{
			"from": [-2, 0, -11],
			"to": [0, 7, 13],
			"rotation": {"angle": 0, "axis": "y", "origin": [16, 0, 0]},
			"faces": {
				"north": {"uv": [3, 6.5, 2.75, 7.375], "texture": "#0"},
				"east": {"uv": [7, 0, 4, 0.875], "texture": "#0"},
				"south": {"uv": [3.25, 6.5, 3, 7.375], "texture": "#0", "cullface": "south"},
				"west": {"uv": [5, 3.375, 2, 4.25], "texture": "#0"},
				"up": {"uv": [4.25, 8.375, 4.5, 5.375], "texture": "#0"},
				"down": {"uv": [4.5, 5.375, 4.75, 8.375], "texture": "#0"}
			}
		},
		{
			"from": [0, 0, -10],
			"to": [16, 7, -8],
			"rotation": {"angle": 0, "axis": "y", "origin": [1, -1, 1]},
			"faces": {
				"north": {"uv": [0, 4.125, 2, 5], "texture": "#0"},
				"south": {"uv": [2, 4.25, 4, 5.125], "texture": "#0", "cullface": "south"},
				"down": {"uv": [2.25, 6.25, 0.25, 6.5], "texture": "#0"}
			}
		},
		{
			"from": [7, -0.87868, 21.94975],
			"to": [9, 13.12132, 23.94975],
			"rotation": {"angle": 45, "axis": "x", "origin": [0, 3, 24]},
			"faces": {
				"north": {"uv": [5, 6.375, 5.25, 8.125], "texture": "#0"},
				"east": {"uv": [5.25, 6.375, 5.5, 8.125], "texture": "#0"},
				"south": {"uv": [5.5, 6.375, 5.75, 8.125], "texture": "#0", "cullface": "south"},
				"west": {"uv": [5.75, 6.375, 6, 8.125], "texture": "#0"},
				"up": {"uv": [5, 3.375, 4.75, 3.125], "texture": "#0"},
				"down": {"uv": [3.5, 5.125, 3.25, 5.375], "texture": "#0"}
			}
		},
		{
			"from": [-3, 7, -10],
			"to": [19, 9, -8],
			"rotation": {"angle": 0, "axis": "y", "origin": [1, 7, -10]},
			"faces": {
				"north": {"uv": [0.25, 6, 3, 6.25], "texture": "#0"},
				"east": {"uv": [3.5, 5.125, 3.75, 5.375], "texture": "#0"},
				"south": {"uv": [6.125, 3.5, 8.875, 3.75], "texture": "#0"},
				"west": {"uv": [3.75, 5.125, 4, 5.375], "texture": "#0"},
				"up": {"uv": [8.875, 4, 6.125, 3.75], "texture": "#0"},
				"down": {"uv": [8.875, 4, 6.125, 4.25], "texture": "#0"}
			}
		},
		{
			"from": [0, 7, 20],
			"to": [16, 9, 22],
			"rotation": {"angle": 0, "axis": "y", "origin": [1, 7, 20]},
			"faces": {
				"north": {"uv": [2.25, 6.25, 4.25, 6.5], "texture": "#0"},
				"east": {"uv": [3, 6, 3.25, 6.25], "texture": "#0"},
				"south": {"uv": [6.25, 2.625, 8.25, 2.875], "texture": "#0"},
				"west": {"uv": [6.5, 6.875, 6.75, 7.125], "texture": "#0"},
				"up": {"uv": [8.25, 3.125, 6.25, 2.875], "texture": "#0"},
				"down": {"uv": [8.25, 3.125, 6.25, 3.375], "texture": "#0"}
			}
		},
		{
			"from": [-3, 4, 14],
			"to": [19, 6, 16],
			"rotation": {"angle": 0, "axis": "y", "origin": [1, 4, 14]},
			"faces": {
				"north": {"uv": [6.125, 4.25, 8.875, 4.5], "texture": "#0"},
				"east": {"uv": [7, 0, 7.25, 0.25], "texture": "#0"},
				"south": {"uv": [6.125, 4.5, 8.875, 4.75], "texture": "#0"},
				"west": {"uv": [7, 0.25, 7.25, 0.5], "texture": "#0"},
				"up": {"uv": [8.875, 5, 6.125, 4.75], "texture": "#0"},
				"down": {"uv": [7.75, 6.125, 5, 6.375], "texture": "#0"}
			}
		},
		{
			"from": [-4, 4, -8],
			"to": [20, 6, -6],
			"rotation": {"angle": 0, "axis": "y", "origin": [1, 4, -8]},
			"faces": {
				"north": {"uv": [6.125, 5, 9.125, 5.25], "texture": "#0"},
				"east": {"uv": [7, 0.5, 7.25, 0.75], "texture": "#0"},
				"south": {"uv": [6.125, 5.25, 9.125, 5.5], "texture": "#0"},
				"west": {"uv": [7, 0.75, 7.25, 1], "texture": "#0"},
				"up": {"uv": [9.125, 5.75, 6.125, 5.5], "texture": "#0"},
				"down": {"uv": [9.125, 5.75, 6.125, 6], "texture": "#0"}
			}
		},
		{
			"from": [6.4, 3.64975, 28.47868],
			"to": [9.6, 4.64975, 31.47868],
			"rotation": {"angle": 0, "axis": "y", "origin": [-1.5, 2.2, 30.7]},
			"faces": {
				"north": {"uv": [6.125, 6, 6.5, 6.125], "texture": "#0"},
				"east": {"uv": [6.25, 3.375, 6.625, 3.5], "texture": "#0"},
				"south": {"uv": [6.5, 6, 6.875, 6.125], "texture": "#0", "cullface": "south"},
				"west": {"uv": [6.625, 3.375, 7, 3.5], "texture": "#0"},
				"up": {"uv": [4.75, 3, 4.375, 2.625], "texture": "#0"},
				"down": {"uv": [4.75, 3, 4.375, 3.375], "texture": "#0"}
			}
		},
		{
			"from": [6.9, 4.64975, 28.97868],
			"to": [9.1, 7.14975, 30.97868],
			"rotation": {"angle": 0, "axis": "y", "origin": [0, 6.2, 31.1]},
			"faces": {
				"north": {"uv": [4, 6.5625, 3.75, 6.9375], "texture": "#0"},
				"east": {"uv": [3.75, 6.5625, 4, 6.9375], "texture": "#0"},
				"south": {"uv": [4, 6.5625, 3.75, 6.9375], "texture": "#0", "cullface": "south"},
				"west": {"uv": [3.75, 6.5625, 4, 6.9375], "texture": "#0"},
				"up": {"uv": [4, 7.25, 3.75, 7], "texture": "#0"},
				"down": {"uv": [4.0875, 7.625, 3.8125, 7.875], "texture": "#0"}
			}
		},
		{
			"from": [8, 7.14975, 28.97868],
			"to": [8, 10.14975, 30.97868],
			"rotation": {"angle": 0, "axis": "y", "origin": [0, 9.2, 32.1]},
			"faces": {
				"east": {"uv": [6.75, 6.375, 7, 6.75], "texture": "#0"},
				"west": {"uv": [7, 6.375, 6.75, 6.75], "texture": "#0"}
			}
		}
	],
	"display": {
		"thirdperson_righthand": {
			"rotation": [90, -180, 0],
			"translation": [-5.25, 0, 0],
			"scale": [2, 2, 2]
		},
		"thirdperson_lefthand": {
			"rotation": [90, -180, 0],
			"translation": [-5.25, 0, 0],
			"scale": [2, 2, 2]
		},
		"head": {
			"rotation": [0, -180, 0],
			"translation": [0, 20, 0],
			"scale": [3, 3, 3]
		}
	},
	"groups": [
		{
			"name": "group",
			"origin": [8, 8, 8],
			"color": 0,
			"nbt": "{}",
			"armAnimationEnabled": false,
			"children": [
				0,
				1,
				2,
				3,
				4,
				5,
				6,
				7,
				8,
				9,
				10,
				11,
				12,
				13,
				14,
				{
					"name": "group",
					"origin": [0, 9.2, 32.1],
					"color": 0,
					"nbt": "{}",
					"armAnimationEnabled": false,
					"children": [15, 16, 17]
				}
			]
		}
	]
}