{
	"credit": "Copyright © 2021-2099 Ikaho-Onsen Minecraft Server. All rights reserved.",
	"texture_size": [64, 64],
	"textures": {
		"0": "minecraft:item/clear_item_01",
		"particle": "minecraft:item/clear_item_01"
	},
	"elements": [
		{
			"from": [4, 8.5, 6],
			"to": [12, 10.5, 10],
			"rotation": {"angle": 0, "axis": "y", "origin": [8, 8, 8]},
			"faces": {
				"north": {"uv": [4.25, 6.5, 6.25, 7], "texture": "#0"},
				"east": {"uv": [6.25, 7.5, 7.25, 8], "texture": "#0"},
				"south": {"uv": [4.25, 6.5, 6.25, 7], "texture": "#0"},
				"west": {"uv": [6.25, 7.5, 7.25, 8], "texture": "#0"},
				"up": {"uv": [6.25, 6, 4.25, 5], "texture": "#0"},
				"down": {"uv": [3.75, 7, 1.75, 8], "texture": "#0"}
			}
		},
		{
			"from": [4, 4.5, 7],
			"to": [12, 8.5, 9],
			"rotation": {"angle": 0, "axis": "y", "origin": [8, 8, 8]},
			"faces": {
				"north": {"uv": [3.75, 7, 5.75, 8], "texture": "#0"},
				"east": {"uv": [5.75, 7, 6.25, 8], "texture": "#0"},
				"south": {"uv": [3.75, 7, 5.75, 8], "texture": "#0"},
				"west": {"uv": [5.75, 7, 6.25, 8], "texture": "#0"},
				"down": {"uv": [6.25, 6, 4.25, 6.5], "texture": "#0"}
			}
		}
	],
	"gui_light": "front",
	"display": {
		"thirdperson_righthand": {
			"rotation": [69, -27, -33],
			"translation": [-0.25, 0.5, -1.75]
		},
		"thirdperson_lefthand": {
			"rotation": [69, -27, -33],
			"translation": [-0.25, 0.5, -1.75]
		},
		"firstperson_righthand": {
			"rotation": [0, 90, 0],
			"translation": [1.88, 2.7, 2.13],
			"scale": [0.5, 0.5, 0.5]
		},
		"firstperson_lefthand": {
			"rotation": [0, 90, 0],
			"translation": [1.88, 2.7, 2.13],
			"scale": [0.5, 0.5, 0.5]
		},
		"ground": {
			"rotation": [30, 0, 0],
			"translation": [0, 3.5, 0],
			"scale": [0.5, 0.5, 0.5]
		},
		"gui": {
			"rotation": [33, 135, 0]
		},
		"head": {
			"rotation": [0, 90, 180],
			"translation": [0, 8.5, -0.5],
			"scale": [1.5, 1.5, 1.5]
		},
		"fixed": {
			"rotation": [-14, 0, 0],
			"translation": [0, 0.5, -3.5],
			"scale": [2, 2, 2]
		}
	},
	"groups": [
		{
			"name": "group",
			"origin": [8, 17.5, 8],
			"color": 0,
			"nbt": "{}",
			"armAnimationEnabled": false,
			"children": [0, 1]
		}
	]
}