{
	"credit": "Copyright © 2021-2099 Ikaho-Onsen Minecraft Server. All rights reserved.",
	"textures": {
		"0": "minecraft:item/tako",
		"particle": "minecraft:item/tako"
	},
	"elements": [
		{
			"from": [6.3, 7.6, 7.3],
			"to": [7.8, 9.1, 8.8],
			"rotation": {"angle": 0, "axis": "y", "origin": [7.5, 7.5, 7.5]},
			"faces": {
				"north": {"uv": [14, 8, 16, 10.5], "texture": "#0"},
				"east": {"uv": [14, 8, 16, 10.5], "texture": "#0"},
				"south": {"uv": [14, 8, 16, 10.5], "texture": "#0"},
				"west": {"uv": [14, 8, 16, 10.5], "texture": "#0"},
				"up": {"uv": [14.5, 7, 16, 8.5], "texture": "#0"},
				"down": {"uv": [14.5, 10, 16, 11.5], "texture": "#0"}
			}
		},
		{
			"from": [6.5, 9.1, 7.5],
			"to": [7.6, 9.3, 8.6],
			"rotation": {"angle": 0, "axis": "y", "origin": [7.5, 7.5, 7.5]},
			"faces": {
				"north": {"uv": [14.9, 7, 16, 7.2], "texture": "#0"},
				"east": {"uv": [14.9, 7, 16, 7.2], "texture": "#0"},
				"south": {"uv": [14.9, 7, 16, 7.2], "texture": "#0"},
				"west": {"uv": [14.9, 7, 16, 7.2], "texture": "#0"},
				"up": {"uv": [14.9, 7, 16, 8.1], "texture": "#0"},
				"down": {"uv": [0, 0, 1.1, 1.1], "texture": "#missing"}
			}
		},
		{
			"from": [6.5, 7.4, 7.5],
			"to": [7.6, 7.6, 8.6],
			"rotation": {"angle": 0, "axis": "y", "origin": [7.5, 7.5, 7.5]},
			"faces": {
				"north": {"uv": [14.9, 11, 16, 11.2], "texture": "#0"},
				"east": {"uv": [14.9, 11, 16, 11.2], "texture": "#0"},
				"south": {"uv": [14.9, 11, 16, 11.2], "texture": "#0"},
				"west": {"uv": [14.9, 11, 16, 11.2], "texture": "#0"},
				"up": {"uv": [0, 0, 1.1, 1.1], "texture": "#missing"},
				"down": {"uv": [13.9, 10, 16, 11.1], "texture": "#0"}
			}
		},
		{
			"from": [6.5, 7.8, 7.1],
			"to": [7.6, 8.9, 7.3],
			"rotation": {"angle": 0, "axis": "y", "origin": [7.5, 7.5, 7.5]},
			"faces": {
				"north": {"uv": [14.9, 8, 16, 10.1], "texture": "#0"},
				"east": {"uv": [15.8, 8, 16, 10.1], "texture": "#0"},
				"south": {"uv": [0, 0, 1.1, 1.1], "texture": "#missing"},
				"west": {"uv": [15.8, 8, 16, 10.1], "texture": "#0"},
				"up": {"uv": [14.9, 9, 16, 8.2], "texture": "#0"},
				"down": {"uv": [14.9, 10, 16, 10.2], "texture": "#0"}
			}
		},
		{
			"from": [6.5, 7.8, 8.8],
			"to": [7.6, 8.9, 9],
			"rotation": {"angle": 0, "axis": "y", "origin": [7.5, 7.5, 7.5]},
			"faces": {
				"north": {"uv": [14.9, 9, 16, 10.1], "texture": "#0"},
				"east": {"uv": [15.8, 8, 16, 10.1], "texture": "#0"},
				"south": {"uv": [14.9, 8, 16, 10.1], "texture": "#0"},
				"west": {"uv": [15.8, 8, 16, 10.1], "texture": "#0"},
				"up": {"uv": [14.9, 8, 16, 8.2], "texture": "#0"},
				"down": {"uv": [14.9, 10, 16, 10.2], "texture": "#0"}
			}
		},
		{
			"from": [7.8, 7.8, 7.5],
			"to": [8, 8.9, 8.6],
			"rotation": {"angle": 0, "axis": "y", "origin": [7.5, 7.5, 7.5]},
			"faces": {
				"north": {"uv": [15.8, 8, 16, 10.1], "texture": "#0"},
				"east": {"uv": [14.9, 8, 16, 10.1], "texture": "#0"},
				"south": {"uv": [15.8, 8, 16, 10.1], "texture": "#0"},
				"west": {"uv": [0, 0, 1.1, 1.1], "texture": "#missing"},
				"up": {"uv": [14.9, 8, 16, 8.2], "rotation": 90, "texture": "#0"},
				"down": {"uv": [14.9, 10, 16, 10.2], "rotation": 90, "texture": "#0"}
			}
		},
		{
			"from": [6.1, 7.8, 7.5],
			"to": [6.3, 8.9, 8.6],
			"rotation": {"angle": 0, "axis": "y", "origin": [7.5, 7.5, 7.5]},
			"faces": {
				"north": {"uv": [15.8, 8, 16, 10.1], "texture": "#0"},
				"east": {"uv": [0, 0, 1.1, 1.1], "texture": "#missing"},
				"south": {"uv": [15.8, 8, 16, 10.1], "texture": "#0"},
				"west": {"uv": [14, 8, 16, 10.1], "texture": "#0"},
				"up": {"uv": [14.9, 8, 16, 8.2], "rotation": 90, "texture": "#0"},
				"down": {"uv": [14.9, 10, 16, 10.2], "rotation": 90, "texture": "#0"}
			}
		},
		{
			"from": [8.4, 7.6, 7.3],
			"to": [9.9, 9.1, 8.8],
			"rotation": {"angle": 0, "axis": "y", "origin": [7.5, 7.5, 7.5]},
			"faces": {
				"north": {"uv": [14, 8, 16, 10.5], "texture": "#0"},
				"east": {"uv": [14, 8, 16, 10.5], "texture": "#0"},
				"south": {"uv": [14, 8, 16, 10.5], "texture": "#0"},
				"west": {"uv": [14, 8, 16, 10.5], "texture": "#0"},
				"up": {"uv": [14.5, 7, 16, 8.5], "texture": "#0"},
				"down": {"uv": [14.5, 10, 16, 11.5], "texture": "#0"}
			}
		},
		{
			"from": [8.6, 9.1, 7.5],
			"to": [9.7, 9.3, 8.6],
			"rotation": {"angle": 0, "axis": "y", "origin": [7.5, 7.5, 7.5]},
			"faces": {
				"north": {"uv": [14.9, 7, 16, 7.2], "texture": "#0"},
				"east": {"uv": [14.9, 7, 16, 7.2], "texture": "#0"},
				"south": {"uv": [14.9, 7, 16, 7.2], "texture": "#0"},
				"west": {"uv": [14.9, 7, 16, 7.2], "texture": "#0"},
				"up": {"uv": [14.9, 7, 16, 8.1], "texture": "#0"},
				"down": {"uv": [0, 0, 1.1, 1.1], "texture": "#missing"}
			}
		},
		{
			"from": [8.6, 7.4, 7.5],
			"to": [9.7, 7.6, 8.6],
			"rotation": {"angle": 0, "axis": "y", "origin": [7.5, 7.5, 7.5]},
			"faces": {
				"north": {"uv": [14.9, 11, 16, 11.2], "texture": "#0"},
				"east": {"uv": [14.9, 11, 16, 11.2], "texture": "#0"},
				"south": {"uv": [14.9, 11, 16, 11.2], "texture": "#0"},
				"west": {"uv": [14.9, 11, 16, 11.2], "texture": "#0"},
				"up": {"uv": [0, 0, 1.1, 1.1], "texture": "#missing"},
				"down": {"uv": [13.9, 10, 16, 11.1], "texture": "#0"}
			}
		},
		{
			"from": [8.6, 7.8, 7.1],
			"to": [9.7, 8.9, 7.3],
			"rotation": {"angle": 0, "axis": "y", "origin": [7.5, 7.5, 7.5]},
			"faces": {
				"north": {"uv": [14.9, 8, 16, 10.1], "texture": "#0"},
				"east": {"uv": [15.8, 8, 16, 10.1], "texture": "#0"},
				"south": {"uv": [0, 0, 1.1, 1.1], "texture": "#missing"},
				"west": {"uv": [15.8, 8, 16, 10.1], "texture": "#0"},
				"up": {"uv": [14.9, 9, 16, 8.2], "texture": "#0"},
				"down": {"uv": [14.9, 10, 16, 10.2], "texture": "#0"}
			}
		},
		{
			"from": [8.6, 7.8, 8.8],
			"to": [9.7, 8.9, 9],
			"rotation": {"angle": 0, "axis": "y", "origin": [7.5, 7.5, 7.5]},
			"faces": {
				"north": {"uv": [14.9, 9, 16, 10.1], "texture": "#0"},
				"east": {"uv": [15.8, 8, 16, 10.1], "texture": "#0"},
				"south": {"uv": [14.9, 8, 16, 10.1], "texture": "#0"},
				"west": {"uv": [15.8, 8, 16, 10.1], "texture": "#0"},
				"up": {"uv": [14.9, 8, 16, 8.2], "texture": "#0"},
				"down": {"uv": [14.9, 10, 16, 10.2], "texture": "#0"}
			}
		},
		{
			"from": [9.9, 7.8, 7.5],
			"to": [10.1, 8.9, 8.6],
			"rotation": {"angle": 0, "axis": "y", "origin": [7.5, 7.5, 7.5]},
			"faces": {
				"north": {"uv": [15.8, 8, 16, 10.1], "texture": "#0"},
				"east": {"uv": [14.9, 8, 16, 10.1], "texture": "#0"},
				"south": {"uv": [15.8, 8, 16, 10.1], "texture": "#0"},
				"west": {"uv": [0, 0, 1.1, 1.1], "texture": "#missing"},
				"up": {"uv": [14.9, 8, 16, 8.2], "rotation": 90, "texture": "#0"},
				"down": {"uv": [14.9, 10, 16, 10.2], "rotation": 90, "texture": "#0"}
			}
		},
		{
			"from": [8.2, 7.8, 7.5],
			"to": [8.4, 8.9, 8.6],
			"rotation": {"angle": 0, "axis": "y", "origin": [7.5, 7.5, 7.5]},
			"faces": {
				"north": {"uv": [15.8, 8, 16, 10.1], "texture": "#0"},
				"east": {"uv": [0, 0, 1.1, 1.1], "texture": "#missing"},
				"south": {"uv": [15.8, 8, 16, 10.1], "texture": "#0"},
				"west": {"uv": [14, 8, 16, 10.1], "texture": "#0"},
				"up": {"uv": [14.9, 8, 16, 8.2], "rotation": 90, "texture": "#0"},
				"down": {"uv": [14.9, 10, 16, 10.2], "rotation": 90, "texture": "#0"}
			}
		},
		{
			"from": [8.4, 7.6, 9.6],
			"to": [9.9, 9.1, 11.1],
			"rotation": {"angle": 0, "axis": "y", "origin": [7.5, 7.5, 7.5]},
			"faces": {
				"north": {"uv": [14, 8, 16, 10.5], "texture": "#0"},
				"east": {"uv": [14, 8, 16, 10.5], "texture": "#0"},
				"south": {"uv": [14, 8, 16, 10.5], "texture": "#0"},
				"west": {"uv": [14, 8, 16, 10.5], "texture": "#0"},
				"up": {"uv": [14.5, 7, 16, 8.5], "texture": "#0"},
				"down": {"uv": [14.5, 10, 16, 11.5], "texture": "#0"}
			}
		},
		{
			"from": [8.6, 9.1, 9.8],
			"to": [9.7, 9.3, 10.9],
			"rotation": {"angle": 0, "axis": "y", "origin": [7.5, 7.5, 7.5]},
			"faces": {
				"north": {"uv": [14.9, 7, 16, 7.2], "texture": "#0"},
				"east": {"uv": [14.9, 7, 16, 7.2], "texture": "#0"},
				"south": {"uv": [14.9, 7, 16, 7.2], "texture": "#0"},
				"west": {"uv": [14.9, 7, 16, 7.2], "texture": "#0"},
				"up": {"uv": [14.9, 7, 16, 8.1], "texture": "#0"},
				"down": {"uv": [0, 0, 1.1, 1.1], "texture": "#missing"}
			}
		},
		{
			"from": [8.6, 7.4, 9.8],
			"to": [9.7, 7.6, 10.9],
			"rotation": {"angle": 0, "axis": "y", "origin": [7.5, 7.5, 7.5]},
			"faces": {
				"north": {"uv": [14.9, 11, 16, 11.2], "texture": "#0"},
				"east": {"uv": [14.9, 11, 16, 11.2], "texture": "#0"},
				"south": {"uv": [14.9, 11, 16, 11.2], "texture": "#0"},
				"west": {"uv": [14.9, 11, 16, 11.2], "texture": "#0"},
				"up": {"uv": [0, 0, 1.1, 1.1], "texture": "#missing"},
				"down": {"uv": [13.9, 10, 16, 11.1], "texture": "#0"}
			}
		},
		{
			"from": [8.6, 7.8, 9.4],
			"to": [9.7, 8.9, 9.6],
			"rotation": {"angle": 0, "axis": "y", "origin": [7.5, 7.5, 7.5]},
			"faces": {
				"north": {"uv": [14.9, 8, 16, 10.1], "texture": "#0"},
				"east": {"uv": [15.8, 8, 16, 10.1], "texture": "#0"},
				"south": {"uv": [0, 0, 1.1, 1.1], "texture": "#missing"},
				"west": {"uv": [15.8, 8, 16, 10.1], "texture": "#0"},
				"up": {"uv": [14.9, 9, 16, 8.2], "texture": "#0"},
				"down": {"uv": [14.9, 10, 16, 10.2], "texture": "#0"}
			}
		},
		{
			"from": [8.6, 7.8, 11.1],
			"to": [9.7, 8.9, 11.3],
			"rotation": {"angle": 0, "axis": "y", "origin": [7.5, 7.5, 7.5]},
			"faces": {
				"north": {"uv": [14.9, 9, 16, 10.1], "texture": "#0"},
				"east": {"uv": [15.8, 8, 16, 10.1], "texture": "#0"},
				"south": {"uv": [14.9, 8, 16, 10.1], "texture": "#0"},
				"west": {"uv": [15.8, 8, 16, 10.1], "texture": "#0"},
				"up": {"uv": [14.9, 8, 16, 8.2], "texture": "#0"},
				"down": {"uv": [14.9, 10, 16, 10.2], "texture": "#0"}
			}
		},
		{
			"from": [9.9, 7.8, 9.8],
			"to": [10.1, 8.9, 10.9],
			"rotation": {"angle": 0, "axis": "y", "origin": [7.5, 7.5, 7.5]},
			"faces": {
				"north": {"uv": [15.8, 8, 16, 10.1], "texture": "#0"},
				"east": {"uv": [14.9, 8, 16, 10.1], "texture": "#0"},
				"south": {"uv": [15.8, 8, 16, 10.1], "texture": "#0"},
				"west": {"uv": [0, 0, 1.1, 1.1], "texture": "#missing"},
				"up": {"uv": [14.9, 8, 16, 8.2], "rotation": 90, "texture": "#0"},
				"down": {"uv": [14.9, 10, 16, 10.2], "rotation": 90, "texture": "#0"}
			}
		},
		{
			"from": [8.2, 7.8, 9.8],
			"to": [8.4, 8.9, 10.9],
			"rotation": {"angle": 0, "axis": "y", "origin": [7.5, 7.5, 7.5]},
			"faces": {
				"north": {"uv": [15.8, 8, 16, 10.1], "texture": "#0"},
				"east": {"uv": [0, 0, 1.1, 1.1], "texture": "#missing"},
				"south": {"uv": [15.8, 8, 16, 10.1], "texture": "#0"},
				"west": {"uv": [14, 8, 16, 10.1], "texture": "#0"},
				"up": {"uv": [14.9, 8, 16, 8.2], "rotation": 90, "texture": "#0"},
				"down": {"uv": [14.9, 10, 16, 10.2], "rotation": 90, "texture": "#0"}
			}
		},
		{
			"from": [6.3, 7.6, 9.6],
			"to": [7.8, 9.1, 11.1],
			"rotation": {"angle": 0, "axis": "y", "origin": [7.5, 7.5, 7.5]},
			"faces": {
				"north": {"uv": [14, 8, 16, 10.5], "texture": "#0"},
				"east": {"uv": [14, 8, 16, 10.5], "texture": "#0"},
				"south": {"uv": [14, 8, 16, 10.5], "texture": "#0"},
				"west": {"uv": [14, 8, 16, 10.5], "texture": "#0"},
				"up": {"uv": [14.5, 7, 16, 8.5], "texture": "#0"},
				"down": {"uv": [14.5, 10, 16, 11.5], "texture": "#0"}
			}
		},
		{
			"from": [6.5, 9.1, 9.8],
			"to": [7.6, 9.3, 10.9],
			"rotation": {"angle": 0, "axis": "y", "origin": [7.5, 7.5, 7.5]},
			"faces": {
				"north": {"uv": [14.9, 7, 16, 7.2], "texture": "#0"},
				"east": {"uv": [14.9, 7, 16, 7.2], "texture": "#0"},
				"south": {"uv": [14.9, 7, 16, 7.2], "texture": "#0"},
				"west": {"uv": [14.9, 7, 16, 7.2], "texture": "#0"},
				"up": {"uv": [14.9, 7, 16, 8.1], "texture": "#0"},
				"down": {"uv": [0, 0, 1.1, 1.1], "texture": "#missing"}
			}
		},
		{
			"from": [6.5, 7.4, 9.8],
			"to": [7.6, 7.6, 10.9],
			"rotation": {"angle": 0, "axis": "y", "origin": [7.5, 7.5, 7.5]},
			"faces": {
				"north": {"uv": [14.9, 11, 16, 11.2], "texture": "#0"},
				"east": {"uv": [14.9, 11, 16, 11.2], "texture": "#0"},
				"south": {"uv": [14.9, 11, 16, 11.2], "texture": "#0"},
				"west": {"uv": [14.9, 11, 16, 11.2], "texture": "#0"},
				"up": {"uv": [0, 0, 1.1, 1.1], "texture": "#missing"},
				"down": {"uv": [13.9, 10, 16, 11.1], "texture": "#0"}
			}
		},
		{
			"from": [6.5, 7.8, 9.4],
			"to": [7.6, 8.9, 9.6],
			"rotation": {"angle": 0, "axis": "y", "origin": [7.5, 7.5, 7.5]},
			"faces": {
				"north": {"uv": [14.9, 8, 16, 10.1], "texture": "#0"},
				"east": {"uv": [15.8, 8, 16, 10.1], "texture": "#0"},
				"south": {"uv": [0, 0, 1.1, 1.1], "texture": "#missing"},
				"west": {"uv": [15.8, 8, 16, 10.1], "texture": "#0"},
				"up": {"uv": [14.9, 9, 16, 8.2], "texture": "#0"},
				"down": {"uv": [14.9, 10, 16, 10.2], "texture": "#0"}
			}
		},
		{
			"from": [6.5, 7.8, 11.1],
			"to": [7.6, 8.9, 11.3],
			"rotation": {"angle": 0, "axis": "y", "origin": [7.5, 7.5, 7.5]},
			"faces": {
				"north": {"uv": [14.9, 9, 16, 10.1], "texture": "#0"},
				"east": {"uv": [15.8, 8, 16, 10.1], "texture": "#0"},
				"south": {"uv": [14.9, 8, 16, 10.1], "texture": "#0"},
				"west": {"uv": [15.8, 8, 16, 10.1], "texture": "#0"},
				"up": {"uv": [14.9, 8, 16, 8.2], "texture": "#0"},
				"down": {"uv": [14.9, 10, 16, 10.2], "texture": "#0"}
			}
		},
		{
			"from": [7.8, 7.8, 9.8],
			"to": [8, 8.9, 10.9],
			"rotation": {"angle": 0, "axis": "y", "origin": [7.5, 7.5, 7.5]},
			"faces": {
				"north": {"uv": [15.8, 8, 16, 10.1], "texture": "#0"},
				"east": {"uv": [14.9, 8, 16, 10.1], "texture": "#0"},
				"south": {"uv": [15.8, 8, 16, 10.1], "texture": "#0"},
				"west": {"uv": [0, 0, 1.1, 1.1], "texture": "#missing"},
				"up": {"uv": [14.9, 8, 16, 8.2], "rotation": 90, "texture": "#0"},
				"down": {"uv": [14.9, 10, 16, 10.2], "rotation": 90, "texture": "#0"}
			}
		},
		{
			"from": [6.1, 7.8, 9.8],
			"to": [6.3, 8.9, 10.9],
			"rotation": {"angle": 0, "axis": "y", "origin": [7.5, 7.5, 7.5]},
			"faces": {
				"north": {"uv": [15.8, 8, 16, 10.1], "texture": "#0"},
				"east": {"uv": [0, 0, 1.1, 1.1], "texture": "#missing"},
				"south": {"uv": [15.8, 8, 16, 10.1], "texture": "#0"},
				"west": {"uv": [14, 8, 16, 10.1], "texture": "#0"},
				"up": {"uv": [14.9, 8, 16, 8.2], "rotation": 90, "texture": "#0"},
				"down": {"uv": [14.9, 10, 16, 10.2], "rotation": 90, "texture": "#0"}
			}
		},
		{
			"from": [6.3, 7.6, 5],
			"to": [7.8, 9.1, 6.5],
			"rotation": {"angle": 0, "axis": "y", "origin": [7.5, 7.5, 7.5]},
			"faces": {
				"north": {"uv": [14, 8, 16, 10.5], "texture": "#0"},
				"east": {"uv": [14, 8, 16, 10.5], "texture": "#0"},
				"south": {"uv": [14, 8, 16, 10.5], "texture": "#0"},
				"west": {"uv": [14, 8, 16, 10.5], "texture": "#0"},
				"up": {"uv": [14.5, 7, 16, 8.5], "texture": "#0"},
				"down": {"uv": [14.5, 10, 16, 11.5], "texture": "#0"}
			}
		},
		{
			"from": [6.5, 9.1, 5.2],
			"to": [7.6, 9.3, 6.3],
			"rotation": {"angle": 0, "axis": "y", "origin": [7.5, 7.5, 7.5]},
			"faces": {
				"north": {"uv": [14.9, 7, 16, 7.2], "texture": "#0"},
				"east": {"uv": [14.9, 7, 16, 7.2], "texture": "#0"},
				"south": {"uv": [14.9, 7, 16, 7.2], "texture": "#0"},
				"west": {"uv": [14.9, 7, 16, 7.2], "texture": "#0"},
				"up": {"uv": [14.9, 7, 16, 8.1], "texture": "#0"},
				"down": {"uv": [0, 0, 1.1, 1.1], "texture": "#missing"}
			}
		},
		{
			"from": [6.5, 7.4, 5.2],
			"to": [7.6, 7.6, 6.3],
			"rotation": {"angle": 0, "axis": "y", "origin": [7.5, 7.5, 7.5]},
			"faces": {
				"north": {"uv": [14.9, 11, 16, 11.2], "texture": "#0"},
				"east": {"uv": [14.9, 11, 16, 11.2], "texture": "#0"},
				"south": {"uv": [14.9, 11, 16, 11.2], "texture": "#0"},
				"west": {"uv": [14.9, 11, 16, 11.2], "texture": "#0"},
				"up": {"uv": [0, 0, 1.1, 1.1], "texture": "#missing"},
				"down": {"uv": [13.9, 10, 16, 11.1], "texture": "#0"}
			}
		},
		{
			"from": [6.5, 7.8, 4.8],
			"to": [7.6, 8.9, 5],
			"rotation": {"angle": 0, "axis": "y", "origin": [7.5, 7.5, 7.5]},
			"faces": {
				"north": {"uv": [14.9, 8, 16, 10.1], "texture": "#0"},
				"east": {"uv": [15.8, 8, 16, 10.1], "texture": "#0"},
				"south": {"uv": [0, 0, 1.1, 1.1], "texture": "#missing"},
				"west": {"uv": [15.8, 8, 16, 10.1], "texture": "#0"},
				"up": {"uv": [14.9, 9, 16, 8.2], "texture": "#0"},
				"down": {"uv": [14.9, 10, 16, 10.2], "texture": "#0"}
			}
		},
		{
			"from": [6.5, 7.8, 6.5],
			"to": [7.6, 8.9, 6.7],
			"rotation": {"angle": 0, "axis": "y", "origin": [7.5, 7.5, 7.5]},
			"faces": {
				"north": {"uv": [14.9, 9, 16, 10.1], "texture": "#0"},
				"east": {"uv": [15.8, 8, 16, 10.1], "texture": "#0"},
				"south": {"uv": [14.9, 8, 16, 10.1], "texture": "#0"},
				"west": {"uv": [15.8, 8, 16, 10.1], "texture": "#0"},
				"up": {"uv": [14.9, 8, 16, 8.2], "texture": "#0"},
				"down": {"uv": [14.9, 10, 16, 10.2], "texture": "#0"}
			}
		},
		{
			"from": [7.8, 7.8, 5.2],
			"to": [8, 8.9, 6.3],
			"rotation": {"angle": 0, "axis": "y", "origin": [7.5, 7.5, 7.5]},
			"faces": {
				"north": {"uv": [15.8, 8, 16, 10.1], "texture": "#0"},
				"east": {"uv": [14.9, 8, 16, 10.1], "texture": "#0"},
				"south": {"uv": [15.8, 8, 16, 10.1], "texture": "#0"},
				"west": {"uv": [0, 0, 1.1, 1.1], "texture": "#missing"},
				"up": {"uv": [14.9, 8, 16, 8.2], "rotation": 90, "texture": "#0"},
				"down": {"uv": [14.9, 10, 16, 10.2], "rotation": 90, "texture": "#0"}
			}
		},
		{
			"from": [6.1, 7.8, 5.2],
			"to": [6.3, 8.9, 6.3],
			"rotation": {"angle": 0, "axis": "y", "origin": [7.5, 7.5, 7.5]},
			"faces": {
				"north": {"uv": [15.8, 8, 16, 10.1], "texture": "#0"},
				"east": {"uv": [0, 0, 1.1, 1.1], "texture": "#missing"},
				"south": {"uv": [15.8, 8, 16, 10.1], "texture": "#0"},
				"west": {"uv": [14, 8, 16, 10.1], "texture": "#0"},
				"up": {"uv": [14.9, 8, 16, 8.2], "rotation": 90, "texture": "#0"},
				"down": {"uv": [14.9, 10, 16, 10.2], "rotation": 90, "texture": "#0"}
			}
		},
		{
			"from": [8.4, 7.6, 5],
			"to": [9.9, 9.1, 6.5],
			"rotation": {"angle": 0, "axis": "y", "origin": [7.5, 7.5, 7.5]},
			"faces": {
				"north": {"uv": [14, 8, 16, 10.5], "texture": "#0"},
				"east": {"uv": [14, 8, 16, 10.5], "texture": "#0"},
				"south": {"uv": [14, 8, 16, 10.5], "texture": "#0"},
				"west": {"uv": [14, 8, 16, 10.5], "texture": "#0"},
				"up": {"uv": [14.5, 7, 16, 8.5], "texture": "#0"},
				"down": {"uv": [14.5, 10, 16, 11.5], "texture": "#0"}
			}
		},
		{
			"from": [8.6, 9.1, 5.2],
			"to": [9.7, 9.3, 6.3],
			"rotation": {"angle": 0, "axis": "y", "origin": [7.5, 7.5, 7.5]},
			"faces": {
				"north": {"uv": [14.9, 7, 16, 7.2], "texture": "#0"},
				"east": {"uv": [14.9, 7, 16, 7.2], "texture": "#0"},
				"south": {"uv": [14.9, 7, 16, 7.2], "texture": "#0"},
				"west": {"uv": [14.9, 7, 16, 7.2], "texture": "#0"},
				"up": {"uv": [14.9, 7, 16, 8.1], "texture": "#0"},
				"down": {"uv": [0, 0, 1.1, 1.1], "texture": "#missing"}
			}
		},
		{
			"from": [8.6, 7.4, 5.2],
			"to": [9.7, 7.6, 6.3],
			"rotation": {"angle": 0, "axis": "y", "origin": [7.5, 7.5, 7.5]},
			"faces": {
				"north": {"uv": [14.9, 11, 16, 11.2], "texture": "#0"},
				"east": {"uv": [14.9, 11, 16, 11.2], "texture": "#0"},
				"south": {"uv": [14.9, 11, 16, 11.2], "texture": "#0"},
				"west": {"uv": [14.9, 11, 16, 11.2], "texture": "#0"},
				"up": {"uv": [0, 0, 1.1, 1.1], "texture": "#missing"},
				"down": {"uv": [13.9, 10, 16, 11.1], "texture": "#0"}
			}
		},
		{
			"from": [8.6, 7.8, 4.8],
			"to": [9.7, 8.9, 5],
			"rotation": {"angle": 0, "axis": "y", "origin": [7.5, 7.5, 7.5]},
			"faces": {
				"north": {"uv": [14.9, 8, 16, 10.1], "texture": "#0"},
				"east": {"uv": [15.8, 8, 16, 10.1], "texture": "#0"},
				"south": {"uv": [0, 0, 1.1, 1.1], "texture": "#missing"},
				"west": {"uv": [15.8, 8, 16, 10.1], "texture": "#0"},
				"up": {"uv": [14.9, 9, 16, 8.2], "texture": "#0"},
				"down": {"uv": [14.9, 10, 16, 10.2], "texture": "#0"}
			}
		},
		{
			"from": [8.6, 7.8, 6.5],
			"to": [9.7, 8.9, 6.7],
			"rotation": {"angle": 0, "axis": "y", "origin": [7.5, 7.5, 7.5]},
			"faces": {
				"north": {"uv": [14.9, 9, 16, 10.1], "texture": "#0"},
				"east": {"uv": [15.8, 8, 16, 10.1], "texture": "#0"},
				"south": {"uv": [14.9, 8, 16, 10.1], "texture": "#0"},
				"west": {"uv": [15.8, 8, 16, 10.1], "texture": "#0"},
				"up": {"uv": [14.9, 8, 16, 8.2], "texture": "#0"},
				"down": {"uv": [14.9, 10, 16, 10.2], "texture": "#0"}
			}
		},
		{
			"from": [9.9, 7.8, 5.2],
			"to": [10.1, 8.9, 6.3],
			"rotation": {"angle": 0, "axis": "y", "origin": [7.5, 7.5, 7.5]},
			"faces": {
				"north": {"uv": [15.8, 8, 16, 10.1], "texture": "#0"},
				"east": {"uv": [14.9, 8, 16, 10.1], "texture": "#0"},
				"south": {"uv": [15.8, 8, 16, 10.1], "texture": "#0"},
				"west": {"uv": [0, 0, 1.1, 1.1], "texture": "#missing"},
				"up": {"uv": [14.9, 8, 16, 8.2], "rotation": 90, "texture": "#0"},
				"down": {"uv": [14.9, 10, 16, 10.2], "rotation": 90, "texture": "#0"}
			}
		},
		{
			"from": [8.2, 7.8, 5.2],
			"to": [8.4, 8.9, 6.3],
			"rotation": {"angle": 0, "axis": "y", "origin": [7.5, 7.5, 7.5]},
			"faces": {
				"north": {"uv": [15.8, 8, 16, 10.1], "texture": "#0"},
				"east": {"uv": [0, 0, 1.1, 1.1], "texture": "#missing"},
				"south": {"uv": [15.8, 8, 16, 10.1], "texture": "#0"},
				"west": {"uv": [14, 8, 16, 10.1], "texture": "#0"},
				"up": {"uv": [14.9, 8, 16, 8.2], "rotation": 90, "texture": "#0"},
				"down": {"uv": [14.9, 10, 16, 10.2], "rotation": 90, "texture": "#0"}
			}
		},
		{
			"from": [5.725, 6.8375, 4.625],
			"to": [10.225, 7.2875, 11.475],
			"rotation": {"angle": 0, "axis": "y", "origin": [6.475, 18.8375, 4.625]},
			"faces": {
				"north": {"uv": [0, 3, 16, 4.3], "texture": "#0"},
				"east": {"uv": [0, 3, 16, 4.3], "texture": "#0"},
				"south": {"uv": [0, 3, 16, 4.3], "texture": "#0"},
				"west": {"uv": [0, 3, 16, 4.3], "texture": "#0"},
				"up": {"uv": [0, 0, 16, 5.5], "texture": "#0"},
				"down": {"uv": [0, 0, 16, 5.5], "texture": "#0"}
			}
		},
		{
			"from": [5.725, 6.8375, 4.525],
			"to": [6.175, 8.2375, 11.475],
			"rotation": {"angle": 0, "axis": "z", "origin": [5.95, 9.0875, 8]},
			"faces": {
				"north": {"uv": [0, 0, 1.6, 0.3], "rotation": 270, "texture": "#0"},
				"east": {"uv": [0, 0, 16, 5.6], "texture": "#0"},
				"south": {"uv": [14.4, 0, 16, 0.3], "rotation": 90, "texture": "#0"},
				"west": {"uv": [0, 0, 16, 5.6], "texture": "#0"},
				"up": {"uv": [11.5, 0, 16, 0.3], "rotation": 90, "texture": "#0"},
				"down": {"uv": [11.5, 0, 16, 0.3], "rotation": 90, "texture": "#0"}
			}
		},
		{
			"from": [9.825, 6.8375, 4.525],
			"to": [10.275, 8.2375, 11.475],
			"rotation": {"angle": 0, "axis": "z", "origin": [5.95, 9.0875, 8]},
			"faces": {
				"north": {"uv": [0, 0, 1.6, 0.3], "rotation": 270, "texture": "#0"},
				"east": {"uv": [0, 0, 16, 5.6], "texture": "#0"},
				"south": {"uv": [14.4, 0, 16, 0.3], "rotation": 90, "texture": "#0"},
				"west": {"uv": [0, 0, 16, 5.6], "texture": "#0"},
				"up": {"uv": [11.5, 0, 16, 0.3], "rotation": 90, "texture": "#0"},
				"down": {"uv": [11.5, 0, 16, 0.3], "rotation": 90, "texture": "#0"}
			}
		},
		{
			"from": [6.025, 6.8375, 4.175],
			"to": [9.925, 7.2875, 4.625],
			"rotation": {"angle": 0, "axis": "y", "origin": [6.475, 18.8375, 4.625]},
			"faces": {
				"north": {"uv": [0, 0, 2.6, 0.3], "texture": "#0"},
				"east": {"uv": [0, 0, 0.3, 0.3], "texture": "#0"},
				"south": {"uv": [0, 0, 2.6, 0.3], "texture": "#0"},
				"west": {"uv": [0, 0, 0.3, 0.3], "texture": "#0"},
				"up": {"uv": [6, 0, 10.3, 4], "rotation": 90, "texture": "#0"},
				"down": {"uv": [0, 0, 2.6, 0.3], "texture": "#0"}
			}
		},
		{
			"from": [9.475, 6.8375, 4.075],
			"to": [9.925, 8.2375, 4.525],
			"rotation": {"angle": 0, "axis": "y", "origin": [6.475, 18.8375, 4.625]},
			"faces": {
				"north": {"uv": [1, 0, 2.3, 5.6], "texture": "#0"},
				"east": {"uv": [1, 0, 2.3, 5.6], "texture": "#0"},
				"south": {"uv": [1, 0, 2.3, 5.6], "texture": "#0"},
				"west": {"uv": [1, 0, 2.3, 5.6], "texture": "#0"},
				"up": {"uv": [0, 0, 0.3, 0.3], "texture": "#0"},
				"down": {"uv": [0, 0, 0.3, 0.3], "texture": "#0"}
			}
		},
		{
			"from": [9.025, 6.8375, 3.725],
			"to": [9.475, 8.2375, 4.175],
			"rotation": {"angle": 0, "axis": "y", "origin": [6.475, 18.8375, 4.625]},
			"faces": {
				"north": {"uv": [3, 0, 4.3, 5.6], "texture": "#0"},
				"east": {"uv": [3, 0, 4.3, 5.6], "texture": "#0"},
				"south": {"uv": [3, 0, 4.3, 5.6], "texture": "#0"},
				"west": {"uv": [3, 0, 4.3, 5.6], "texture": "#0"},
				"up": {"uv": [0, 0, 0.3, 0.3], "texture": "#0"},
				"down": {"uv": [0, 0, 0.3, 0.3], "texture": "#0"}
			}
		},
		{
			"from": [6.475, 6.8375, 3.725],
			"to": [6.925, 8.2375, 4.175],
			"rotation": {"angle": 0, "axis": "y", "origin": [6.475, 18.8375, 4.625]},
			"faces": {
				"north": {"uv": [9, 0, 10.3, 5.6], "texture": "#0"},
				"east": {"uv": [9, 0, 10.3, 5.6], "texture": "#0"},
				"south": {"uv": [9, 0, 10.3, 5.6], "texture": "#0"},
				"west": {"uv": [9, 0, 10.3, 5.6], "texture": "#0"},
				"up": {"uv": [0, 0, 0.3, 0.3], "texture": "#0"},
				"down": {"uv": [0, 0, 0.3, 0.3], "texture": "#0"}
			}
		},
		{
			"from": [6.025, 6.8375, 4.075],
			"to": [6.475, 8.2375, 4.525],
			"rotation": {"angle": 0, "axis": "y", "origin": [6.475, 18.8375, 4.625]},
			"faces": {
				"north": {"uv": [11, 0, 12.3, 5.6], "texture": "#0"},
				"east": {"uv": [11, 0, 12.3, 5.6], "texture": "#0"},
				"south": {"uv": [11, 0, 12.3, 5.6], "texture": "#0"},
				"west": {"uv": [11, 0, 12.3, 5.6], "texture": "#0"},
				"up": {"uv": [0, 0, 0.3, 0.3], "texture": "#0"},
				"down": {"uv": [0, 0, 0.3, 0.3], "texture": "#0"}
			}
		},
		{
			"from": [6.025, 6.8375, 11.475],
			"to": [6.475, 8.2375, 11.925],
			"rotation": {"angle": 0, "axis": "y", "origin": [6.475, 18.8375, 4.625]},
			"faces": {
				"north": {"uv": [3, 0, 4.3, 5.6], "texture": "#0"},
				"east": {"uv": [3, 0, 4.3, 5.6], "texture": "#0"},
				"south": {"uv": [3, 0, 4.3, 5.6], "texture": "#0"},
				"west": {"uv": [3, 0, 4.3, 5.6], "texture": "#0"},
				"up": {"uv": [3, 0, 3.3, 0.3], "texture": "#0"},
				"down": {"uv": [3, 0, 3.3, 0.3], "texture": "#0"}
			}
		},
		{
			"from": [6.475, 6.8375, 11.825],
			"to": [6.925, 8.2375, 12.275],
			"rotation": {"angle": 0, "axis": "y", "origin": [6.475, 18.8375, 4.625]},
			"faces": {
				"north": {"uv": [5, 0, 6.3, 5.6], "texture": "#0"},
				"east": {"uv": [5, 0, 6.3, 5.6], "texture": "#0"},
				"south": {"uv": [5, 0, 6.3, 5.6], "texture": "#0"},
				"west": {"uv": [5, 0, 6.3, 5.6], "rotation": 180, "texture": "#0"},
				"up": {"uv": [5, 0, 5.3, 0.3], "texture": "#0"},
				"down": {"uv": [5, 0, 5.3, 0.3], "texture": "#0"}
			}
		},
		{
			"from": [9.025, 6.8375, 11.825],
			"to": [9.475, 8.2375, 12.275],
			"rotation": {"angle": 0, "axis": "y", "origin": [6.475, 18.8375, 4.625]},
			"faces": {
				"north": {"uv": [10, 0, 12.3, 5.6], "texture": "#0"},
				"east": {"uv": [10, 0, 12.3, 5.6], "texture": "#0"},
				"south": {"uv": [10, 0, 12.3, 5.6], "texture": "#0"},
				"west": {"uv": [10, 0, 12.3, 5.6], "texture": "#0"},
				"up": {"uv": [0, 0, 0.3, 0.3], "texture": "#0"},
				"down": {"uv": [0, 0, 0.3, 0.3], "texture": "#0"}
			}
		},
		{
			"from": [9.475, 6.8375, 11.475],
			"to": [9.925, 8.2375, 11.925],
			"rotation": {"angle": 0, "axis": "y", "origin": [6.475, 18.8375, 4.625]},
			"faces": {
				"north": {"uv": [0, 0, 0.3, 1.6], "texture": "#0"},
				"east": {"uv": [2, 0, 0.3, 5.6], "texture": "#0"},
				"south": {"uv": [1, 0, 2.3, 5.6], "texture": "#0"},
				"west": {"uv": [2, 0, 0.3, 5.6], "texture": "#0"},
				"up": {"uv": [0, 0, 0.3, 0.3], "texture": "#0"},
				"down": {"uv": [0, 0, 0.3, 0.3], "texture": "#0"}
			}
		},
		{
			"from": [6.475, 6.8375, 3.725],
			"to": [9.475, 7.2875, 4.175],
			"rotation": {"angle": 0, "axis": "y", "origin": [6.475, 18.8375, 4.625]},
			"faces": {
				"north": {"uv": [0, 0, 2, 0.3], "texture": "#0"},
				"east": {"uv": [0, 0, 0.3, 0.3], "texture": "#0"},
				"south": {"uv": [0, 0, 2, 0.3], "texture": "#0"},
				"west": {"uv": [0, 0, 0.3, 0.3], "texture": "#0"},
				"up": {"uv": [0, 0, 4, 5.3], "texture": "#0"},
				"down": {"uv": [0, 0, 2, 0.3], "texture": "#0"}
			}
		},
		{
			"from": [6.925, 6.8375, 3.275],
			"to": [9.025, 7.2875, 3.725],
			"rotation": {"angle": 0, "axis": "y", "origin": [6.475, 18.8375, 4.625]},
			"faces": {
				"north": {"uv": [0, 0, 1.4, 0.3], "texture": "#0"},
				"east": {"uv": [0, 0, 0.3, 0.3], "texture": "#0"},
				"south": {"uv": [0, 0, 1.4, 0.3], "texture": "#0"},
				"west": {"uv": [0, 0, 0.3, 0.3], "texture": "#0"},
				"up": {"uv": [0, 0, 1.4, 0.3], "texture": "#0"},
				"down": {"uv": [0, 0, 1.4, 0.3], "texture": "#0"}
			}
		},
		{
			"from": [6.925, 6.8375, 12.275],
			"to": [9.025, 8.2375, 12.725],
			"rotation": {"angle": 0, "axis": "y", "origin": [6.475, 18.8375, 4.625]},
			"faces": {
				"north": {"uv": [13, 0, 15.4, 5.6], "texture": "#0"},
				"east": {"uv": [13, 0, 15.3, 5.6], "texture": "#0"},
				"south": {"uv": [13, 0, 15.4, 5.6], "texture": "#0"},
				"west": {"uv": [13, 0, 15.3, 5.6], "texture": "#0"},
				"up": {"uv": [0, 0, 1.4, 0.3], "texture": "#0"},
				"down": {"uv": [13, 0, 14.4, 0.3], "texture": "#0"}
			}
		},
		{
			"from": [6.925, 6.8375, 3.275],
			"to": [9.025, 8.2375, 3.725],
			"rotation": {"angle": 0, "axis": "x", "origin": [7.975, 8.4875, 3.5]},
			"faces": {
				"north": {"uv": [4, 0, 10.4, 5.6], "texture": "#0"},
				"east": {"uv": [3, 0, 4.3, 5.6], "texture": "#0"},
				"south": {"uv": [4, 0, 10.4, 5.6], "texture": "#0"},
				"west": {"uv": [3, 0, 4.3, 5.6], "texture": "#0"},
				"up": {"uv": [3, 0, 10.4, 0.3], "texture": "#0"},
				"down": {"uv": [3, 0, 10.4, 0.3], "texture": "#0"}
			}
		},
		{
			"from": [6.925, 6.8375, 12.275],
			"to": [9.025, 7.2875, 12.725],
			"rotation": {"angle": 0, "axis": "y", "origin": [6.475, 18.8375, 4.625]},
			"faces": {
				"north": {"uv": [0, 0, 1.4, 0.3], "texture": "#0"},
				"east": {"uv": [0, 0, 0.3, 0.3], "texture": "#0"},
				"south": {"uv": [0, 0, 1.4, 0.3], "texture": "#0"},
				"west": {"uv": [0, 0, 0.3, 0.3], "texture": "#0"},
				"up": {"uv": [0, 0, 1.4, 0.3], "texture": "#0"},
				"down": {"uv": [0, 0, 1.4, 0.3], "texture": "#0"}
			}
		},
		{
			"from": [6.475, 6.8375, 11.825],
			"to": [9.475, 7.2875, 12.275],
			"rotation": {"angle": 0, "axis": "y", "origin": [6.475, 18.8375, 4.625]},
			"faces": {
				"north": {"uv": [0, 0, 2, 0.3], "texture": "#0"},
				"east": {"uv": [0, 0, 0.3, 0.3], "texture": "#0"},
				"south": {"uv": [0, 0, 2, 0.3], "texture": "#0"},
				"west": {"uv": [0, 0, 0.3, 0.3], "texture": "#0"},
				"up": {"uv": [0, 0, 4.3, 6], "rotation": 90, "texture": "#0"},
				"down": {"uv": [0, 0, 2, 0.3], "texture": "#0"}
			}
		},
		{
			"from": [6.025, 6.8375, 11.375],
			"to": [9.925, 7.2875, 11.825],
			"rotation": {"angle": 0, "axis": "y", "origin": [6.475, 18.8375, 4.625]},
			"faces": {
				"north": {"uv": [0, 0, 2.6, 0.3], "texture": "#0"},
				"east": {"uv": [0, 0, 0.3, 0.3], "texture": "#0"},
				"south": {"uv": [0, 0, 2.6, 0.3], "texture": "#0"},
				"west": {"uv": [0, 0, 0.3, 0.3], "texture": "#0"},
				"up": {"uv": [0, 0, 4.3, 2.6], "rotation": 90, "texture": "#0"},
				"down": {"uv": [0, 0, 2.6, 0.3], "texture": "#0"}
			}
		},
		{
			"from": [7.06418, 9.25, 8.3281],
			"to": [10.46418, 9.35, 8.6281],
			"rotation": {"angle": -22.5, "axis": "y", "origin": [8.06418, 9.3, 6.5781]},
			"faces": {
				"north": {"uv": [6, 8, 9.4, 8.1], "texture": "#0"},
				"east": {"uv": [6, 8, 6.3, 8.1], "texture": "#0"},
				"south": {"uv": [5, 8, 8.4, 8.1], "texture": "#0"},
				"west": {"uv": [5, 8, 5.3, 8.1], "texture": "#0"},
				"up": {"uv": [5, 8, 9.4, 9.3], "texture": "#0"},
				"down": {"uv": [0, 0, 3.4, 0.3], "texture": "#missing"}
			}
		},
		{
			"from": [6.41173, 9.25, 7.09724],
			"to": [9.81173, 9.35, 7.39724],
			"rotation": {"angle": -22.5, "axis": "y", "origin": [8.11173, 9.3, 7.24724]},
			"faces": {
				"north": {"uv": [6, 8, 9.4, 8.1], "texture": "#0"},
				"east": {"uv": [6, 8, 6.3, 8.1], "texture": "#0"},
				"south": {"uv": [5, 8, 8.4, 8.1], "texture": "#0"},
				"west": {"uv": [5, 8, 5.3, 8.1], "texture": "#0"},
				"up": {"uv": [5, 8, 8.4, 8.3], "texture": "#0"},
				"down": {"uv": [0, 0, 3.4, 0.3], "texture": "#missing"}
			}
		},
		{
			"from": [6.36418, 9.25, 7.8281],
			"to": [9.76418, 9.35, 8.1281],
			"rotation": {"angle": 0, "axis": "y", "origin": [8.16418, 9.3, 5.9781]},
			"faces": {
				"north": {"uv": [6, 8, 9.4, 8.1], "texture": "#0"},
				"east": {"uv": [6, 8, 6.3, 8.1], "texture": "#0"},
				"south": {"uv": [5, 8, 8.4, 8.1], "texture": "#0"},
				"west": {"uv": [5, 8, 5.3, 8.1], "texture": "#0"},
				"up": {"uv": [6, 8, 10.4, 8.3], "texture": "#0"},
				"down": {"uv": [0, 0, 3.4, 0.3], "texture": "#missing"}
			}
		},
		{
			"from": [6.46418, 9.25, 10.4281],
			"to": [9.86418, 9.35, 10.7281],
			"rotation": {"angle": 0, "axis": "y", "origin": [8.16418, 9.3, 5.9781]},
			"faces": {
				"north": {"uv": [6, 8, 9.4, 8.1], "texture": "#0"},
				"east": {"uv": [6, 8, 6.3, 8.1], "texture": "#0"},
				"south": {"uv": [5, 8, 8.4, 8.1], "texture": "#0"},
				"west": {"uv": [5, 8, 5.3, 8.1], "texture": "#0"},
				"up": {"uv": [5, 8, 8.4, 9.3], "texture": "#0"},
				"down": {"uv": [0, 0, 3.4, 0.3], "texture": "#missing"}
			}
		},
		{
			"from": [6.36418, 9.25, 5.2281],
			"to": [9.76418, 9.35, 5.5281],
			"rotation": {"angle": 0, "axis": "y", "origin": [8.16418, 9.3, 5.9781]},
			"faces": {
				"north": {"uv": [6, 8, 9.4, 8.1], "texture": "#0"},
				"east": {"uv": [6, 8, 6.3, 8.1], "texture": "#0"},
				"south": {"uv": [5, 8, 8.4, 8.1], "texture": "#0"},
				"west": {"uv": [5, 8, 5.3, 8.1], "texture": "#0"},
				"up": {"uv": [6, 7, 10.4, 7.3], "texture": "#0"},
				"down": {"uv": [0, 0, 3.4, 0.3], "texture": "#missing"}
			}
		},
		{
			"from": [4.7, 9.25, 9.6],
			"to": [8.1, 9.35, 9.9],
			"rotation": {"angle": 22.5, "axis": "y", "origin": [7.6, 9.3, 5.4]},
			"faces": {
				"north": {"uv": [6, 8, 9.4, 8.1], "texture": "#0"},
				"east": {"uv": [6, 8, 6.3, 8.1], "texture": "#0"},
				"south": {"uv": [5, 8, 8.4, 8.1], "texture": "#0"},
				"west": {"uv": [5, 8, 5.3, 8.1], "texture": "#0"},
				"up": {"uv": [5, 8, 8.4, 9.3], "rotation": 180, "texture": "#0"},
				"down": {"uv": [0, 0, 3.4, 0.3], "texture": "#missing"}
			}
		},
		{
			"from": [6.2, 9.25, 6],
			"to": [9.6, 9.35, 6.3],
			"rotation": {"angle": 22.5, "axis": "y", "origin": [7.6, 9.3, 5.4]},
			"faces": {
				"north": {"uv": [6, 8, 9.4, 8.1], "texture": "#0"},
				"east": {"uv": [6, 8, 6.3, 8.1], "texture": "#0"},
				"south": {"uv": [5, 8, 8.4, 8.1], "texture": "#0"},
				"west": {"uv": [5, 8, 5.3, 8.1], "texture": "#0"},
				"up": {"uv": [5, 8, 10.4, 8.3], "texture": "#0"},
				"down": {"uv": [0, 0, 3.4, 0.3], "texture": "#missing"}
			}
		},
		{
			"from": [6.96424, 9.15, 4.85657],
			"to": [7.56424, 9.15, 5.15657],
			"rotation": {"angle": 22.5, "axis": "y", "origin": [7.26424, 9.25, 4.70657]},
			"faces": {
				"north": {"uv": [0, 0, 0, 0.6], "rotation": 270, "texture": "#missing"},
				"east": {"uv": [0, 0, 0, 0.3], "rotation": 90, "texture": "#missing"},
				"south": {"uv": [0, 0, 0, 0.6], "rotation": 90, "texture": "#missing"},
				"west": {"uv": [0, 0, 0, 0.3], "rotation": 90, "texture": "#missing"},
				"up": {"uv": [0, 7, 2.3, 9.6], "rotation": 90, "texture": "#0"},
				"down": {"uv": [0, 0, 0.3, 0.6], "rotation": 90, "texture": "#missing"}
			}
		},
		{
			"from": [8.95656, 9.25, 6.2412],
			"to": [9.25656, 9.25, 6.8412],
			"rotation": {"angle": -22.5, "axis": "y", "origin": [9.10656, 9.25, 6.5412]},
			"faces": {
				"north": {"uv": [0, 0, 0, 0.3], "rotation": 90, "texture": "#missing"},
				"east": {"uv": [0, 0, 0, 0.6], "rotation": 90, "texture": "#missing"},
				"south": {"uv": [0, 0, 0, 0.3], "rotation": 90, "texture": "#missing"},
				"west": {"uv": [0, 0, 0, 0.6], "rotation": 270, "texture": "#missing"},
				"up": {"uv": [0, 7, 2.3, 9.6], "texture": "#0"},
				"down": {"uv": [0, 0, 0.3, 0.6], "rotation": 180, "texture": "#missing"}
			}
		},
		{
			"from": [6.88576, 9.35, 6.99071],
			"to": [7.18576, 9.35, 7.59071],
			"rotation": {"angle": 22.5, "axis": "y", "origin": [7.03576, 9.35, 7.29071]},
			"faces": {
				"north": {"uv": [0, 0, 0, 0.3], "rotation": 90, "texture": "#missing"},
				"east": {"uv": [0, 0, 0, 0.6], "rotation": 90, "texture": "#missing"},
				"south": {"uv": [0, 0, 0, 0.3], "rotation": 90, "texture": "#missing"},
				"west": {"uv": [0, 0, 0, 0.6], "rotation": 270, "texture": "#missing"},
				"up": {"uv": [0, 7, 2.3, 9.6], "texture": "#0"},
				"down": {"uv": [0, 0, 0.3, 0.6], "rotation": 180, "texture": "#missing"}
			}
		},
		{
			"from": [6.3, 9.35, 9.05],
			"to": [6.9, 9.35, 9.35],
			"rotation": {"angle": 22.5, "axis": "y", "origin": [7.8, 12.25, 6]},
			"faces": {
				"north": {"uv": [0, 0, 0, 0.6], "rotation": 270, "texture": "#missing"},
				"east": {"uv": [0, 0, 0, 0.3], "rotation": 90, "texture": "#missing"},
				"south": {"uv": [0, 0, 0, 0.6], "rotation": 90, "texture": "#missing"},
				"west": {"uv": [0, 0, 0, 0.3], "rotation": 90, "texture": "#missing"},
				"up": {"uv": [0, 7, 2.3, 9.6], "rotation": 90, "texture": "#0"},
				"down": {"uv": [0, 0, 0.3, 0.6], "rotation": 90, "texture": "#missing"}
			}
		},
		{
			"from": [9.01837, 9.35, 9.78749],
			"to": [9.31837, 9.35, 10.38749],
			"rotation": {"angle": -22.5, "axis": "y", "origin": [9.16837, 9.35, 10.08749]},
			"faces": {
				"north": {"uv": [0, 0, 0, 0.3], "rotation": 90, "texture": "#missing"},
				"east": {"uv": [0, 0, 0, 0.6], "rotation": 90, "texture": "#missing"},
				"south": {"uv": [0, 0, 0, 0.3], "rotation": 90, "texture": "#missing"},
				"west": {"uv": [0, 0, 0, 0.6], "rotation": 270, "texture": "#missing"},
				"up": {"uv": [0, 7, 2.3, 9.6], "texture": "#0"},
				"down": {"uv": [0, 0, 0.3, 0.6], "rotation": 180, "texture": "#missing"}
			}
		},
		{
			"from": [6.65106, 9.35, 10.85593],
			"to": [7.25106, 9.35, 11.15593],
			"rotation": {"angle": -45, "axis": "y", "origin": [6.95106, 9.35, 11.00593]},
			"faces": {
				"north": {"uv": [0, 0, 0, 0.6], "rotation": 270, "texture": "#missing"},
				"east": {"uv": [0, 0, 0, 0.3], "rotation": 90, "texture": "#missing"},
				"south": {"uv": [0, 0, 0, 0.6], "rotation": 90, "texture": "#missing"},
				"west": {"uv": [0, 0, 0, 0.3], "rotation": 90, "texture": "#missing"},
				"up": {"uv": [0, 7, 2.3, 9.6], "rotation": 90, "texture": "#0"},
				"down": {"uv": [0, 0, 0.3, 0.6], "rotation": 90, "texture": "#missing"}
			}
		},
		{
			"from": [8.35106, 9.35, 9.45593],
			"to": [8.95106, 9.35, 9.75593],
			"rotation": {"angle": -45, "axis": "y", "origin": [6.95106, 9.35, 11.00593]},
			"faces": {
				"north": {"uv": [0, 0, 0, 0.6], "rotation": 270, "texture": "#missing"},
				"east": {"uv": [0, 0, 0, 0.3], "rotation": 90, "texture": "#missing"},
				"south": {"uv": [0, 0, 0, 0.6], "rotation": 90, "texture": "#missing"},
				"west": {"uv": [0, 0, 0, 0.3], "rotation": 90, "texture": "#missing"},
				"up": {"uv": [0, 7, 2.3, 9.6], "rotation": 90, "texture": "#0"},
				"down": {"uv": [0, 0, 0.3, 0.6], "rotation": 90, "texture": "#missing"}
			}
		},
		{
			"from": [6.2077, 9.35, 9.52423],
			"to": [6.8077, 9.35, 9.82423],
			"rotation": {"angle": -45, "axis": "y", "origin": [6.5077, 9.35, 9.67423]},
			"faces": {
				"north": {"uv": [0, 0, 0, 0.6], "rotation": 270, "texture": "#missing"},
				"east": {"uv": [0, 0, 0, 0.3], "rotation": 90, "texture": "#missing"},
				"south": {"uv": [0, 0, 0, 0.6], "rotation": 90, "texture": "#missing"},
				"west": {"uv": [0, 0, 0, 0.3], "rotation": 90, "texture": "#missing"},
				"up": {"uv": [0, 7, 2.3, 9.6], "rotation": 90, "texture": "#0"},
				"down": {"uv": [0, 0, 0.3, 0.6], "rotation": 90, "texture": "#missing"}
			}
		},
		{
			"from": [8.62563, 9.35, 8.30621],
			"to": [9.22563, 9.35, 8.60621],
			"rotation": {"angle": -45, "axis": "y", "origin": [8.92563, 9.35, 8.45621]},
			"faces": {
				"north": {"uv": [0, 0, 0, 0.6], "rotation": 270, "texture": "#missing"},
				"east": {"uv": [0, 0, 0, 0.3], "rotation": 90, "texture": "#missing"},
				"south": {"uv": [0, 0, 0, 0.6], "rotation": 90, "texture": "#missing"},
				"west": {"uv": [0, 0, 0, 0.3], "rotation": 90, "texture": "#missing"},
				"up": {"uv": [0, 7, 2.3, 9.6], "rotation": 90, "texture": "#0"},
				"down": {"uv": [0, 0, 0.3, 0.6], "rotation": 90, "texture": "#missing"}
			}
		},
		{
			"from": [6.56761, 9.35, 8.31313],
			"to": [6.86761, 9.35, 8.91313],
			"rotation": {"angle": -22.5, "axis": "y", "origin": [6.71761, 9.35, 8.61313]},
			"faces": {
				"north": {"uv": [0, 0, 0, 0.3], "rotation": 90, "texture": "#missing"},
				"east": {"uv": [0, 0, 0, 0.6], "rotation": 90, "texture": "#missing"},
				"south": {"uv": [0, 0, 0, 0.3], "rotation": 90, "texture": "#missing"},
				"west": {"uv": [0, 0, 0, 0.6], "rotation": 270, "texture": "#missing"},
				"up": {"uv": [0, 7, 2.3, 9.6], "texture": "#0"},
				"down": {"uv": [0, 0, 0.3, 0.6], "rotation": 180, "texture": "#missing"}
			}
		},
		{
			"from": [6.38478, 9.35, 5.77074],
			"to": [6.98478, 9.35, 6.07074],
			"rotation": {"angle": -22.5, "axis": "y", "origin": [6.68478, 9.35, 5.92074]},
			"faces": {
				"north": {"uv": [0, 0, 0, 0.6], "rotation": 270, "texture": "#missing"},
				"east": {"uv": [0, 0, 0, 0.3], "rotation": 90, "texture": "#missing"},
				"south": {"uv": [0, 0, 0, 0.6], "rotation": 90, "texture": "#missing"},
				"west": {"uv": [0, 0, 0, 0.3], "rotation": 90, "texture": "#missing"},
				"up": {"uv": [0, 7, 2.3, 9.6], "rotation": 90, "texture": "#0"},
				"down": {"uv": [0, 0, 0.3, 0.6], "rotation": 90, "texture": "#missing"}
			}
		},
		{
			"from": [9.19818, 9.35, 4.73401],
			"to": [9.49818, 9.35, 5.33401],
			"rotation": {"angle": 0, "axis": "y", "origin": [9.34818, 9.35, 5.03401]},
			"faces": {
				"north": {"uv": [0, 0, 0, 0.3], "rotation": 90, "texture": "#missing"},
				"east": {"uv": [0, 0, 0, 0.6], "rotation": 90, "texture": "#missing"},
				"south": {"uv": [0, 0, 0, 0.3], "rotation": 90, "texture": "#missing"},
				"west": {"uv": [0, 0, 0, 0.6], "rotation": 270, "texture": "#missing"},
				"up": {"uv": [0, 7, 2.3, 9.6], "texture": "#0"},
				"down": {"uv": [0, 0, 0.3, 0.6], "rotation": 180, "texture": "#missing"}
			}
		}
	],
	"display": {
		"thirdperson_righthand": {
			"rotation": [0, -107, 0],
			"translation": [0, 1.25, 0]
		},
		"thirdperson_lefthand": {
			"rotation": [0, -99, 0]
		},
		"ground": {
			"translation": [0, -3.5, 0],
			"scale": [1.5, 1.5, 1.5]
		},
		"gui": {
			"rotation": [33, -62, 0],
			"scale": [1.8, 1.8, 1.8]
		},
		"head": {
			"rotation": [0, 90, 0],
			"translation": [0, 7.75, 0],
			"scale": [1.5, 1.5, 1.5]
		},
		"fixed": {
			"rotation": [0, -90, 90],
			"translation": [0, 0, -2.75],
			"scale": [2, 2, 2]
		}
	},
	"groups": [
		{
			"name": "group",
			"origin": [7.775, 19.0625, 8.075],
			"color": 0,
			"children": [
				{
					"name": "group",
					"origin": [15.5, 26.5625, 15.575],
					"color": 0,
					"children": [0, 1, 2, 3, 4, 5, 6]
				},
				{
					"name": "group",
					"origin": [15.5, 26.5625, 15.575],
					"color": 0,
					"children": [7, 8, 9, 10, 11, 12, 13]
				},
				{
					"name": "group",
					"origin": [15.5, 26.5625, 15.575],
					"color": 0,
					"children": [14, 15, 16, 17, 18, 19, 20]
				},
				{
					"name": "group",
					"origin": [15.5, 26.5625, 15.575],
					"color": 0,
					"children": [21, 22, 23, 24, 25, 26, 27]
				},
				{
					"name": "group",
					"origin": [15.5, 26.5625, 15.575],
					"color": 0,
					"children": [28, 29, 30, 31, 32, 33, 34]
				},
				{
					"name": "group",
					"origin": [15.5, 26.5625, 15.575],
					"color": 0,
					"children": [35, 36, 37, 38, 39, 40, 41]
				}
			]
		},
		{
			"name": "group",
			"origin": [-0.025, 0, 0],
			"color": 0,
			"children": [42, 43, 44, 45, 46, 47, 48, 49, 50, 51, 52, 53, 54, 55, 56, 57, 58, 59, 60]
		},
		{
			"name": "group",
			"origin": [8, 8, 8],
			"color": 0,
			"children": [61, 62, 63, 64, 65, 66, 67]
		},
		{
			"name": "group",
			"origin": [8, 8, 8],
			"color": 0,
			"children": [68, 69, 70, 71, 72, 73, 74, 75, 76, 77, 78, 79]
		}
	]
}