{
	"credit": "Made with Blockbench",
	"textures": {
		"0": "item/build_tool_04",
		"particle": "item/build_tool_04"
	},
	"elements": [
		{
			"from": [7.025, 0.53073, 4.30448],
			"to": [8.975, 2.53073, 9.30448],
			"rotation": {"angle": 22.5, "axis": "x", "origin": [7, 0.53073, 5.30448]},
			"faces": {
				"north": {"uv": [0, 14, 2, 16], "texture": "#0"},
				"east": {"uv": [15, 8, 10, 10], "texture": "#0"},
				"west": {"uv": [10, 8, 15, 10], "texture": "#0"},
				"up": {"uv": [12, 15, 10, 10], "texture": "#0"},
				"down": {"uv": [14, 0, 12, 5], "texture": "#0"}
			}
		},
		{
			"from": [7, 5, 5],
			"to": [9, 7, 11],
			"rotation": {"angle": 0, "axis": "y", "origin": [7, 5, 7]},
			"faces": {
				"north": {"uv": [2, 14, 4, 16], "texture": "#0"},
				"east": {"uv": [14, 6, 8, 8], "texture": "#0"},
				"south": {"uv": [14, 2, 16, 4], "texture": "#0"},
				"west": {"uv": [8, 6, 14, 8], "texture": "#0"},
				"up": {"uv": [10, 14, 8, 8], "texture": "#0"},
				"down": {"uv": [12, 0, 10, 6], "texture": "#0"}
			}
		},
		{
			"from": [8, 7, 5],
			"to": [8, 21, 11],
			"rotation": {"angle": 0, "axis": "x", "origin": [7, 7, 7]},
			"faces": {
				"east": {"uv": [6, 0, 0, 14], "texture": "#0"},
				"west": {"uv": [0, 0, 6, 14], "texture": "#0"}
			}
		},
		{
			"from": [7, -1, 9],
			"to": [9, 5, 11],
			"rotation": {"angle": 0, "axis": "y", "origin": [7, 2, 7]},
			"faces": {
				"north": {"uv": [6, 0, 8, 6], "texture": "#0"},
				"east": {"uv": [10, 0, 8, 6], "texture": "#0"},
				"south": {"uv": [6, 6, 8, 12], "texture": "#0"},
				"west": {"uv": [8, 0, 10, 6], "texture": "#0"},
				"down": {"uv": [16, 0, 14, 2], "texture": "#0"}
			}
		},
		{
			"from": [7, 2, 5],
			"to": [9, 5, 7],
			"rotation": {"angle": 0, "axis": "x", "origin": [8, 4.5, 6]},
			"faces": {
				"north": {"uv": [6, 12, 8, 15], "texture": "#0"},
				"east": {"uv": [14, 13, 12, 16], "texture": "#0"},
				"south": {"uv": [12, 10, 14, 13], "texture": "#0"},
				"west": {"uv": [12, 13, 14, 16], "texture": "#0"}
			}
		}
	],
	"gui_light": "front",
	"display": {
		"thirdperson_righthand": {
			"rotation": [-43.75, 0, 0],
			"translation": [0, 1.5, -3.5]
		},
		"thirdperson_lefthand": {
			"rotation": [-43.75, 0, 0],
			"translation": [0, 1.5, -3.5]
		},
		"firstperson_righthand": {
			"translation": [5, 0, -1],
			"scale": [0.55, 0.55, 0.55]
		},
		"firstperson_lefthand": {
			"translation": [5, 0, -1],
			"scale": [0.55, 0.55, 0.55]
		},
		"ground": {
			"translation": [0, 2, 0],
			"scale": [0.5, 0.5, 0.5]
		},
		"gui": {
			"rotation": [33, 125, -45],
			"translation": [0.5, -1.75, 0],
			"scale": [0.72, 0.72, 0.72]
		},
		"fixed": {
			"rotation": [0, 90, 0],
			"translation": [0, 0, -2],
			"scale": [2, 2, 2]
		}
	}
}