{
	"credit": "Copyright © 2021-2099 Ikaho-Onsen Minecraft Server. All rights reserved.",
	"textures": {
		"0": "minecraft:item/bread/bread_03",
		"particle": "minecraft:item/bread/bread_03"
	},
	"elements": [
		{
			"from": [6, 0, 6],
			"to": [10, 3, 10],
			"faces": {
				"north": {"uv": [4, 0, 8, 3], "texture": "#0"},
				"east": {"uv": [8, 0, 12, 3], "texture": "#0"},
				"south": {"uv": [4, 0, 8, 3], "texture": "#0"},
				"west": {"uv": [8, 0, 12, 3], "texture": "#0"},
				"up": {"uv": [0, 0, 4, 4], "texture": "#0"},
				"down": {"uv": [12, 0, 16, 4], "texture": "#0"}
			}
		},
		{
			"from": [4, 0.025, 6],
			"to": [7, 2.025, 9],
			"rotation": {"angle": -22.5, "axis": "y", "origin": [4.5, 1.025, 8]},
			"faces": {
				"north": {"uv": [3, 4, 6, 6], "texture": "#0"},
				"south": {"uv": [3, 4, 6, 6], "texture": "#0"},
				"west": {"uv": [6, 4, 9, 6], "texture": "#0"},
				"up": {"uv": [0, 4, 3, 7], "texture": "#0"},
				"down": {"uv": [9, 4, 12, 7], "texture": "#0"}
			}
		},
		{
			"from": [2, 0.05, 5],
			"to": [4, 1.05, 7],
			"rotation": {"angle": -45, "axis": "y", "origin": [2, 0.525, 8]},
			"faces": {
				"north": {"uv": [2, 7, 4, 8], "texture": "#0"},
				"south": {"uv": [2, 7, 4, 8], "texture": "#0"},
				"west": {"uv": [4, 7, 6, 8], "texture": "#0"},
				"up": {"uv": [0, 7, 2, 9], "texture": "#0"},
				"down": {"uv": [6, 7, 8, 9], "texture": "#0"}
			}
		},
		{
			"from": [9, 0.025, 6],
			"to": [12, 2.025, 9],
			"rotation": {"angle": 22.5, "axis": "y", "origin": [11.5, 1.025, 8]},
			"faces": {
				"north": {"uv": [6, 4, 3, 6], "texture": "#0"},
				"east": {"uv": [9, 4, 6, 6], "texture": "#0"},
				"south": {"uv": [6, 4, 3, 6], "texture": "#0"},
				"up": {"uv": [3, 4, 0, 7], "texture": "#0"},
				"down": {"uv": [12, 4, 9, 7], "texture": "#0"}
			}
		},
		{
			"from": [12, 0.05, 5],
			"to": [14, 1.05, 7],
			"rotation": {"angle": 45, "axis": "y", "origin": [14, 0.525, 8]},
			"faces": {
				"north": {"uv": [4, 7, 2, 8], "texture": "#0"},
				"east": {"uv": [6, 7, 4, 8], "texture": "#0"},
				"south": {"uv": [4, 7, 2, 8], "texture": "#0"},
				"up": {"uv": [2, 7, 0, 9], "texture": "#0"},
				"down": {"uv": [8, 7, 6, 9], "texture": "#0"}
			}
		}
	],
	"gui_light": "front",
	"display": {
		"thirdperson_righthand": {
			"translation": [0.75, 7.5, 0]
		},
		"thirdperson_lefthand": {
			"translation": [0.75, 7.5, 0]
		},
		"firstperson_righthand": {
			"rotation": [0, 119, 0],
			"translation": [3.5, 6.5, 0]
		},
		"firstperson_lefthand": {
			"rotation": [0, 119, 0],
			"translation": [3.5, 6.5, 0]
		},
		"ground": {
			"rotation": [35, 0, 0],
			"translation": [0, 3, 2.25],
			"scale": [0.8, 0.8, 0.8]
		},
		"gui": {
			"rotation": [33, 135, 0],
			"translation": [0.25, 7.5, 0],
			"scale": [1.4, 1.4, 1.4]
		},
		"head": {
			"rotation": [-21, 0, 0],
			"translation": [0, 0.75, -11.5],
			"scale": [1.5, 1.5, 1.5]
		},
		"fixed": {
			"rotation": [-90, 0, 0],
			"translation": [0, 0, -15.75],
			"scale": [2, 2, 2]
		}
	},
	"groups": [
		{
			"name": "bread_03",
			"origin": [0, 0, 0],
			"color": 0,
			"nbt": "{}",
			"armAnimationEnabled": false,
			"children": [0, 1, 2, 3, 4]
		}
	]
}