{
	"credit": "Copyright © 2021-2099 Ikaho-Onsen Minecraft Server. All rights reserved.",
	"texture_size": [64, 64],
	"textures": {
		"0": "minecraft:item/clear_item_01",
		"particle": "minecraft:item/clear_item_01"
	},
	"elements": [
		{
			"from": [6, -5, 6],
			"to": [10, 6, 10],
			"rotation": {"angle": 0, "axis": "y", "origin": [8, 7.25, 8]},
			"faces": {
				"north": {"uv": [0, 0, 1, 2.75], "texture": "#0"},
				"east": {"uv": [0, 0, 1, 2.75], "texture": "#0"},
				"south": {"uv": [0, 0, 1, 2.75], "texture": "#0"},
				"west": {"uv": [0, 0, 1, 2.75], "texture": "#0"},
				"up": {"uv": [1, 3.75, 0, 2.75], "texture": "#0"},
				"down": {"uv": [0, 2.75, 1, 3.75], "texture": "#0"}
			}
		},
		{
			"from": [5.8, -6.2, 5.8],
			"to": [10.2, 6.2, 10.2],
			"rotation": {"angle": 0, "axis": "y", "origin": [8, 7.25, 8]},
			"faces": {
				"north": {"uv": [1, 3.75, 0, 6.75], "texture": "#0"},
				"east": {"uv": [0, 3.75, 1, 6.75], "texture": "#0"},
				"south": {"uv": [1, 3.75, 0, 6.75], "texture": "#0"},
				"west": {"uv": [0, 3.75, 1, 6.75], "texture": "#0"},
				"up": {"uv": [1, 7.75, 0, 6.75], "texture": "#0"}
			}
		},
		{
			"name": "cube inverted",
			"from": [10.2, 6.2, 10.2],
			"to": [5.8, -5.2, 5.8],
			"rotation": {"angle": 0, "axis": "y", "origin": [8, 7.25, 8]},
			"faces": {
				"north": {"uv": [1, 6.75, 0, 3.75], "texture": "#0"},
				"east": {"uv": [0, 6.75, 1, 3.75], "texture": "#0"},
				"south": {"uv": [1, 6.75, 0, 3.75], "texture": "#0"},
				"west": {"uv": [0, 6.75, 1, 3.75], "texture": "#0"}
			}
		},
		{
			"from": [7, 1, 7],
			"to": [9, 22, 9],
			"rotation": {"angle": 0, "axis": "y", "origin": [8, 8, 8]},
			"faces": {
				"north": {"uv": [1.75, 0, 2.25, 5.25], "texture": "#0"},
				"east": {"uv": [2.75, 0, 3.25, 5.25], "texture": "#0"},
				"south": {"uv": [2.5, 0, 3, 5.25], "texture": "#0"},
				"west": {"uv": [2, 0, 2.5, 5.25], "texture": "#0"},
				"up": {"uv": [4, 0.75, 3.5, 0.25], "texture": "#0"}
			}
		}
	],
	"gui_light": "front",
	"display": {
		"thirdperson_righthand": {
			"rotation": [69, 0, -5],
			"translation": [-1.25, 1.25, 0]
		},
		"thirdperson_lefthand": {
			"rotation": [69, 0, -5],
			"translation": [-1.25, 1.25, 0]
		},
		"firstperson_righthand": {
			"rotation": [0, 90, 0],
			"translation": [1.88, 2.7, 2.13],
			"scale": [0.5, 0.5, 0.5]
		},
		"firstperson_lefthand": {
			"rotation": [0, 90, 0],
			"translation": [1.88, 2.7, 2.13],
			"scale": [0.5, 0.5, 0.5]
		},
		"ground": {
			"rotation": [30, 0, 0],
			"translation": [0, 3.5, 0],
			"scale": [0.5, 0.5, 0.5]
		},
		"gui": {
			"rotation": [33, 180, 33],
			"translation": [0, 0.25, 0],
			"scale": [0.67, 0.67, 0.67]
		},
		"head": {
			"rotation": [180, 0, 90],
			"translation": [7.25, 2.75, 0],
			"scale": [1.5, 1.5, 1.5]
		},
		"fixed": {
			"rotation": [-61, 0, 0],
			"translation": [0, -1.25, -23.75],
			"scale": [2, 2, 2]
		}
	},
	"groups": [
		{
			"name": "group",
			"origin": [-1, 0, 0],
			"color": 0,
			"nbt": "{}",
			"armAnimationEnabled": false,
			"children": [0, 1, 2, 3]
		}
	]
}