{
	"credit": "Copyright © 2021-2099 Ikaho-Onsen Minecraft Server. All rights reserved.",
	"texture_size": [32, 32],
	"textures": {
		"0": "minecraft:item/cit/mask_03_texture",
		"particle": "minecraft:item/cit/mask_03_texture"
	},
	"elements": [
		{
			"from": [3, 5, 2],
			"to": [13, 14, 4],
			"rotation": {"angle": 0, "axis": "y", "origin": [0, -20.5, 5]},
			"faces": {
				"north": {"uv": [0, 0, 5, 4.5], "texture": "#0"},
				"east": {"uv": [5, 8, 6, 12.5], "texture": "#0"},
				"south": {"uv": [0, 4.5, 5, 9], "texture": "#0"},
				"west": {"uv": [6, 8, 7, 12.5], "texture": "#0"},
				"up": {"uv": [13, 5, 8, 4], "texture": "#0"}
			}
		},
		{
			"from": [4, 14, 2],
			"to": [12, 15, 4],
			"rotation": {"angle": 0, "axis": "y", "origin": [0, -18.5, 5]},
			"faces": {
				"north": {"uv": [10, 2.5, 14, 3], "texture": "#0"},
				"east": {"uv": [1, 12.5, 2, 13], "texture": "#0"},
				"south": {"uv": [10, 7, 14, 7.5], "texture": "#0"},
				"west": {"uv": [3.5, 12.5, 4.5, 13], "texture": "#0"},
				"up": {"uv": [12, 6, 8, 5], "texture": "#0"}
			}
		},
		{
			"from": [2.9, 2.57298, 1.11943],
			"to": [13.1, 5.57298, 3.11943],
			"rotation": {"angle": 22.5, "axis": "x", "origin": [9, 3.07303, 2.11943]},
			"faces": {
				"north": {"uv": [5, 0, 10, 1.5], "texture": "#0"},
				"east": {"uv": [11, 11, 12, 12.5], "texture": "#0"},
				"south": {"uv": [5, 1.5, 10, 3], "texture": "#0"},
				"west": {"uv": [0, 11.5, 1, 13], "texture": "#0"},
				"up": {"uv": [10, 8, 5, 7], "texture": "#0"},
				"down": {"uv": [13, 3, 8, 4], "texture": "#0"}
			}
		},
		{
			"from": [3.9, 4.23997, 0.13179],
			"to": [5, 5.23997, 2.13179],
			"rotation": {"angle": -22.5, "axis": "x", "origin": [4.5, 4.93997, 1.53179]},
			"faces": {
				"north": {"uv": [14, 0.5, 13.5, 1], "rotation": 180, "texture": "#0"},
				"east": {"uv": [13.5, 0, 14, 1], "rotation": 270, "texture": "#0"},
				"south": {"uv": [14, 0.5, 13.5, 0], "texture": "#0"},
				"west": {"uv": [13.5, 0, 14, 1], "rotation": 90, "texture": "#0"},
				"up": {"uv": [13.5, 0, 14, 1], "rotation": 180, "texture": "#0"},
				"down": {"uv": [13.5, 0, 14, 1], "texture": "#0"}
			}
		},
		{
			"from": [11, 4.23997, 0.13179],
			"to": [12.1, 5.23997, 2.13179],
			"rotation": {"angle": -22.5, "axis": "x", "origin": [11.5, 4.93997, 1.53179]},
			"faces": {
				"north": {"uv": [13.5, 0.5, 14, 1], "rotation": 180, "texture": "#0"},
				"east": {"uv": [13.5, 1, 14, 0], "rotation": 90, "texture": "#0"},
				"south": {"uv": [13.5, 0.5, 14, 0], "texture": "#0"},
				"west": {"uv": [13.5, 1, 14, 0], "rotation": 270, "texture": "#0"},
				"up": {"uv": [14, 0, 13.5, 1], "rotation": 180, "texture": "#0"},
				"down": {"uv": [14, 0, 13.5, 1], "texture": "#0"}
			}
		},
		{
			"from": [4.9, 2.56386, -1.96435],
			"to": [11.1, 4.56386, 2.03565],
			"rotation": {"angle": -45, "axis": "x", "origin": [10, 3.38146, 2.84878]},
			"faces": {
				"north": {"uv": [8, 6, 11, 7], "texture": "#0"},
				"east": {"uv": [10, 9, 12, 10], "texture": "#0"},
				"west": {"uv": [10, 10, 12, 11], "texture": "#0"},
				"up": {"uv": [8, 5, 5, 3], "texture": "#0"},
				"down": {"uv": [8, 5, 5, 7], "texture": "#0"}
			}
		},
		{
			"from": [3.9, 13, -2],
			"to": [5.9, 15, 3],
			"rotation": {"angle": 22.5, "axis": "x", "origin": [5, 13, 0.5]},
			"faces": {
				"north": {"uv": [2.5, 12, 3.5, 13], "texture": "#0"},
				"east": {"uv": [1, 9, 3.5, 10], "texture": "#0"},
				"west": {"uv": [9, 8, 11.5, 9], "texture": "#0"},
				"up": {"uv": [4.5, 11.5, 3.5, 9], "texture": "#0"},
				"down": {"uv": [10, 9, 9, 11.5], "texture": "#0"}
			}
		},
		{
			"from": [3, 9, 1],
			"to": [7, 11, 2],
			"rotation": {"angle": 0, "axis": "y", "origin": [2.22721, 11, 0.93431]},
			"faces": {
				"north": {"uv": [10, 1.5, 12, 2.5], "texture": "#0"},
				"east": {"uv": [4.5, 10.5, 5, 11.5], "texture": "#0"},
				"west": {"uv": [12, 12, 12.5, 13], "texture": "#0"},
				"up": {"uv": [13.5, 1.5, 11.5, 1], "texture": "#0"},
				"down": {"uv": [13.5, 8.5, 11.5, 9], "texture": "#0"}
			}
		},
		{
			"from": [4, 11, 1],
			"to": [7, 12, 2],
			"rotation": {"angle": 0, "axis": "y", "origin": [2.22721, 11, 0.93431]},
			"faces": {
				"north": {"uv": [12, 5, 13.5, 5.5], "texture": "#0"},
				"east": {"uv": [5.5, 12.5, 6, 13], "texture": "#0"},
				"west": {"uv": [6, 12.5, 6.5, 13], "texture": "#0"},
				"up": {"uv": [13.5, 6, 12, 5.5], "texture": "#0"}
			}
		},
		{
			"from": [2, 6, 1],
			"to": [5, 8, 2],
			"rotation": {"angle": 0, "axis": "y", "origin": [2.22721, 11, 0.93431]},
			"faces": {
				"north": {"uv": [11.5, 0, 13, 1], "texture": "#0"},
				"east": {"uv": [2, 11.5, 2.5, 12.5], "texture": "#0"},
				"west": {"uv": [8, 11.5, 8.5, 12.5], "texture": "#0"},
				"up": {"uv": [11.5, 1.5, 10, 1], "texture": "#0"},
				"down": {"uv": [2.5, 11, 1, 11.5], "texture": "#0"}
			}
		},
		{
			"from": [2, 6, 2],
			"to": [3, 8, 4],
			"rotation": {"angle": 0, "axis": "y", "origin": [2.22721, 11, 0.93431]},
			"faces": {
				"north": {"uv": [11.5, 0, 13, 1], "texture": "#0"},
				"south": {"uv": [4, 11.5, 4.5, 12.5], "texture": "#0"},
				"west": {"uv": [7, 11.5, 8, 12.5], "texture": "#0"},
				"up": {"uv": [11.5, 1, 11, 0], "texture": "#0"}
			}
		},
		{
			"from": [2, 4, 1],
			"to": [3, 6, 4],
			"rotation": {"angle": 0, "axis": "y", "origin": [2.22721, 11, 0.93431]},
			"faces": {
				"north": {"uv": [2, 12.5, 2.5, 13.5], "texture": "#0"},
				"east": {"uv": [11.5, 7.5, 13, 8.5], "texture": "#0"},
				"south": {"uv": [4.5, 12.5, 5, 13.5], "texture": "#0"},
				"west": {"uv": [8.5, 11.5, 10, 12.5], "texture": "#0"},
				"down": {"uv": [12.5, 10.5, 12, 12], "texture": "#0"}
			}
		},
		{
			"from": [13, 4, 1],
			"to": [14, 6, 4],
			"rotation": {"angle": 0, "axis": "y", "origin": [13.77279, 11, 0.93431]},
			"faces": {
				"north": {"uv": [2.5, 12.5, 2, 13.5], "texture": "#0"},
				"east": {"uv": [10, 11.5, 8.5, 12.5], "texture": "#0"},
				"south": {"uv": [5, 12.5, 4.5, 13.5], "texture": "#0"},
				"west": {"uv": [13, 7.5, 11.5, 8.5], "texture": "#0"},
				"down": {"uv": [12, 10.5, 12.5, 12], "texture": "#0"}
			}
		},
		{
			"from": [11, 6, 1],
			"to": [14, 8, 2],
			"rotation": {"angle": 0, "axis": "y", "origin": [13.77279, 11, 0.93431]},
			"faces": {
				"north": {"uv": [13, 0, 11.5, 1], "texture": "#0"},
				"east": {"uv": [8.5, 11.5, 8, 12.5], "texture": "#0"},
				"west": {"uv": [2.5, 11.5, 2, 12.5], "texture": "#0"},
				"up": {"uv": [10, 1.5, 11.5, 1], "texture": "#0"},
				"down": {"uv": [1, 11, 2.5, 11.5], "texture": "#0"}
			}
		},
		{
			"from": [13, 6, 2],
			"to": [14, 8, 4],
			"rotation": {"angle": 0, "axis": "y", "origin": [13.77279, 11, 0.93431]},
			"faces": {
				"north": {"uv": [13, 0, 11.5, 1], "texture": "#0"},
				"east": {"uv": [8, 11.5, 7, 12.5], "texture": "#0"},
				"south": {"uv": [4.5, 11.5, 4, 12.5], "texture": "#0"},
				"up": {"uv": [11, 1, 11.5, 0], "texture": "#0"}
			}
		},
		{
			"from": [7, 6, -1],
			"to": [9, 8, 3],
			"rotation": {"angle": -22.5, "axis": "x", "origin": [8, 7, 1.5]},
			"faces": {
				"north": {"uv": [12, 1.5, 13, 2.5], "texture": "#0"},
				"east": {"uv": [7, 10.5, 9, 11.5], "texture": "#0"},
				"west": {"uv": [11, 6, 13, 7], "texture": "#0"},
				"up": {"uv": [3.5, 12, 2.5, 10], "texture": "#0"},
				"down": {"uv": [11, 11, 10, 13], "texture": "#0"}
			}
		},
		{
			"from": [6, 6, 0],
			"to": [7, 7, 3],
			"rotation": {"angle": -22.5, "axis": "x", "origin": [8, 7, 1.5]},
			"faces": {
				"north": {"uv": [5, 12.5, 5.5, 13], "texture": "#0"},
				"west": {"uv": [10, 7.5, 11.5, 8], "texture": "#0"},
				"up": {"uv": [5, 10.5, 4.5, 9], "texture": "#0"},
				"down": {"uv": [12.5, 9, 12, 10.5], "texture": "#0"}
			}
		},
		{
			"from": [9, 9, 1],
			"to": [13, 11, 2],
			"rotation": {"angle": 0, "axis": "y", "origin": [13.77279, 11, 0.93431]},
			"faces": {
				"north": {"uv": [12, 1.5, 10, 2.5], "texture": "#0"},
				"east": {"uv": [12.5, 12, 12, 13], "texture": "#0"},
				"west": {"uv": [5, 10.5, 4.5, 11.5], "texture": "#0"},
				"up": {"uv": [11.5, 1.5, 13.5, 1], "texture": "#0"},
				"down": {"uv": [11.5, 8.5, 13.5, 9], "texture": "#0"}
			}
		},
		{
			"from": [10.1, 13, -2],
			"to": [12.1, 15, 3],
			"rotation": {"angle": 22.5, "axis": "x", "origin": [11, 13, 0.5]},
			"faces": {
				"north": {"uv": [3.5, 12, 2.5, 13], "texture": "#0"},
				"east": {"uv": [11.5, 8, 9, 9], "texture": "#0"},
				"west": {"uv": [3.5, 9, 1, 10], "texture": "#0"},
				"up": {"uv": [3.5, 11.5, 4.5, 9], "texture": "#0"},
				"down": {"uv": [9, 9, 10, 11.5], "texture": "#0"}
			}
		},
		{
			"from": [9, 11, 1],
			"to": [12, 12, 2],
			"rotation": {"angle": 0, "axis": "y", "origin": [13.77279, 11, 0.93431]},
			"faces": {
				"north": {"uv": [13.5, 5, 12, 5.5], "texture": "#0"},
				"east": {"uv": [6.5, 12.5, 6, 13], "texture": "#0"},
				"west": {"uv": [6, 12.5, 5.5, 13], "texture": "#0"},
				"up": {"uv": [12, 6, 13.5, 5.5], "texture": "#0"}
			}
		},
		{
			"from": [9, 6, 0],
			"to": [10, 7, 3],
			"rotation": {"angle": -22.5, "axis": "x", "origin": [8, 7, 1.5]},
			"faces": {
				"north": {"uv": [5.5, 12.5, 5, 13], "texture": "#0"},
				"east": {"uv": [11.5, 7.5, 10, 8], "texture": "#0"},
				"up": {"uv": [4.5, 10.5, 5, 9], "texture": "#0"},
				"down": {"uv": [12, 9, 12.5, 10.5], "texture": "#0"}
			}
		},
		{
			"from": [7.1, 7, 1],
			"to": [8.9, 11.8, 3],
			"rotation": {"angle": 22.5, "axis": "x", "origin": [8, 9, 1.5]},
			"faces": {
				"north": {"uv": [7, 8, 8, 10.5], "texture": "#0"},
				"east": {"uv": [8, 8, 9, 10.5], "texture": "#0"},
				"west": {"uv": [0, 9, 1, 11.5], "texture": "#0"}
			}
		}
	],
	"gui_light": "front",
	"display": {
		"thirdperson_righthand": {
			"rotation": [50, 0, 0],
			"translation": [0, -1.75, 2.25],
			"scale": [0.75, 0.75, 0.75]
		},
		"thirdperson_lefthand": {
			"rotation": [50, 0, 0],
			"translation": [0, -1.75, 2.25],
			"scale": [0.75, 0.75, 0.75]
		},
		"firstperson_righthand": {
			"translation": [0.75, 2.25, 4.5],
			"scale": [0.5, 0.5, 0.5]
		},
		"firstperson_lefthand": {
			"translation": [0.75, 2.25, 4.5],
			"scale": [0.5, 0.5, 0.5]
		},
		"ground": {
			"rotation": [35, 0, 0],
			"translation": [0, 3, 2.75],
			"scale": [0.5, 0.5, 0.5]
		},
		"gui": {
			"rotation": [0, 135, 0],
			"translation": [4, 0.25, 0],
			"scale": [0.89, 0.89, 0.89]
		},
		"head": {
			"scale": [1.5, 1.5, 1.5]
		},
		"fixed": {
			"rotation": [-10, 0, 0],
			"translation": [0, 1.25, 6.75],
			"scale": [2, 2, 2]
		}
	},
	"groups": [
		{
			"name": "mask03",
			"origin": [8, 8, 8],
			"color": 0,
			"nbt": "{}",
			"armAnimationEnabled": false,
			"children": [0, 1, 2, 3, 4, 5, 6, 7, 8, 9, 10, 11, 12, 13, 14, 15, 16, 17, 18, 19, 20, 21]
		}
	]
}