{
	"credit": "Copyright © 2021-2099 Ikaho-Onsen Minecraft Server. All rights reserved.",
	"ambientocclusion": false,
	"texture_size": [64, 64],
	"textures": {
		"0": "minecraft:item/carrot_texture",
		"particle": "minecraft:item/carrot_texture"
	},
	"elements": [
		{
			"from": [6.46568, -10, 6],
			"to": [10.46568, 0, 10],
			"rotation": {"angle": 0, "axis": "y", "origin": [8, 5.5, 8]},
			"faces": {
				"north": {"uv": [3, 2.5, 4, 0], "texture": "#0"},
				"east": {"uv": [3, 2.5, 4, 0], "texture": "#0"},
				"south": {"uv": [3, 2.5, 4, 0], "texture": "#0"},
				"west": {"uv": [3, 2.5, 4, 0], "texture": "#0"},
				"down": {"uv": [4, 2.5, 3, 3.5], "texture": "#0"}
			}
		},
		{
			"from": [6.96568, -12, 6.5],
			"to": [9.96568, -10, 9.5],
			"rotation": {"angle": 0, "axis": "y", "origin": [8, 5.5, 8]},
			"faces": {
				"north": {"uv": [3.75, 3, 4.5, 2.5], "texture": "#0"},
				"east": {"uv": [3.75, 3, 4.5, 2.5], "texture": "#0"},
				"south": {"uv": [3.75, 3, 4.5, 2.5], "texture": "#0"},
				"west": {"uv": [3.75, 3, 4.5, 2.5], "texture": "#0"},
				"down": {"uv": [5.25, 2.5, 4.5, 3.25], "texture": "#0"}
			}
		},
		{
			"from": [5.46568, 16, 6],
			"to": [11.46568, 17, 10],
			"rotation": {"angle": 0, "axis": "y", "origin": [8, 5.5, 8]},
			"faces": {
				"north": {"uv": [7.25, 7.25, 8.75, 7], "texture": "#0"},
				"east": {"uv": [7.5, 1.25, 8.5, 1], "texture": "#0"},
				"south": {"uv": [7.25, 7.5, 8.75, 7.25], "texture": "#0"},
				"west": {"uv": [7.5, 5.75, 8.5, 5.5], "texture": "#0"},
				"up": {"uv": [4.5, 6.75, 3, 5.75], "texture": "#0"}
			}
		},
		{
			"from": [6.46568, 16, 10],
			"to": [10.46568, 17, 11],
			"rotation": {"angle": 0, "axis": "y", "origin": [8, 5.5, 8]},
			"faces": {
				"east": {"uv": [3.5, 8.25, 3.75, 8], "texture": "#0"},
				"south": {"uv": [7.25, 7.75, 8.25, 7.5], "texture": "#0"},
				"west": {"uv": [3.75, 8.25, 4, 8], "texture": "#0"},
				"up": {"uv": [8.75, 1.75, 7.75, 1.5], "texture": "#0"}
			}
		},
		{
			"from": [6.46568, 16, 5],
			"to": [10.46568, 17, 6],
			"rotation": {"angle": 0, "axis": "y", "origin": [8, 5.5, 8]},
			"faces": {
				"north": {"uv": [7.75, 2, 8.75, 1.75], "texture": "#0"},
				"east": {"uv": [4, 8.25, 4.25, 8], "texture": "#0"},
				"west": {"uv": [8, 4.25, 8.25, 4], "texture": "#0"},
				"up": {"uv": [8.75, 2.75, 7.75, 2.5], "texture": "#0"}
			}
		},
		{
			"from": [5.46568, 0, 5],
			"to": [11.46568, 16, 11],
			"rotation": {"angle": 0, "axis": "y", "origin": [8, 5.5, 8]},
			"faces": {
				"north": {"uv": [0, 3.75, 1.5, 0], "texture": "#0"},
				"east": {"uv": [0, 3.75, 1.5, 0], "texture": "#0"},
				"south": {"uv": [0, 3.75, 1.5, 0], "texture": "#0"},
				"west": {"uv": [0, 3.75, 1.5, 0], "texture": "#0"},
				"up": {"uv": [3, 3, 1.5, 1.5], "texture": "#0"},
				"down": {"uv": [3, 0, 1.5, 1.5], "texture": "#0"}
			}
		},
		{
			"from": [5.36568, 7, 4.9],
			"to": [11.56568, 12, 11.1],
			"rotation": {"angle": 0, "axis": "y", "origin": [8, 5.5, 8]},
			"faces": {
				"north": {"uv": [0, 9.75, 1.5, 8.5], "texture": "#0"},
				"east": {"uv": [1.5, 9.75, 3, 8.5], "texture": "#0"},
				"south": {"uv": [3, 9.75, 4.5, 8.5], "texture": "#0"},
				"west": {"uv": [3, 11, 4.5, 9.75], "texture": "#0"},
				"up": {"uv": [3, 11.25, 1.5, 9.75], "texture": "#0"},
				"down": {"uv": [1.5, 9.75, 0, 11.25], "texture": "#0"}
			}
		},
		{
			"from": [11.26568, 9, 6.9],
			"to": [12.26568, 10, 9.1],
			"rotation": {"angle": 0, "axis": "y", "origin": [8, 5.5, 8]},
			"faces": {
				"north": {"uv": [0, 12.25, 0.25, 12], "texture": "#0"},
				"east": {"uv": [0.25, 12.25, 0.75, 12], "texture": "#0"},
				"south": {"uv": [0.75, 12.25, 1, 12], "texture": "#0"},
				"up": {"uv": [0.5, 12.75, 0.25, 12.25], "texture": "#0"},
				"down": {"uv": [0.25, 12.25, 0, 12.75], "texture": "#0"}
			}
		},
		{
			"from": [11.66568, 3, 8],
			"to": [11.66568, 12, 13.1],
			"rotation": {"angle": 0, "axis": "y", "origin": [8, 5.5, 8]},
			"faces": {
				"east": {"uv": [4.5, 10.25, 5.75, 12.5], "texture": "#0"},
				"west": {"uv": [5.75, 10.25, 4.5, 12.5], "texture": "#0"}
			}
		},
		{
			"from": [11.66568, 3, 2.9],
			"to": [11.66568, 12, 8],
			"rotation": {"angle": 0, "axis": "y", "origin": [8, 5.5, 8]},
			"faces": {
				"east": {"uv": [5.75, 10.25, 4.5, 12.5], "texture": "#0"},
				"west": {"uv": [4.5, 10.25, 5.75, 12.5], "texture": "#0"}
			}
		},
		{
			"from": [3.94523, 7, 5.12929],
			"to": [3.94523, 12, 8.32929],
			"rotation": {"angle": 45, "axis": "y", "origin": [8, 5.5, 8]},
			"faces": {
				"east": {"uv": [3, 12.25, 3.75, 11], "texture": "#0"},
				"west": {"uv": [3.75, 12.25, 3, 11], "texture": "#0"}
			}
		},
		{
			"from": [8.32929, 17, 5.67071],
			"to": [8.32929, 27, 9.67071],
			"rotation": {"angle": -45, "axis": "y", "origin": [8, 5.5, 8]},
			"faces": {
				"east": {"uv": [5.75, 11.25, 7, 8], "texture": "#0"},
				"west": {"uv": [5.75, 11.25, 7, 8], "texture": "#0"}
			}
		},
		{
			"from": [6.42929, 17, 7.67071],
			"to": [10.42929, 27, 7.67071],
			"rotation": {"angle": -45, "axis": "y", "origin": [8, 5.5, 8]},
			"faces": {
				"north": {"uv": [5.75, 11.25, 7, 8], "texture": "#0"},
				"south": {"uv": [5.75, 11.25, 7, 8], "texture": "#0"}
			}
		},
		{
			"from": [6.46568, 16.39185, 4.55632],
			"to": [10.46568, 26.39185, 4.55632],
			"rotation": {"angle": 22.5, "axis": "x", "origin": [8, 5.5, 8]},
			"faces": {
				"north": {"uv": [5.75, 11.25, 7, 8], "texture": "#0"},
				"south": {"uv": [5.75, 11.25, 7, 8], "texture": "#0"}
			}
		},
		{
			"from": [4.98655, 16.57006, 6],
			"to": [4.98655, 26.57006, 10],
			"rotation": {"angle": -22.5, "axis": "z", "origin": [8, 5.5, 8]},
			"faces": {
				"east": {"uv": [5.75, 11.25, 7, 8], "texture": "#0"},
				"west": {"uv": [5.75, 11.25, 7, 8], "texture": "#0"}
			}
		},
		{
			"from": [6.46568, 16.39185, 11.44368],
			"to": [10.46568, 26.39185, 11.44368],
			"rotation": {"angle": -22.5, "axis": "x", "origin": [8, 5.5, 8]},
			"faces": {
				"north": {"uv": [5.75, 11.25, 7, 8], "texture": "#0"},
				"south": {"uv": [5.75, 11.25, 7, 8], "texture": "#0"}
			}
		},
		{
			"from": [11.87392, 16.21365, 6],
			"to": [11.87392, 26.21365, 10],
			"rotation": {"angle": 22.5, "axis": "z", "origin": [8, 5.5, 8]},
			"faces": {
				"east": {"uv": [5.75, 11.25, 7, 8], "texture": "#0"},
				"west": {"uv": [5.75, 11.25, 7, 8], "texture": "#0"}
			}
		}
	],
	"gui_light": "front",
	"display": {
		"thirdperson_righthand": {
			"rotation": [0, -135, 0],
			"translation": [1.25, 11.5, -1.5]
		},
		"thirdperson_lefthand": {
			"rotation": [0, -135, 0],
			"translation": [1.25, 11.5, -1.5]
		},
		"firstperson_righthand": {
			"rotation": [0, -180, 0],
			"translation": [7.25, -1, -3.5],
			"scale": [0.65, 0.65, 0.65]
		},
		"firstperson_lefthand": {
			"translation": [7.25, -1, -3.5],
			"scale": [0.65, 0.65, 0.65]
		},
		"ground": {
			"rotation": [33, 0, 0],
			"translation": [0, 3, 0],
			"scale": [0.5, 0.5, 0.5]
		},
		"gui": {
			"rotation": [45, -135, 45],
			"translation": [0.75, 0, 0],
			"scale": [0.43, 0.43, 0.43]
		},
		"head": {
			"rotation": [90, 90, 0],
			"translation": [0, 8.25, -12.5],
			"scale": [1.5, 1.5, 1.5]
		},
		"fixed": {
			"rotation": [-90, 0, 0],
			"translation": [-1, 0, -15.75],
			"scale": [2, 2, 2]
		}
	},
	"groups": [
		{
			"name": "group",
			"origin": [0, 0, 0],
			"color": 0,
			"nbt": "{}",
			"armAnimationEnabled": false,
			"children": [0, 1, 2, 3, 4, 5, 6, 7, 8, 9, 10, 11, 12, 13, 14, 15, 16]
		}
	]
}