{
	"credit": "Copyright © 2021-2099 Ikaho-Onsen Minecraft Server. All rights reserved.",
	"textures": {
		"0": "minecraft:block/azalea_leaves",
		"1": "minecraft:block/oak_log",
		"2": "block/flowering_azalea_leaves",
		"3": "block/oak_log_top",
		"4": "block/cave_vines",
		"5": "block/cave_vines_plant",
		"6": "block/cave_vines_plant_lit",
		"7": "block/cave_vines_lit",
		"8": "item/trapa_bonk",
		"9": "block/rooted_dirt",
		"10": "block/hanging_roots",
		"11": "block/spore_blossom"
	},
	"elements": [
		{
			"name": "wood",
			"from": [3.9, -4, 6.9],
			"to": [8.1, 0, 11.1],
			"faces": {
				"north": {"uv": [0, 0, 16, 16], "texture": "#8"},
				"east": {"uv": [0, 0, 16, 16], "texture": "#8"},
				"south": {"uv": [0, 0, 16, 16], "texture": "#8"},
				"west": {"uv": [0, 0, 16, 16], "texture": "#8"}
			}
		},
		{
			"name": "wood",
			"from": [4, -8, 7],
			"to": [8, -4, 11],
			"faces": {
				"north": {"uv": [0, 0, 16, 16], "texture": "#1"},
				"east": {"uv": [0, 0, 16, 16], "texture": "#1"},
				"south": {"uv": [0, 0, 16, 16], "texture": "#1"},
				"west": {"uv": [0, 0, 16, 16], "texture": "#1"}
			}
		},
		{
			"name": "wood",
			"from": [4, -4, 7],
			"to": [8, 0, 11],
			"rotation": {"angle": 0, "axis": "y", "origin": [0, 4, 0]},
			"faces": {
				"north": {"uv": [0, 0, 16, 16], "texture": "#1"},
				"east": {"uv": [0, 0, 16, 16], "texture": "#1"},
				"south": {"uv": [0, 0, 16, 16], "texture": "#1"},
				"west": {"uv": [0, 0, 16, 16], "texture": "#1"}
			}
		},
		{
			"name": "wood",
			"from": [4, -12, 7],
			"to": [8, -8, 11],
			"faces": {
				"north": {"uv": [0, 0, 16, 16], "texture": "#9"},
				"east": {"uv": [0, 0, 16, 16], "texture": "#9"},
				"south": {"uv": [0, 0, 16, 16], "texture": "#9"},
				"west": {"uv": [0, 0, 16, 16], "texture": "#9"},
				"down": {"uv": [0, 0, 16, 16], "texture": "#9"}
			}
		},
		{
			"name": "wood",
			"from": [4, 0, 7],
			"to": [8, 4, 11],
			"faces": {
				"north": {"uv": [0, 0, 16, 16], "texture": "#1"},
				"east": {"uv": [0, 0, 16, 16], "texture": "#1"},
				"south": {"uv": [0, 0, 16, 16], "texture": "#1"},
				"west": {"uv": [0, 0, 16, 16], "texture": "#1"}
			}
		},
		{
			"name": "wood",
			"from": [4, 4, 11.1],
			"to": [8, 8, 11.1],
			"faces": {
				"south": {"uv": [0, 0, 16, 16], "texture": "#5"}
			}
		},
		{
			"name": "wood",
			"from": [7.9, 4, 11],
			"to": [7.9, 8, 15],
			"rotation": {"angle": 0, "axis": "y", "origin": [6, -2, 11.1]},
			"faces": {
				"west": {"uv": [0, 0, 16, 16], "texture": "#4"}
			}
		},
		{
			"name": "wood",
			"from": [4, 0, 11.1],
			"to": [8, 4, 11.1],
			"faces": {
				"south": {"uv": [0, 0, 16, 16], "texture": "#4"}
			}
		},
		{
			"name": "wood",
			"from": [4, 0, 21.1],
			"to": [8, 4, 21.1],
			"rotation": {"angle": -45, "axis": "y", "origin": [6, -4, 21.1]},
			"faces": {
				"north": {"uv": [16, 0, 0, 16], "texture": "#5"},
				"south": {"uv": [0, 0, 16, 16], "texture": "#5"}
			}
		},
		{
			"name": "wood",
			"from": [4, -4, 21.1],
			"to": [8, 0, 21.1],
			"rotation": {"angle": -45, "axis": "y", "origin": [6, -4, 21.1]},
			"faces": {
				"north": {"uv": [16, 0, 0, 16], "texture": "#7"},
				"south": {"uv": [0, 0, 16, 16], "texture": "#7"}
			}
		},
		{
			"name": "wood",
			"from": [4, -4, 21.1],
			"to": [8, 0, 21.1],
			"rotation": {"angle": 45, "axis": "y", "origin": [6, -8, 21.1]},
			"faces": {
				"north": {"uv": [16, 0, 0, 16], "texture": "#7"},
				"south": {"uv": [0, 0, 16, 16], "texture": "#7"}
			}
		},
		{
			"name": "wood",
			"from": [4, -16, 9.1],
			"to": [8, -12, 9.1],
			"rotation": {"angle": 45, "axis": "y", "origin": [6, -20, 9.1]},
			"faces": {
				"north": {"uv": [16, 0, 0, 16], "texture": "#10"},
				"south": {"uv": [0, 0, 16, 16], "texture": "#10"}
			}
		},
		{
			"name": "wood",
			"from": [4, -16, 9.1],
			"to": [8, -12, 9.1],
			"rotation": {"angle": -45, "axis": "y", "origin": [6, -16, 9.1]},
			"faces": {
				"north": {"uv": [16, 0, 0, 16], "texture": "#10"},
				"south": {"uv": [0, 0, 16, 16], "texture": "#10"}
			}
		},
		{
			"name": "wood",
			"from": [16, 0, 17.1],
			"to": [20, 4, 17.1],
			"rotation": {"angle": -45, "axis": "y", "origin": [18, 0, 17.1]},
			"faces": {
				"north": {"uv": [16, 0, 0, 16], "texture": "#7"},
				"south": {"uv": [0, 0, 16, 16], "texture": "#7"}
			}
		},
		{
			"name": "wood",
			"from": [16, 0, 17.1],
			"to": [20, 4, 17.1],
			"rotation": {"angle": 45, "axis": "y", "origin": [18, -4, 17.1]},
			"faces": {
				"north": {"uv": [16, 0, 0, 16], "texture": "#7"},
				"south": {"uv": [0, 0, 16, 16], "texture": "#7"}
			}
		},
		{
			"name": "wood",
			"from": [4, 0, 21.1],
			"to": [8, 4, 21.1],
			"rotation": {"angle": 45, "axis": "y", "origin": [6, -8, 21.1]},
			"faces": {
				"north": {"uv": [16, 0, 0, 16], "texture": "#5"},
				"south": {"uv": [0, 0, 16, 16], "texture": "#5"}
			}
		},
		{
			"name": "wood",
			"from": [-8, 4, 9.1],
			"to": [-4, 8, 9.1],
			"rotation": {"angle": -45, "axis": "y", "origin": [-6, 0, 9.1]},
			"faces": {
				"north": {"uv": [16, 0, 0, 16], "texture": "#6"},
				"south": {"uv": [0, 0, 16, 16], "texture": "#6"}
			}
		},
		{
			"name": "wood",
			"from": [-8, 0, 9.1],
			"to": [-4, 4, 9.1],
			"rotation": {"angle": -45, "axis": "y", "origin": [-6, 0, 9.1]},
			"faces": {
				"north": {"uv": [16, 0, 0, 16], "texture": "#4"},
				"south": {"uv": [0, 0, 16, 16], "texture": "#4"}
			}
		},
		{
			"name": "wood",
			"from": [-8, 0, 9.1],
			"to": [-4, 4, 9.1],
			"rotation": {"angle": 45, "axis": "y", "origin": [-6, -4, 9.1]},
			"faces": {
				"north": {"uv": [16, 0, 0, 16], "texture": "#4"},
				"south": {"uv": [0, 0, 16, 16], "texture": "#4"}
			}
		},
		{
			"name": "wood",
			"from": [-8, 4, 9.1],
			"to": [-4, 8, 9.1],
			"rotation": {"angle": 45, "axis": "y", "origin": [-6, -4, 9.1]},
			"faces": {
				"north": {"uv": [16, 0, 0, 16], "texture": "#6"},
				"south": {"uv": [0, 0, 16, 16], "texture": "#6"}
			}
		},
		{
			"name": "wood",
			"from": [-8, 12, -6.9],
			"to": [-4, 16, -6.9],
			"rotation": {"angle": 45, "axis": "y", "origin": [-6, 4, -6.9]},
			"faces": {
				"north": {"uv": [16, 0, 0, 16], "texture": "#6"},
				"south": {"uv": [0, 0, 16, 16], "texture": "#6"}
			}
		},
		{
			"name": "wood",
			"from": [-8, 8, -6.9],
			"to": [-4, 12, -6.9],
			"rotation": {"angle": 45, "axis": "y", "origin": [-6, 4, -6.9]},
			"faces": {
				"north": {"uv": [16, 0, 0, 16], "texture": "#4"},
				"south": {"uv": [0, 0, 16, 16], "texture": "#4"}
			}
		},
		{
			"name": "wood",
			"from": [-8, 12, -6.9],
			"to": [-4, 16, -6.9],
			"rotation": {"angle": -45, "axis": "y", "origin": [-6, 8, -6.9]},
			"faces": {
				"north": {"uv": [16, 0, 0, 16], "texture": "#6"},
				"south": {"uv": [0, 0, 16, 16], "texture": "#6"}
			}
		},
		{
			"name": "wood",
			"from": [-8, 8, -6.9],
			"to": [-4, 12, -6.9],
			"rotation": {"angle": -45, "axis": "y", "origin": [-6, 8, -6.9]},
			"faces": {
				"north": {"uv": [16, 0, 0, 16], "texture": "#4"},
				"south": {"uv": [0, 0, 16, 16], "texture": "#4"}
			}
		},
		{
			"name": "wood",
			"from": [12.1, 4, 11.1],
			"to": [12.1, 8, 15.1],
			"rotation": {"angle": 0, "axis": "y", "origin": [14.1, -4, 11.1]},
			"faces": {
				"east": {"uv": [0, 0, 16, 16], "texture": "#6"},
				"west": {"uv": [0, 0, 0, 0], "texture": "#6"}
			}
		},
		{
			"name": "wood",
			"from": [12.1, 8, 11.1],
			"to": [12.1, 12, 15.1],
			"rotation": {"angle": 0, "axis": "y", "origin": [14.1, -4, 11.1]},
			"faces": {
				"east": {"uv": [0, 0, 16, 16], "texture": "#5"}
			}
		},
		{
			"name": "wood",
			"from": [0.1, 12, -1],
			"to": [0.1, 16, 3],
			"rotation": {"angle": 0, "axis": "y", "origin": [14, -4, 11.1]},
			"faces": {
				"east": {"uv": [0, 0, 16, 16], "texture": "#5"}
			}
		},
		{
			"name": "wood",
			"from": [-12.1, 16, 3],
			"to": [-12.1, 20, 7],
			"rotation": {"angle": 0, "axis": "y", "origin": [-4, 6, 1.1]},
			"faces": {
				"west": {"uv": [0, 0, 16, 16], "texture": "#5"}
			}
		},
		{
			"name": "wood",
			"from": [0.1, 8, -1],
			"to": [0.1, 12, 3],
			"rotation": {"angle": 0, "axis": "y", "origin": [14, -4, 11.1]},
			"faces": {
				"east": {"uv": [0, 0, 16, 16], "texture": "#7"},
				"west": {"uv": [16, 0, 0, 16], "texture": "#7"}
			}
		},
		{
			"name": "wood",
			"from": [12.1, 0, 11],
			"to": [12.1, 4, 15],
			"rotation": {"angle": 0, "axis": "y", "origin": [14, -4, 11.1]},
			"faces": {
				"east": {"uv": [0, 0, 16, 16], "texture": "#7"},
				"west": {"uv": [16, 0, 0, 16], "texture": "#7"}
			}
		},
		{
			"name": "wood",
			"from": [4.1, 4, 3],
			"to": [4.1, 8, 7],
			"rotation": {"angle": 0, "axis": "y", "origin": [14, -4, 11.1]},
			"faces": {
				"east": {"uv": [0, 0, 16, 16], "texture": "#6"},
				"west": {"uv": [0, 0, 0, 0], "texture": "#6"}
			}
		},
		{
			"name": "wood",
			"from": [4.1, 0, 3],
			"to": [4.1, 4, 7],
			"rotation": {"angle": 0, "axis": "y", "origin": [4.1, -6, 5]},
			"faces": {
				"east": {"uv": [0, 0, 16, 16], "texture": "#4"},
				"west": {"uv": [16, 0, 0, 16], "texture": "#4"}
			}
		},
		{
			"name": "wood",
			"from": [-12.1, 12, 3],
			"to": [-12.1, 16, 7],
			"rotation": {"angle": 0, "axis": "y", "origin": [14, -4, 11.1]},
			"faces": {
				"east": {"uv": [16, 0, 0, 16], "texture": "#4"},
				"west": {"uv": [0, 0, 16, 16], "texture": "#4"}
			}
		},
		{
			"name": "wood",
			"from": [0, 0, 7.1],
			"to": [4, 4, 7.1],
			"rotation": {"angle": 0, "axis": "y", "origin": [-4.1, -7, 1]},
			"faces": {
				"north": {"uv": [16, 0, 0, 16], "texture": "#7"},
				"south": {"uv": [0, 0, 16, 16], "texture": "#7"}
			}
		},
		{
			"name": "wood",
			"from": [0.1, 16, -0.9],
			"to": [0.1, 20, 3.1],
			"rotation": {"angle": 0, "axis": "y", "origin": [14, -4, 11.1]},
			"faces": {
				"east": {"uv": [0, 0, 16, 16], "texture": "#7"},
				"west": {"uv": [0, 0, 0, 0], "texture": "#7"}
			}
		},
		{
			"name": "wood",
			"from": [0, 4, 7.1],
			"to": [4, 8, 7.1],
			"rotation": {"angle": 0, "axis": "y", "origin": [0, -4, 13.1]},
			"faces": {
				"south": {"uv": [0, 0, 16, 16], "texture": "#5"}
			}
		},
		{
			"name": "wood",
			"from": [4, 4, 7],
			"to": [8, 8, 11],
			"faces": {
				"north": {"uv": [0, 0, 16, 16], "texture": "#1"},
				"east": {"uv": [0, 0, 16, 16], "texture": "#1"},
				"south": {"uv": [0, 0, 16, 16], "texture": "#1"},
				"west": {"uv": [0, 0, 16, 16], "texture": "#1"},
				"up": {"uv": [0, 0, 16, 16], "texture": "#3"}
			}
		},
		{
			"name": "wood",
			"from": [0, 4, 3],
			"to": [4, 8, 7],
			"faces": {
				"north": {"uv": [0, 0, 16, 16], "texture": "#1"},
				"east": {"uv": [0, 0, 16, 16], "texture": "#1"},
				"south": {"uv": [0, 0, 16, 16], "texture": "#1"},
				"west": {"uv": [0, 0, 16, 16], "texture": "#1"},
				"down": {"uv": [0, 0, 16, 16], "texture": "#3"}
			}
		},
		{
			"name": "wood",
			"from": [0, 8, 3],
			"to": [4, 12, 7],
			"faces": {
				"north": {"uv": [0, 0, 16, 16], "texture": "#1"},
				"east": {"uv": [0, 0, 16, 16], "texture": "#1"},
				"south": {"uv": [0, 0, 16, 16], "texture": "#1"},
				"west": {"uv": [0, 0, 16, 16], "texture": "#1"}
			}
		},
		{
			"name": "wood",
			"from": [0, 12, 3],
			"to": [4, 16, 7],
			"faces": {
				"north": {"uv": [0, 0, 16, 16], "texture": "#1"},
				"east": {"uv": [0, 0, 16, 16], "texture": "#1"},
				"south": {"uv": [0, 0, 16, 16], "texture": "#1"},
				"west": {"uv": [0, 0, 16, 16], "texture": "#1"},
				"up": {"uv": [0, 0, 16, 16], "texture": "#3"}
			}
		},
		{
			"name": "wood",
			"from": [-4, 12, -1],
			"to": [0, 16, 3],
			"faces": {
				"north": {"uv": [0, 0, 16, 16], "texture": "#1"},
				"east": {"uv": [0, 0, 16, 16], "texture": "#1"},
				"south": {"uv": [0, 0, 16, 16], "texture": "#1"},
				"west": {"uv": [0, 0, 16, 16], "texture": "#1"},
				"down": {"uv": [0, 0, 16, 16], "texture": "#3"}
			}
		},
		{
			"name": "wood",
			"from": [-4, 16, -1],
			"to": [0, 20, 3],
			"faces": {
				"north": {"uv": [0, 0, 16, 16], "texture": "#1"},
				"east": {"uv": [0, 0, 16, 16], "texture": "#1"},
				"south": {"uv": [0, 0, 16, 16], "texture": "#1"},
				"west": {"uv": [0, 0, 16, 16], "texture": "#1"},
				"up": {"uv": [0, 0, 16, 16], "texture": "#3"}
			}
		},
		{
			"name": "wood",
			"from": [8, 4, 11],
			"to": [12, 8, 15],
			"faces": {
				"north": {"uv": [0, 0, 16, 16], "texture": "#1"},
				"east": {"uv": [0, 0, 16, 16], "texture": "#1"},
				"south": {"uv": [0, 0, 16, 16], "texture": "#1"},
				"west": {"uv": [0, 0, 16, 16], "texture": "#1"},
				"down": {"uv": [0, 0, 16, 16], "texture": "#3"}
			}
		},
		{
			"name": "wood",
			"from": [8, 8, 11],
			"to": [12, 12, 15],
			"faces": {
				"north": {"uv": [0, 0, 16, 16], "texture": "#1"},
				"east": {"uv": [0, 0, 16, 16], "texture": "#1"},
				"south": {"uv": [0, 0, 16, 16], "texture": "#1"},
				"west": {"uv": [0, 0, 16, 16], "texture": "#1"},
				"up": {"uv": [0, 0, 16, 16], "texture": "#3"}
			}
		},
		{
			"name": "wood",
			"from": [12, 12, 15],
			"to": [16, 16, 19],
			"faces": {
				"north": {"uv": [0, 0, 16, 16], "texture": "#1"},
				"east": {"uv": [0, 0, 16, 16], "texture": "#1"},
				"south": {"uv": [0, 0, 16, 16], "texture": "#1"},
				"west": {"uv": [0, 0, 16, 16], "texture": "#1"},
				"up": {"uv": [0, 0, 16, 16], "texture": "#3"},
				"down": {"uv": [0, 0, 16, 16], "texture": "#3"}
			}
		},
		{
			"name": "leaves",
			"from": [-4, 20, -5],
			"to": [0, 24, -1],
			"faces": {
				"down": {"uv": [0, 0, 16, 16], "texture": "#0"}
			}
		},
		{
			"name": "leaves",
			"from": [0, 16, -5],
			"to": [4, 20, -1],
			"faces": {
				"south": {"uv": [0, 0, 16, 16], "texture": "#0"},
				"west": {"uv": [0, 0, 16, 16], "texture": "#0"}
			}
		},
		{
			"name": "leaves",
			"from": [0, 12, -5],
			"to": [4, 16, -1],
			"faces": {
				"north": {"uv": [0, 0, 16, 16], "texture": "#2"},
				"east": {"uv": [0, 0, 16, 16], "texture": "#2"},
				"south": {"uv": [0, 0, 16, 16], "texture": "#2"},
				"west": {"uv": [0, 0, 16, 16], "texture": "#2"}
			}
		},
		{
			"name": "leaves",
			"from": [0, 8, -5],
			"to": [4, 12, -1],
			"faces": {
				"north": {"uv": [0, 0, 16, 16], "texture": "#2"},
				"east": {"uv": [0, 0, 16, 16], "texture": "#2"},
				"south": {"uv": [0, 0, 16, 16], "texture": "#2"},
				"west": {"uv": [0, 0, 16, 16], "texture": "#2"},
				"down": {"uv": [0, 0, 16, 16], "texture": "#2"}
			}
		},
		{
			"name": "leaves",
			"from": [0, 20, -1],
			"to": [4, 24, 3],
			"faces": {
				"down": {"uv": [0, 0, 16, 16], "texture": "#0"}
			}
		},
		{
			"name": "leaves",
			"from": [-8, 20, -5],
			"to": [-4, 24, -1],
			"faces": {
				"down": {"uv": [0, 0, 16, 16], "texture": "#0"}
			}
		},
		{
			"name": "leaves",
			"from": [-8, 20, -1],
			"to": [-4, 24, 3],
			"faces": {
				"down": {"uv": [0, 0, 16, 16], "texture": "#0"}
			}
		},
		{
			"name": "leaves",
			"from": [-8, 16, 3],
			"to": [-4, 20, 7],
			"faces": {
				"north": {"uv": [0, 0, 16, 16], "texture": "#0"},
				"east": {"uv": [0, 0, 16, 16], "texture": "#0"},
				"down": {"uv": [0, 0, 16, 16], "texture": "#0"}
			}
		},
		{
			"name": "leaves",
			"from": [-4, 20, 3],
			"to": [0, 24, 7],
			"faces": {
				"down": {"uv": [0, 0, 16, 16], "texture": "#0"}
			}
		},
		{
			"name": "leaves",
			"from": [0, 20, 3],
			"to": [4, 24, 7],
			"faces": {
				"down": {"uv": [0, 0, 16, 16], "texture": "#0"}
			}
		},
		{
			"name": "leaves",
			"from": [4, 20, 3],
			"to": [8, 24, 7],
			"faces": {
				"east": {"uv": [0, 0, 16, 16], "texture": "#0"}
			}
		},
		{
			"name": "leaves",
			"from": [4, 20, -1],
			"to": [8, 24, 3],
			"faces": {
				"east": {"uv": [0, 0, 16, 16], "texture": "#0"},
				"down": {"uv": [0, 0, 16, 16], "texture": "#0"}
			}
		},
		{
			"name": "leaves",
			"from": [4, 20, -5],
			"to": [8, 24, -1],
			"faces": {
				"north": {"uv": [0, 0, 16, 16], "texture": "#2"},
				"east": {"uv": [0, 0, 16, 16], "texture": "#2"}
			}
		},
		{
			"name": "leaves",
			"from": [4, 16, -5],
			"to": [8, 20, -1],
			"faces": {
				"north": {"uv": [0, 0, 16, 16], "texture": "#0"},
				"east": {"uv": [0, 0, 16, 16], "texture": "#0"},
				"south": {"uv": [0, 0, 16, 16], "texture": "#0"},
				"down": {"uv": [0, 0, 16, 16], "texture": "#0"}
			}
		},
		{
			"name": "leaves",
			"from": [4, 24, 3],
			"to": [8, 28, 7],
			"faces": {
				"east": {"uv": [0, 0, 16, 16], "texture": "#2"},
				"south": {"uv": [0, 0, 16, 16], "texture": "#2"},
				"up": {"uv": [0, 0, 16, 16], "texture": "#2"}
			}
		},
		{
			"name": "leaves",
			"from": [8, 8, 7],
			"to": [12, 12, 11],
			"faces": {
				"north": {"uv": [0, 0, 16, 16], "texture": "#2"},
				"east": {"uv": [0, 0, 16, 16], "texture": "#2"},
				"south": {"uv": [0, 0, 16, 16], "texture": "#2"},
				"west": {"uv": [0, 0, 16, 16], "texture": "#2"}
			}
		},
		{
			"name": "leaves",
			"from": [8, 4, 7],
			"to": [12, 8, 11],
			"faces": {
				"north": {"uv": [0, 0, 16, 16], "texture": "#2"},
				"east": {"uv": [0, 0, 16, 16], "texture": "#2"},
				"south": {"uv": [0, 0, 16, 16], "texture": "#2"},
				"west": {"uv": [0, 0, 16, 16], "texture": "#2"},
				"down": {"uv": [0, 0, 16, 16], "texture": "#2"}
			}
		},
		{
			"name": "leaves",
			"from": [12, 16, 7],
			"to": [16, 20, 11],
			"faces": {
				"up": {"uv": [0, 0, 16, 16], "texture": "#0"},
				"down": {"uv": [0, 0, 16, 16], "texture": "#0"}
			}
		},
		{
			"name": "leaves",
			"from": [12, 12, 11],
			"to": [16, 16, 15],
			"faces": {
				"north": {"uv": [0, 0, 16, 16], "texture": "#0"},
				"south": {"uv": [0, 0, 16, 16], "texture": "#0"},
				"west": {"uv": [0, 0, 16, 16], "texture": "#0"},
				"down": {"uv": [0, 0, 16, 16], "texture": "#0"}
			}
		},
		{
			"name": "leaves",
			"from": [12, 12, 3],
			"to": [16, 16, 7],
			"faces": {
				"north": {"uv": [0, 0, 16, 16], "texture": "#2"},
				"east": {"uv": [0, 0, 16, 16], "texture": "#2"},
				"south": {"uv": [0, 0, 16, 16], "texture": "#2"},
				"down": {"uv": [0, 0, 16, 16], "texture": "#2"}
			}
		},
		{
			"name": "leaves",
			"from": [12, 16, 3],
			"to": [16, 20, 7],
			"faces": {
				"north": {"uv": [0, 0, 16, 16], "texture": "#0"},
				"east": {"uv": [0, 0, 16, 16], "texture": "#0"},
				"up": {"uv": [0, 0, 16, 16], "texture": "#0"}
			}
		},
		{
			"name": "leaves",
			"from": [8, 16, 3],
			"to": [12, 20, 7],
			"faces": {
				"north": {"uv": [0, 0, 16, 16], "texture": "#2"},
				"up": {"uv": [0, 0, 16, 16], "texture": "#2"}
			}
		},
		{
			"name": "leaves",
			"from": [8, 16, 15],
			"to": [12, 20, 19],
			"faces": {
				"down": {"uv": [0, 0, 16, 16], "texture": "#0"}
			}
		},
		{
			"name": "leaves",
			"from": [4, 16, 15],
			"to": [8, 20, 19],
			"faces": {
				"up": {"uv": [0, 0, 16, 16], "texture": "#0"},
				"down": {"uv": [0, 0, 16, 16], "texture": "#0"}
			}
		},
		{
			"name": "leaves",
			"from": [4, 16, 11],
			"to": [8, 20, 15],
			"faces": {
				"down": {"uv": [0, 0, 16, 16], "texture": "#0"}
			}
		},
		{
			"name": "leaves",
			"from": [0, 16, 11],
			"to": [4, 20, 15],
			"faces": {
				"west": {"uv": [0, 0, 16, 16], "texture": "#0"},
				"up": {"uv": [0, 0, 16, 16], "texture": "#0"}
			}
		},
		{
			"name": "leaves",
			"from": [0, 16, 7],
			"to": [4, 20, 11],
			"faces": {
				"north": {"uv": [0, 0, 16, 16], "texture": "#0"},
				"west": {"uv": [0, 0, 16, 16], "texture": "#0"},
				"down": {"uv": [0, 0, 16, 16], "texture": "#0"}
			}
		},
		{
			"name": "leaves",
			"from": [0, 12, 11],
			"to": [4, 16, 15],
			"faces": {
				"north": {"uv": [0, 0, 16, 16], "texture": "#2"},
				"east": {"uv": [0, 0, 16, 16], "texture": "#2"},
				"west": {"uv": [0, 0, 16, 16], "texture": "#2"}
			}
		},
		{
			"name": "leaves",
			"from": [0, 4, 11],
			"to": [4, 8, 15],
			"faces": {
				"north": {"uv": [0, 0, 16, 16], "texture": "#0"},
				"east": {"uv": [0, 0, 16, 16], "texture": "#0"},
				"south": {"uv": [0, 0, 16, 16], "texture": "#0"},
				"west": {"uv": [0, 0, 16, 16], "texture": "#0"},
				"down": {"uv": [0, 0, 16, 16], "texture": "#0"}
			}
		},
		{
			"name": "leaves",
			"from": [0, 8, 11],
			"to": [4, 12, 15],
			"faces": {
				"north": {"uv": [0, 0, 16, 16], "texture": "#2"},
				"east": {"uv": [0, 0, 16, 16], "texture": "#2"},
				"south": {"uv": [0, 0, 16, 16], "texture": "#2"},
				"west": {"uv": [0, 0, 16, 16], "texture": "#2"}
			}
		},
		{
			"name": "leaves",
			"from": [0, 16, 15],
			"to": [4, 20, 19],
			"faces": {
				"south": {"uv": [0, 0, 16, 16], "texture": "#0"},
				"west": {"uv": [0, 0, 16, 16], "texture": "#0"},
				"up": {"uv": [0, 0, 16, 16], "texture": "#0"}
			}
		},
		{
			"name": "leaves",
			"from": [0, 12, 15],
			"to": [4, 16, 19],
			"faces": {
				"east": {"uv": [0, 0, 16, 16], "texture": "#0"},
				"south": {"uv": [0, 0, 16, 16], "texture": "#0"},
				"west": {"uv": [0, 0, 16, 16], "texture": "#0"},
				"down": {"uv": [0, 0, 16, 16], "texture": "#0"}
			}
		},
		{
			"name": "leaves",
			"from": [8, 16, 11],
			"to": [12, 20, 15],
			"faces": {
				"down": {"uv": [0, 0, 16, 16], "texture": "#0"}
			}
		},
		{
			"name": "leaves",
			"from": [4, 16, 19],
			"to": [8, 20, 23],
			"faces": {
				"south": {"uv": [0, 0, 16, 16], "texture": "#0"},
				"west": {"uv": [0, 0, 16, 16], "texture": "#0"},
				"up": {"uv": [0, 0, 16, 16], "texture": "#0"}
			}
		},
		{
			"name": "leaves",
			"from": [8, 16, 19],
			"to": [12, 20, 23],
			"faces": {
				"south": {"uv": [0, 0, 16, 16], "texture": "#0"},
				"up": {"uv": [0, 0, 16, 16], "texture": "#0"}
			}
		},
		{
			"name": "leaves",
			"from": [12, 16, 19],
			"to": [16, 20, 23],
			"faces": {
				"east": {"uv": [0, 0, 16, 16], "texture": "#0"},
				"south": {"uv": [0, 0, 16, 16], "texture": "#0"},
				"up": {"uv": [0, 0, 16, 16], "texture": "#0"}
			}
		},
		{
			"name": "leaves",
			"from": [12, 12, 19],
			"to": [16, 16, 23],
			"faces": {
				"north": {"uv": [0, 0, 16, 16], "texture": "#0"},
				"east": {"uv": [0, 0, 16, 16], "texture": "#0"},
				"south": {"uv": [0, 0, 16, 16], "texture": "#0"},
				"down": {"uv": [0, 0, 16, 16], "texture": "#0"}
			}
		},
		{
			"name": "leaves",
			"from": [8, 12, 19],
			"to": [12, 16, 23],
			"faces": {
				"north": {"uv": [0, 0, 16, 16], "texture": "#0"},
				"south": {"uv": [0, 0, 16, 16], "texture": "#0"}
			}
		},
		{
			"name": "leaves",
			"from": [4, 12, 19],
			"to": [8, 16, 23],
			"faces": {
				"north": {"uv": [0, 0, 16, 16], "texture": "#2"},
				"south": {"uv": [0, 0, 16, 16], "texture": "#2"},
				"west": {"uv": [0, 0, 16, 16], "texture": "#2"}
			}
		},
		{
			"name": "leaves",
			"from": [8, 8, 19],
			"to": [12, 12, 23],
			"faces": {
				"north": {"uv": [0, 0, 16, 16], "texture": "#2"},
				"east": {"uv": [0, 0, 16, 16], "texture": "#2"},
				"south": {"uv": [0, 0, 16, 16], "texture": "#2"},
				"down": {"uv": [0, 0, 16, 16], "texture": "#2"}
			}
		},
		{
			"name": "leaves",
			"from": [4, 8, 19],
			"to": [8, 12, 23],
			"faces": {
				"north": {"uv": [0, 0, 16, 16], "texture": "#0"},
				"south": {"uv": [0, 0, 16, 16], "texture": "#0"},
				"west": {"uv": [0, 0, 16, 16], "texture": "#0"}
			}
		},
		{
			"name": "leaves",
			"from": [4, 4, 19],
			"to": [8, 8, 23],
			"faces": {
				"north": {"uv": [0, 0, 16, 16], "texture": "#0"},
				"east": {"uv": [0, 0, 16, 16], "texture": "#0"},
				"south": {"uv": [0, 0, 16, 16], "texture": "#0"},
				"west": {"uv": [0, 0, 16, 16], "texture": "#0"},
				"down": {"uv": [0, 0, 16, 16], "texture": "#0"}
			}
		},
		{
			"name": "leaves",
			"from": [16, 16, 7],
			"to": [20, 20, 11],
			"faces": {
				"north": {"uv": [0, 0, 16, 16], "texture": "#2"},
				"east": {"uv": [0, 0, 16, 16], "texture": "#2"},
				"up": {"uv": [0, 0, 16, 16], "texture": "#2"}
			}
		},
		{
			"name": "leaves",
			"from": [16, 16, 11],
			"to": [20, 20, 15],
			"faces": {
				"east": {"uv": [0, 0, 16, 16], "texture": "#0"},
				"up": {"uv": [0, 0, 16, 16], "texture": "#0"}
			}
		},
		{
			"name": "leaves",
			"from": [16, 16, 15],
			"to": [20, 20, 19],
			"faces": {
				"east": {"uv": [0, 0, 16, 16], "texture": "#0"},
				"south": {"uv": [0, 0, 16, 16], "texture": "#0"},
				"up": {"uv": [0, 0, 16, 16], "texture": "#0"}
			}
		},
		{
			"name": "leaves",
			"from": [16, 12, 15],
			"to": [20, 16, 19],
			"faces": {
				"east": {"uv": [0, 0, 16, 16], "texture": "#2"},
				"south": {"uv": [0, 0, 16, 16], "texture": "#2"},
				"west": {"uv": [0, 0, 16, 16], "texture": "#2"}
			}
		},
		{
			"name": "leaves",
			"from": [16, 12, 11],
			"to": [20, 16, 15],
			"faces": {
				"east": {"uv": [0, 0, 16, 16], "texture": "#0"}
			}
		},
		{
			"name": "leaves",
			"from": [16, 12, 7],
			"to": [20, 16, 11],
			"faces": {
				"north": {"uv": [0, 0, 16, 16], "texture": "#0"},
				"east": {"uv": [0, 0, 16, 16], "texture": "#0"},
				"west": {"uv": [0, 0, 16, 16], "texture": "#0"},
				"down": {"uv": [0, 0, 16, 16], "texture": "#0"}
			}
		},
		{
			"name": "leaves",
			"from": [16, 8, 11],
			"to": [20, 12, 15],
			"faces": {
				"north": {"uv": [0, 0, 16, 16], "texture": "#0"},
				"east": {"uv": [0, 0, 16, 16], "texture": "#0"},
				"west": {"uv": [0, 0, 16, 16], "texture": "#0"},
				"down": {"uv": [0, 0, 16, 16], "texture": "#0"}
			}
		},
		{
			"name": "leaves",
			"from": [16, 8, 15],
			"to": [20, 12, 19],
			"faces": {
				"east": {"uv": [0, 0, 16, 16], "texture": "#2"},
				"south": {"uv": [0, 0, 16, 16], "texture": "#2"},
				"west": {"uv": [0, 0, 16, 16], "texture": "#2"}
			}
		},
		{
			"name": "leaves",
			"from": [16, 4, 15],
			"to": [20, 8, 19],
			"faces": {
				"north": {"uv": [0, 0, 16, 16], "texture": "#0"},
				"east": {"uv": [0, 0, 16, 16], "texture": "#0"},
				"south": {"uv": [0, 0, 16, 16], "texture": "#0"},
				"west": {"uv": [0, 0, 16, 16], "texture": "#0"},
				"down": {"uv": [0, 0, 16, 16], "texture": "#0"}
			}
		},
		{
			"name": "leaves",
			"from": [4, 20, 11],
			"to": [8, 24, 15],
			"faces": {
				"south": {"uv": [0, 0, 16, 16], "texture": "#2"},
				"west": {"uv": [0, 0, 16, 16], "texture": "#2"},
				"up": {"uv": [0, 0, 16, 16], "texture": "#2"}
			}
		},
		{
			"name": "leaves",
			"from": [4, 20, 7],
			"to": [8, 24, 11],
			"faces": {
				"up": {"uv": [0, 0, 16, 16], "texture": "#0"}
			}
		},
		{
			"name": "leaves",
			"from": [8, 20, 7],
			"to": [12, 24, 11],
			"faces": {
				"north": {"uv": [0, 0, 16, 16], "texture": "#0"},
				"east": {"uv": [0, 0, 16, 16], "texture": "#0"},
				"up": {"uv": [0, 0, 16, 16], "texture": "#0"}
			}
		},
		{
			"name": "leaves",
			"from": [8, 20, 15],
			"to": [12, 24, 19],
			"faces": {
				"south": {"uv": [0, 0, 16, 16], "texture": "#2"},
				"west": {"uv": [0, 0, 16, 16], "texture": "#2"},
				"up": {"uv": [0, 0, 16, 16], "texture": "#2"}
			}
		},
		{
			"name": "leaves",
			"from": [8, 20, 11],
			"to": [12, 24, 15],
			"faces": {
				"up": {"uv": [0, 0, 16, 16], "texture": "#0"}
			}
		},
		{
			"name": "leaves",
			"from": [12, 20, 15],
			"to": [16, 24, 19],
			"faces": {
				"east": {"uv": [0, 0, 16, 16], "texture": "#0"},
				"south": {"uv": [0, 0, 16, 16], "texture": "#0"},
				"up": {"uv": [0, 0, 16, 16], "texture": "#0"}
			}
		},
		{
			"name": "leaves",
			"from": [12, 20, 11],
			"to": [16, 24, 15],
			"faces": {
				"north": {"uv": [0, 0, 16, 16], "texture": "#0"},
				"east": {"uv": [0, 0, 16, 16], "texture": "#0"},
				"up": {"uv": [0, 0, 16, 16], "texture": "#0"}
			}
		},
		{
			"name": "leaves",
			"from": [4, 16, 3],
			"to": [8, 20, 7],
			"faces": {
				"north": {"uv": [0, 0, 16, 16], "texture": "#0"},
				"west": {"uv": [0, 0, 16, 16], "texture": "#0"}
			}
		},
		{
			"name": "leaves",
			"from": [4, 12, 3],
			"to": [8, 16, 7],
			"faces": {
				"north": {"uv": [0, 0, 16, 16], "texture": "#0"},
				"west": {"uv": [0, 0, 16, 16], "texture": "#0"},
				"down": {"uv": [0, 0, 16, 16], "texture": "#0"}
			}
		},
		{
			"name": "leaves",
			"from": [8, 12, 3],
			"to": [12, 16, 7],
			"faces": {
				"north": {"uv": [0, 0, 16, 16], "texture": "#0"},
				"down": {"uv": [0, 0, 16, 16], "texture": "#0"}
			}
		},
		{
			"name": "leaves",
			"from": [4, 24, -1],
			"to": [8, 28, 3],
			"faces": {
				"east": {"uv": [0, 0, 16, 16], "texture": "#0"},
				"up": {"uv": [0, 0, 16, 16], "texture": "#0"}
			}
		},
		{
			"name": "leaves",
			"from": [4, 24, -5],
			"to": [8, 28, -1],
			"faces": {
				"north": {"uv": [0, 0, 16, 16], "texture": "#0"},
				"east": {"uv": [0, 0, 16, 16], "texture": "#0"},
				"up": {"uv": [0, 0, 16, 16], "texture": "#0"}
			}
		},
		{
			"name": "leaves",
			"from": [-12, 20, 3],
			"to": [-8, 24, 7],
			"faces": {
				"south": {"uv": [0, 0, 16, 16], "texture": "#2"},
				"west": {"uv": [0, 0, 16, 16], "texture": "#2"}
			}
		},
		{
			"name": "leaves",
			"from": [-12, 20, -1],
			"to": [-8, 24, 3],
			"faces": {
				"down": {"uv": [0, 0, 16, 16], "texture": "#0"}
			}
		},
		{
			"name": "leaves",
			"from": [-16, 20, -1],
			"to": [-12, 24, 3],
			"faces": {
				"north": {"uv": [0, 0, 16, 16], "texture": "#0"},
				"south": {"uv": [0, 0, 16, 16], "texture": "#0"},
				"west": {"uv": [0, 0, 16, 16], "texture": "#0"},
				"up": {"uv": [0, 0, 16, 16], "texture": "#0"}
			}
		},
		{
			"name": "leaves",
			"from": [-16, 16, -1],
			"to": [-12, 20, 3],
			"faces": {
				"north": {"uv": [0, 0, 16, 16], "texture": "#2"},
				"east": {"uv": [0, 0, 16, 16], "texture": "#2"},
				"south": {"uv": [0, 0, 16, 16], "texture": "#2"},
				"west": {"uv": [0, 0, 16, 16], "texture": "#2"},
				"down": {"uv": [0, 0, 16, 16], "texture": "#2"}
			}
		},
		{
			"name": "leaves",
			"from": [-12, 20, -5],
			"to": [-8, 24, -1],
			"faces": {
				"north": {"uv": [0, 0, 16, 16], "texture": "#0"},
				"west": {"uv": [0, 0, 16, 16], "texture": "#0"},
				"down": {"uv": [0, 0, 16, 16], "texture": "#0"}
			}
		},
		{
			"name": "leaves",
			"from": [-12, 16, 3],
			"to": [-8, 20, 7],
			"faces": {
				"north": {"uv": [0, 0, 16, 16], "texture": "#0"},
				"south": {"uv": [0, 0, 16, 16], "texture": "#0"},
				"west": {"uv": [0, 0, 16, 16], "texture": "#0"},
				"down": {"uv": [0, 0, 16, 16], "texture": "#0"}
			}
		},
		{
			"name": "leaves",
			"from": [-12, 24, 3],
			"to": [-8, 28, 7],
			"faces": {
				"south": {"uv": [0, 0, 16, 16], "texture": "#2"},
				"west": {"uv": [0, 0, 16, 16], "texture": "#2"},
				"up": {"uv": [0, 0, 16, 16], "texture": "#2"}
			}
		},
		{
			"name": "leaves",
			"from": [-12, 24, -1],
			"to": [-8, 28, 3],
			"faces": {
				"west": {"uv": [0, 0, 16, 16], "texture": "#0"},
				"up": {"uv": [0, 0, 16, 16], "texture": "#0"}
			}
		},
		{
			"name": "leaves",
			"from": [-12, 24, -5],
			"to": [-8, 28, -1],
			"faces": {
				"north": {"uv": [0, 0, 16, 16], "texture": "#0"},
				"west": {"uv": [0, 0, 16, 16], "texture": "#0"},
				"up": {"uv": [0, 0, 16, 16], "texture": "#0"}
			}
		},
		{
			"name": "leaves",
			"from": [0, 24, -9],
			"to": [4, 28, -5],
			"faces": {
				"north": {"uv": [0, 0, 16, 16], "texture": "#2"},
				"east": {"uv": [0, 0, 16, 16], "texture": "#2"},
				"up": {"uv": [0, 0, 16, 16], "texture": "#2"}
			}
		},
		{
			"name": "leaves",
			"from": [-4, 24, -9],
			"to": [0, 28, -5],
			"faces": {
				"north": {"uv": [0, 0, 16, 16], "texture": "#0"},
				"up": {"uv": [0, 0, 16, 16], "texture": "#0"}
			}
		},
		{
			"name": "leaves",
			"from": [-8, 24, -9],
			"to": [-4, 28, -5],
			"faces": {
				"north": {"uv": [0, 0, 16, 16], "texture": "#0"},
				"west": {"uv": [0, 0, 16, 16], "texture": "#0"},
				"up": {"uv": [0, 0, 16, 16], "texture": "#0"}
			}
		},
		{
			"name": "leaves",
			"from": [-8, 20, -9],
			"to": [-4, 24, -5],
			"faces": {
				"north": {"uv": [0, 0, 16, 16], "texture": "#0"},
				"west": {"uv": [0, 0, 16, 16], "texture": "#0"}
			}
		},
		{
			"name": "leaves",
			"from": [-4, 20, -9],
			"to": [0, 24, -5],
			"faces": {
				"north": {"uv": [0, 0, 16, 16], "texture": "#2"},
				"down": {"uv": [0, 0, 16, 16], "texture": "#2"}
			}
		},
		{
			"name": "leaves",
			"from": [0, 20, -9],
			"to": [4, 24, -5],
			"faces": {
				"north": {"uv": [0, 0, 16, 16], "texture": "#0"},
				"east": {"uv": [0, 0, 16, 16], "texture": "#0"}
			}
		},
		{
			"name": "leaves",
			"from": [0, 16, -9],
			"to": [4, 20, -5],
			"faces": {
				"north": {"uv": [0, 0, 16, 16], "texture": "#2"},
				"east": {"uv": [0, 0, 16, 16], "texture": "#2"},
				"west": {"uv": [0, 0, 16, 16], "texture": "#2"},
				"down": {"uv": [0, 0, 16, 16], "texture": "#2"}
			}
		},
		{
			"name": "leaves",
			"from": [-8, 16, -9],
			"to": [-4, 20, -5],
			"faces": {
				"north": {"uv": [0, 0, 16, 16], "texture": "#0"},
				"east": {"uv": [0, 0, 16, 16], "texture": "#0"},
				"south": {"uv": [0, 0, 16, 16], "texture": "#0"},
				"west": {"uv": [0, 0, 16, 16], "texture": "#0"},
				"down": {"uv": [0, 0, 16, 16], "texture": "#0"}
			}
		},
		{
			"name": "leaves",
			"from": [0, 24, 7],
			"to": [4, 28, 11],
			"faces": {
				"east": {"uv": [0, 0, 16, 16], "texture": "#2"},
				"south": {"uv": [0, 0, 16, 16], "texture": "#2"},
				"up": {"uv": [0, 0, 16, 16], "texture": "#2"}
			}
		},
		{
			"name": "leaves",
			"from": [-4, 24, 7],
			"to": [0, 28, 11],
			"faces": {
				"south": {"uv": [0, 0, 16, 16], "texture": "#0"},
				"up": {"uv": [0, 0, 16, 16], "texture": "#0"}
			}
		},
		{
			"name": "leaves",
			"from": [-8, 24, 7],
			"to": [-4, 28, 11],
			"faces": {
				"south": {"uv": [0, 0, 16, 16], "texture": "#0"},
				"west": {"uv": [0, 0, 16, 16], "texture": "#0"},
				"up": {"uv": [0, 0, 16, 16], "texture": "#0"}
			}
		},
		{
			"name": "leaves",
			"from": [-8, 20, 7],
			"to": [-4, 24, 11],
			"faces": {
				"south": {"uv": [0, 0, 16, 16], "texture": "#2"},
				"west": {"uv": [0, 0, 16, 16], "texture": "#2"}
			}
		},
		{
			"name": "leaves",
			"from": [-8, 16, 7],
			"to": [-4, 20, 11],
			"faces": {
				"east": {"uv": [0, 0, 16, 16], "texture": "#0"},
				"south": {"uv": [0, 0, 16, 16], "texture": "#0"},
				"west": {"uv": [0, 0, 16, 16], "texture": "#0"}
			}
		},
		{
			"name": "leaves",
			"from": [-8, 12, 7],
			"to": [-4, 16, 11],
			"faces": {
				"north": {"uv": [0, 0, 16, 16], "texture": "#0"},
				"east": {"uv": [0, 0, 16, 16], "texture": "#0"},
				"south": {"uv": [0, 0, 16, 16], "texture": "#0"},
				"west": {"uv": [0, 0, 16, 16], "texture": "#0"}
			}
		},
		{
			"name": "leaves",
			"from": [-8, 8, 7],
			"to": [-4, 12, 11],
			"faces": {
				"north": {"uv": [0, 0, 16, 16], "texture": "#2"},
				"east": {"uv": [0, 0, 16, 16], "texture": "#2"},
				"south": {"uv": [0, 0, 16, 16], "texture": "#2"},
				"west": {"uv": [0, 0, 16, 16], "texture": "#2"},
				"down": {"uv": [0, 0, 16, 16], "texture": "#2"}
			}
		},
		{
			"name": "leaves",
			"from": [-4, 20, 7],
			"to": [0, 24, 11],
			"faces": {
				"south": {"uv": [0, 0, 16, 16], "texture": "#0"},
				"down": {"uv": [0, 0, 16, 16], "texture": "#0"}
			}
		},
		{
			"name": "leaves",
			"from": [0, 20, 7],
			"to": [4, 24, 11],
			"faces": {
				"south": {"uv": [0, 0, 16, 16], "texture": "#0"}
			}
		},
		{
			"name": "leaves",
			"from": [0, 28, -1],
			"to": [4, 32, 3],
			"faces": {
				"east": {"uv": [0, 0, 16, 16], "texture": "#2"},
				"south": {"uv": [0, 0, 16, 16], "texture": "#2"},
				"up": {"uv": [0, 0, 16, 16], "texture": "#2"}
			}
		},
		{
			"name": "leaves",
			"from": [0, 28, -5],
			"to": [4, 32, -1],
			"faces": {
				"north": {"uv": [0, 0, 16, 16], "texture": "#2"},
				"east": {"uv": [0, 0, 16, 16], "texture": "#2"},
				"up": {"uv": [0, 0, 16, 16], "texture": "#2"}
			}
		},
		{
			"name": "leaves",
			"from": [-4, 28, 3],
			"to": [0, 32, 7],
			"faces": {
				"east": {"uv": [0, 0, 16, 16], "texture": "#0"},
				"south": {"uv": [0, 0, 16, 16], "texture": "#0"},
				"up": {"uv": [0, 0, 16, 16], "texture": "#0"}
			}
		},
		{
			"name": "leaves",
			"from": [-4, 28, -1],
			"to": [0, 32, 3],
			"faces": {
				"up": {"uv": [0, 0, 16, 16], "texture": "#0"}
			}
		},
		{
			"name": "leaves",
			"from": [-8, 28, 3],
			"to": [-4, 32, 7],
			"faces": {
				"south": {"uv": [0, 0, 16, 16], "texture": "#0"},
				"west": {"uv": [0, 0, 16, 16], "texture": "#0"},
				"up": {"uv": [0, 0, 16, 16], "texture": "#0"}
			}
		},
		{
			"name": "leaves",
			"from": [-8, 28, -1],
			"to": [-4, 32, 3],
			"faces": {
				"north": {"uv": [0, 0, 16, 16], "texture": "#2"},
				"west": {"uv": [0, 0, 16, 16], "texture": "#2"},
				"up": {"uv": [0, 0, 16, 16], "texture": "#2"}
			}
		},
		{
			"name": "leaves",
			"from": [-4, 28, -5],
			"to": [0, 32, -1],
			"faces": {
				"north": {"uv": [0, 0, 16, 16], "texture": "#0"},
				"west": {"uv": [0, 0, 16, 16], "texture": "#0"},
				"up": {"uv": [0, 0, 16, 16], "texture": "#0"}
			}
		},
		{
			"name": "leaves",
			"from": [0, 24, 3],
			"to": [4, 28, 7],
			"faces": {
				"up": {"uv": [0, 0, 16, 16], "texture": "#0"}
			}
		},
		{
			"name": "leaves",
			"from": [-8, 24, -5],
			"to": [-4, 28, -1],
			"faces": {
				"up": {"uv": [0, 0, 16, 16], "texture": "#0"}
			}
		},
		{
			"name": "leaves",
			"from": [-4, 20, -1],
			"to": [0, 24, 3],
			"faces": {
				"down": {"uv": [0, 0, 16, 16], "texture": "#0"}
			}
		},
		{
			"name": "leaves",
			"from": [12, 16, 15],
			"to": [16, 20, 19],
			"faces": {
				"down": {"uv": [0, 0, 16, 16], "texture": "#0"}
			}
		},
		{
			"name": "leaves",
			"from": [4, 12, 7],
			"to": [8, 16, 11],
			"faces": {
				"south": {"uv": [0, 0, 16, 16], "texture": "#0"},
				"west": {"uv": [0, 0, 16, 16], "texture": "#0"},
				"down": {"uv": [0, 0, 16, 16], "texture": "#0"}
			}
		},
		{
			"name": "leaves",
			"from": [8, 12, 7],
			"to": [12, 16, 11],
			"faces": {
				"east": {"uv": [0, 0, 16, 16], "texture": "#0"},
				"south": {"uv": [0, 0, 16, 16], "texture": "#0"}
			}
		},
		{
			"name": "spore",
			"from": [12, 12, 5],
			"to": [16, 12, 9],
			"rotation": {"angle": 22.5, "axis": "x", "origin": [14, 12, 5]},
			"faces": {
				"up": {"uv": [0, 0, 16, 16], "rotation": 180, "texture": "#11"},
				"down": {"uv": [16, 16, 0, 0], "rotation": 180, "texture": "#11"}
			}
		},
		{
			"name": "spore",
			"from": [12, 12, 1],
			"to": [16, 12, 5],
			"rotation": {"angle": -22.5, "axis": "x", "origin": [14, 12, 5]},
			"faces": {
				"up": {"uv": [0, 0, 16, 16], "texture": "#11"},
				"down": {"uv": [16, 16, 0, 0], "texture": "#11"}
			}
		},
		{
			"name": "spore",
			"from": [10, 12, 3],
			"to": [14, 12, 7],
			"rotation": {"angle": 22.5, "axis": "z", "origin": [14, 12, 5]},
			"faces": {
				"up": {"uv": [0, 0, 16, 16], "rotation": 270, "texture": "#11"},
				"down": {"uv": [16, 16, 0, 0], "rotation": 90, "texture": "#11"}
			}
		},
		{
			"name": "spore",
			"from": [14, 12, 3],
			"to": [18, 12, 7],
			"rotation": {"angle": -22.5, "axis": "z", "origin": [14, 12, 5]},
			"faces": {
				"up": {"uv": [0, 0, 16, 16], "rotation": 90, "texture": "#11"},
				"down": {"uv": [16, 16, 0, 0], "rotation": 270, "texture": "#11"}
			}
		},
		{
			"name": "spore",
			"from": [-4, 20, 9],
			"to": [0, 20, 13],
			"rotation": {"angle": 22.5, "axis": "x", "origin": [-2, 20, 9]},
			"faces": {
				"up": {"uv": [0, 0, 16, 16], "rotation": 180, "texture": "#11"},
				"down": {"uv": [16, 16, 0, 0], "rotation": 180, "texture": "#11"}
			}
		},
		{
			"name": "spore",
			"from": [-4, 20, 5],
			"to": [0, 20, 9],
			"rotation": {"angle": -22.5, "axis": "x", "origin": [-2, 20, 9]},
			"faces": {
				"up": {"uv": [0, 0, 16, 16], "texture": "#11"},
				"down": {"uv": [16, 16, 0, 0], "texture": "#11"}
			}
		},
		{
			"name": "spore",
			"from": [-6, 20, 7],
			"to": [-2, 20, 11],
			"rotation": {"angle": 22.5, "axis": "z", "origin": [-2, 20, 9]},
			"faces": {
				"up": {"uv": [0, 0, 16, 16], "rotation": 270, "texture": "#11"},
				"down": {"uv": [16, 16, 0, 0], "rotation": 90, "texture": "#11"}
			}
		},
		{
			"name": "spore",
			"from": [-2, 20, 7],
			"to": [2, 20, 11],
			"rotation": {"angle": -22.5, "axis": "z", "origin": [-2, 20, 9]},
			"faces": {
				"up": {"uv": [0, 0, 16, 16], "rotation": 90, "texture": "#11"},
				"down": {"uv": [16, 16, 0, 0], "rotation": 270, "texture": "#11"}
			}
		}
	],
	"display": {
		"thirdperson_righthand": {
			"rotation": [90, 90, -90],
			"translation": [2.25, 50, -15],
			"scale": [4, 4, 4]
		},
		"thirdperson_lefthand": {
			"rotation": [90, 90, -90],
			"translation": [2.25, 50, 1.25],
			"scale": [4, 4, 4]
		},
		"firstperson_righthand": {
			"rotation": [17, 94, 3],
			"translation": [-2.75, 12, 7.25],
			"scale": [0.5, 0.5, 0.5]
		},
		"firstperson_lefthand": {
			"rotation": [17, 94, 3],
			"translation": [-2.75, 12, 9],
			"scale": [0.5, 0.5, 0.5]
		},
		"ground": {
			"translation": [8.25, 80, -4.25],
			"scale": [4, 4, 4]
		},
		"gui": {
			"rotation": [45, 45, -45],
			"translation": [0.75, -1.25, 0],
			"scale": [0.4, 0.4, 0.4]
		},
		"head": {
			"rotation": [0, 45, 0],
			"translation": [0.25, 23.25, -2.75]
		},
		"fixed": {
			"rotation": [-90, 0, 0],
			"translation": [7.75, -3.75, -64],
			"scale": [4, 4, 4]
		}
	},
	"groups": [
		{
			"name": "tree",
			"origin": [8, 8, 8],
			"color": 0,
			"children": [
				{
					"name": "wood",
					"origin": [0, 0, 0],
					"color": 0,
					"children": [0, 1, 2, 3, 4, 5, 6, 7, 8, 9, 10, 11, 12, 13, 14, 15, 16, 17, 18, 19, 20, 21, 22, 23, 24, 25, 26, 27, 28, 29, 30, 31, 32, 33, 34, 35, 36, 37, 38, 39, 40, 41, 42, 43, 44]
				},
				{
					"name": "leaves",
					"origin": [8, 8, 8],
					"color": 0,
					"children": [45, 46, 47, 48, 49, 50, 51, 52, 53, 54, 55, 56, 57, 58, 59, 60, 61, 62, 63, 64, 65, 66, 67, 68, 69, 70, 71, 72, 73, 74, 75, 76, 77, 78, 79, 80, 81, 82, 83, 84, 85, 86, 87, 88, 89, 90, 91, 92, 93, 94, 95, 96, 97, 98, 99, 100, 101, 102, 103, 104, 105, 106, 107, 108, 109, 110, 111, 112, 113, 114, 115, 116, 117, 118, 119, 120, 121, 122, 123, 124, 125, 126, 127, 128, 129, 130, 131, 132, 133, 134, 135, 136, 137, 138, 139, 140, 141, 142, 143, 144, 145, 146]
				},
				{
					"name": "flower",
					"origin": [10, 24, 9],
					"color": 0,
					"children": [147, 148, 149, 150]
				},
				{
					"name": "flower",
					"origin": [10, 24, 9],
					"color": 0,
					"children": [151, 152, 153, 154]
				}
			]
		}
	]
}