{
	"credit": "Made with Blockbench",
	"texture_size": [32, 32],
	"textures": {
		"1": "item/build_tool_02",
		"particle": "item/build_tool_02"
	},
	"elements": [
		{
			"from": [7, 11, 4.5],
			"to": [9, 16, 6.5],
			"rotation": {"angle": 0, "axis": "x", "origin": [8, 14.5, 8]},
			"faces": {
				"north": {"uv": [3.5, 0, 2.5, 2.5], "rotation": 180, "texture": "#1"},
				"east": {"uv": [8.5, 0, 6, 1], "rotation": 270, "texture": "#1"},
				"south": {"uv": [1.5, 2.5, 0.5, 0], "texture": "#1"},
				"west": {"uv": [6, 0, 8.5, 1], "rotation": 90, "texture": "#1"},
				"up": {"uv": [7, 6, 8, 7], "rotation": 180, "texture": "#1"},
				"down": {"uv": [7.5, 3.5, 8.5, 4.5], "texture": "#1"}
			}
		},
		{
			"from": [7, 11, 9.5],
			"to": [9, 16, 11.5],
			"rotation": {"angle": 0, "axis": "x", "origin": [8, 14.5, 8]},
			"faces": {
				"north": {"uv": [0.5, 2.5, 1.5, 0], "texture": "#1"},
				"east": {"uv": [8.5, 1, 6, 0], "rotation": 270, "texture": "#1"},
				"south": {"uv": [2.5, 0, 3.5, 2.5], "rotation": 180, "texture": "#1"},
				"west": {"uv": [6, 1, 8.5, 0], "rotation": 90, "texture": "#1"},
				"up": {"uv": [7, 7, 8, 6], "rotation": 180, "texture": "#1"},
				"down": {"uv": [7.5, 4.5, 8.5, 3.5], "texture": "#1"}
			}
		},
		{
			"from": [7, 11, 6.5],
			"to": [9, 13, 9.5],
			"rotation": {"angle": 0, "axis": "x", "origin": [8, 14.5, 8]},
			"faces": {
				"east": {"uv": [6, 6, 5, 7.5], "rotation": 270, "texture": "#1"},
				"west": {"uv": [5, 6, 6, 7.5], "rotation": 90, "texture": "#1"},
				"up": {"uv": [2.5, 6, 3.5, 7.5], "rotation": 180, "texture": "#1"},
				"down": {"uv": [6.5, 2, 7.5, 3.5], "texture": "#1"}
			}
		},
		{
			"from": [7, 4, 7],
			"to": [9, 11, 9],
			"rotation": {"angle": 0, "axis": "y", "origin": [7, 0, 7]},
			"faces": {
				"north": {"uv": [4, 0, 5, 3.5], "texture": "#1"},
				"east": {"uv": [6, 0, 5, 3.5], "texture": "#1"},
				"south": {"uv": [4, 4, 5, 7.5], "texture": "#1"},
				"west": {"uv": [5, 0, 6, 3.5], "texture": "#1"},
				"down": {"uv": [4, 7, 5, 8], "texture": "#1"}
			}
		},
		{
			"from": [6.9, 1.9, 6.5],
			"to": [9.1, 4.9, 9.5],
			"rotation": {"angle": 45, "axis": "x", "origin": [8, 3.4, 8]},
			"faces": {
				"north": {"uv": [10.5, 4.5, 9, 5.5], "rotation": 90, "texture": "#1"},
				"east": {"uv": [1.5, 6, 0, 7.5], "rotation": 270, "texture": "#1"},
				"south": {"uv": [10, 5.5, 8.5, 6.5], "rotation": 270, "texture": "#1"},
				"west": {"uv": [6.5, 5.5, 5, 4], "rotation": 270, "texture": "#1"},
				"up": {"uv": [8.5, 4.5, 7, 5.5], "rotation": 270, "texture": "#1"},
				"down": {"uv": [7, 4.5, 8.5, 5.5], "rotation": 270, "texture": "#1"}
			}
		},
		{
			"name": "cube inverted",
			"from": [9.1, 4.9, 9.5],
			"to": [6.9, 1.9, 6.5],
			"rotation": {"angle": 45, "axis": "x", "origin": [8, 3.4, 8]},
			"faces": {
				"north": {"uv": [8.5, 5.5, 10, 6.5], "rotation": 270, "texture": "#1"},
				"east": {"uv": [5, 5.5, 6.5, 4], "rotation": 270, "texture": "#1"},
				"south": {"uv": [9, 4.5, 10.5, 5.5], "rotation": 90, "texture": "#1"},
				"west": {"uv": [0, 6, 1.5, 7.5], "rotation": 270, "texture": "#1"},
				"up": {"uv": [7, 5.5, 8.5, 4.5], "rotation": 270, "texture": "#1"},
				"down": {"uv": [8.5, 5.5, 7, 4.5], "rotation": 270, "texture": "#1"}
			}
		}
	],
	"gui_light": "front",
	"display": {
		"thirdperson_righthand": {
			"translation": [0, -1.5, 0]
		},
		"thirdperson_lefthand": {
			"translation": [0, -1.5, 0]
		},
		"firstperson_righthand": {
			"translation": [2.5, 0, 0],
			"scale": [0.5, 0.5, 0.5]
		},
		"firstperson_lefthand": {
			"translation": [2.5, 0, 0],
			"scale": [0.5, 0.5, 0.5]
		},
		"ground": {
			"translation": [0, 2, 0],
			"scale": [0.5, 0.5, 0.5]
		},
		"gui": {
			"rotation": [33, 125, -45],
			"translation": [0.5, -1.25, 0]
		},
		"fixed": {
			"rotation": [0, 90, 0],
			"translation": [0, -4, -2],
			"scale": [2, 2, 2]
		}
	}
}