{
	"credit": "Copyright © 2021-2099 Ikaho-Onsen Minecraft Server. All rights reserved.",
	"texture_size": [64, 64],
	"textures": {
		"0": "minecraft:item/clear_item_01",
		"particle": "minecraft:item/clear_item_01"
	},
	"elements": [
		{
			"from": [4, 7, 5],
			"to": [12, 9, 11],
			"rotation": {"angle": 0, "axis": "y", "origin": [8, 9, 8]},
			"faces": {
				"north": {"uv": [4.25, 3, 6.25, 3.5], "texture": "#0"},
				"east": {"uv": [4.25, 3, 5.75, 3.5], "texture": "#0"},
				"south": {"uv": [4.25, 3, 6.25, 3.5], "texture": "#0"},
				"west": {"uv": [5.75, 3, 4.25, 3.5], "texture": "#0"},
				"up": {"uv": [6.25, 5, 4.25, 3.5], "texture": "#0"},
				"down": {"uv": [6.25, 3.5, 4.25, 5], "texture": "#0"}
			}
		},
		{
			"from": [5, 9, 6],
			"to": [11, 11, 10],
			"rotation": {"angle": -22.5, "axis": "y", "origin": [8, 9, 8]},
			"faces": {
				"north": {"uv": [3.5, 1.5, 5, 2], "texture": "#0"},
				"east": {"uv": [3.5, 1, 4.5, 1.5], "texture": "#0"},
				"south": {"uv": [3.5, 1.5, 5, 2], "texture": "#0"},
				"west": {"uv": [4.5, 1, 3.5, 1.5], "texture": "#0"},
				"up": {"uv": [5, 3, 3.5, 2], "texture": "#0"}
			}
		}
	],
	"gui_light": "front",
	"display": {
		"thirdperson_righthand": {
			"rotation": [70, 0, 0],
			"translation": [0, 2.75, 0]
		},
		"thirdperson_lefthand": {
			"rotation": [70, 0, 0],
			"translation": [0, 2.75, 0]
		},
		"firstperson_righthand": {
			"translation": [1.88, 2.7, 2.13],
			"scale": [0.5, 0.5, 0.5]
		},
		"firstperson_lefthand": {
			"translation": [1.88, 2.7, 2.13],
			"scale": [0.5, 0.5, 0.5]
		},
		"ground": {
			"rotation": [30, 0, 0],
			"scale": [0.5, 0.5, 0.5]
		},
		"gui": {
			"rotation": [33, -45, 0],
			"translation": [0, -0.75, 0],
			"scale": [1.2, 1.2, 1.2]
		},
		"head": {
			"translation": [0, 8, 0],
			"scale": [1.5, 1.5, 1.5]
		},
		"fixed": {
			"rotation": [-90, 0, 0],
			"translation": [0, 0, -1.75],
			"scale": [2, 2, 2]
		}
	},
	"groups": [
		{
			"name": "group",
			"origin": [-0.5, 0, 0.5],
			"color": 0,
			"nbt": "{}",
			"armAnimationEnabled": false,
			"children": [0, 1]
		}
	]
}