{
	"credit": "Copyright © 2021-2099 Ikaho-Onsen Minecraft Server. All rights reserved.",
	"textures": {
		"0": "minecraft:item/tabasuko2",
		"particle": "minecraft:item/tabasuko2"
	},
	"elements": [
		{
			"from": [7.5, 0, 7.5],
			"to": [8.5, 16, 8.5],
			"faces": {
				"north": {"uv": [0, 0, 1, 16], "texture": "#0"},
				"east": {"uv": [0, 0, 1, 16], "texture": "#0"},
				"south": {"uv": [0, 0, 1, 16], "texture": "#0"},
				"west": {"uv": [0, 0, 1, 16], "texture": "#0"},
				"up": {"uv": [0, 0, 1, 1], "texture": "#0"},
				"down": {"uv": [0, 0, 1, 1], "texture": "#0"}
			}
		},
		{
			"from": [7.5, 16, 7.5],
			"to": [8.5, 32, 8.5],
			"faces": {
				"north": {"uv": [0, 0, 1, 16], "texture": "#0"},
				"east": {"uv": [0, 0, 1, 16], "texture": "#0"},
				"south": {"uv": [0, 0, 1, 16], "texture": "#0"},
				"west": {"uv": [0, 0, 1, 16], "texture": "#0"},
				"up": {"uv": [0, 0, 1, 1], "texture": "#0"},
				"down": {"uv": [0, 0, 1, 1], "texture": "#0"}
			}
		},
		{
			"from": [4, 26, 6],
			"to": [12, 28, 10],
			"faces": {
				"north": {"uv": [8, 0, 16, 2], "texture": "#0"},
				"east": {"uv": [8, 0, 12, 2], "texture": "#0"},
				"south": {"uv": [8, 0, 16, 2], "texture": "#0"},
				"west": {"uv": [8, 0, 12, 2], "texture": "#0"},
				"up": {"uv": [8, 0, 16, 4], "texture": "#0"},
				"down": {"uv": [8, 0, 16, 4], "texture": "#0"}
			}
		},
		{
			"from": [6, 26, 4],
			"to": [10, 28, 12],
			"faces": {
				"north": {"uv": [8, 0, 12, 2], "texture": "#0"},
				"east": {"uv": [8, 0, 16, 2], "texture": "#0"},
				"south": {"uv": [8, 0, 12, 2], "texture": "#0"},
				"west": {"uv": [8, 0, 16, 2], "texture": "#0"},
				"up": {"uv": [8, 0, 12, 8], "texture": "#0"},
				"down": {"uv": [8, 0, 12, 8], "texture": "#0"}
			}
		},
		{
			"from": [5, 26, 5],
			"to": [11, 28, 11],
			"faces": {
				"north": {"uv": [8, 0, 14, 2], "texture": "#0"},
				"east": {"uv": [8, 0, 14, 2], "texture": "#0"},
				"south": {"uv": [8, 0, 14, 2], "texture": "#0"},
				"west": {"uv": [8, 0, 14, 2], "texture": "#0"},
				"up": {"uv": [8, 0, 14, 6], "texture": "#0"},
				"down": {"uv": [8, 0, 14, 6], "texture": "#0"}
			}
		},
		{
			"from": [6, 29, 5],
			"to": [10, 30, 11],
			"faces": {
				"north": {"uv": [8, 0, 12, 1], "texture": "#0"},
				"east": {"uv": [8, 0, 14, 1], "texture": "#0"},
				"south": {"uv": [8, 0, 12, 1], "texture": "#0"},
				"west": {"uv": [8, 0, 14, 1], "texture": "#0"},
				"up": {"uv": [8, 0, 12, 6], "texture": "#0"},
				"down": {"uv": [8, 0, 12, 6], "texture": "#0"}
			}
		},
		{
			"from": [5, 29, 6],
			"to": [11, 30, 10],
			"faces": {
				"north": {"uv": [8, 0, 14, 1], "texture": "#0"},
				"east": {"uv": [8, 0, 12, 1], "texture": "#0"},
				"south": {"uv": [8, 0, 14, 1], "texture": "#0"},
				"west": {"uv": [8, 0, 12, 1], "texture": "#0"},
				"up": {"uv": [8, 0, 14, 4], "texture": "#0"},
				"down": {"uv": [8, 0, 14, 4], "texture": "#0"}
			}
		},
		{
			"from": [6, 30, 7],
			"to": [10, 31, 9],
			"faces": {
				"north": {"uv": [8, 0, 12, 1], "texture": "#0"},
				"east": {"uv": [8, 0, 10, 1], "texture": "#0"},
				"south": {"uv": [8, 0, 12, 1], "texture": "#0"},
				"west": {"uv": [8, 0, 10, 1], "texture": "#0"},
				"up": {"uv": [8, 0, 12, 2], "texture": "#0"},
				"down": {"uv": [8, 0, 12, 2], "texture": "#0"}
			}
		},
		{
			"from": [7, 30, 6],
			"to": [9, 31, 10],
			"faces": {
				"north": {"uv": [8, 0, 10, 1], "texture": "#0"},
				"east": {"uv": [8, 0, 12, 1], "texture": "#0"},
				"south": {"uv": [8, 0, 10, 1], "texture": "#0"},
				"west": {"uv": [8, 0, 12, 1], "texture": "#0"},
				"up": {"uv": [8, 0, 10, 4], "texture": "#0"},
				"down": {"uv": [8, 0, 10, 4], "texture": "#0"}
			}
		},
		{
			"from": [5, 28, 5],
			"to": [11, 29, 11],
			"faces": {
				"north": {"uv": [8, 0, 14, 1], "texture": "#0"},
				"east": {"uv": [8, 0, 14, 1], "texture": "#0"},
				"south": {"uv": [8, 0, 14, 1], "texture": "#0"},
				"west": {"uv": [8, 0, 14, 1], "texture": "#0"},
				"up": {"uv": [8, 0, 14, 6], "texture": "#0"},
				"down": {"uv": [8, 0, 14, 6], "texture": "#0"}
			}
		},
		{
			"from": [7, 28, 4],
			"to": [9, 29, 12],
			"faces": {
				"north": {"uv": [8, 0, 10, 1], "texture": "#0"},
				"east": {"uv": [8, 0, 16, 1], "texture": "#0"},
				"south": {"uv": [8, 0, 10, 1], "texture": "#0"},
				"west": {"uv": [8, 0, 16, 1], "texture": "#0"},
				"up": {"uv": [8, 0, 10, 8], "texture": "#0"},
				"down": {"uv": [8, 0, 10, 8], "texture": "#0"}
			}
		},
		{
			"from": [4, 28, 7],
			"to": [12, 29, 9],
			"faces": {
				"north": {"uv": [8, 0, 16, 1], "texture": "#0"},
				"east": {"uv": [8, 0, 10, 1], "texture": "#0"},
				"south": {"uv": [8, 0, 16, 1], "texture": "#0"},
				"west": {"uv": [8, 0, 10, 1], "texture": "#0"},
				"up": {"uv": [8, 0, 16, 2], "texture": "#0"},
				"down": {"uv": [8, 0, 16, 2], "texture": "#0"}
			}
		},
		{
			"from": [4, 25, 7],
			"to": [12, 26, 9],
			"faces": {
				"north": {"uv": [8, 0, 16, 1], "texture": "#0"},
				"east": {"uv": [8, 0, 10, 1], "texture": "#0"},
				"south": {"uv": [8, 0, 16, 1], "texture": "#0"},
				"west": {"uv": [8, 0, 10, 1], "texture": "#0"},
				"up": {"uv": [8, 0, 16, 2], "texture": "#0"},
				"down": {"uv": [8, 0, 16, 2], "texture": "#0"}
			}
		},
		{
			"from": [7, 25, 4],
			"to": [9, 26, 12],
			"faces": {
				"north": {"uv": [8, 0, 10, 1], "texture": "#0"},
				"east": {"uv": [8, 0, 16, 1], "texture": "#0"},
				"south": {"uv": [8, 0, 10, 1], "texture": "#0"},
				"west": {"uv": [8, 0, 16, 1], "texture": "#0"},
				"up": {"uv": [8, 0, 10, 8], "texture": "#0"},
				"down": {"uv": [8, 0, 10, 8], "texture": "#0"}
			}
		},
		{
			"from": [5, 25, 5],
			"to": [11, 26, 11],
			"faces": {
				"north": {"uv": [8, 0, 14, 1], "texture": "#0"},
				"east": {"uv": [8, 0, 14, 1], "texture": "#0"},
				"south": {"uv": [8, 0, 14, 1], "texture": "#0"},
				"west": {"uv": [8, 0, 14, 1], "texture": "#0"},
				"up": {"uv": [8, 0, 14, 6], "texture": "#0"},
				"down": {"uv": [8, 0, 14, 6], "texture": "#0"}
			}
		},
		{
			"from": [5, 24, 6],
			"to": [11, 25, 10],
			"faces": {
				"north": {"uv": [8, 0, 14, 1], "texture": "#0"},
				"east": {"uv": [8, 0, 12, 1], "texture": "#0"},
				"south": {"uv": [8, 0, 14, 1], "texture": "#0"},
				"west": {"uv": [8, 0, 12, 1], "texture": "#0"},
				"up": {"uv": [8, 0, 14, 4], "texture": "#0"},
				"down": {"uv": [8, 0, 14, 4], "texture": "#0"}
			}
		},
		{
			"from": [6, 24, 5],
			"to": [10, 25, 11],
			"faces": {
				"north": {"uv": [8, 0, 12, 1], "texture": "#0"},
				"east": {"uv": [8, 0, 14, 1], "texture": "#0"},
				"south": {"uv": [8, 0, 12, 1], "texture": "#0"},
				"west": {"uv": [8, 0, 14, 1], "texture": "#0"},
				"up": {"uv": [8, 0, 12, 6], "texture": "#0"},
				"down": {"uv": [8, 0, 12, 6], "texture": "#0"}
			}
		},
		{
			"from": [6, 23, 7],
			"to": [10, 24, 9],
			"faces": {
				"north": {"uv": [8, 0, 12, 1], "texture": "#0"},
				"east": {"uv": [8, 0, 10, 1], "texture": "#0"},
				"south": {"uv": [8, 0, 12, 1], "texture": "#0"},
				"west": {"uv": [8, 0, 10, 1], "texture": "#0"},
				"up": {"uv": [8, 0, 12, 2], "texture": "#0"},
				"down": {"uv": [8, 0, 12, 2], "texture": "#0"}
			}
		},
		{
			"from": [7, 23, 6],
			"to": [9, 24, 10],
			"faces": {
				"north": {"uv": [8, 0, 10, 1], "texture": "#0"},
				"east": {"uv": [8, 0, 12, 1], "texture": "#0"},
				"south": {"uv": [8, 0, 10, 1], "texture": "#0"},
				"west": {"uv": [8, 0, 12, 1], "texture": "#0"},
				"up": {"uv": [8, 0, 10, 4], "texture": "#0"},
				"down": {"uv": [8, 0, 10, 4], "texture": "#0"}
			}
		},
		{
			"from": [4, 19, 6],
			"to": [12, 21, 10],
			"faces": {
				"north": {"uv": [8, 0, 16, 2], "texture": "#0"},
				"east": {"uv": [8, 0, 12, 2], "texture": "#0"},
				"south": {"uv": [8, 0, 16, 2], "texture": "#0"},
				"west": {"uv": [8, 0, 12, 2], "texture": "#0"},
				"up": {"uv": [8, 0, 16, 4], "texture": "#0"},
				"down": {"uv": [8, 0, 16, 4], "texture": "#0"}
			}
		},
		{
			"from": [6, 19, 4],
			"to": [10, 21, 12],
			"faces": {
				"north": {"uv": [8, 0, 12, 2], "texture": "#0"},
				"east": {"uv": [8, 0, 16, 2], "texture": "#0"},
				"south": {"uv": [8, 0, 12, 2], "texture": "#0"},
				"west": {"uv": [8, 0, 16, 2], "texture": "#0"},
				"up": {"uv": [8, 0, 12, 8], "texture": "#0"},
				"down": {"uv": [8, 0, 12, 8], "texture": "#0"}
			}
		},
		{
			"from": [5, 19, 5],
			"to": [11, 21, 11],
			"faces": {
				"north": {"uv": [8, 0, 14, 2], "texture": "#0"},
				"east": {"uv": [8, 0, 14, 2], "texture": "#0"},
				"south": {"uv": [8, 0, 14, 2], "texture": "#0"},
				"west": {"uv": [8, 0, 14, 2], "texture": "#0"},
				"up": {"uv": [8, 0, 14, 6], "texture": "#0"},
				"down": {"uv": [8, 0, 14, 6], "texture": "#0"}
			}
		},
		{
			"from": [6, 22, 5],
			"to": [10, 23, 11],
			"faces": {
				"north": {"uv": [8, 0, 12, 1], "texture": "#0"},
				"east": {"uv": [8, 0, 14, 1], "texture": "#0"},
				"south": {"uv": [8, 0, 12, 1], "texture": "#0"},
				"west": {"uv": [8, 0, 14, 1], "texture": "#0"},
				"up": {"uv": [8, 0, 12, 6], "texture": "#0"},
				"down": {"uv": [8, 0, 12, 6], "texture": "#0"}
			}
		},
		{
			"from": [5, 22, 6],
			"to": [11, 23, 10],
			"faces": {
				"north": {"uv": [8, 0, 14, 1], "texture": "#0"},
				"east": {"uv": [8, 0, 12, 1], "texture": "#0"},
				"south": {"uv": [8, 0, 14, 1], "texture": "#0"},
				"west": {"uv": [8, 0, 12, 1], "texture": "#0"},
				"up": {"uv": [8, 0, 14, 4], "texture": "#0"},
				"down": {"uv": [8, 0, 14, 4], "texture": "#0"}
			}
		},
		{
			"from": [5, 21, 5],
			"to": [11, 22, 11],
			"faces": {
				"north": {"uv": [8, 0, 14, 1], "texture": "#0"},
				"east": {"uv": [8, 0, 14, 1], "texture": "#0"},
				"south": {"uv": [8, 0, 14, 1], "texture": "#0"},
				"west": {"uv": [8, 0, 14, 1], "texture": "#0"},
				"up": {"uv": [8, 0, 14, 6], "texture": "#0"},
				"down": {"uv": [8, 0, 14, 6], "texture": "#0"}
			}
		},
		{
			"from": [7, 21, 4],
			"to": [9, 22, 12],
			"faces": {
				"north": {"uv": [8, 0, 10, 1], "texture": "#0"},
				"east": {"uv": [8, 0, 16, 1], "texture": "#0"},
				"south": {"uv": [8, 0, 10, 1], "texture": "#0"},
				"west": {"uv": [8, 0, 16, 1], "texture": "#0"},
				"up": {"uv": [8, 0, 10, 8], "texture": "#0"},
				"down": {"uv": [8, 0, 10, 8], "texture": "#0"}
			}
		},
		{
			"from": [4, 21, 7],
			"to": [12, 22, 9],
			"faces": {
				"north": {"uv": [8, 0, 16, 1], "texture": "#0"},
				"east": {"uv": [8, 0, 10, 1], "texture": "#0"},
				"south": {"uv": [8, 0, 16, 1], "texture": "#0"},
				"west": {"uv": [8, 0, 10, 1], "texture": "#0"},
				"up": {"uv": [8, 0, 16, 2], "texture": "#0"},
				"down": {"uv": [8, 0, 16, 2], "texture": "#0"}
			}
		},
		{
			"from": [4, 18, 7],
			"to": [12, 19, 9],
			"faces": {
				"north": {"uv": [8, 0, 16, 1], "texture": "#0"},
				"east": {"uv": [8, 0, 10, 1], "texture": "#0"},
				"south": {"uv": [8, 0, 16, 1], "texture": "#0"},
				"west": {"uv": [8, 0, 10, 1], "texture": "#0"},
				"up": {"uv": [8, 0, 16, 2], "texture": "#0"},
				"down": {"uv": [8, 0, 16, 2], "texture": "#0"}
			}
		},
		{
			"from": [7, 18, 4],
			"to": [9, 19, 12],
			"faces": {
				"north": {"uv": [8, 0, 10, 1], "texture": "#0"},
				"east": {"uv": [8, 0, 16, 1], "texture": "#0"},
				"south": {"uv": [8, 0, 10, 1], "texture": "#0"},
				"west": {"uv": [8, 0, 16, 1], "texture": "#0"},
				"up": {"uv": [8, 0, 10, 8], "texture": "#0"},
				"down": {"uv": [8, 0, 10, 8], "texture": "#0"}
			}
		},
		{
			"from": [5, 18, 5],
			"to": [11, 19, 11],
			"faces": {
				"north": {"uv": [8, 0, 14, 1], "texture": "#0"},
				"east": {"uv": [8, 0, 14, 1], "texture": "#0"},
				"south": {"uv": [8, 0, 14, 1], "texture": "#0"},
				"west": {"uv": [8, 0, 14, 1], "texture": "#0"},
				"up": {"uv": [8, 0, 14, 6], "texture": "#0"},
				"down": {"uv": [8, 0, 14, 6], "texture": "#0"}
			}
		},
		{
			"from": [5, 17, 6],
			"to": [11, 18, 10],
			"faces": {
				"north": {"uv": [8, 0, 14, 1], "texture": "#0"},
				"east": {"uv": [8, 0, 12, 1], "texture": "#0"},
				"south": {"uv": [8, 0, 14, 1], "texture": "#0"},
				"west": {"uv": [8, 0, 12, 1], "texture": "#0"},
				"up": {"uv": [8, 0, 14, 4], "texture": "#0"},
				"down": {"uv": [8, 0, 14, 4], "texture": "#0"}
			}
		},
		{
			"from": [6, 17, 5],
			"to": [10, 18, 11],
			"faces": {
				"north": {"uv": [8, 0, 12, 1], "texture": "#0"},
				"east": {"uv": [8, 0, 14, 1], "texture": "#0"},
				"south": {"uv": [8, 0, 12, 1], "texture": "#0"},
				"west": {"uv": [8, 0, 14, 1], "texture": "#0"},
				"up": {"uv": [8, 0, 12, 6], "texture": "#0"},
				"down": {"uv": [8, 0, 12, 6], "texture": "#0"}
			}
		},
		{
			"from": [6, 16, 7],
			"to": [10, 17, 9],
			"faces": {
				"north": {"uv": [8, 0, 12, 1], "texture": "#0"},
				"east": {"uv": [8, 0, 10, 1], "texture": "#0"},
				"south": {"uv": [8, 0, 12, 1], "texture": "#0"},
				"west": {"uv": [8, 0, 10, 1], "texture": "#0"},
				"up": {"uv": [8, 0, 12, 2], "texture": "#0"},
				"down": {"uv": [8, 0, 12, 2], "texture": "#0"}
			}
		},
		{
			"from": [7, 16, 6],
			"to": [9, 17, 10],
			"faces": {
				"north": {"uv": [8, 0, 10, 1], "texture": "#0"},
				"east": {"uv": [8, 0, 12, 1], "texture": "#0"},
				"south": {"uv": [8, 0, 10, 1], "texture": "#0"},
				"west": {"uv": [8, 0, 12, 1], "texture": "#0"},
				"up": {"uv": [8, 0, 10, 4], "texture": "#0"},
				"down": {"uv": [8, 0, 10, 4], "texture": "#0"}
			}
		},
		{
			"from": [4, 12, 6],
			"to": [12, 14, 10],
			"faces": {
				"north": {"uv": [8, 0, 16, 2], "texture": "#0"},
				"east": {"uv": [8, 0, 12, 2], "texture": "#0"},
				"south": {"uv": [8, 0, 16, 2], "texture": "#0"},
				"west": {"uv": [8, 0, 12, 2], "texture": "#0"},
				"up": {"uv": [8, 0, 16, 4], "texture": "#0"},
				"down": {"uv": [8, 0, 16, 4], "texture": "#0"}
			}
		},
		{
			"from": [6, 12, 4],
			"to": [10, 14, 12],
			"faces": {
				"north": {"uv": [8, 0, 12, 2], "texture": "#0"},
				"east": {"uv": [8, 0, 16, 2], "texture": "#0"},
				"south": {"uv": [8, 0, 12, 2], "texture": "#0"},
				"west": {"uv": [8, 0, 16, 2], "texture": "#0"},
				"up": {"uv": [8, 0, 12, 8], "texture": "#0"},
				"down": {"uv": [8, 0, 12, 8], "texture": "#0"}
			}
		},
		{
			"from": [5, 12, 5],
			"to": [11, 14, 11],
			"faces": {
				"north": {"uv": [8, 0, 14, 2], "texture": "#0"},
				"east": {"uv": [8, 0, 14, 2], "texture": "#0"},
				"south": {"uv": [8, 0, 14, 2], "texture": "#0"},
				"west": {"uv": [8, 0, 14, 2], "texture": "#0"},
				"up": {"uv": [8, 0, 14, 6], "texture": "#0"},
				"down": {"uv": [8, 0, 14, 6], "texture": "#0"}
			}
		},
		{
			"from": [6, 15, 5],
			"to": [10, 16, 11],
			"faces": {
				"north": {"uv": [8, 0, 12, 1], "texture": "#0"},
				"east": {"uv": [8, 0, 14, 1], "texture": "#0"},
				"south": {"uv": [8, 0, 12, 1], "texture": "#0"},
				"west": {"uv": [8, 0, 14, 1], "texture": "#0"},
				"up": {"uv": [8, 0, 12, 6], "texture": "#0"},
				"down": {"uv": [8, 0, 12, 6], "texture": "#0"}
			}
		},
		{
			"from": [5, 15, 6],
			"to": [11, 16, 10],
			"faces": {
				"north": {"uv": [8, 0, 14, 1], "texture": "#0"},
				"east": {"uv": [8, 0, 12, 1], "texture": "#0"},
				"south": {"uv": [8, 0, 14, 1], "texture": "#0"},
				"west": {"uv": [8, 0, 12, 1], "texture": "#0"},
				"up": {"uv": [8, 0, 14, 4], "texture": "#0"},
				"down": {"uv": [8, 0, 14, 4], "texture": "#0"}
			}
		},
		{
			"from": [5, 14, 5],
			"to": [11, 15, 11],
			"faces": {
				"north": {"uv": [8, 0, 14, 1], "texture": "#0"},
				"east": {"uv": [8, 0, 14, 1], "texture": "#0"},
				"south": {"uv": [8, 0, 14, 1], "texture": "#0"},
				"west": {"uv": [8, 0, 14, 1], "texture": "#0"},
				"up": {"uv": [8, 0, 14, 6], "texture": "#0"},
				"down": {"uv": [8, 0, 14, 6], "texture": "#0"}
			}
		},
		{
			"from": [7, 14, 4],
			"to": [9, 15, 12],
			"faces": {
				"north": {"uv": [8, 0, 10, 1], "texture": "#0"},
				"east": {"uv": [8, 0, 16, 1], "texture": "#0"},
				"south": {"uv": [8, 0, 10, 1], "texture": "#0"},
				"west": {"uv": [8, 0, 16, 1], "texture": "#0"},
				"up": {"uv": [8, 0, 10, 8], "texture": "#0"},
				"down": {"uv": [8, 0, 10, 8], "texture": "#0"}
			}
		},
		{
			"from": [4, 14, 7],
			"to": [12, 15, 9],
			"faces": {
				"north": {"uv": [8, 0, 16, 1], "texture": "#0"},
				"east": {"uv": [8, 0, 10, 1], "texture": "#0"},
				"south": {"uv": [8, 0, 16, 1], "texture": "#0"},
				"west": {"uv": [8, 0, 10, 1], "texture": "#0"},
				"up": {"uv": [8, 0, 16, 2], "texture": "#0"},
				"down": {"uv": [8, 0, 16, 2], "texture": "#0"}
			}
		},
		{
			"from": [4, 11, 7],
			"to": [12, 12, 9],
			"faces": {
				"north": {"uv": [8, 0, 16, 1], "texture": "#0"},
				"east": {"uv": [8, 0, 10, 1], "texture": "#0"},
				"south": {"uv": [8, 0, 16, 1], "texture": "#0"},
				"west": {"uv": [8, 0, 10, 1], "texture": "#0"},
				"up": {"uv": [8, 0, 16, 2], "texture": "#0"},
				"down": {"uv": [8, 0, 16, 2], "texture": "#0"}
			}
		},
		{
			"from": [7, 11, 4],
			"to": [9, 12, 12],
			"faces": {
				"north": {"uv": [8, 0, 10, 1], "texture": "#0"},
				"east": {"uv": [8, 0, 16, 1], "texture": "#0"},
				"south": {"uv": [8, 0, 10, 1], "texture": "#0"},
				"west": {"uv": [8, 0, 16, 1], "texture": "#0"},
				"up": {"uv": [8, 0, 10, 8], "texture": "#0"},
				"down": {"uv": [8, 0, 10, 8], "texture": "#0"}
			}
		},
		{
			"from": [5, 11, 5],
			"to": [11, 12, 11],
			"faces": {
				"north": {"uv": [8, 0, 14, 1], "texture": "#0"},
				"east": {"uv": [8, 0, 14, 1], "texture": "#0"},
				"south": {"uv": [8, 0, 14, 1], "texture": "#0"},
				"west": {"uv": [8, 0, 14, 1], "texture": "#0"},
				"up": {"uv": [8, 0, 14, 6], "texture": "#0"},
				"down": {"uv": [8, 0, 14, 6], "texture": "#0"}
			}
		},
		{
			"from": [5, 10, 6],
			"to": [11, 11, 10],
			"faces": {
				"north": {"uv": [8, 0, 14, 1], "texture": "#0"},
				"east": {"uv": [8, 0, 12, 1], "texture": "#0"},
				"south": {"uv": [8, 0, 14, 1], "texture": "#0"},
				"west": {"uv": [8, 0, 12, 1], "texture": "#0"},
				"up": {"uv": [8, 0, 14, 4], "texture": "#0"},
				"down": {"uv": [8, 0, 14, 4], "texture": "#0"}
			}
		},
		{
			"from": [6, 10, 5],
			"to": [10, 11, 11],
			"faces": {
				"north": {"uv": [8, 0, 12, 1], "texture": "#0"},
				"east": {"uv": [8, 0, 14, 1], "texture": "#0"},
				"south": {"uv": [8, 0, 12, 1], "texture": "#0"},
				"west": {"uv": [8, 0, 14, 1], "texture": "#0"},
				"up": {"uv": [8, 0, 12, 6], "texture": "#0"},
				"down": {"uv": [8, 0, 12, 6], "texture": "#0"}
			}
		},
		{
			"from": [6, 9, 7],
			"to": [10, 10, 9],
			"faces": {
				"north": {"uv": [8, 0, 12, 1], "texture": "#0"},
				"east": {"uv": [8, 0, 10, 1], "texture": "#0"},
				"south": {"uv": [8, 0, 12, 1], "texture": "#0"},
				"west": {"uv": [8, 0, 10, 1], "texture": "#0"},
				"up": {"uv": [8, 0, 12, 2], "texture": "#0"},
				"down": {"uv": [8, 0, 12, 2], "texture": "#0"}
			}
		},
		{
			"from": [7, 9, 6],
			"to": [9, 10, 10],
			"faces": {
				"north": {"uv": [8, 0, 10, 1], "texture": "#0"},
				"east": {"uv": [8, 0, 12, 1], "texture": "#0"},
				"south": {"uv": [8, 0, 10, 1], "texture": "#0"},
				"west": {"uv": [8, 0, 12, 1], "texture": "#0"},
				"up": {"uv": [8, 0, 10, 4], "texture": "#0"},
				"down": {"uv": [8, 0, 10, 4], "texture": "#0"}
			}
		}
	],
	"display": {
		"firstperson_righthand": {
			"rotation": [-22, 15, -5],
			"translation": [2.75, 1.5, 1.25],
			"scale": [0.5, 0.5, 0.5]
		},
		"firstperson_lefthand": {
			"rotation": [-22, 15, -5],
			"translation": [2.75, 1.5, 1.25],
			"scale": [0.5, 0.5, 0.5]
		},
		"ground": {
			"translation": [0, 2, 0],
			"scale": [0.7, 0.7, 0.7]
		},
		"gui": {
			"rotation": [0, 10, 45],
			"translation": [4.25, -4, 0],
			"scale": [0.7, 0.7, 0.7]
		},
		"head": {
			"rotation": [0, 0, 90],
			"translation": [5.75, -4.5, -7.5],
			"scale": [0.5, 0.5, 0.5]
		},
		"fixed": {
			"rotation": [-12, 17, 45],
			"translation": [6.5, -7.5, -2.75]
		}
	},
	"groups": [
		0,
		1,
		{
			"name": "group",
			"origin": [0, 0, 0],
			"color": 0,
			"children": [2, 3, 4, 5, 6, 7, 8, 9, 10, 11, 12, 13, 14, 15, 16, 17, 18]
		},
		{
			"name": "group",
			"origin": [0, 0, 0],
			"color": 0,
			"children": [19, 20, 21, 22, 23, 24, 25, 26, 27, 28, 29, 30, 31, 32, 33]
		},
		{
			"name": "group",
			"origin": [0, 0, 0],
			"color": 0,
			"children": [34, 35, 36, 37, 38, 39, 40, 41, 42, 43, 44, 45, 46, 47, 48]
		}
	]
}