{
	"credit": "Copyright © 2021-2099 Ikaho-Onsen Minecraft Server. All rights reserved.",
	"texture_size": [32, 32],
	"textures": {
		"1": "minecraft:item/shushi_table",
		"5": "item/shushi",
		"particle": "minecraft:item/shushi"
	},
	"elements": [
		{
			"from": [1, 7.5, 3],
			"to": [15, 8.5, 13],
			"rotation": {"angle": 0, "axis": "y", "origin": [0, 0.5, 0]},
			"faces": {
				"north": {"uv": [7, 7, 14, 7.5], "texture": "#1"},
				"east": {"uv": [8, 2, 13, 2.5], "texture": "#1"},
				"south": {"uv": [7, 7.5, 14, 8], "texture": "#1"},
				"west": {"uv": [8, 2.5, 13, 3], "texture": "#1"},
				"up": {"uv": [7, 5, 0, 0], "texture": "#1"},
				"down": {"uv": [7, 5, 0, 10], "texture": "#1"}
			}
		},
		{
			"from": [3, 5.5, 3],
			"to": [5, 7.5, 13],
			"rotation": {"angle": 0, "axis": "y", "origin": [0, 0.5, 0]},
			"faces": {
				"north": {"uv": [8, 3, 9, 4], "texture": "#1"},
				"east": {"uv": [7, 0, 12, 1], "texture": "#1"},
				"south": {"uv": [8, 4, 9, 5], "texture": "#1"},
				"west": {"uv": [7, 1, 12, 2], "texture": "#1"},
				"down": {"uv": [8, 2, 7, 7], "texture": "#1"}
			}
		},
		{
			"from": [11, 5.5, 3],
			"to": [13, 7.5, 13],
			"rotation": {"angle": 0, "axis": "y", "origin": [16, 0.5, 0]},
			"faces": {
				"north": {"uv": [9, 3, 8, 4], "texture": "#1"},
				"east": {"uv": [12, 1, 7, 2], "texture": "#1"},
				"south": {"uv": [9, 4, 8, 5], "texture": "#1"},
				"west": {"uv": [12, 0, 7, 1], "texture": "#1"},
				"down": {"uv": [7, 2, 8, 7], "texture": "#1"}
			}
		},
		{
			"from": [9.5, 8, 4],
			"to": [13.5, 12, 12],
			"rotation": {"angle": 0, "axis": "y", "origin": [11.5, 10, 8]},
			"faces": {
				"north": {"uv": [10, 2, 12, 4], "texture": "#5"},
				"east": {"uv": [8, 4, 12, 6], "texture": "#5"},
				"south": {"uv": [12, 2, 10, 4], "texture": "#5"},
				"west": {"uv": [8, 4, 12, 6], "texture": "#5"},
				"up": {"uv": [14, 8, 12, 4], "texture": "#5"},
				"down": {"uv": [16, 0, 14, 4], "texture": "#5"}
			}
		},
		{
			"from": [3.5, 8, 4],
			"to": [7.5, 12, 12],
			"rotation": {"angle": 22.5, "axis": "y", "origin": [5.5, 10, 8]},
			"faces": {
				"north": {"uv": [10, 2, 12, 4], "texture": "#5"},
				"east": {"uv": [8, 4, 12, 6], "texture": "#5"},
				"south": {"uv": [12, 2, 10, 4], "texture": "#5"},
				"west": {"uv": [8, 4, 12, 6], "texture": "#5"},
				"up": {"uv": [14, 8, 12, 4], "texture": "#5"},
				"down": {"uv": [16, 0, 14, 4], "texture": "#5"}
			}
		}
	],
	"gui_light": "front",
	"display": {
		"thirdperson_righthand": {
			"rotation": [70, 0, 0],
			"translation": [-5.5, 2.25, -1],
			"scale": [0.7, 0.7, 0.7]
		},
		"thirdperson_lefthand": {
			"rotation": [70, 0, 0],
			"translation": [-5.5, 2.25, -1],
			"scale": [0.7, 0.7, 0.7]
		},
		"firstperson_righthand": {
			"translation": [-9.25, 0, 0],
			"scale": [0.7, 0.7, 0.7]
		},
		"firstperson_lefthand": {
			"translation": [-9.25, 0, 0],
			"scale": [0.7, 0.7, 0.7]
		},
		"ground": {
			"translation": [0, 3, 0],
			"scale": [0.8, 0.8, 0.8]
		},
		"gui": {
			"rotation": [45, -45, 0],
			"scale": [0.88, 0.88, 0.88]
		},
		"head": {
			"translation": [0, 10, 0],
			"scale": [1.5, 1.5, 1.5]
		},
		"fixed": {
			"rotation": [-90, 0, 0],
			"translation": [0, 0, -4.95],
			"scale": [2, 2, 2]
		}
	},
	"groups": [
		{
			"name": "table",
			"origin": [7, 7, 7],
			"color": 0,
			"nbt": "{}",
			"armAnimationEnabled": false,
			"children": [0, 1, 2]
		},
		{
			"name": "shushi_04",
			"origin": [7, 7, 7],
			"color": 0,
			"nbt": "{}",
			"armAnimationEnabled": false,
			"children": [3, 4]
		}
	]
}