{
	"credit": "Copyright © 2021-2099 Ikaho-Onsen Minecraft Server. All rights reserved.",
	"textures": {
		"0": "minecraft:item/colorfulfish",
		"particle": "minecraft:item/colorfulfish"
	},
	"elements": [
		{
			"from": [5.4, 2.3, 5.3],
			"to": [10.6, 3.3, 10.5],
			"rotation": {"angle": 0, "axis": "y", "origin": [6.4, 1.5, 6.3]},
			"faces": {
				"north": {"uv": [0, 0, 5.2, 1], "texture": "#0"},
				"east": {"uv": [0, 0, 5.2, 1], "texture": "#0"},
				"south": {"uv": [0, 0, 5.2, 1], "texture": "#0"},
				"west": {"uv": [0, 0, 5.2, 1], "texture": "#0"},
				"up": {"uv": [0, 0, 5.2, 5.2], "texture": "#0"},
				"down": {"uv": [0, 0, 5.2, 5.2], "texture": "#missing"}
			}
		},
		{
			"from": [5.2, 1.3, 5.2],
			"to": [10.8, 2.3, 10.8],
			"rotation": {"angle": 0, "axis": "y", "origin": [6.2, 1.5, 6.2]},
			"faces": {
				"north": {"uv": [0, 0, 5.6, 1], "texture": "#0"},
				"east": {"uv": [0, 0, 5.6, 1], "texture": "#0"},
				"south": {"uv": [0, 0, 5.6, 1], "texture": "#0"},
				"west": {"uv": [0, 0, 5.6, 1], "texture": "#0"},
				"up": {"uv": [0, 0, 5.6, 5.6], "texture": "#0"},
				"down": {"uv": [0, 0, 5.6, 5.6], "texture": "#missing"}
			}
		},
		{
			"from": [4.9, 0.3, 4.9],
			"to": [11.1, 1.3, 11.1],
			"rotation": {"angle": 0, "axis": "y", "origin": [5.9, 1.5, 5.9]},
			"faces": {
				"north": {"uv": [0, 0, 6.2, 1], "texture": "#0"},
				"east": {"uv": [0, 0, 6.2, 1], "texture": "#0"},
				"south": {"uv": [0, 0, 6.2, 1], "texture": "#0"},
				"west": {"uv": [0, 0, 6.2, 1], "texture": "#0"},
				"up": {"uv": [0, 0, 6.2, 6.2], "texture": "#0"},
				"down": {"uv": [0, 0, 6.2, 6.2], "texture": "#missing"}
			}
		},
		{
			"from": [7.5, 9.3, 7.4],
			"to": [8.5, 10.3, 8.4],
			"rotation": {"angle": 0, "axis": "y", "origin": [6.5, 1.5, 6.4]},
			"faces": {
				"north": {"uv": [0, 0, 1, 1], "texture": "#0"},
				"east": {"uv": [0, 0, 1, 1], "texture": "#0"},
				"south": {"uv": [0, 0, 1, 1], "texture": "#0"},
				"west": {"uv": [0, 0, 1, 1], "texture": "#0"},
				"up": {"uv": [0, 0, 1, 1], "texture": "#0"},
				"down": {"uv": [0, 0, 1, 1], "texture": "#missing"}
			}
		},
		{
			"from": [7.2, 8.3, 7.1],
			"to": [8.8, 9.3, 8.7],
			"rotation": {"angle": 0, "axis": "y", "origin": [7.2, 1.5, 7.1]},
			"faces": {
				"north": {"uv": [0, 15, 15.6, 16], "texture": "#0"},
				"east": {"uv": [0, 15, 15.6, 16], "texture": "#0"},
				"south": {"uv": [0, 15, 14.6, 16], "texture": "#0"},
				"west": {"uv": [0, 15, 14.6, 16], "texture": "#0"},
				"up": {"uv": [4, 1, 5.6, 2.6], "texture": "#0"},
				"down": {"uv": [0, 0, 1.6, 1.6], "texture": "#missing"}
			}
		},
		{
			"from": [6.9, 7.3, 6.8],
			"to": [9.1, 8.3, 9],
			"rotation": {"angle": 0, "axis": "y", "origin": [7.9, 1.5, 7.8]},
			"faces": {
				"north": {"uv": [0, 10, 16, 13], "texture": "#0"},
				"east": {"uv": [0, 10, 16, 13], "texture": "#0"},
				"south": {"uv": [0, 10, 16, 13], "texture": "#0"},
				"west": {"uv": [0, 10, 16, 13], "texture": "#0"},
				"up": {"uv": [0, 3, 2.2, 5.2], "texture": "#0"},
				"down": {"uv": [0, 0, 2.2, 2.2], "texture": "#missing"}
			}
		},
		{
			"from": [6.6, 6.3, 6.5],
			"to": [9.4, 7.3, 9.3],
			"rotation": {"angle": 0, "axis": "y", "origin": [7.6, 1.5, 7.5]},
			"faces": {
				"north": {"uv": [0, 0, 2.8, 1], "texture": "#0"},
				"east": {"uv": [0, 0, 2.8, 1], "texture": "#0"},
				"south": {"uv": [0, 0, 2.8, 1], "texture": "#0"},
				"west": {"uv": [0, 0, 2.8, 1], "texture": "#0"},
				"up": {"uv": [0, 0, 2.8, 2.8], "texture": "#0"},
				"down": {"uv": [0, 0, 2.8, 2.8], "texture": "#missing"}
			}
		},
		{
			"from": [6.3, 5.3, 6.2],
			"to": [9.7, 6.3, 9.6],
			"rotation": {"angle": 0, "axis": "y", "origin": [7.3, 1.5, 7.2]},
			"faces": {
				"north": {"uv": [0, 0, 3.4, 1], "texture": "#0"},
				"east": {"uv": [0, 0, 3.4, 1], "texture": "#0"},
				"south": {"uv": [0, 0, 3.4, 1], "texture": "#0"},
				"west": {"uv": [0, 0, 3.4, 1], "texture": "#0"},
				"up": {"uv": [0, 0, 3.4, 3.4], "texture": "#0"},
				"down": {"uv": [0, 0, 3.4, 3.4], "texture": "#missing"}
			}
		},
		{
			"from": [6, 4.3, 5.9],
			"to": [10, 5.3, 9.9],
			"rotation": {"angle": 0, "axis": "y", "origin": [7, 1.5, 6.9]},
			"faces": {
				"north": {"uv": [0, 0, 4, 1], "texture": "#0"},
				"east": {"uv": [0, 0, 4, 1], "texture": "#0"},
				"south": {"uv": [0, 0, 4, 1], "texture": "#0"},
				"west": {"uv": [0, 0, 4, 1], "texture": "#0"},
				"up": {"uv": [0, 0, 4, 4], "texture": "#0"},
				"down": {"uv": [0, 0, 4, 4], "texture": "#missing"}
			}
		},
		{
			"from": [5.7, 3.3, 5.6],
			"to": [10.3, 4.3, 10.2],
			"rotation": {"angle": 0, "axis": "y", "origin": [6.7, 1.5, 6.6]},
			"faces": {
				"north": {"uv": [0, 0, 4.6, 1], "texture": "#0"},
				"east": {"uv": [0, 0, 4.6, 1], "texture": "#0"},
				"south": {"uv": [0, 0, 4.6, 1], "texture": "#0"},
				"west": {"uv": [0, 0, 4.6, 1], "texture": "#0"},
				"up": {"uv": [0, 0, 4.6, 4.6], "texture": "#0"},
				"down": {"uv": [0, 0, 4.6, 4.6], "texture": "#missing"}
			}
		},
		{
			"from": [4, 0, 4],
			"to": [12, 0.3, 12],
			"rotation": {"angle": 0, "axis": "y", "origin": [4, 0, 4]},
			"faces": {
				"north": {"uv": [0, 0, 8, 0.3], "texture": "#0"},
				"east": {"uv": [0, 0, 8, 0.3], "texture": "#0"},
				"south": {"uv": [0, 0, 8, 0.3], "texture": "#0"},
				"west": {"uv": [0, 0, 8, 0.3], "texture": "#0"},
				"up": {"uv": [0, 0, 8, 8], "texture": "#0"},
				"down": {"uv": [8, 3, 16, 11], "texture": "#0"}
			}
		}
	],
	"display": {
		"thirdperson_righthand": {
			"translation": [-0.25, 2.25, -1.75],
			"scale": [0.5, 0.5, 0.5]
		},
		"thirdperson_lefthand": {
			"translation": [-0.5, 3.25, -1.5],
			"scale": [0.5, 0.5, 0.5]
		},
		"firstperson_righthand": {
			"rotation": [0, -5, 0],
			"translation": [2.5, 7.5, 1.5]
		},
		"firstperson_lefthand": {
			"translation": [3.75, 2.75, 1.25]
		},
		"ground": {
			"translation": [-1.5, 3.5, 0.5]
		},
		"gui": {
			"rotation": [5, 34, 0],
			"translation": [0, 4, 0]
		},
		"head": {
			"rotation": [0, 0, -35],
			"translation": [10, 13, 0.25]
		},
		"fixed": {
			"rotation": [-90, 0, 0],
			"translation": [0, 0, -16],
			"scale": [2, 2, 2]
		}
	},
	"groups": [
		{
			"name": "group",
			"origin": [8, 8, 8],
			"color": 0,
			"children": [0, 1, 2, 3, 4, 5, 6, 7, 8, 9]
		},
		10
	]
}