{
	"credit": "Copyright © 2021-2099 Ikaho-Onsen Minecraft Server. All rights reserved.",
	"texture_size": [64, 64],
	"textures": {
		"0": "minecraft:item/ling_texture"
	},
	"elements": [
		{
			"name": "dick",
			"from": [6.4, 14.95451, 10.23988],
			"to": [9.6, 18.15451, 16.33988],
			"rotation": {"angle": -22.5, "axis": "x", "origin": [8, 18.63524, 9.54436]},
			"faces": {
				"east": {"uv": [6.75, 4, 8.25, 4.75], "texture": "#0"},
				"south": {"uv": [7.5, 3, 8.25, 3.75], "texture": "#0"},
				"west": {"uv": [6.75, 4.75, 8.25, 5.5], "texture": "#0"},
				"up": {"uv": [7.75, 1.5, 7, 0], "texture": "#0"},
				"down": {"uv": [2, 7.25, 1.25, 8.75], "texture": "#0"}
			}
		},
		{
			"name": "dick",
			"from": [6.5, 15.05451, 10.23988],
			"to": [9.5, 18.05451, 16.23988],
			"rotation": {"angle": -22.5, "axis": "x", "origin": [8, 18.63524, 9.54436]},
			"faces": {
				"north": {"uv": [2.5, 8, 3.25, 8.75], "texture": "#0"},
				"east": {"uv": [2, 7.25, 3.5, 8], "texture": "#0"},
				"south": {"uv": [5, 8, 5.75, 8.75], "texture": "#0"},
				"west": {"uv": [5, 7.25, 6.5, 8], "texture": "#0"},
				"up": {"uv": [8, 7, 7.25, 5.5], "texture": "#0"},
				"down": {"uv": [8, 7, 7.25, 8.5], "texture": "#0"}
			}
		},
		{
			"name": "dick",
			"from": [6, 2, 6],
			"to": [10, 12, 10],
			"rotation": {"angle": 0, "axis": "y", "origin": [9.05, 12.25, 6.52256]},
			"faces": {
				"north": {"uv": [4.25, 1.75, 5.25, 4.25], "texture": "#0"},
				"east": {"uv": [4.25, 4.25, 5.25, 6.75], "texture": "#0"},
				"south": {"uv": [2.5, 4.75, 3.5, 7.25], "texture": "#0"},
				"west": {"uv": [5.25, 1.75, 6.25, 4.25], "texture": "#0"},
				"down": {"uv": [1, 7.5, 0, 8.5], "texture": "#0"}
			}
		},
		{
			"name": "dick",
			"from": [5.5, 20, 4.95],
			"to": [10.5, 32, 9.95],
			"rotation": {"angle": 22.5, "axis": "x", "origin": [9.05, 20.25, 5.77256]},
			"faces": {
				"north": {"uv": [0, 0, 1.25, 3], "texture": "#0"},
				"east": {"uv": [1.25, 0, 2.5, 3], "texture": "#0"},
				"south": {"uv": [2.5, 0, 3.75, 3], "texture": "#0"},
				"west": {"uv": [0, 3, 1.25, 6], "texture": "#0"},
				"up": {"uv": [2.5, 7.25, 1.25, 6], "texture": "#0"},
				"down": {"uv": [7.5, 2.75, 6.25, 4], "texture": "#0"}
			}
		},
		{
			"name": "dick",
			"from": [6.5, 21, 5.25],
			"to": [9.5, 24, 10.25],
			"rotation": {"angle": 22.5, "axis": "x", "origin": [9.05, 20.25, 5.77256]},
			"faces": {
				"north": {"uv": [0, 0, 0, 0], "texture": "#0"},
				"south": {"uv": [8, 5.5, 8.75, 6.25], "texture": "#0"}
			}
		},
		{
			"name": "dick",
			"from": [5.25, 25, 4.725],
			"to": [10.75, 31.25, 9.95],
			"rotation": {"angle": 22.5, "axis": "x", "origin": [9.05, 20.25, 5.77256], "rescale": true},
			"faces": {
				"north": {"uv": [5.25, 4.25, 6.75, 5.75], "texture": "#0"},
				"east": {"uv": [5.25, 5.75, 6.5, 7.25], "texture": "#0"},
				"south": {"uv": [5.5, 0, 7, 1.5], "texture": "#0"},
				"west": {"uv": [0, 6, 1.25, 7.5], "texture": "#0"},
				"up": {"uv": [7.75, 2.75, 6.25, 1.5], "texture": "#0"}
			}
		},
		{
			"name": "dick",
			"from": [6.5, 30.66799, 10.31405],
			"to": [9.5, 31, 13.31405],
			"rotation": {"angle": 22.5, "axis": "x", "origin": [8, 30.55379, 11.30284]},
			"faces": {
				"north": {"uv": [5.5, 1.5, 6.25, 1.75], "texture": "#0"},
				"east": {"uv": [8.25, 3.5, 9, 3.75], "texture": "#0"},
				"south": {"uv": [8.25, 7.75, 9, 8], "texture": "#0"},
				"west": {"uv": [8.25, 8, 9, 8.25], "texture": "#0"},
				"up": {"uv": [6.5, 8.75, 5.75, 8], "texture": "#0"},
				"down": {"uv": [8.75, 6.25, 8, 7], "texture": "#0"}
			}
		},
		{
			"name": "dick",
			"from": [4.5, 12, 4.5],
			"to": [11.5, 13, 11.5],
			"rotation": {"angle": 0, "axis": "y", "origin": [9.05, 12.25, 6.52256]},
			"faces": {
				"north": {"uv": [7.5, 3.75, 9.25, 4], "texture": "#0"},
				"east": {"uv": [8, 7, 9.75, 7.25], "texture": "#0"},
				"south": {"uv": [8, 7.25, 9.75, 7.5], "texture": "#0"},
				"west": {"uv": [8, 7.5, 9.75, 7.75], "texture": "#0"},
				"up": {"uv": [4.25, 4.75, 2.5, 3], "texture": "#0"},
				"down": {"uv": [5.5, 0, 3.75, 1.75], "texture": "#0"}
			}
		},
		{
			"name": "dick",
			"from": [7.1, 4, 10],
			"to": [9.1, 8, 11],
			"rotation": {"angle": 0, "axis": "y", "origin": [9.05, 12.25, 6.52256]},
			"faces": {
				"east": {"uv": [8.25, 0, 8.5, 1], "texture": "#0"},
				"south": {"uv": [3.75, 1.75, 4.25, 2.75], "texture": "#0"},
				"west": {"uv": [8.25, 1, 8.5, 2], "texture": "#0"},
				"up": {"uv": [4.25, 3, 3.75, 2.75], "texture": "#0"},
				"down": {"uv": [6.75, 4, 6.25, 4.25], "texture": "#0"}
			}
		},
		{
			"name": "dick",
			"from": [7, 9, 10],
			"to": [9, 11, 11],
			"rotation": {"angle": 0, "axis": "y", "origin": [9.05, 12.25, 6.52256]},
			"faces": {
				"east": {"uv": [5, 6.75, 5.25, 7.25], "texture": "#0"},
				"south": {"uv": [8.25, 2, 8.75, 2.5], "texture": "#0"},
				"west": {"uv": [0.5, 8.5, 0.75, 9], "texture": "#0"},
				"up": {"uv": [7.25, 5.75, 6.75, 5.5], "texture": "#0"},
				"down": {"uv": [9, 0.75, 8.5, 1], "texture": "#0"}
			}
		},
		{
			"name": "dick",
			"from": [7, 12.61836, 7.95487],
			"to": [9, 18.61836, 9.95487],
			"rotation": {"angle": 22.5, "axis": "x", "origin": [9.05, 12.25, 8.52256]},
			"faces": {
				"north": {"uv": [7.75, 0, 8.25, 1.5], "texture": "#0"},
				"east": {"uv": [7.75, 1.5, 8.25, 3], "texture": "#0"},
				"south": {"uv": [6.5, 7.75, 7, 9.25], "texture": "#0"},
				"west": {"uv": [2, 8, 2.5, 9.5], "texture": "#0"}
			}
		},
		{
			"name": "dick",
			"from": [7, 0, 7],
			"to": [9, 2, 9],
			"rotation": {"angle": 0, "axis": "y", "origin": [9.05, 12.25, 6.52256]},
			"faces": {
				"north": {"uv": [8.25, 2.5, 8.75, 3], "texture": "#0"},
				"east": {"uv": [8.25, 3, 8.75, 3.5], "texture": "#0"},
				"south": {"uv": [8.25, 4, 8.75, 4.5], "texture": "#0"},
				"west": {"uv": [8.25, 4.5, 8.75, 5], "texture": "#0"},
				"down": {"uv": [8.75, 5, 8.25, 5.5], "texture": "#0"}
			}
		},
		{
			"name": "dick",
			"from": [7.5, -5, 7.5],
			"to": [8.5, 0, 8.5],
			"rotation": {"angle": 0, "axis": "y", "origin": [9.05, 12.25, 6.52256]},
			"faces": {
				"north": {"uv": [1, 7.5, 1.25, 8.75], "texture": "#0"},
				"east": {"uv": [7, 7.75, 7.25, 9], "texture": "#0"},
				"south": {"uv": [3.25, 8, 3.5, 9.25], "texture": "#0"},
				"west": {"uv": [8, 7.75, 8.25, 9], "texture": "#0"},
				"up": {"uv": [0, 0, 0, 0], "texture": "#0"},
				"down": {"uv": [7.75, 2.75, 7.5, 3], "texture": "#0"}
			}
		},
		{
			"name": "dick",
			"from": [7.5, -8, 8.5],
			"to": [8.5, -5, 9.5],
			"rotation": {"angle": 0, "axis": "y", "origin": [9.05, 12.25, 6.52256]},
			"faces": {
				"north": {"uv": [8.25, 8.25, 8.5, 9], "texture": "#0"},
				"east": {"uv": [0, 8.5, 0.25, 9.25], "texture": "#0"},
				"south": {"uv": [8.5, 0, 8.75, 0.75], "texture": "#0"},
				"west": {"uv": [0.25, 8.5, 0.5, 9.25], "texture": "#0"},
				"up": {"uv": [1, 8.75, 0.75, 8.5], "texture": "#0"},
				"down": {"uv": [8.75, 1, 8.5, 1.25], "texture": "#0"}
			}
		},
		{
			"name": "dick",
			"from": [6.5, 12, 5.75],
			"to": [9.5, 20, 8.75],
			"rotation": {"angle": 0, "axis": "y", "origin": [8, 17.5, 7.25]},
			"faces": {
				"north": {"uv": [3.5, 4.75, 4.25, 6.75], "texture": "#0"},
				"east": {"uv": [6.5, 5.75, 7.25, 7.75], "texture": "#0"},
				"south": {"uv": [3.5, 6.75, 4.25, 8.75], "texture": "#0"},
				"west": {"uv": [4.25, 6.75, 5, 8.75], "texture": "#0"}
			}
		}
	],
	"display": {
		"thirdperson_righthand": {
			"translation": [0, 1.75, 0],
			"scale": [0.95, 1, 1]
		},
		"thirdperson_lefthand": {
			"scale": [0.95, 1, 1]
		},
		"ground": {
			"translation": [0, 14.25, 0]
		},
		"gui": {
			"rotation": [-45, 22.5, 45],
			"translation": [1.25, -3.25, 0],
			"scale": [0.7, 0.7, 0.7]
		},
		"head": {
			"rotation": [-57, 0, 0],
			"translation": [0, 5.25, -8.5]
		},
		"fixed": {
			"rotation": [-90, 45, 90],
			"translation": [0, 0, -1.75]
		}
	},
	"groups": [
		{
			"name": "ling",
			"origin": [8, 17.5, 7.25],
			"color": 0,
			"children": [0, 1, 2, 3, 4, 5, 6, 7, 8, 9, 10, 11, 12, 13, 14]
		}
	]
}