{
	"credit": "Copyright © 2021-2099 Ikaho-Onsen Minecraft Server. All rights reserved.",
	"textures": {
		"0": "minecraft:item/dogdog2",
		"particle": "minecraft:item/dogdog2"
	},
	"elements": [
		{
			"from": [6.25, 0.5, 7.5],
			"to": [9.75, 1.5, 8.5],
			"faces": {
				"north": {"uv": [12.5, 14, 16, 15], "texture": "#0"},
				"east": {"uv": [12.5, 14, 13.5, 15], "texture": "#0"},
				"south": {"uv": [12.5, 14, 16, 15], "texture": "#0"},
				"west": {"uv": [12.5, 14, 13.5, 15], "texture": "#0"},
				"up": {"uv": [12.5, 14, 16, 15], "texture": "#0"},
				"down": {"uv": [12.5, 14, 16, 15], "texture": "#0"}
			}
		},
		{
			"from": [8.25, 0, 7.5],
			"to": [9.25, 0.5, 8.5],
			"faces": {
				"north": {"uv": [12.5, 14, 13.5, 14.5], "texture": "#0"},
				"east": {"uv": [12.5, 14, 13.5, 14.5], "texture": "#0"},
				"south": {"uv": [12.5, 14, 13.5, 14.5], "texture": "#0"},
				"west": {"uv": [12.5, 14, 13.5, 14.5], "texture": "#0"},
				"up": {"uv": [12.5, 14, 13.5, 15], "texture": "#0"},
				"down": {"uv": [12.5, 14, 13.5, 15], "texture": "#0"}
			}
		},
		{
			"from": [8.25, 1.5, 7.5],
			"to": [9.25, 2, 8.5],
			"faces": {
				"north": {"uv": [12.5, 14, 13.5, 14.5], "texture": "#0"},
				"east": {"uv": [12.5, 14, 13.5, 14.5], "texture": "#0"},
				"south": {"uv": [12.5, 14, 13.5, 14.5], "texture": "#0"},
				"west": {"uv": [12.5, 14, 13.5, 14.5], "texture": "#0"},
				"up": {"uv": [12.5, 14, 13.5, 15], "texture": "#0"},
				"down": {"uv": [12.5, 14, 13.5, 15], "texture": "#0"}
			}
		},
		{
			"from": [8.25, 0.5, 7],
			"to": [9.25, 1.5, 9],
			"faces": {
				"north": {"uv": [12.5, 14, 13.5, 15], "texture": "#0"},
				"east": {"uv": [12.5, 14, 14.5, 15], "texture": "#0"},
				"south": {"uv": [12.5, 14, 13.5, 15], "texture": "#0"},
				"west": {"uv": [12.5, 14, 14.5, 15], "texture": "#0"},
				"up": {"uv": [12.5, 14, 13.5, 16], "texture": "#0"},
				"down": {"uv": [12.5, 14, 13.5, 16], "texture": "#0"}
			}
		},
		{
			"from": [6.75, 0.5, 7],
			"to": [7.75, 1.5, 9],
			"faces": {
				"north": {"uv": [12.5, 14, 13.5, 15], "texture": "#0"},
				"east": {"uv": [12.5, 14, 14.5, 15], "texture": "#0"},
				"south": {"uv": [12.5, 14, 13.5, 15], "texture": "#0"},
				"west": {"uv": [12.5, 14, 14.5, 15], "texture": "#0"},
				"up": {"uv": [12.5, 14, 13.5, 16], "texture": "#0"},
				"down": {"uv": [12.5, 14, 13.5, 16], "texture": "#0"}
			}
		},
		{
			"from": [6.75, 1.5, 7.5],
			"to": [7.75, 2, 8.5],
			"faces": {
				"north": {"uv": [12.5, 14, 13.5, 14.5], "texture": "#0"},
				"east": {"uv": [12.5, 14, 13.5, 14.5], "texture": "#0"},
				"south": {"uv": [12.5, 14, 13.5, 14.5], "texture": "#0"},
				"west": {"uv": [12.5, 14, 13.5, 14.5], "texture": "#0"},
				"up": {"uv": [12.5, 14, 13.5, 15], "texture": "#0"},
				"down": {"uv": [12.5, 14, 13.5, 15], "texture": "#0"}
			}
		},
		{
			"from": [6.75, 0, 7.5],
			"to": [7.75, 0.5, 8.5],
			"faces": {
				"north": {"uv": [12.5, 14, 13.5, 14.5], "texture": "#0"},
				"east": {"uv": [12.5, 14, 13.5, 14.5], "texture": "#0"},
				"south": {"uv": [12.5, 14, 13.5, 14.5], "texture": "#0"},
				"west": {"uv": [12.5, 14, 13.5, 14.5], "texture": "#0"},
				"up": {"uv": [12.5, 14, 13.5, 15], "texture": "#0"},
				"down": {"uv": [12.5, 14, 13.5, 15], "texture": "#0"}
			}
		},
		{
			"from": [7.375, 1, 7.375],
			"to": [8.625, 7, 8.625],
			"faces": {
				"north": {"uv": [14.75, 10, 16, 16], "texture": "#0"},
				"east": {"uv": [14.75, 10, 16, 16], "texture": "#0"},
				"south": {"uv": [14.75, 10, 16, 16], "texture": "#0"},
				"west": {"uv": [14.75, 10, 16, 16], "texture": "#0"},
				"up": {"uv": [14.75, 10, 16, 11.25], "texture": "#0"},
				"down": {"uv": [14.75, 10, 16, 11.25], "texture": "#0"}
			}
		},
		{
			"from": [7.375, 7, 7.375],
			"to": [8.625, 13, 8.625],
			"faces": {
				"north": {"uv": [14.75, 10, 16, 16], "texture": "#0"},
				"east": {"uv": [14.75, 10, 16, 16], "texture": "#0"},
				"south": {"uv": [14.75, 10, 16, 16], "texture": "#0"},
				"west": {"uv": [14.75, 10, 16, 16], "texture": "#0"},
				"up": {"uv": [14.75, 10, 16, 11.25], "texture": "#0"},
				"down": {"uv": [14.75, 10, 16, 11.25], "texture": "#0"}
			}
		},
		{
			"from": [7.375, 13, 7.375],
			"to": [8.625, 19, 8.625],
			"faces": {
				"north": {"uv": [14.75, 10, 16, 16], "texture": "#0"},
				"east": {"uv": [14.75, 10, 16, 16], "texture": "#0"},
				"south": {"uv": [14.75, 10, 16, 16], "texture": "#0"},
				"west": {"uv": [14.75, 10, 16, 16], "texture": "#0"},
				"up": {"uv": [14.75, 10, 16, 11.25], "texture": "#0"},
				"down": {"uv": [14.75, 10, 16, 11.25], "texture": "#0"}
			}
		},
		{
			"from": [6.25, 18.75, 7.5],
			"to": [9.75, 19.75, 8.5],
			"faces": {
				"north": {"uv": [12.5, 14, 16, 15], "texture": "#0"},
				"east": {"uv": [12.5, 14, 13.5, 15], "texture": "#0"},
				"south": {"uv": [12.5, 14, 16, 15], "texture": "#0"},
				"west": {"uv": [12.5, 14, 13.5, 15], "texture": "#0"},
				"up": {"uv": [12.5, 14, 16, 15], "texture": "#0"},
				"down": {"uv": [12.5, 14, 16, 15], "texture": "#0"}
			}
		},
		{
			"from": [8.25, 18.25, 7.5],
			"to": [9.25, 18.75, 8.5],
			"faces": {
				"north": {"uv": [12.5, 14, 13.5, 14.5], "texture": "#0"},
				"east": {"uv": [12.5, 14, 13.5, 14.5], "texture": "#0"},
				"south": {"uv": [12.5, 14, 13.5, 14.5], "texture": "#0"},
				"west": {"uv": [12.5, 14, 13.5, 14.5], "texture": "#0"},
				"up": {"uv": [12.5, 14, 13.5, 15], "texture": "#0"},
				"down": {"uv": [12.5, 14, 13.5, 15], "texture": "#0"}
			}
		},
		{
			"from": [8.25, 19.75, 7.5],
			"to": [9.25, 20.25, 8.5],
			"faces": {
				"north": {"uv": [12.5, 14, 13.5, 14.5], "texture": "#0"},
				"east": {"uv": [12.5, 14, 13.5, 14.5], "texture": "#0"},
				"south": {"uv": [12.5, 14, 13.5, 14.5], "texture": "#0"},
				"west": {"uv": [12.5, 14, 13.5, 14.5], "texture": "#0"},
				"up": {"uv": [12.5, 14, 13.5, 15], "texture": "#0"},
				"down": {"uv": [12.5, 14, 13.5, 15], "texture": "#0"}
			}
		},
		{
			"from": [8.25, 18.75, 7],
			"to": [9.25, 19.75, 9],
			"faces": {
				"north": {"uv": [12.5, 14, 13.5, 15], "texture": "#0"},
				"east": {"uv": [12.5, 14, 14.5, 15], "texture": "#0"},
				"south": {"uv": [12.5, 14, 13.5, 15], "texture": "#0"},
				"west": {"uv": [12.5, 14, 14.5, 15], "texture": "#0"},
				"up": {"uv": [12.5, 14, 13.5, 16], "texture": "#0"},
				"down": {"uv": [12.5, 14, 13.5, 16], "texture": "#0"}
			}
		},
		{
			"from": [6.75, 18.75, 7],
			"to": [7.75, 19.75, 9],
			"faces": {
				"north": {"uv": [12.5, 14, 13.5, 15], "texture": "#0"},
				"east": {"uv": [12.5, 14, 14.5, 15], "texture": "#0"},
				"south": {"uv": [12.5, 14, 13.5, 15], "texture": "#0"},
				"west": {"uv": [12.5, 14, 14.5, 15], "texture": "#0"},
				"up": {"uv": [12.5, 14, 13.5, 16], "texture": "#0"},
				"down": {"uv": [12.5, 14, 13.5, 16], "texture": "#0"}
			}
		},
		{
			"from": [6.75, 19.75, 7.5],
			"to": [7.75, 20.25, 8.5],
			"faces": {
				"north": {"uv": [12.5, 14, 13.5, 14.5], "texture": "#0"},
				"east": {"uv": [12.5, 14, 13.5, 14.5], "texture": "#0"},
				"south": {"uv": [12.5, 14, 13.5, 14.5], "texture": "#0"},
				"west": {"uv": [12.5, 14, 13.5, 14.5], "texture": "#0"},
				"up": {"uv": [12.5, 14, 13.5, 15], "texture": "#0"},
				"down": {"uv": [12.5, 14, 13.5, 15], "texture": "#0"}
			}
		},
		{
			"from": [6.75, 18.25, 7.5],
			"to": [7.75, 18.75, 8.5],
			"faces": {
				"north": {"uv": [12.5, 14, 13.5, 14.5], "texture": "#0"},
				"east": {"uv": [12.5, 14, 13.5, 14.5], "texture": "#0"},
				"south": {"uv": [12.5, 14, 13.5, 14.5], "texture": "#0"},
				"west": {"uv": [12.5, 14, 13.5, 14.5], "texture": "#0"},
				"up": {"uv": [12.5, 14, 13.5, 15], "texture": "#0"},
				"down": {"uv": [12.5, 14, 13.5, 15], "texture": "#0"}
			}
		}
	],
	"display": {
		"thirdperson_righthand": {
			"rotation": [0, 30, 0],
			"translation": [0, 1, 0]
		},
		"thirdperson_lefthand": {
			"rotation": [0, 30, 0],
			"translation": [0, 1, 0]
		},
		"firstperson_righthand": {
			"rotation": [-23, -73, 0],
			"translation": [0, 2.5, 3.75],
			"scale": [0.5, 0.5, 0.5]
		},
		"firstperson_lefthand": {
			"rotation": [-23, -73, 0],
			"translation": [0, 2.5, 3.75],
			"scale": [0.5, 0.5, 0.5]
		},
		"ground": {
			"rotation": [40, 0, 30],
			"translation": [0, 2.5, 0]
		},
		"gui": {
			"rotation": [47, 30, -48],
			"translation": [-2.5, -3.25, 0]
		},
		"head": {
			"rotation": [40, 0, 90],
			"translation": [4, -4.25, -8.75],
			"scale": [0.5, 0.5, 0.5]
		},
		"fixed": {
			"translation": [0, -7.75, -8],
			"scale": [2, 2, 2]
		}
	},
	"groups": [
		{
			"name": "group",
			"origin": [0, 0, 0],
			"color": 0,
			"children": [0, 1, 2, 3, 4, 5, 6]
		},
		{
			"name": "group",
			"origin": [0, 0, 0],
			"color": 0,
			"children": [7, 8]
		},
		{
			"name": "group",
			"origin": [0, 0, 0],
			"color": 0,
			"children": [9]
		},
		{
			"name": "group",
			"origin": [0, 0, 0],
			"color": 0,
			"children": [10, 11, 12, 13, 14, 15, 16]
		}
	]
}