{
	"credit": "Copyright © 2021-2099 Ikaho-Onsen Minecraft Server. All rights reserved.",
	"texture_size": [64, 64],
	"textures": {
		"1": "minecraft:item/corn_bomb_hat",
		"particle": "minecraft:item/corn_bomb_hat"
	},
	"elements": [
		{
			"from": [3, 3.25355, -11.68579],
			"to": [13, 13.25355, -7.68579],
			"rotation": {"angle": 0, "axis": "x", "origin": [8, 7.36967, 8.88388]},
			"faces": {
				"north": {"uv": [8.5, 6.5, 6, 9], "rotation": 180, "texture": "#1"},
				"east": {"uv": [9, 4, 11.5, 5], "rotation": 270, "texture": "#1"},
				"west": {"uv": [9, 4, 11.5, 5], "rotation": 90, "texture": "#1"},
				"up": {"uv": [9, 2, 11.5, 3], "rotation": 180, "texture": "#1"},
				"down": {"uv": [9, 3, 11.5, 4], "texture": "#1"}
			}
		},
		{
			"from": [2, 2.25355, -7.68579],
			"to": [14, 14.25355, 18.31421],
			"rotation": {"angle": 0, "axis": "x", "origin": [8, 7.36967, 8.88388]},
			"faces": {
				"north": {"uv": [6, 6.5, 3, 9.5], "rotation": 180, "texture": "#1"},
				"east": {"uv": [9, 0, 6, 6.5], "rotation": 270, "texture": "#1"},
				"south": {"uv": [3, 9.5, 0, 6.5], "texture": "#1"},
				"west": {"uv": [6, 0, 9, 6.5], "rotation": 90, "texture": "#1"},
				"up": {"uv": [0, 0, 3, 6.5], "rotation": 180, "texture": "#1"},
				"down": {"uv": [3, 0, 6, 6.5], "texture": "#1"}
			}
		},
		{
			"from": [5, -9.38607, 21.38962],
			"to": [11, -3.38607, 21.38962],
			"rotation": {"angle": -45, "axis": "x", "origin": [8, 7.36967, 8.88388]},
			"faces": {
				"north": {"uv": [1.5, 9.5, 3, 11], "rotation": 180, "texture": "#1"},
				"south": {"uv": [0, 9.5, 1.5, 11], "rotation": 180, "texture": "#1"}
			}
		},
		{
			"from": [3, 3.25355, 18.31421],
			"to": [13, 13.25355, 22.31421],
			"rotation": {"angle": 0, "axis": "x", "origin": [8, 7.36967, 8.88388]},
			"faces": {
				"east": {"uv": [8.5, 9, 11, 10], "rotation": 270, "texture": "#1"},
				"south": {"uv": [11, 9, 8.5, 6.5], "texture": "#1"},
				"west": {"uv": [8.5, 9, 11, 10], "rotation": 90, "texture": "#1"},
				"up": {"uv": [8.5, 9, 11, 10], "rotation": 180, "texture": "#1"},
				"down": {"uv": [8.5, 9, 11, 10], "texture": "#1"}
			}
		},
		{
			"from": [4, 4.25355, 22.31421],
			"to": [12, 12.25355, 25.31421],
			"rotation": {"angle": 0, "axis": "x", "origin": [8, 7.36967, 8.88388]},
			"faces": {
				"east": {"uv": [7, 10, 9, 10.75], "rotation": 270, "texture": "#1"},
				"south": {"uv": [11, 2, 9, 0], "texture": "#1"},
				"west": {"uv": [7, 10, 9, 10.75], "rotation": 90, "texture": "#1"},
				"up": {"uv": [7, 10, 9, 10.75], "rotation": 180, "texture": "#1"},
				"down": {"uv": [7, 10, 9, 10.75], "texture": "#1"}
			}
		}
	],
	"gui_light": "front",
	"display": {
		"thirdperson_righthand": {
			"rotation": [-87, 0, -180],
			"translation": [0, 4.75, 0.5],
			"scale": [0.375, 0.375, 0.375]
		},
		"thirdperson_lefthand": {
			"rotation": [-87, 0, -180],
			"translation": [0, 4.75, 0.5],
			"scale": [0.375, 0.375, 0.375]
		},
		"firstperson_righthand": {
			"rotation": [-90, 0, 82],
			"translation": [2.5, 0, 0],
			"scale": [0.3, 0.3, 0.3]
		},
		"firstperson_lefthand": {
			"rotation": [-90, 0, 82],
			"translation": [2.5, 0, 0],
			"scale": [0.3, 0.3, 0.3]
		},
		"ground": {
			"translation": [0, 2, 12],
			"scale": [0.75, 0.75, 0.75]
		},
		"gui": {
			"rotation": [88, 133, -25],
			"translation": [0.5, 0.5, 0],
			"scale": [0.38, 0.38, 0.38]
		},
		"head": {
			"rotation": [-90, 0, 0],
			"translation": [0, -1, 0],
			"scale": [1.5, 1.5, 1.5]
		},
		"fixed": {
			"rotation": [0, 180, 0],
			"translation": [0, 0, -39.25],
			"scale": [2, 2, 2]
		}
	},
	"groups": [
		{
			"name": "group",
			"origin": [0, -2, 0],
			"color": 0,
			"nbt": "{}",
			"armAnimationEnabled": false,
			"children": [0, 1, 2, 3, 4]
		}
	]
}