{
	"credit": "Copyright © 2021-2099 Ikaho-Onsen Minecraft Server. All rights reserved.",
	"textures": {
		"0": "minecraft:item/tako_hat",
		"particle": "minecraft:item/tako_hat"
	},
	"elements": [
		{
			"from": [2.25521, -3.61909, 10.29993],
			"to": [3.25521, -0.21909, 11.29993],
			"rotation": {"angle": -22.5, "axis": "z", "origin": [14.55521, 3.20591, 11.89993]},
			"faces": {
				"north": {"uv": [15, 8, 16, 11], "rotation": 180, "texture": "#0"},
				"east": {"uv": [15, 8, 16, 11], "texture": "#0"},
				"south": {"uv": [15, 8, 16, 11], "texture": "#0"},
				"west": {"uv": [15, 8, 16, 11], "rotation": 180, "texture": "#0"},
				"up": {"uv": [15, 10, 16, 11], "rotation": 270, "texture": "#0"},
				"down": {"uv": [15, 10, 16, 11], "rotation": 270, "texture": "#0"}
			}
		},
		{
			"from": [1.85521, -3.71909, 10.09993],
			"to": [2.85521, -0.21909, 11.49993],
			"rotation": {"angle": -22.5, "axis": "z", "origin": [14.55521, 3.20591, 11.89993]},
			"faces": {
				"north": {"uv": [0, 0, 3.5, 1], "rotation": 90, "texture": "#0"},
				"east": {"uv": [0, 0, 1.4, 3.5], "texture": "#0"},
				"south": {"uv": [0, 0, 3.5, 1], "rotation": 270, "texture": "#0"},
				"west": {"uv": [0, 0, 1.4, 3.5], "rotation": 180, "texture": "#0"},
				"up": {"uv": [0, 0, 1.4, 1], "rotation": 270, "texture": "#0"},
				"down": {"uv": [0, 0, 1.4, 1], "rotation": 270, "texture": "#0"}
			}
		},
		{
			"from": [1.54095, 4.06215, 9.69993],
			"to": [4.94095, 5.06215, 10.69993],
			"rotation": {"angle": 22.5, "axis": "y", "origin": [3.24095, 4.76215, 10.19993]},
			"faces": {
				"north": {"uv": [15, 8, 16, 11], "rotation": 90, "texture": "#0"},
				"east": {"uv": [15, 10, 16, 11], "texture": "#0"},
				"south": {"uv": [15, 8, 16, 11], "rotation": 90, "texture": "#0"},
				"west": {"uv": [15, 10, 16, 11], "texture": "#0"},
				"up": {"uv": [15, 8, 16, 11], "rotation": 270, "texture": "#0"},
				"down": {"uv": [15, 8, 16, 11], "rotation": 90, "texture": "#0"}
			}
		},
		{
			"from": [1.54095, 4.46215, 9.49993],
			"to": [4.94095, 5.46215, 10.89993],
			"rotation": {"angle": 22.5, "axis": "y", "origin": [3.24095, 4.76215, 10.19993]},
			"faces": {
				"north": {"uv": [0, 0, 3.4, 1], "texture": "#0"},
				"east": {"uv": [0, 0, 1.4, 1], "texture": "#0"},
				"south": {"uv": [0, 0, 3.4, 1], "texture": "#0"},
				"west": {"uv": [0, 0, 1.4, 1], "texture": "#0"},
				"up": {"uv": [0, 0, 1.4, 3.4], "rotation": 270, "texture": "#0"},
				"down": {"uv": [0, 0, 1.4, 3.4], "rotation": 90, "texture": "#0"}
			}
		},
		{
			"from": [0.71498, 5.43981, 7.69993],
			"to": [1.71498, 9.43981, 8.69993],
			"rotation": {"angle": 22.5, "axis": "z", "origin": [-0.08502, 7.13981, 8.19993]},
			"faces": {
				"north": {"uv": [15, 8, 16, 11], "texture": "#0"},
				"east": {"uv": [15, 8, 16, 11], "texture": "#0"},
				"south": {"uv": [15, 8, 16, 11], "rotation": 180, "texture": "#0"},
				"west": {"uv": [15, 8, 16, 11], "rotation": 180, "texture": "#0"},
				"up": {"uv": [15, 10, 16, 11], "rotation": 90, "texture": "#0"},
				"down": {"uv": [15, 10, 16, 11], "rotation": 90, "texture": "#0"}
			}
		},
		{
			"from": [1.11498, 5.43981, 7.49993],
			"to": [2.11498, 9.53981, 8.89993],
			"rotation": {"angle": 22.5, "axis": "z", "origin": [-0.08502, 7.13981, 8.19993]},
			"faces": {
				"north": {"uv": [0, 0, 4.1, 1], "rotation": 270, "texture": "#0"},
				"east": {"uv": [0, 0, 1.4, 4.1], "texture": "#0"},
				"south": {"uv": [0, 0, 4.1, 1], "rotation": 90, "texture": "#0"},
				"west": {"uv": [0, 0, 1.4, 4.1], "rotation": 180, "texture": "#0"},
				"up": {"uv": [0, 0, 1.4, 1], "rotation": 90, "texture": "#0"},
				"down": {"uv": [0, 0, 1.4, 1], "rotation": 90, "texture": "#0"}
			}
		},
		{
			"from": [1.15066, 5.1, 7.69993],
			"to": [4.55066, 6.1, 8.69993],
			"rotation": {"angle": -22.5, "axis": "z", "origin": [2.95066, 4.8, 8.69993]},
			"faces": {
				"north": {"uv": [15, 8, 16, 11], "rotation": 90, "texture": "#0"},
				"east": {"uv": [15, 10, 16, 11], "texture": "#0"},
				"south": {"uv": [15, 8, 16, 11], "rotation": 90, "texture": "#0"},
				"west": {"uv": [15, 10, 16, 11], "texture": "#0"},
				"up": {"uv": [15, 8, 16, 11], "rotation": 270, "texture": "#0"},
				"down": {"uv": [15, 8, 16, 11], "rotation": 90, "texture": "#0"}
			}
		},
		{
			"from": [1.15066, 5.5, 7.49993],
			"to": [4.55066, 6.5, 8.89993],
			"rotation": {"angle": -22.5, "axis": "z", "origin": [2.95066, 4.8, 8.69993]},
			"faces": {
				"north": {"uv": [0, 0, 3.4, 1], "texture": "#0"},
				"east": {"uv": [0, 0, 1.4, 1], "texture": "#0"},
				"south": {"uv": [0, 0, 3.4, 1], "texture": "#0"},
				"west": {"uv": [0, 0, 1.4, 1], "texture": "#0"},
				"up": {"uv": [0, 0, 1.4, 3.4], "rotation": 270, "texture": "#0"},
				"down": {"uv": [0, 0, 1.4, 3.4], "rotation": 90, "texture": "#0"}
			}
		},
		{
			"from": [1.36942, 3.9, 1.53037],
			"to": [2.36942, 4.9, 4.43037],
			"rotation": {"angle": -45, "axis": "x", "origin": [4.16942, 5, 4.13037]},
			"faces": {
				"north": {"uv": [15, 8, 16, 9], "texture": "#0"},
				"east": {"uv": [15, 8, 16, 11], "rotation": 90, "texture": "#0"},
				"south": {"uv": [15, 8, 16, 9], "texture": "#0"},
				"west": {"uv": [15, 8, 16, 11], "rotation": 90, "texture": "#0"},
				"up": {"uv": [15, 8, 16, 11], "texture": "#0"},
				"down": {"uv": [15, 8, 16, 11], "texture": "#0"}
			}
		},
		{
			"from": [1.16942, 4.3, 1.43037],
			"to": [2.56942, 5.3, 4.43037],
			"rotation": {"angle": -45, "axis": "x", "origin": [4.16942, 5, 4.13037]},
			"faces": {
				"north": {"uv": [0, 0, 1.4, 1], "texture": "#0"},
				"east": {"uv": [0, 0, 3, 1], "texture": "#0"},
				"south": {"uv": [0, 0, 1.4, 1], "texture": "#0"},
				"west": {"uv": [0, 0, 3, 1], "texture": "#0"},
				"up": {"uv": [0, 0, 1.4, 3], "texture": "#0"},
				"down": {"uv": [0, 0, 1.4, 3], "texture": "#0"}
			}
		},
		{
			"from": [0.72137, 4.1, 5.60201],
			"to": [3.72137, 5.1, 6.60201],
			"rotation": {"angle": -45, "axis": "y", "origin": [3.02137, 4, 6.90201]},
			"faces": {
				"north": {"uv": [15, 8, 16, 11], "rotation": 90, "texture": "#0"},
				"east": {"uv": [15, 10, 16, 11], "texture": "#0"},
				"south": {"uv": [15, 8, 16, 11], "rotation": 90, "texture": "#0"},
				"west": {"uv": [15, 10, 16, 11], "texture": "#0"},
				"up": {"uv": [15, 8, 16, 11], "rotation": 270, "texture": "#0"},
				"down": {"uv": [15, 8, 16, 11], "rotation": 90, "texture": "#0"}
			}
		},
		{
			"from": [0.32137, 4.5, 5.40201],
			"to": [3.72137, 5.5, 6.80201],
			"rotation": {"angle": -45, "axis": "y", "origin": [3.02137, 4, 6.90201]},
			"faces": {
				"north": {"uv": [0, 0, 3.4, 1], "texture": "#0"},
				"east": {"uv": [0, 0, 1.4, 1], "texture": "#0"},
				"south": {"uv": [0, 0, 3.4, 1], "texture": "#0"},
				"west": {"uv": [0, 0, 1.4, 1], "texture": "#0"},
				"up": {"uv": [0, 0, 1.4, 3.4], "rotation": 270, "texture": "#0"},
				"down": {"uv": [0, 0, 1.4, 3.4], "rotation": 90, "texture": "#0"}
			}
		},
		{
			"from": [4.39552, 4.3, -0.21927],
			"to": [5.39552, 5.3, 2.78073],
			"rotation": {"angle": 22.5, "axis": "y", "origin": [11.69552, 5, 4.53073]},
			"faces": {
				"north": {"uv": [15, 8, 16, 9], "texture": "#0"},
				"east": {"uv": [15, 8, 16, 11], "rotation": 90, "texture": "#0"},
				"south": {"uv": [15, 8, 16, 9], "texture": "#0"},
				"west": {"uv": [15, 8, 16, 11], "rotation": 90, "texture": "#0"},
				"up": {"uv": [15, 8, 16, 11], "texture": "#0"},
				"down": {"uv": [15, 8, 16, 11], "texture": "#0"}
			}
		},
		{
			"from": [4.19552, 4.7, -0.31927],
			"to": [5.59552, 5.7, 2.78073],
			"rotation": {"angle": 22.5, "axis": "y", "origin": [11.69552, 5, 4.53073]},
			"faces": {
				"north": {"uv": [0, 0, 1.4, 1], "texture": "#0"},
				"east": {"uv": [0, 0, 3.1, 1], "texture": "#0"},
				"south": {"uv": [0, 0, 1.4, 1], "texture": "#0"},
				"west": {"uv": [0, 0, 3.1, 1], "texture": "#0"},
				"up": {"uv": [0, 0, 1.4, 3.1], "texture": "#0"},
				"down": {"uv": [0, 0, 1.4, 3.1], "texture": "#0"}
			}
		},
		{
			"from": [3.06942, 5.2, 0.13037],
			"to": [4.06942, 6.2, 3.03037],
			"rotation": {"angle": -45, "axis": "x", "origin": [4.16942, 5, 4.13037]},
			"faces": {
				"north": {"uv": [15, 8, 16, 9], "texture": "#0"},
				"east": {"uv": [15, 8, 16, 11], "rotation": 90, "texture": "#0"},
				"south": {"uv": [15, 8, 16, 9], "texture": "#0"},
				"west": {"uv": [15, 8, 16, 11], "rotation": 90, "texture": "#0"},
				"up": {"uv": [15, 8, 16, 11], "texture": "#0"},
				"down": {"uv": [15, 8, 16, 11], "texture": "#0"}
			}
		},
		{
			"from": [2.86942, 5.6, 0.03037],
			"to": [4.26942, 6.6, 3.53037],
			"rotation": {"angle": -45, "axis": "x", "origin": [4.16942, 5, 4.13037]},
			"faces": {
				"north": {"uv": [0, 0, 1.4, 1], "texture": "#0"},
				"east": {"uv": [0, 0, 3.5, 1], "texture": "#0"},
				"south": {"uv": [0, 0, 1.4, 1], "texture": "#0"},
				"west": {"uv": [0, 0, 3.5, 1], "texture": "#0"},
				"up": {"uv": [0, 0, 1.4, 3.5], "texture": "#0"},
				"down": {"uv": [0, 0, 1.4, 3.5], "texture": "#0"}
			}
		},
		{
			"from": [13.49095, 2.61215, 11.39993],
			"to": [14.49095, 6.01215, 12.39993],
			"rotation": {"angle": 22.5, "axis": "z", "origin": [17.09095, 4.66215, 8.39993]},
			"faces": {
				"north": {"uv": [15, 8, 16, 11], "texture": "#0"},
				"east": {"uv": [15, 8, 16, 11], "texture": "#0"},
				"south": {"uv": [15, 8, 16, 11], "rotation": 180, "texture": "#0"},
				"west": {"uv": [15, 8, 16, 11], "rotation": 180, "texture": "#0"},
				"up": {"uv": [15, 10, 16, 11], "rotation": 90, "texture": "#0"},
				"down": {"uv": [15, 10, 16, 11], "rotation": 90, "texture": "#0"}
			}
		},
		{
			"from": [13.89095, 2.51215, 11.19993],
			"to": [14.89095, 6.01215, 12.59993],
			"rotation": {"angle": 22.5, "axis": "z", "origin": [17.09095, 4.66215, 8.39993]},
			"faces": {
				"north": {"uv": [0, 0, 3.5, 1], "rotation": 270, "texture": "#0"},
				"east": {"uv": [0, 0, 1.4, 3.5], "texture": "#0"},
				"south": {"uv": [0, 0, 3.5, 1], "rotation": 90, "texture": "#0"},
				"west": {"uv": [0, 0, 1.4, 3.5], "rotation": 180, "texture": "#0"},
				"up": {"uv": [0, 0, 1.4, 1], "rotation": 90, "texture": "#0"},
				"down": {"uv": [0, 0, 1.4, 1], "rotation": 90, "texture": "#0"}
			}
		},
		{
			"from": [11.84095, 3.96215, 9.89993],
			"to": [16.34095, 4.96215, 10.89993],
			"rotation": {"angle": -45, "axis": "y", "origin": [13.54095, 4.66215, 8.39993]},
			"faces": {
				"north": {"uv": [15, 8, 16, 11], "rotation": 90, "texture": "#0"},
				"east": {"uv": [15, 10, 16, 11], "texture": "#0"},
				"south": {"uv": [15, 8, 16, 11], "rotation": 90, "texture": "#0"},
				"west": {"uv": [15, 10, 16, 11], "texture": "#0"},
				"up": {"uv": [15, 8, 16, 11], "rotation": 270, "texture": "#0"},
				"down": {"uv": [15, 8, 16, 11], "rotation": 90, "texture": "#0"}
			}
		},
		{
			"from": [11.84095, 4.36215, 9.69993],
			"to": [16.34095, 5.36215, 11.09993],
			"rotation": {"angle": -45, "axis": "y", "origin": [13.54095, 4.66215, 8.39993]},
			"faces": {
				"north": {"uv": [0, 0, 4.5, 1], "texture": "#0"},
				"east": {"uv": [0, 0, 1.4, 1], "texture": "#0"},
				"south": {"uv": [0, 0, 4.5, 1], "texture": "#0"},
				"west": {"uv": [0, 0, 1.4, 1], "texture": "#0"},
				"up": {"uv": [0, 0, 1.4, 4.5], "rotation": 270, "texture": "#0"},
				"down": {"uv": [0, 0, 1.4, 4.5], "rotation": 90, "texture": "#0"}
			}
		},
		{
			"from": [14.49095, 2.31215, 7.89993],
			"to": [15.49095, 5.71215, 8.89993],
			"rotation": {"angle": 22.5, "axis": "z", "origin": [17.09095, 4.66215, 8.39993]},
			"faces": {
				"north": {"uv": [15, 8, 16, 11], "texture": "#0"},
				"east": {"uv": [15, 8, 16, 11], "texture": "#0"},
				"south": {"uv": [15, 8, 16, 11], "rotation": 180, "texture": "#0"},
				"west": {"uv": [15, 8, 16, 11], "rotation": 180, "texture": "#0"},
				"up": {"uv": [15, 10, 16, 11], "rotation": 90, "texture": "#0"},
				"down": {"uv": [15, 10, 16, 11], "rotation": 90, "texture": "#0"}
			}
		},
		{
			"from": [14.89095, 2.21215, 7.69993],
			"to": [15.89095, 5.71215, 9.09993],
			"rotation": {"angle": 22.5, "axis": "z", "origin": [17.09095, 4.66215, 8.39993]},
			"faces": {
				"north": {"uv": [0, 0, 3.5, 1], "rotation": 270, "texture": "#0"},
				"east": {"uv": [0, 0, 1.4, 3.5], "texture": "#0"},
				"south": {"uv": [0, 0, 3.5, 1], "rotation": 90, "texture": "#0"},
				"west": {"uv": [0, 0, 1.4, 3.5], "rotation": 180, "texture": "#0"},
				"up": {"uv": [0, 0, 1.4, 1], "rotation": 90, "texture": "#0"},
				"down": {"uv": [0, 0, 1.4, 1], "rotation": 90, "texture": "#0"}
			}
		},
		{
			"from": [11.84095, 3.96215, 7.89993],
			"to": [15.34095, 4.96215, 8.89993],
			"rotation": {"angle": 0, "axis": "z", "origin": [3.24095, 5.76215, 8.69993]},
			"faces": {
				"north": {"uv": [15, 8, 16, 11], "rotation": 90, "texture": "#0"},
				"east": {"uv": [15, 10, 16, 11], "texture": "#0"},
				"south": {"uv": [15, 8, 16, 11], "rotation": 90, "texture": "#0"},
				"west": {"uv": [15, 10, 16, 11], "texture": "#0"},
				"up": {"uv": [15, 8, 16, 11], "rotation": 270, "texture": "#0"},
				"down": {"uv": [15, 8, 16, 11], "rotation": 90, "texture": "#0"}
			}
		},
		{
			"from": [11.84095, 4.36215, 7.69993],
			"to": [15.34095, 5.36215, 9.09993],
			"rotation": {"angle": 0, "axis": "z", "origin": [3.24095, 5.76215, 8.69993]},
			"faces": {
				"north": {"uv": [0, 0, 3.5, 1], "texture": "#0"},
				"east": {"uv": [0, 0, 1.4, 1], "texture": "#0"},
				"south": {"uv": [0, 0, 3.5, 1], "texture": "#0"},
				"west": {"uv": [0, 0, 1.4, 1], "texture": "#0"},
				"up": {"uv": [0, 0, 1.4, 3.5], "rotation": 270, "texture": "#0"},
				"down": {"uv": [0, 0, 1.4, 3.5], "rotation": 90, "texture": "#0"}
			}
		},
		{
			"from": [13.66942, 3.9, 1.43037],
			"to": [14.66942, 4.9, 4.43037],
			"rotation": {"angle": -45, "axis": "x", "origin": [4.16942, 5, 4.13037]},
			"faces": {
				"north": {"uv": [15, 8, 16, 9], "texture": "#0"},
				"east": {"uv": [15, 8, 16, 11], "rotation": 90, "texture": "#0"},
				"south": {"uv": [15, 8, 16, 9], "texture": "#0"},
				"west": {"uv": [15, 8, 16, 11], "rotation": 90, "texture": "#0"},
				"up": {"uv": [15, 8, 16, 11], "texture": "#0"},
				"down": {"uv": [15, 8, 16, 11], "texture": "#0"}
			}
		},
		{
			"from": [13.46942, 4.3, 1.43037],
			"to": [14.86942, 5.3, 4.43037],
			"rotation": {"angle": -45, "axis": "x", "origin": [4.16942, 5, 4.13037]},
			"faces": {
				"north": {"uv": [0, 0, 1.4, 1], "texture": "#0"},
				"east": {"uv": [0, 0, 3, 1], "texture": "#0"},
				"south": {"uv": [0, 0, 1.4, 1], "texture": "#0"},
				"west": {"uv": [0, 0, 3, 1], "texture": "#0"},
				"up": {"uv": [0, 0, 1.4, 3], "texture": "#0"},
				"down": {"uv": [0, 0, 1.4, 3], "texture": "#0"}
			}
		},
		{
			"from": [9.52137, 4.1, -2.72936],
			"to": [10.52137, 5.1, 0.27064],
			"rotation": {"angle": -45, "axis": "y", "origin": [3.02137, 4.8, 5.77064]},
			"faces": {
				"north": {"uv": [15, 8, 16, 9], "texture": "#0"},
				"east": {"uv": [15, 8, 16, 11], "rotation": 90, "texture": "#0"},
				"south": {"uv": [15, 8, 16, 9], "texture": "#0"},
				"west": {"uv": [15, 8, 16, 11], "rotation": 90, "texture": "#0"},
				"up": {"uv": [15, 8, 16, 11], "texture": "#0"},
				"down": {"uv": [15, 8, 16, 11], "texture": "#0"}
			}
		},
		{
			"from": [9.32137, 4.5, -2.72936],
			"to": [10.72137, 5.5, 0.27064],
			"rotation": {"angle": -45, "axis": "y", "origin": [3.02137, 4.8, 5.77064]},
			"faces": {
				"north": {"uv": [0, 0, 1.4, 1], "texture": "#0"},
				"east": {"uv": [0, 0, 3, 1], "texture": "#0"},
				"south": {"uv": [0, 0, 1.4, 1], "texture": "#0"},
				"west": {"uv": [0, 0, 3, 1], "texture": "#0"},
				"up": {"uv": [0, 0, 1.4, 3], "texture": "#0"},
				"down": {"uv": [0, 0, 1.4, 3], "texture": "#0"}
			}
		},
		{
			"from": [11.96942, 5.2, 0.13037],
			"to": [12.96942, 6.2, 3.03037],
			"rotation": {"angle": -45, "axis": "x", "origin": [4.16942, 5, 4.13037]},
			"faces": {
				"north": {"uv": [15, 8, 16, 9], "texture": "#0"},
				"east": {"uv": [15, 8, 16, 11], "rotation": 90, "texture": "#0"},
				"south": {"uv": [15, 8, 16, 9], "texture": "#0"},
				"west": {"uv": [15, 8, 16, 11], "rotation": 90, "texture": "#0"},
				"up": {"uv": [15, 8, 16, 11], "texture": "#0"},
				"down": {"uv": [15, 8, 16, 11], "texture": "#0"}
			}
		},
		{
			"from": [11.76942, 5.6, 0.03037],
			"to": [13.16942, 6.6, 3.33037],
			"rotation": {"angle": -45, "axis": "x", "origin": [4.16942, 5, 4.13037]},
			"faces": {
				"north": {"uv": [0, 0, 1.4, 1], "texture": "#0"},
				"east": {"uv": [0, 0, 3.3, 1], "texture": "#0"},
				"south": {"uv": [0, 0, 1.4, 1], "texture": "#0"},
				"west": {"uv": [0, 0, 3.3, 1], "texture": "#0"},
				"up": {"uv": [0, 0, 1.4, 3.3], "texture": "#0"},
				"down": {"uv": [0, 0, 1.4, 3.3], "texture": "#0"}
			}
		},
		{
			"from": [11.5, 4.3, 1.15],
			"to": [12.5, 5.3, 4.15],
			"rotation": {"angle": -22.5, "axis": "y", "origin": [8, 3, 3]},
			"faces": {
				"north": {"uv": [15, 8, 16, 9], "texture": "#0"},
				"east": {"uv": [15, 8, 16, 11], "rotation": 90, "texture": "#0"},
				"south": {"uv": [15, 8, 16, 9], "texture": "#0"},
				"west": {"uv": [15, 8, 16, 11], "rotation": 90, "texture": "#0"},
				"up": {"uv": [15, 8, 16, 11], "texture": "#0"},
				"down": {"uv": [15, 8, 16, 11], "texture": "#0"}
			}
		},
		{
			"from": [11.3, 4.7, 0.85],
			"to": [12.7, 5.7, 4.15],
			"rotation": {"angle": -22.5, "axis": "y", "origin": [8, 3, 3]},
			"faces": {
				"north": {"uv": [0, 0, 1.4, 1], "texture": "#0"},
				"east": {"uv": [0, 0, 3.3, 1], "texture": "#0"},
				"south": {"uv": [0, 0, 1.4, 1], "texture": "#0"},
				"west": {"uv": [0, 0, 3.3, 1], "texture": "#0"},
				"up": {"uv": [0, 0, 1.4, 3.3], "texture": "#0"},
				"down": {"uv": [0, 0, 1.4, 3.3], "texture": "#0"}
			}
		},
		{
			"from": [4.25, 4.25, 9],
			"to": [11.75, 11.75, 10.5],
			"rotation": {"angle": 0, "axis": "y", "origin": [4.25, 4.25, 7]},
			"faces": {
				"north": {"uv": [0, 0, 7.5, 7.5], "texture": "#0"},
				"east": {"uv": [0, 0, 1.5, 7.5], "texture": "#0"},
				"south": {"uv": [0, 0, 7.5, 7.5], "texture": "#0"},
				"west": {"uv": [0, 0, 1.5, 7.5], "texture": "#0"},
				"up": {"uv": [0, 0, 7.5, 1.5], "texture": "#0"},
				"down": {"uv": [0, 0, 7.5, 1.5], "texture": "#0"}
			}
		},
		{
			"from": [4, 4, 7],
			"to": [12, 12, 9],
			"rotation": {"angle": 0, "axis": "y", "origin": [4, 4, 7]},
			"faces": {
				"north": {"uv": [0, 0, 8, 8], "texture": "#0"},
				"east": {"uv": [0, 0, 2, 8], "texture": "#0"},
				"south": {"uv": [0, 0, 8, 8], "texture": "#0"},
				"west": {"uv": [0, 0, 2, 8], "texture": "#0"},
				"up": {"uv": [0, 0, 8, 2], "texture": "#0"},
				"down": {"uv": [0, 0, 8, 2], "texture": "#0"}
			}
		},
		{
			"from": [4.25, 4.25, 5.5],
			"to": [11.75, 11.75, 7],
			"rotation": {"angle": 0, "axis": "y", "origin": [4.25, 4.25, 7]},
			"faces": {
				"north": {"uv": [0, 0, 7.5, 7.5], "texture": "#0"},
				"east": {"uv": [0, 0, 1.5, 7.5], "texture": "#0"},
				"south": {"uv": [0, 0, 7.5, 7.5], "texture": "#0"},
				"west": {"uv": [0, 0, 1.5, 7.5], "texture": "#0"},
				"up": {"uv": [0, 0, 7.5, 1.5], "texture": "#0"},
				"down": {"uv": [0, 0, 7.5, 1.5], "texture": "#0"}
			}
		},
		{
			"from": [4.65, 4.65, 4.5],
			"to": [11.35, 11.35, 5.5],
			"rotation": {"angle": 0, "axis": "y", "origin": [4.65, 4.65, 7]},
			"faces": {
				"north": {"uv": [0, 0, 6.7, 6.7], "texture": "#0"},
				"east": {"uv": [0, 0, 1, 6.7], "texture": "#0"},
				"south": {"uv": [0, 0, 6.7, 6.7], "texture": "#0"},
				"west": {"uv": [0, 0, 1, 6.7], "texture": "#0"},
				"up": {"uv": [0, 0, 6.7, 1], "texture": "#0"},
				"down": {"uv": [0, 0, 6.7, 1], "texture": "#0"}
			}
		},
		{
			"from": [5.5, 5.5, 3.5],
			"to": [10.5, 10.5, 4.5],
			"rotation": {"angle": 0, "axis": "y", "origin": [8, 8, 4]},
			"faces": {
				"north": {"uv": [11, 0, 16, 4], "texture": "#0"},
				"east": {"uv": [0, 0, 1, 4.5], "texture": "#0"},
				"south": {"uv": [0, 0, 4.5, 4.5], "texture": "#0"},
				"west": {"uv": [0, 0, 1, 4.5], "texture": "#0"},
				"up": {"uv": [0, 0, 4.5, 1], "texture": "#0"},
				"down": {"uv": [0, 0, 4.5, 1], "texture": "#0"}
			}
		},
		{
			"from": [5.75, 5.75, 12.5],
			"to": [10.25, 10.25, 14.5],
			"rotation": {"angle": 0, "axis": "y", "origin": [5.75, 5.75, 7]},
			"faces": {
				"north": {"uv": [0, 0, 4.5, 4.5], "texture": "#0"},
				"east": {"uv": [1, 2, 3, 6.5], "texture": "#0"},
				"south": {"uv": [1, 3, 7.5, 7.5], "texture": "#0"},
				"west": {"uv": [1, 2, 3, 6.5], "texture": "#0"},
				"up": {"uv": [0, 0, 4.5, 2], "texture": "#0"},
				"down": {"uv": [0, 0, 4.5, 2], "texture": "#0"}
			}
		},
		{
			"from": [4.65, 4.65, 10.5],
			"to": [11.35, 11.35, 12.5],
			"rotation": {"angle": 0, "axis": "y", "origin": [4.65, 4.65, 7]},
			"faces": {
				"north": {"uv": [0, 0, 6.7, 6.7], "texture": "#0"},
				"east": {"uv": [0, 0, 2, 6.7], "texture": "#0"},
				"south": {"uv": [0, 0, 6.7, 6.7], "texture": "#0"},
				"west": {"uv": [0, 0, 2, 6.7], "texture": "#0"},
				"up": {"uv": [0, 0, 6.7, 2], "texture": "#0"},
				"down": {"uv": [0, 0, 6.7, 2], "texture": "#0"}
			}
		},
		{
			"from": [6.85, 5, 3.125],
			"to": [9.15, 5.3, 4.625],
			"rotation": {"angle": 0, "axis": "y", "origin": [7.15, 7.4, 7.625]},
			"faces": {
				"north": {"uv": [13.7, 5, 16, 5.3], "texture": "#0"},
				"east": {"uv": [14.5, 5, 16, 5.3], "texture": "#0"},
				"south": {"uv": [0, 0, 2.3, 0.3], "texture": "#missing"},
				"west": {"uv": [12, 5, 13.5, 5.3], "texture": "#0"},
				"up": {"uv": [13.7, 5, 16, 5.5], "texture": "#0"},
				"down": {"uv": [12, 5, 14.3, 5.5], "texture": "#0"}
			}
		},
		{
			"from": [6.85, 5.9, 3.125],
			"to": [9.15, 6.2, 4.625],
			"rotation": {"angle": 0, "axis": "y", "origin": [7.15, 7.4, 7.625]},
			"faces": {
				"north": {"uv": [13.7, 5, 16, 5.3], "texture": "#0"},
				"east": {"uv": [14.5, 5, 16, 5.3], "texture": "#0"},
				"south": {"uv": [0, 0, 2.3, 0.3], "texture": "#missing"},
				"west": {"uv": [12, 5, 13.5, 5.3], "texture": "#0"},
				"up": {"uv": [13.7, 5, 16, 5.5], "texture": "#0"},
				"down": {"uv": [12, 5, 14.3, 5.5], "texture": "#0"}
			}
		},
		{
			"from": [8.85, 5, 3.125],
			"to": [9.15, 6.2, 4.625],
			"rotation": {"angle": 0, "axis": "y", "origin": [7.15, 7.4, 7.625]},
			"faces": {
				"north": {"uv": [13.7, 5, 14, 6.2], "texture": "#0"},
				"east": {"uv": [12.5, 5, 14, 6.2], "texture": "#0"},
				"south": {"uv": [0, 0, 0.3, 1.2], "texture": "#missing"},
				"west": {"uv": [12, 5, 13.5, 6.2], "texture": "#0"},
				"up": {"uv": [13.7, 5, 14, 5.5], "texture": "#0"},
				"down": {"uv": [12, 5, 12.3, 6.5], "texture": "#0"}
			}
		},
		{
			"from": [6.85, 5, 3.125],
			"to": [7.15, 6.2, 4.625],
			"rotation": {"angle": 0, "axis": "y", "origin": [7.15, 7.4, 7.625]},
			"faces": {
				"north": {"uv": [13.7, 5, 14, 6.2], "texture": "#0"},
				"east": {"uv": [12.5, 5, 14, 6.2], "texture": "#0"},
				"south": {"uv": [0, 0, 0.3, 1.2], "texture": "#missing"},
				"west": {"uv": [12, 5, 13.5, 6.2], "texture": "#0"},
				"up": {"uv": [13.7, 5, 14, 5.5], "texture": "#0"},
				"down": {"uv": [12, 5, 12.3, 6.5], "texture": "#0"}
			}
		},
		{
			"from": [7.05, 5.1, 3.325],
			"to": [8.85, 6.1, 3.425],
			"rotation": {"angle": 0, "axis": "y", "origin": [7.15, 7.4, 7.625]},
			"faces": {
				"north": {"uv": [14.2, 6, 16, 7], "texture": "#0"},
				"east": {"uv": [15.9, 6, 16, 7], "texture": "#0"},
				"south": {"uv": [0, 0, 1.8, 1], "texture": "#missing"},
				"west": {"uv": [15.9, 6, 16, 7], "texture": "#0"},
				"up": {"uv": [14, 6, 15.8, 6.1], "texture": "#0"},
				"down": {"uv": [14, 6, 15.8, 6.1], "texture": "#0"}
			}
		},
		{
			"from": [1.9, 9.7, 8],
			"to": [2.4, 14.6, 8.5],
			"rotation": {"angle": -22.5, "axis": "z", "origin": [0.575, 13.25, 8.2]},
			"faces": {
				"north": {"uv": [0, 11, 0.5, 15.9], "texture": "#0"},
				"east": {"uv": [0, 11, 0.5, 15.9], "texture": "#0"},
				"south": {"uv": [0, 11, 0.5, 15.9], "texture": "#0"},
				"west": {"uv": [0, 11.1, 0.5, 16], "texture": "#0"},
				"up": {"uv": [2, 15.5, 2.5, 16], "texture": "#0"},
				"down": {"uv": [1, 15.5, 1.5, 16], "texture": "#0"}
			}
		},
		{
			"from": [-2.3, 14.6, 8],
			"to": [6.7, 19.6, 8.3],
			"rotation": {"angle": -22.5, "axis": "z", "origin": [0.575, 13.25, 8.2]},
			"faces": {
				"north": {"uv": [2, 8, 14, 15], "texture": "#0"},
				"east": {"uv": [0, 11, 0.3, 16], "texture": "#0"},
				"south": {"uv": [0, 12, 4, 16], "texture": "#0"},
				"west": {"uv": [0, 11, 0.3, 16], "texture": "#0"},
				"up": {"uv": [2, 15.5, 11, 15.8], "texture": "#0"},
				"down": {"uv": [1, 15.5, 10, 15.8], "texture": "#0"}
			}
		}
	],
	"display": {
		"thirdperson_righthand": {
			"translation": [0, -1.25, -1.5],
			"scale": [0.3, 0.3, 0.3]
		},
		"thirdperson_lefthand": {
			"translation": [0, -1.25, -1.5],
			"scale": [0.3, 0.3, 0.3]
		},
		"ground": {
			"translation": [0, 3, 0]
		},
		"gui": {
			"rotation": [0, 180, 0]
		},
		"head": {
			"translation": [0, 9.75, -2.5]
		},
		"fixed": {
			"translation": [0, -2.75, -1.75]
		}
	},
	"groups": [
		{
			"name": "group",
			"origin": [15.5, 15.3, 14.85],
			"color": 0,
			"children": [
				{
					"name": "group",
					"origin": [8, 8, 8],
					"color": 0,
					"children": [
						{
							"name": "group",
							"origin": [8, 8, 8],
							"color": 0,
							"children": [
								{
									"name": "group",
									"origin": [15.5, 15.3, 14.85],
									"color": 0,
									"children": [0, 1]
								},
								{
									"name": "group",
									"origin": [15.5, 15.3, 14.85],
									"color": 0,
									"children": [2, 3]
								}
							]
						},
						{
							"name": "group",
							"origin": [15.5, 15.3, 14.85],
							"color": 0,
							"children": [
								{
									"name": "group",
									"origin": [15.5, 15.3, 14.85],
									"color": 0,
									"children": [4, 5]
								},
								{
									"name": "group",
									"origin": [15.5, 15.3, 14.85],
									"color": 0,
									"children": [6, 7]
								}
							]
						},
						{
							"name": "group",
							"origin": [8, 8, 8],
							"color": 0,
							"children": [
								{
									"name": "group",
									"origin": [15.5, 15.3, 14.85],
									"color": 0,
									"children": [8, 9]
								},
								{
									"name": "group",
									"origin": [15.5, 15.3, 14.85],
									"color": 0,
									"children": [10, 11]
								}
							]
						},
						{
							"name": "group",
							"origin": [8, 8, 8],
							"color": 0,
							"children": [
								{
									"name": "group",
									"origin": [15.5, 15.3, 14.85],
									"color": 0,
									"children": [12, 13]
								},
								{
									"name": "group",
									"origin": [15.5, 15.3, 14.85],
									"color": 0,
									"children": [14, 15]
								}
							]
						}
					]
				},
				{
					"name": "group",
					"origin": [15.5, 15.3, 14.85],
					"color": 0,
					"children": [
						{
							"name": "group",
							"origin": [8, 8, 8],
							"color": 0,
							"children": [
								{
									"name": "group",
									"origin": [15.5, 15.3, 14.85],
									"color": 0,
									"children": [16, 17]
								},
								{
									"name": "group",
									"origin": [15.5, 15.3, 14.85],
									"color": 0,
									"children": [18, 19]
								}
							]
						},
						{
							"name": "group",
							"origin": [8, 8, 8],
							"color": 0,
							"children": [
								{
									"name": "group",
									"origin": [15.5, 15.3, 14.85],
									"color": 0,
									"children": [20, 21]
								},
								{
									"name": "group",
									"origin": [15.5, 15.3, 14.85],
									"color": 0,
									"children": [22, 23]
								}
							]
						},
						{
							"name": "group",
							"origin": [8, 8, 8],
							"color": 0,
							"children": [
								{
									"name": "group",
									"origin": [15.5, 15.3, 14.85],
									"color": 0,
									"children": [24, 25]
								},
								{
									"name": "group",
									"origin": [15.5, 15.3, 14.85],
									"color": 0,
									"children": [26, 27]
								}
							]
						},
						{
							"name": "group",
							"origin": [15.5, 15.3, 14.85],
							"color": 0,
							"children": [
								{
									"name": "group",
									"origin": [15.5, 15.3, 14.85],
									"color": 0,
									"children": [28, 29]
								},
								{
									"name": "group",
									"origin": [15.5, 15.3, 14.85],
									"color": 0,
									"children": [30, 31]
								}
							]
						}
					]
				},
				{
					"name": "group",
					"origin": [4.25, 4.25, 7],
					"color": 0,
					"children": [
						32,
						33,
						34,
						35,
						36,
						37,
						38,
						{
							"name": "group",
							"origin": [15.15, 15.4, 15.625],
							"color": 0,
							"children": [39, 40, 41, 42, 43]
						}
					]
				}
			]
		},
		{
			"name": "group",
			"origin": [8, 8, 8],
			"color": 0,
			"children": [44, 45]
		}
	]
}