{
	"credit": "Made with Blockbench",
	"texture_size": [64, 64],
	"textures": {
		"0": "item/samurai_helmet",
		"particle": "item/samurai_helmet"
	},
	"elements": [
		{
			"from": [3, 3.85979, 12.70994],
			"to": [13, 14.85979, 17.30994],
			"rotation": {"angle": -22.5, "axis": "x", "origin": [8, 6.60979, 15.30252]},
			"faces": {
				"north": {"uv": [11, 2.75, 13.5, 5.5], "texture": "#0"},
				"east": {"uv": [16, 5.5, 14.75, 8.25], "texture": "#0"},
				"south": {"uv": [13.5, 2.75, 16, 5.5], "texture": "#0"},
				"west": {"uv": [14.75, 5.5, 16, 8.25], "texture": "#0"},
				"down": {"uv": [9.5, 6, 7, 7.25], "texture": "#0"}
			}
		},
		{
			"from": [3, 10, 3],
			"to": [13, 15, 14],
			"rotation": {"angle": 0, "axis": "x", "origin": [8, 9.5, 9]},
			"faces": {
				"up": {"uv": [5.25, 2.75, 2.75, 0], "texture": "#0"},
				"down": {"uv": [5.25, 2.75, 2.75, 5.5], "texture": "#0"}
			}
		},
		{
			"from": [8, 13, 5],
			"to": [8, 18, 15],
			"rotation": {"angle": -22.5, "axis": "x", "origin": [8, 9.5, 9]},
			"faces": {
				"east": {"uv": [9.5, 7.25, 7, 8.5], "texture": "#0"},
				"west": {"uv": [7, 7.25, 9.5, 8.5], "texture": "#0"}
			}
		},
		{
			"from": [3, 10, 1.025],
			"to": [13, 17, 3.025],
			"rotation": {"angle": 0, "axis": "x", "origin": [8, 9.5, 8]},
			"faces": {
				"north": {"uv": [5.25, 2.5, 7.75, 4.25], "texture": "#0"},
				"east": {"uv": [7, 9, 6.5, 10.75], "texture": "#0"},
				"south": {"uv": [5.25, 4.25, 7.75, 6], "texture": "#0"},
				"west": {"uv": [6.5, 9, 7, 10.75], "texture": "#0"},
				"up": {"uv": [8.25, 9, 5.75, 8.5], "texture": "#0"},
				"down": {"uv": [10.75, 8.5, 8.25, 9], "texture": "#0"}
			}
		},
		{
			"from": [5.85355, 8.94625, -0.81802],
			"to": [12.85355, 11.94625, 6.18198],
			"rotation": {"angle": 45, "axis": "y", "origin": [8.35355, 10.44625, 4.18198]},
			"faces": {
				"north": {"uv": [7.75, 4.25, 9.5, 5], "texture": "#0"},
				"east": {"uv": [9.5, 4.25, 7.75, 5], "texture": "#0"},
				"up": {"uv": [9.5, 1.75, 7.75, 0], "texture": "#0"}
			}
		},
		{
			"from": [6, 11.5, -1],
			"to": [10, 15.5, 1],
			"rotation": {"angle": 45, "axis": "z", "origin": [7.5, 13.5, 9.5]},
			"faces": {
				"north": {"uv": [4.5, 8.75, 5.5, 9.75], "texture": "#0"},
				"east": {"uv": [8.5, 9.75, 9.5, 9.25], "rotation": 90, "texture": "#0"},
				"west": {"uv": [8, 9.25, 8.5, 10.25], "texture": "#0"},
				"up": {"uv": [9.5, 9.75, 8.5, 9.25], "texture": "#0"},
				"down": {"uv": [8.5, 9.25, 8, 10.25], "rotation": 90, "texture": "#0"}
			}
		},
		{
			"from": [1, 12.5, 0],
			"to": [15, 25.5, 0],
			"rotation": {"angle": 0, "axis": "z", "origin": [9.5, 13.5, 9]},
			"faces": {
				"north": {"uv": [0, 11.25, 3.5, 14.25], "texture": "#0"},
				"south": {"uv": [3.5, 11.25, 0, 14.25], "texture": "#0"}
			}
		},
		{
			"from": [-1.33207, 6.76225, 1.975],
			"to": [4.66793, 11.76225, 3],
			"rotation": {"angle": -22.5, "axis": "z", "origin": [-0.33207, 8.26225, 4.5]},
			"faces": {
				"north": {"uv": [7.75, 1.75, 9.25, 3], "texture": "#0"},
				"east": {"uv": [7.75, 1.75, 8, 3], "texture": "#0"},
				"south": {"uv": [9.25, 1.75, 7.75, 3], "texture": "#0"},
				"west": {"uv": [9, 1.75, 9.25, 3], "texture": "#0"},
				"up": {"uv": [9.25, 2, 7.75, 1.75], "texture": "#0"},
				"down": {"uv": [9.25, 2.75, 7.75, 3], "texture": "#0"}
			}
		},
		{
			"from": [-4.33207, 6.76225, 2.375],
			"to": [-1.33207, 11.76225, 2.4],
			"rotation": {"angle": -22.5, "axis": "z", "origin": [-0.33207, 8.26225, 4.1]},
			"faces": {
				"north": {"uv": [9.75, 1.5, 10.5, 2.75], "texture": "#0"},
				"south": {"uv": [10.5, 1.5, 9.75, 2.75], "texture": "#0"}
			}
		},
		{
			"from": [11.33207, 6.76225, 1.975],
			"to": [17.33207, 11.76225, 3],
			"rotation": {"angle": 22.5, "axis": "z", "origin": [16.33207, 8.26225, 4.5]},
			"faces": {
				"north": {"uv": [9.25, 1.75, 7.75, 3], "texture": "#0"},
				"east": {"uv": [9.25, 1.75, 9, 3], "texture": "#0"},
				"south": {"uv": [7.75, 1.75, 9.25, 3], "texture": "#0"},
				"west": {"uv": [8, 1.75, 7.75, 3], "texture": "#0"},
				"up": {"uv": [7.75, 2, 9.25, 1.75], "texture": "#0"},
				"down": {"uv": [7.75, 2.75, 9.25, 3], "texture": "#0"}
			}
		},
		{
			"from": [17.33207, 6.76225, 2.375],
			"to": [20.33207, 11.76225, 2.4],
			"rotation": {"angle": 22.5, "axis": "z", "origin": [16.33207, 8.26225, 4.1]},
			"faces": {
				"north": {"uv": [10.5, 1.5, 9.75, 2.75], "texture": "#0"},
				"south": {"uv": [9.75, 1.5, 10.5, 2.75], "texture": "#0"}
			}
		},
		{
			"from": [-1.20952, 4.83733, 3],
			"to": [3.29048, 15.83733, 14],
			"rotation": {"angle": -22.5, "axis": "z", "origin": [-1.20952, 4.83733, 8]},
			"faces": {
				"north": {"uv": [13.25, 0, 12, 2.75], "texture": "#0"},
				"east": {"uv": [0, 0, 2.75, 2.75], "texture": "#0"},
				"south": {"uv": [12, 0, 13.25, 2.75], "texture": "#0"},
				"west": {"uv": [13.25, 0, 16, 2.75], "texture": "#0"},
				"down": {"uv": [5.75, 6, 4.5, 8.75], "texture": "#0"}
			}
		},
		{
			"from": [12.70952, 4.83733, 3],
			"to": [17.20952, 15.83733, 14],
			"rotation": {"angle": 22.5, "axis": "z", "origin": [17.20952, 4.83733, 8]},
			"faces": {
				"north": {"uv": [12, 0, 13.25, 2.75], "texture": "#0"},
				"east": {"uv": [16, 0, 13.25, 2.75], "texture": "#0"},
				"south": {"uv": [13.25, 0, 12, 2.75], "texture": "#0"},
				"west": {"uv": [2.75, 0, 0, 2.75], "texture": "#0"},
				"down": {"uv": [4.5, 6, 5.75, 8.75], "texture": "#0"}
			}
		},
		{
			"name": "cube inverted",
			"from": [12.85355, 11.94625, 6.18198],
			"to": [5.85355, 8.94625, -0.81802],
			"rotation": {"angle": 45, "axis": "y", "origin": [8.35355, 10.44625, 4.18198]},
			"faces": {
				"south": {"uv": [7.75, 5, 9.5, 4.25], "texture": "#0"},
				"west": {"uv": [9.5, 5, 7.75, 4.25], "texture": "#0"},
				"down": {"uv": [7.75, 1.75, 9.5, 0], "texture": "#0"}
			}
		}
	],
	"gui_light": "front",
	"display": {
		"thirdperson_righthand": {
			"rotation": [75, 45, 0],
			"translation": [0, 2.5, 0],
			"scale": [0.375, 0.375, 0.375]
		},
		"thirdperson_lefthand": {
			"rotation": [75, 45, 0],
			"translation": [0, 2.5, 0],
			"scale": [0.375, 0.375, 0.375]
		},
		"firstperson_righthand": {
			"rotation": [0, 45, 0],
			"translation": [2.5, 0, 0],
			"scale": [0.4, 0.4, 0.4]
		},
		"firstperson_lefthand": {
			"rotation": [0, 45, 0],
			"translation": [2.5, 0, 0],
			"scale": [0.4, 0.4, 0.4]
		},
		"ground": {
			"translation": [0, 2, 0],
			"scale": [0.5, 0.5, 0.5]
		},
		"gui": {
			"rotation": [8, 147, 0],
			"translation": [0.5, -3.75, 0],
			"scale": [0.65, 0.65, 0.65]
		},
		"head": {
			"scale": [1.5, 1.5, 1.5]
		},
		"fixed": {
			"rotation": [-90, 0, 0],
			"translation": [0, 0, -9.5],
			"scale": [2, 2, 2]
		}
	}
}