{
	"credit": "Copyright © 2021-2099 Ikaho-Onsen Minecraft Server. All rights reserved.",
	"textures": {
		"0": "minecraft:item/halloween",
		"particle": "minecraft:item/halloween"
	},
	"elements": [
		{
			"from": [-1, 7, 7],
			"to": [3, 9, 9],
			"rotation": {"angle": 0, "axis": "y", "origin": [7, 7, 7]},
			"faces": {
				"north": {"uv": [11, 0, 15, 2], "texture": "#0"},
				"east": {"uv": [6, 0, 8, 2], "texture": "#0"},
				"south": {"uv": [12, 0, 16, 2], "texture": "#0"},
				"west": {"uv": [0, 0, 2, 2], "texture": "#0"},
				"up": {"uv": [11, 0, 15, 2], "texture": "#0"},
				"down": {"uv": [12, 0, 16, 2], "texture": "#0"}
			}
		},
		{
			"from": [13, 7, 7],
			"to": [17, 9, 9],
			"rotation": {"angle": 0, "axis": "y", "origin": [7, 7, 7]},
			"faces": {
				"north": {"uv": [12, 0, 16, 2], "texture": "#0"},
				"east": {"uv": [0, 0, 2, 2], "texture": "#0"},
				"south": {"uv": [11, 0, 15, 2], "texture": "#0"},
				"west": {"uv": [6, 0, 8, 2], "texture": "#0"},
				"up": {"uv": [12, 0, 16, 2], "texture": "#0"},
				"down": {"uv": [12, 0, 16, 2], "texture": "#0"}
			}
		},
		{
			"from": [-3, 6, 6],
			"to": [-1, 10, 10],
			"rotation": {"angle": 0, "axis": "y", "origin": [7, 6, 6]},
			"faces": {
				"north": {"uv": [6, 0, 8, 4], "texture": "#0"},
				"east": {"uv": [4, 0, 8, 4], "texture": "#0"},
				"south": {"uv": [6, 0, 8, 4], "texture": "#0"},
				"west": {"uv": [0, 8, 8, 16], "texture": "#0"},
				"up": {"uv": [6, 0, 8, 4], "texture": "#0"},
				"down": {"uv": [6, 0, 8, 4], "texture": "#0"}
			}
		},
		{
			"from": [17, 6, 6],
			"to": [19, 10, 10],
			"rotation": {"angle": 0, "axis": "y", "origin": [7, 6, 6]},
			"faces": {
				"north": {"uv": [6, 0, 8, 4], "texture": "#0"},
				"east": {"uv": [0, 8, 8, 16], "texture": "#0"},
				"south": {"uv": [6, 0, 8, 4], "texture": "#0"},
				"west": {"uv": [4, 0, 8, 4], "texture": "#0"},
				"up": {"uv": [6, 0, 8, 4], "texture": "#0"},
				"down": {"uv": [6, 0, 8, 4], "texture": "#0"}
			}
		}
	],
	"display": {
		"thirdperson_righthand": {
			"scale": [0.3, 0.3, 0.3]
		},
		"thirdperson_lefthand": {
			"scale": [0.3, 0.3, 0.3]
		},
		"gui": {
			"rotation": [21, 0, 0],
			"translation": [0.75, -0.5, 0],
			"scale": [0.6, 0.6, 0.6]
		}
	}
}