{
	"credit": "Copyright © 2021-2099 Ikaho-Onsen Minecraft Server. All rights reserved.",
	"textures": {
		"0": "minecraft:item/appletea",
		"particle": "minecraft:item/appletea"
	},
	"elements": [
		{
			"from": [4.5, 0, 5.75],
			"to": [11.5, 10, 10.25],
			"rotation": {"angle": 0, "axis": "y", "origin": [9.5, 7, 5.75]},
			"faces": {
				"north": {"uv": [0, 0, 12, 16], "texture": "#0"},
				"east": {"uv": [11.5, 0, 16, 10], "texture": "#0"},
				"south": {"uv": [0, 0, 12, 16], "texture": "#0"},
				"west": {"uv": [11.5, 0, 16, 10], "texture": "#0"},
				"up": {"uv": [9, 0, 16, 4.5], "texture": "#0"},
				"down": {"uv": [9, 0, 16, 4.5], "texture": "#0"}
			}
		},
		{
			"from": [5.5, 5.9, 6.7],
			"to": [6.5, 13.2, 7.7],
			"rotation": {"angle": 0, "axis": "z", "origin": [6, 10.9, 7.2]},
			"faces": {
				"north": {"uv": [15, 11.7, 16, 16], "texture": "#0"},
				"east": {"uv": [15, 11.7, 16, 16], "texture": "#0"},
				"south": {"uv": [15, 11.7, 16, 16], "texture": "#0"},
				"west": {"uv": [15, 11.7, 16, 16], "texture": "#0"},
				"up": {"uv": [0, 0, 1, 1], "texture": "#missing"},
				"down": {"uv": [15, 12, 16, 13], "texture": "#0"}
			}
		},
		{
			"from": [4.63875, 12.82978, 6.7],
			"to": [5.63875, 16.02978, 7.7],
			"rotation": {"angle": 22.5, "axis": "z", "origin": [5.13875, 15.17978, 7.2]},
			"faces": {
				"north": {"uv": [15, 12.8, 16, 16], "texture": "#0"},
				"east": {"uv": [15, 12.8, 16, 16], "texture": "#0"},
				"south": {"uv": [15, 12.8, 16, 16], "texture": "#0"},
				"west": {"uv": [15, 12.8, 16, 16], "texture": "#0"},
				"up": {"uv": [15, 15, 16, 16], "texture": "#0"},
				"down": {"uv": [15, 15, 16, 16], "texture": "#0"}
			}
		}
	],
	"display": {
		"ground": {
			"translation": [0, 4.75, 0]
		},
		"head": {
			"translation": [0, 11, 0],
			"scale": [0.6, 0.6, 0.6]
		}
	}
}