{
	"credit": "Copyright © 2021-2099 Ikaho-Onsen Minecraft Server. All rights reserved.",
	"texture_size": [32, 32],
	"textures": {
		"0": "minecraft:item/santa_hat",
		"particle": "minecraft:item/santa_hat"
	},
	"elements": [
		{
			"from": [2.5, 7.5, 2.5],
			"to": [13.5, 9.5, 14],
			"rotation": {"angle": 0, "axis": "y", "origin": [8, 8.5, 7.5]},
			"faces": {
				"north": {"uv": [10, 1.5, 15.5, 2.5], "texture": "#0"},
				"east": {"uv": [10, 1.5, 16, 2.5], "texture": "#0"},
				"south": {"uv": [10, 1.5, 15.5, 2.5], "texture": "#0"},
				"west": {"uv": [10, 1.5, 15.5, 2.5], "texture": "#0"},
				"up": {"uv": [0, 0, 5.5, 6], "texture": "#0"},
				"down": {"uv": [5.5, 0, 0, 6], "texture": "#0"}
			}
		},
		{
			"from": [3.5, 9.5, 3.5],
			"to": [12.5, 12.5, 13],
			"rotation": {"angle": 0, "axis": "z", "origin": [7.5, 10.5, 6.5]},
			"faces": {
				"north": {"uv": [10, 0, 14.5, 1.5], "texture": "#0", "tintindex": 0},
				"east": {"uv": [10, 0, 15, 1.5], "texture": "#0", "tintindex": 0},
				"south": {"uv": [14.5, 0, 10, 1.5], "texture": "#0", "tintindex": 0},
				"west": {"uv": [9.5, 10.5, 14, 12], "texture": "#0", "tintindex": 0},
				"up": {"uv": [10, 5, 5.5, 0], "texture": "#0", "tintindex": 0}
			}
		},
		{
			"from": [1.77792, 10.15746, 5],
			"to": [10.77792, 14.15746, 11.5],
			"rotation": {"angle": 22.5, "axis": "z", "origin": [5.77792, 10.65746, 6]},
			"faces": {
				"north": {"uv": [4.5, 8.5, 9, 10.5], "texture": "#0", "tintindex": 0},
				"east": {"uv": [9, 8.5, 12.5, 10.5], "texture": "#0", "tintindex": 0},
				"south": {"uv": [9, 8.5, 4.5, 10.5], "texture": "#0", "tintindex": 0},
				"west": {"uv": [0, 9.5, 3, 11.5], "texture": "#0", "tintindex": 0},
				"up": {"uv": [10, 8.5, 5.5, 5], "texture": "#0", "tintindex": 0},
				"down": {"uv": [4.5, 6, 0, 9.5], "texture": "#0", "tintindex": 0}
			}
		},
		{
			"from": [-2.54248, 6.40908, 6.5],
			"to": [1.45752, 10.40908, 10],
			"rotation": {"angle": -22.5, "axis": "z", "origin": [0.45752, 7.40908, 6]},
			"faces": {
				"north": {"uv": [10, 2.5, 12, 4.5], "texture": "#0"},
				"east": {"uv": [10, 4.5, 12, 6.5], "texture": "#0"},
				"south": {"uv": [10, 6.5, 12, 8.5], "texture": "#0"},
				"west": {"uv": [3.5, 10.5, 5.5, 12.5], "texture": "#0"},
				"up": {"uv": [7.5, 12.5, 5.5, 10.5], "texture": "#0"},
				"down": {"uv": [9.5, 10.5, 7.5, 12.5], "texture": "#0"}
			}
		}
	],
	"display": {
		"thirdperson_righthand": {
			"rotation": [75, 45, 0],
			"translation": [0, 2.5, 0],
			"scale": [0.375, 0.375, 0.375]
		},
		"thirdperson_lefthand": {
			"rotation": [75, 45, 0],
			"translation": [0, 2.5, 0],
			"scale": [0.375, 0.375, 0.375]
		},
		"firstperson_righthand": {
			"rotation": [0, 45, 0],
			"translation": [2.5, 0, 0],
			"scale": [0.4, 0.4, 0.4]
		},
		"firstperson_lefthand": {
			"rotation": [0, 45, 0],
			"translation": [2.5, 0, 0],
			"scale": [0.4, 0.4, 0.4]
		},
		"ground": {
			"translation": [0, 2, 0],
			"scale": [0.5, 0.5, 0.5]
		},
		"gui": {
			"rotation": [33, 135, 0],
			"translation": [0, -0.75, 0],
			"scale": [0.8, 0.8, 0.8]
		},
		"head": {
			"rotation": [0, 0, 15],
			"translation": [0, 2.5, -0.5],
			"scale": [1.5, 1.5, 1.5]
		},
		"fixed": {
			"rotation": [-90, 0, 0],
			"translation": [0, 0, -1],
			"scale": [2, 2, 2]
		}
	},
	"groups": [
		{
			"name": "group",
			"origin": [8, 8, 8],
			"color": 0,
			"nbt": "{}",
			"armAnimationEnabled": false,
			"children": [0, 1, 2, 3]
		}
	]
}