{
	"credit": "Copyright © 2021-2099 Ikaho-Onsen Minecraft Server. All rights reserved.",
	"texture_size": [682, 682],
	"textures": {
		"0": "minecraft:item/parsley",
		"particle": "minecraft:item/parsley"
	},
	"elements": [
		{
			"from": [4.9, 7.5, 8.05],
			"to": [7.9, 10.5, 8.07],
			"rotation": {"angle": 0, "axis": "z", "origin": [7.875, 9.18687, 8.06]},
			"faces": {
				"north": {"uv": [0.672, 7.504, 6.064, 16], "texture": "#0"},
				"east": {"uv": [0, 0, 0.00047, 0.07038], "texture": "#0"},
				"south": {"uv": [6.064, 7.504, 0.672, 16], "texture": "#0"},
				"west": {"uv": [0, 0, 0.005, 0.75], "texture": "#0"},
				"up": {"uv": [0, 0, 0.75, 0.005], "texture": "#0"},
				"down": {"uv": [0, 0, 0.75, 0.005], "texture": "#0"}
			}
		},
		{
			"from": [7.85, 7.6, 8.05],
			"to": [10.85, 10.6, 8.07],
			"rotation": {"angle": 0, "axis": "z", "origin": [7.875, 9.18687, 8.06]},
			"faces": {
				"north": {"uv": [6.016, 2.208, 10.912, 8.992], "texture": "#0"},
				"east": {"uv": [0, 0, 0.00047, 0.07038], "texture": "#0"},
				"south": {"uv": [10.912, 2.208, 6.016, 8.992], "texture": "#0"},
				"west": {"uv": [0, 0, 0.005, 0.75], "texture": "#0"},
				"up": {"uv": [0, 0, 0.75, 0.005], "texture": "#0"},
				"down": {"uv": [0, 0, 0.75, 0.005], "texture": "#0"}
			}
		},
		{
			"from": [5.58052, 8.86427, 8.05],
			"to": [8.58052, 11.86427, 8.07],
			"rotation": {"angle": -22.5, "axis": "z", "origin": [7.875, 9.18687, 8.06]},
			"faces": {
				"north": {"uv": [10.784, 16, 16, 8.224], "rotation": 180, "texture": "#0"},
				"east": {"uv": [0, 0, 0.75, 0.005], "rotation": 270, "texture": "#0"},
				"south": {"uv": [10.784, 8.224, 16, 16], "texture": "#0"},
				"west": {"uv": [0, 0, 0.75, 0.005], "rotation": 270, "texture": "#0"},
				"up": {"uv": [0, 0, 0.00047, 0.07038], "rotation": 270, "texture": "#0"},
				"down": {"uv": [0, 0, 0.005, 0.75], "rotation": 270, "texture": "#0"}
			}
		},
		{
			"from": [9.02777, 8.35535, 8.05],
			"to": [9.12777, 9.35535, 8.07],
			"rotation": {"angle": -45, "axis": "z", "origin": [7.875, 9.18687, 8.06]},
			"faces": {
				"north": {"uv": [8.288, 14.224, 8.144, 14.832], "texture": "#0"},
				"south": {"uv": [8.144, 14.224, 8.288, 14.832], "texture": "#0"}
			}
		},
		{
			"from": [8.09, 7, 8.05],
			"to": [8.19, 9, 8.07],
			"rotation": {"angle": 0, "axis": "y", "origin": [7.875, 9.18687, 8.06]},
			"faces": {
				"north": {"uv": [8.288, 14.832, 8.144, 14.224], "texture": "#0"},
				"south": {"uv": [8.288, 14.832, 8.144, 14.224], "texture": "#0"}
			}
		},
		{
			"from": [6.78961, 7.75394, 8.05],
			"to": [6.88961, 8.75394, 8.07],
			"rotation": {"angle": 45, "axis": "z", "origin": [7.875, 9.18687, 8.06]},
			"faces": {
				"north": {"uv": [8.144, 14.224, 8.288, 14.832], "texture": "#0"},
				"south": {"uv": [8.288, 14.224, 8.144, 14.832], "texture": "#0"}
			}
		}
	],
	"display": {
		"thirdperson_righthand": {
			"rotation": [31, -34, 0],
			"translation": [-0.25, 1, 1.25],
			"scale": [2, 2, 2]
		},
		"thirdperson_lefthand": {
			"rotation": [24, -39, -7],
			"translation": [0.5, 1, 1.25],
			"scale": [2, 2, 2]
		},
		"firstperson_righthand": {
			"rotation": [0, 0, 19],
			"translation": [-0.25, 3, 0],
			"scale": [4, 4, 4]
		},
		"firstperson_lefthand": {
			"rotation": [0, 0, 19],
			"translation": [-0.25, 3, 0],
			"scale": [-4, 4, 4]
		},
		"ground": {
			"scale": [4, 4, 4]
		},
		"gui": {
			"rotation": [0, 0, -20],
			"translation": [-1, -4.75, 0],
			"scale": [2.92, 2.92, 2.92]
		},
		"head": {
			"translation": [0, 2.75, 0],
			"scale": [4, 4, 4]
		},
		"fixed": {
			"translation": [0.25, -6.75, -0.75],
			"scale": [3.4, 3.4, 3.4]
		}
	},
	"groups": [
		{
			"name": "group",
			"origin": [-0.2328, 4.7417, 0.125],
			"color": 0,
			"nbt": "{}",
			"armAnimationEnabled": false,
			"children": [
				{
					"name": "group",
					"origin": [-0.2328, 4.7417, 0.125],
					"color": 0,
					"nbt": "{}",
					"armAnimationEnabled": false,
					"children": [0, 1, 2]
				},
				3,
				4,
				5
			]
		}
	]
}