{
	"credit": "Copyright © 2021-2099 Ikaho-Onsen Minecraft Server. All rights reserved.",
	"textures": {
		"0": "minecraft:item/santa_hat19ver",
		"particle": "minecraft:item/santa_hat19ver"
	},
	"elements": [
		{
			"from": [4, 17, 4.3],
			"to": [12, 19, 12.3],
			"rotation": {"angle": 22.5, "axis": "x", "origin": [8, 18, 8]},
			"faces": {
				"north": {"uv": [8, 0, 16, 1], "texture": "#0"},
				"east": {"uv": [8, 0, 16, 1], "texture": "#0"},
				"south": {"uv": [8, 0, 16, 1], "texture": "#0"},
				"west": {"uv": [8, 0, 16, 1], "texture": "#0"},
				"up": {"uv": [8, 0, 16, 1], "texture": "#0"},
				"down": {"uv": [8, 1, 16, 2], "texture": "#0"}
			}
		},
		{
			"from": [4.4, 19, 5],
			"to": [11.6, 20.3, 11.5],
			"rotation": {"angle": 22.5, "axis": "x", "origin": [8, 18, 8]},
			"faces": {
				"north": {"uv": [0, 0, 7.2, 1.3], "texture": "#0"},
				"east": {"uv": [0, 0, 6.5, 1.3], "texture": "#0"},
				"south": {"uv": [0, 0, 7.2, 1.3], "texture": "#0"},
				"west": {"uv": [0, 0, 6.5, 1.3], "texture": "#0"},
				"up": {"uv": [0, 0, 7.2, 6.5], "texture": "#0"},
				"down": {"uv": [0, 0, 7.2, 6.5], "texture": "#0"}
			}
		},
		{
			"from": [5, 19, 7.1],
			"to": [11, 22, 10.2],
			"rotation": {"angle": -22.5, "axis": "x", "origin": [8, 19.8, 9.2]},
			"faces": {
				"north": {"uv": [0, 0, 6, 3], "texture": "#0"},
				"east": {"uv": [0, 0, 3.1, 3], "texture": "#0"},
				"south": {"uv": [0, 0, 6, 3], "texture": "#0"},
				"west": {"uv": [0, 0, 3.1, 3], "texture": "#0"},
				"up": {"uv": [0, 0, 6, 3.1], "texture": "#0"},
				"down": {"uv": [0, 0, 6, 3.1], "texture": "#0"}
			}
		},
		{
			"from": [5.3, 18.95978, 9.33061],
			"to": [10.7, 21.95978, 12.43061],
			"rotation": {"angle": 0, "axis": "y", "origin": [8, 21.55978, 11.88061]},
			"faces": {
				"north": {"uv": [0, 0, 5.4, 3], "texture": "#0"},
				"east": {"uv": [0, 0, 3.1, 3], "texture": "#0"},
				"south": {"uv": [0, 0, 5.4, 3], "texture": "#0"},
				"west": {"uv": [0, 0, 3.1, 3], "texture": "#0"},
				"up": {"uv": [0, 0, 5.4, 3.1], "texture": "#0"},
				"down": {"uv": [0, 0, 5.4, 3.1], "texture": "#0"}
			}
		},
		{
			"from": [5.8, 19.35978, 12.33061],
			"to": [10.4, 21.55978, 13.33061],
			"rotation": {"angle": 0, "axis": "y", "origin": [8, 21.55978, 11.88061]},
			"faces": {
				"north": {"uv": [0, 0, 4.6, 2.2], "texture": "#0"},
				"east": {"uv": [0, 0, 1, 2.2], "texture": "#0"},
				"south": {"uv": [0, 0, 4.6, 2.2], "texture": "#0"},
				"west": {"uv": [0, 0, 1, 2.2], "texture": "#0"},
				"up": {"uv": [0, 0, 4.6, 1], "texture": "#0"},
				"down": {"uv": [0, 0, 4.6, 1], "texture": "#0"}
			}
		},
		{
			"from": [6.5, 19.55978, 13.33061],
			"to": [9.5, 21.15978, 13.93061],
			"rotation": {"angle": 0, "axis": "y", "origin": [7.9, 21.55978, 11.88061]},
			"faces": {
				"north": {"uv": [0, 0, 3, 1.6], "texture": "#0"},
				"east": {"uv": [0, 0, 0.6, 1.6], "texture": "#0"},
				"south": {"uv": [0, 0, 3, 1.6], "texture": "#0"},
				"west": {"uv": [0, 0, 0.6, 1.6], "texture": "#0"},
				"up": {"uv": [0, 0, 3, 0.6], "texture": "#0"},
				"down": {"uv": [0, 0, 3, 0.6], "texture": "#0"}
			}
		},
		{
			"from": [7, 18, 13],
			"to": [9, 20, 15],
			"faces": {
				"north": {"uv": [14, 0, 16, 1], "texture": "#0"},
				"east": {"uv": [14, 0, 16, 1], "texture": "#0"},
				"south": {"uv": [14, 0, 16, 1], "texture": "#0"},
				"west": {"uv": [14, 0, 16, 1], "texture": "#0"},
				"up": {"uv": [14, 0, 16, 1], "texture": "#0"},
				"down": {"uv": [14, 0, 16, 1], "texture": "#0"}
			}
		}
	],
	"gui_light": "front",
	"display": {
		"thirdperson_righthand": {
			"translation": [0, -4.5, 0],
			"scale": [0.5, 0.5, 0.5]
		},
		"thirdperson_lefthand": {
			"translation": [0, -4.5, 0],
			"scale": [0.5, 0.5, 0.5]
		},
		"firstperson_righthand": {
			"translation": [1.75, -8.75, 0]
		},
		"firstperson_lefthand": {
			"translation": [0, -9.75, 0]
		},
		"ground": {
			"rotation": [-26, 0, 0],
			"translation": [0, -8.75, 0]
		},
		"gui": {
			"rotation": [11, 76, 0],
			"translation": [-1, -9.75, 0]
		},
		"head": {
			"rotation": [0, -91, 0],
			"translation": [0, -15, -0.25],
			"scale": [2.05, 2.05, 2.05]
		},
		"fixed": {
			"rotation": [-112, 0, 0],
			"translation": [0.25, 8.75, 17],
			"scale": [2, 2, 2]
		}
	},
	"groups": [
		{
			"name": "hat",
			"origin": [8, 8, 8],
			"color": 0,
			"children": [0, 1, 2, 3, 4, 5, 6]
		}
	]
}