{
	"credit": "Copyright © 2021-2099 Ikaho-Onsen Minecraft Server. All rights reserved.",
	"textures": {
		"0": "minecraft:item/cola",
		"particle": "minecraft:item/cola"
	},
	"elements": [
		{
			"from": [6, 0.5, 6],
			"to": [10, 6.5, 10],
			"faces": {
				"north": {"uv": [8, 1, 12, 8], "texture": "#0"},
				"east": {"uv": [4, 1, 8, 8], "texture": "#0"},
				"south": {"uv": [0, 1, 4, 8], "texture": "#0"},
				"west": {"uv": [12, 1, 16, 8], "texture": "#0"},
				"up": {"uv": [0, 0, 2.5, 2.5], "texture": "#0"},
				"down": {"uv": [0, 0, 2.5, 2.5], "texture": "#0"}
			}
		},
		{
			"from": [7, 0.5, 5.5],
			"to": [9, 6.5, 6],
			"faces": {
				"north": {"uv": [9, 1, 11, 8], "texture": "#0"},
				"east": {"uv": [8.5, 1, 9, 8], "texture": "#0"},
				"south": {"uv": [9, 1, 11, 8], "texture": "#0"},
				"west": {"uv": [11, 1, 11.5, 8], "texture": "#0"},
				"up": {"uv": [0, 0, 2, 0.5], "texture": "#0"},
				"down": {"uv": [0, 0, 2, 0.5], "texture": "#0"}
			}
		},
		{
			"from": [7, 0.5, 10],
			"to": [9, 6.5, 10.5],
			"faces": {
				"north": {"uv": [1, 1, 3, 8], "texture": "#0"},
				"east": {"uv": [3, 1, 3.5, 8], "texture": "#0"},
				"south": {"uv": [1, 1, 3, 8], "texture": "#0"},
				"west": {"uv": [0.5, 1, 1, 8], "texture": "#0"},
				"up": {"uv": [0, 0, 2, 0.5], "texture": "#0"},
				"down": {"uv": [0, 0, 2, 0.5], "texture": "#0"}
			}
		},
		{
			"from": [5.5, 0.5, 7],
			"to": [6, 6.5, 9],
			"faces": {
				"north": {"uv": [12.5, 1, 13, 8], "texture": "#0"},
				"east": {"uv": [13, 1, 15, 8], "texture": "#0"},
				"south": {"uv": [15, 1, 15.5, 8], "texture": "#0"},
				"west": {"uv": [13, 1, 15, 8], "texture": "#0"},
				"up": {"uv": [0, 0, 0.5, 2], "texture": "#0"},
				"down": {"uv": [0, 0, 0.5, 2], "texture": "#0"}
			}
		},
		{
			"from": [10, 0.5, 7],
			"to": [10.5, 6.5, 9],
			"faces": {
				"north": {"uv": [7, 1, 7.5, 8], "texture": "#0"},
				"east": {"uv": [5, 1, 7, 8], "texture": "#0"},
				"south": {"uv": [4.5, 1, 5, 8], "texture": "#0"},
				"west": {"uv": [5, 1, 7, 8], "texture": "#0"},
				"up": {"uv": [5.75, 0.25, 6.25, 2.25], "texture": "#0"},
				"down": {"uv": [5.75, 0, 6.25, 2], "texture": "#0"}
			}
		},
		{
			"from": [6, 6.5, 7],
			"to": [10, 7, 9],
			"faces": {
				"north": {"uv": [0, 12.75, 4, 13.25], "texture": "#0"},
				"east": {"uv": [0, 12.75, 2, 13.25], "texture": "#0"},
				"south": {"uv": [0, 12.75, 4, 13.25], "texture": "#0"},
				"west": {"uv": [0, 12.75, 2, 13.25], "texture": "#0"},
				"up": {"uv": [0, 12.75, 4, 14.75], "texture": "#0"},
				"down": {"uv": [0, 12.75, 4, 14.75], "texture": "#0"}
			}
		},
		{
			"from": [7, 6.5, 6],
			"to": [9, 7, 6.5],
			"faces": {
				"north": {"uv": [0, 12.75, 2, 13.25], "texture": "#0"},
				"east": {"uv": [0, 12.75, 0.5, 13.25], "texture": "#0"},
				"south": {"uv": [0, 12.75, 2, 13.25], "texture": "#0"},
				"west": {"uv": [0, 12.75, 0.5, 13.25], "texture": "#0"},
				"up": {"uv": [0, 12.75, 2, 13.25], "texture": "#0"},
				"down": {"uv": [0, 12.75, 2, 13.25], "texture": "#0"}
			}
		},
		{
			"from": [7, 6.5, 9.5],
			"to": [9, 7, 10],
			"faces": {
				"north": {"uv": [0, 12.75, 2, 13.25], "texture": "#0"},
				"east": {"uv": [0, 12.75, 0.5, 13.25], "texture": "#0"},
				"south": {"uv": [0, 12.75, 2, 13.25], "texture": "#0"},
				"west": {"uv": [0, 12.75, 0.5, 13.25], "texture": "#0"},
				"up": {"uv": [0, 12.75, 2, 13.25], "texture": "#0"},
				"down": {"uv": [0, 12.75, 2, 13.25], "texture": "#0"}
			}
		},
		{
			"from": [6.5, 6.5, 6.5],
			"to": [9.5, 7, 7],
			"faces": {
				"north": {"uv": [0, 12.75, 3, 13.25], "texture": "#0"},
				"east": {"uv": [0, 12.75, 0.5, 13.25], "texture": "#0"},
				"south": {"uv": [0, 12.75, 3, 13.25], "texture": "#0"},
				"west": {"uv": [0, 12.75, 0.5, 13.25], "texture": "#0"},
				"up": {"uv": [0, 12.75, 3, 13.25], "texture": "#0"},
				"down": {"uv": [0, 12.75, 3, 13.25], "texture": "#0"}
			}
		},
		{
			"from": [6.5, 6.5, 9],
			"to": [9.5, 7, 9.5],
			"faces": {
				"north": {"uv": [0, 12.75, 3, 13.25], "texture": "#0"},
				"east": {"uv": [0, 12.75, 0.5, 13.25], "texture": "#0"},
				"south": {"uv": [0, 12.75, 3, 13.25], "texture": "#0"},
				"west": {"uv": [0, 12.75, 0.5, 13.25], "texture": "#0"},
				"up": {"uv": [0, 12.75, 3, 13.25], "texture": "#0"},
				"down": {"uv": [0, 12.75, 3, 13.25], "texture": "#0"}
			}
		},
		{
			"from": [6.5, 0, 9],
			"to": [9.5, 0.5, 9.5],
			"faces": {
				"north": {"uv": [0, 12.75, 3, 13.25], "texture": "#0"},
				"east": {"uv": [0, 12.75, 0.5, 13.25], "texture": "#0"},
				"south": {"uv": [0, 12.75, 3, 13.25], "texture": "#0"},
				"west": {"uv": [0, 12.75, 0.5, 13.25], "texture": "#0"},
				"up": {"uv": [0, 12.75, 3, 13.25], "texture": "#0"},
				"down": {"uv": [0, 12.75, 3, 13.25], "texture": "#0"}
			}
		},
		{
			"from": [6.5, 0, 6.5],
			"to": [9.5, 0.5, 7],
			"faces": {
				"north": {"uv": [0, 12.75, 3, 13.25], "texture": "#0"},
				"east": {"uv": [0, 12.75, 0.5, 13.25], "texture": "#0"},
				"south": {"uv": [0, 12.75, 3, 13.25], "texture": "#0"},
				"west": {"uv": [0, 12.75, 0.5, 13.25], "texture": "#0"},
				"up": {"uv": [0, 12.75, 3, 13.25], "texture": "#0"},
				"down": {"uv": [0, 12.75, 3, 13.25], "texture": "#0"}
			}
		},
		{
			"from": [7, 0, 9.5],
			"to": [9, 0.5, 10],
			"faces": {
				"north": {"uv": [0, 12.75, 2, 13.25], "texture": "#0"},
				"east": {"uv": [0, 12.75, 0.5, 13.25], "texture": "#0"},
				"south": {"uv": [0, 12.75, 2, 13.25], "texture": "#0"},
				"west": {"uv": [0, 12.75, 0.5, 13.25], "texture": "#0"},
				"up": {"uv": [0, 12.75, 2, 13.25], "texture": "#0"},
				"down": {"uv": [0, 12.75, 2, 13.25], "texture": "#0"}
			}
		},
		{
			"from": [7, 0, 6],
			"to": [9, 0.5, 6.5],
			"faces": {
				"north": {"uv": [0, 12.75, 2, 13.25], "texture": "#0"},
				"east": {"uv": [0, 12.75, 0.5, 13.25], "texture": "#0"},
				"south": {"uv": [0, 12.75, 2, 13.25], "texture": "#0"},
				"west": {"uv": [0, 12.75, 0.5, 13.25], "texture": "#0"},
				"up": {"uv": [0, 12.75, 2, 13.25], "texture": "#0"},
				"down": {"uv": [0, 12.75, 2, 13.25], "texture": "#0"}
			}
		},
		{
			"from": [6, 0, 7],
			"to": [10, 0.5, 9],
			"faces": {
				"north": {"uv": [0, 12.75, 4, 13.25], "texture": "#0"},
				"east": {"uv": [0, 12.75, 2, 13.25], "texture": "#0"},
				"south": {"uv": [0, 12.75, 4, 13.25], "texture": "#0"},
				"west": {"uv": [0, 12.75, 2, 13.25], "texture": "#0"},
				"up": {"uv": [0, 12.75, 4, 14.75], "texture": "#0"},
				"down": {"uv": [0, 12.75, 4, 14.75], "texture": "#0"}
			}
		}
	],
	"display": {
		"thirdperson_righthand": {
			"rotation": [0, 66, 0],
			"translation": [0, 3, -1.75]
		},
		"thirdperson_lefthand": {
			"rotation": [0, 66, 0],
			"translation": [0, 3, -1.75]
		},
		"firstperson_righthand": {
			"rotation": [-13, 102, 0],
			"translation": [2.25, 5.25, 0.25],
			"scale": [0.7, 0.7, 0.7]
		},
		"firstperson_lefthand": {
			"rotation": [-13, 102, 0],
			"translation": [2.25, 5.25, 0.25],
			"scale": [0.7, 0.7, 0.7]
		},
		"ground": {
			"translation": [0, 4.5, 0]
		},
		"gui": {
			"rotation": [2, -145, 17],
			"translation": [1.25, 5.25, 0],
			"scale": [1.2, 1.2, 1.2]
		},
		"head": {
			"translation": [0, 14.25, 0]
		},
		"fixed": {
			"rotation": [-90, 0, 0],
			"translation": [0, 0, -14],
			"scale": [2, 2, 2]
		}
	}
}