{
	"credit": "Copyright © 2021-2099 Ikaho-Onsen Minecraft Server. All rights reserved.",
	"ambientocclusion": false,
	"textures": {
		"8": "block/yellow_concrete_powder",
		"128": "item/furnace_side",
		"140": "item/hardened_clay_stained_black",
		"142": "item/hardened_clay_stained_cyan",
		"153": "item/hardened_clay_stained_silver",
		"340": "item/wool_colored_black",
		"344": "item/concrete_gray",
		"particle": "minecraft:block/light_blue_shulker_box"
	},
	"elements": [
		{
			"from": [0.16, 6.6, 14.2],
			"to": [15.84, 9.06, 18.66],
			"faces": {
				"north": {"uv": [0, 0, 16, 3], "texture": "#142"},
				"east": {"uv": [0, 0, 16, 3], "rotation": 90, "texture": "#142"},
				"south": {"uv": [0, 0, 16, 3], "rotation": 180, "texture": "#142"},
				"west": {"uv": [0, 0, 16, 3], "rotation": 270, "texture": "#142"},
				"up": {"uv": [0, 0, 16, 3], "texture": "#142"},
				"down": {"uv": [0, 0, 16, 3], "rotation": 180, "texture": "#142"}
			}
		},
		{
			"from": [2.32, 6.6, 18.2],
			"to": [4, 9.06, 20.66],
			"faces": {
				"north": {"uv": [0, 0, 16, 3], "texture": "#142"},
				"east": {"uv": [0, 0, 16, 3], "rotation": 90, "texture": "#142"},
				"south": {"uv": [0, 0, 16, 3], "rotation": 180, "texture": "#142"},
				"west": {"uv": [0, 0, 16, 3], "rotation": 270, "texture": "#142"},
				"up": {"uv": [0, 0, 16, 3], "texture": "#142"},
				"down": {"uv": [0, 0, 16, 3], "rotation": 180, "texture": "#142"}
			}
		},
		{
			"from": [11.78, 6.6, 18.2],
			"to": [13.46, 9.06, 20.66],
			"faces": {
				"north": {"uv": [0, 0, 16, 3], "texture": "#142"},
				"east": {"uv": [0, 0, 16, 3], "rotation": 90, "texture": "#142"},
				"south": {"uv": [0, 0, 16, 3], "rotation": 180, "texture": "#142"},
				"west": {"uv": [0, 0, 16, 3], "rotation": 270, "texture": "#142"},
				"up": {"uv": [0, 0, 16, 3], "texture": "#142"},
				"down": {"uv": [0, 0, 16, 3], "rotation": 180, "texture": "#142"}
			}
		},
		{
			"from": [-0.48, 4.96, 17.02],
			"to": [1.16, 10.7, 19.48],
			"faces": {
				"north": {"uv": [14, 3, 16, 9], "texture": "#128"},
				"east": {"uv": [8, 0, 14, 3], "rotation": 90, "texture": "#128"},
				"south": {"uv": [12, 3, 14, 9], "rotation": 180, "texture": "#128"},
				"west": {"uv": [0, 0, 6, 3], "rotation": 270, "texture": "#128"},
				"up": {"uv": [6, 0, 8, 3], "texture": "#128"},
				"down": {"uv": [14, 0, 16, 3], "rotation": 180, "texture": "#128"}
			}
		},
		{
			"from": [1.5, 4.96, 19.84],
			"to": [3.96, 10.7, 21.48],
			"faces": {
				"north": {"uv": [13, 9, 16, 16], "texture": "#128"},
				"east": {"uv": [3, 2, 9, 4], "rotation": 90, "texture": "#128"},
				"south": {"uv": [13, 2, 16, 9], "rotation": 180, "texture": "#128"},
				"west": {"uv": [0, 0, 6, 2], "rotation": 270, "texture": "#128"},
				"up": {"uv": [6, 0, 9, 2], "texture": "#128"},
				"down": {"uv": [13, 0, 16, 2], "rotation": 180, "texture": "#128"}
			}
		},
		{
			"from": [14.84, 4.96, 17.02],
			"to": [16.48, 10.7, 19.48],
			"faces": {
				"north": {"uv": [0, 3, 2, 10], "texture": "#128"},
				"east": {"uv": [10, 0, 16, 3], "rotation": 90, "texture": "#128"},
				"south": {"uv": [2, 3, 4, 10], "rotation": 180, "texture": "#128"},
				"west": {"uv": [2, 0, 8, 3], "rotation": 270, "texture": "#128"},
				"up": {"uv": [8, 0, 10, 3], "texture": "#128"},
				"down": {"uv": [0, 0, 2, 3], "rotation": 180, "texture": "#128"}
			}
		},
		{
			"from": [11.78, 4.96, 19.84],
			"to": [14.24, 10.7, 21.48],
			"faces": {
				"north": {"uv": [0, 9, 3, 16], "texture": "#128"},
				"east": {"uv": [10, 0, 16, 2], "rotation": 90, "texture": "#128"},
				"south": {"uv": [0, 2, 3, 9], "rotation": 180, "texture": "#128"},
				"west": {"uv": [7, 2, 13, 4], "rotation": 270, "texture": "#128"},
				"up": {"uv": [7, 0, 10, 2], "texture": "#128"},
				"down": {"uv": [0, 0, 3, 2], "rotation": 180, "texture": "#128"}
			}
		},
		{
			"from": [6.36, 3.32, 14.2],
			"to": [9.64, 6.6, 16.66],
			"faces": {
				"north": {"uv": [0, 0, 4, 3], "texture": "#140"},
				"east": {"uv": [0, 0, 4, 3], "rotation": 90, "texture": "#140"},
				"south": {"uv": [0, 0, 4, 3], "rotation": 180, "texture": "#140"},
				"west": {"uv": [0, 0, 4, 3], "rotation": 270, "texture": "#140"},
				"up": {"uv": [0, 0, 4, 3], "texture": "#140"},
				"down": {"uv": [0, 0, 4, 3], "rotation": 180, "texture": "#140"}
			}
		},
		{
			"from": [3.14, 9.06, 21.48],
			"to": [3.96, 10.7, 22.3],
			"faces": {
				"north": {"uv": [0, 0, 2, 1], "rotation": 90, "texture": "#153"},
				"east": {"uv": [0, 0, 2, 1], "rotation": 180, "texture": "#153"},
				"south": {"uv": [0, 0, 2, 1], "rotation": 270, "texture": "#153"},
				"west": {"uv": [0, 0, 2, 1], "texture": "#153"},
				"up": {"uv": [0, 0, 2, 1], "rotation": 270, "texture": "#153"},
				"down": {"uv": [0, 0, 2, 1], "rotation": 270, "texture": "#153"}
			}
		},
		{
			"from": [1.5, 4.14, 21.48],
			"to": [3.14, 5.78, 22.3],
			"faces": {
				"north": {"uv": [0, 0, 2, 2], "rotation": 90, "texture": "#142"},
				"east": {"uv": [0, 0, 2, 2], "rotation": 180, "texture": "#142"},
				"south": {"uv": [0, 0, 2, 2], "rotation": 270, "texture": "#142"},
				"west": {"uv": [0, 0, 2, 2], "texture": "#142"},
				"up": {"uv": [0, 0, 2, 2], "rotation": 270, "texture": "#142"},
				"down": {"uv": [0, 0, 2, 2], "rotation": 270, "texture": "#142"}
			}
		},
		{
			"from": [1.5, 3.32, 21.48],
			"to": [3.14, 4.14, 22.3],
			"faces": {
				"north": {"uv": [0, 0, 1, 2], "rotation": 90, "texture": "#153"},
				"east": {"uv": [0, 0, 1, 2], "rotation": 180, "texture": "#153"},
				"south": {"uv": [0, 0, 1, 2], "rotation": 270, "texture": "#153"},
				"west": {"uv": [0, 0, 1, 2], "texture": "#153"},
				"up": {"uv": [0, 0, 1, 2], "rotation": 270, "texture": "#153"},
				"down": {"uv": [0, 0, 1, 2], "rotation": 270, "texture": "#153"}
			}
		},
		{
			"from": [1.5, 5.78, 21.48],
			"to": [3.14, 6.6, 22.3],
			"faces": {
				"north": {"uv": [0, 0, 1, 2], "rotation": 90, "texture": "#153"},
				"east": {"uv": [0, 0, 1, 2], "rotation": 180, "texture": "#153"},
				"south": {"uv": [0, 0, 1, 2], "rotation": 270, "texture": "#153"},
				"west": {"uv": [0, 0, 1, 2], "texture": "#153"},
				"up": {"uv": [0, 0, 1, 2], "rotation": 270, "texture": "#153"},
				"down": {"uv": [0, 0, 1, 2], "rotation": 270, "texture": "#153"}
			}
		},
		{
			"from": [3.14, 4.14, 21.48],
			"to": [3.96, 5.78, 22.3],
			"faces": {
				"north": {"uv": [0, 0, 2, 1], "rotation": 90, "texture": "#153"},
				"east": {"uv": [0, 0, 2, 1], "rotation": 180, "texture": "#153"},
				"south": {"uv": [0, 0, 2, 1], "rotation": 270, "texture": "#153"},
				"west": {"uv": [0, 0, 2, 1], "texture": "#153"},
				"up": {"uv": [0, 0, 2, 1], "rotation": 270, "texture": "#153"},
				"down": {"uv": [0, 0, 2, 1], "rotation": 270, "texture": "#153"}
			}
		},
		{
			"from": [0.68, 4.14, 21.48],
			"to": [1.5, 5.78, 22.3],
			"faces": {
				"north": {"uv": [0, 0, 2, 1], "rotation": 90, "texture": "#153"},
				"east": {"uv": [0, 0, 1, 2], "rotation": 180, "texture": "#153"},
				"south": {"uv": [0, 0, 2, 1], "rotation": 270, "texture": "#153"},
				"west": {"uv": [0, 0, 1, 2], "texture": "#153"},
				"up": {"uv": [0, 0, 1, 1], "rotation": 270, "texture": "#153"},
				"down": {"uv": [0, 0, 1, 1], "rotation": 270, "texture": "#153"}
			}
		},
		{
			"from": [0.68, 9.06, 21.48],
			"to": [1.5, 10.7, 22.3],
			"faces": {
				"north": {"uv": [0, 0, 2, 1], "rotation": 90, "texture": "#153"},
				"east": {"uv": [0, 0, 2, 1], "rotation": 180, "texture": "#153"},
				"south": {"uv": [0, 0, 2, 1], "rotation": 270, "texture": "#153"},
				"west": {"uv": [0, 0, 2, 1], "texture": "#153"},
				"up": {"uv": [0, 0, 2, 1], "rotation": 270, "texture": "#153"},
				"down": {"uv": [0, 0, 2, 1], "rotation": 270, "texture": "#153"}
			}
		},
		{
			"from": [1.5, 8.24, 21.48],
			"to": [3.14, 9.06, 22.3],
			"faces": {
				"north": {"uv": [0, 0, 1, 2], "rotation": 90, "texture": "#153"},
				"east": {"uv": [0, 0, 1, 2], "rotation": 180, "texture": "#153"},
				"south": {"uv": [0, 0, 1, 2], "rotation": 270, "texture": "#153"},
				"west": {"uv": [0, 0, 1, 2], "texture": "#153"},
				"up": {"uv": [0, 0, 1, 2], "rotation": 270, "texture": "#153"},
				"down": {"uv": [0, 0, 1, 2], "rotation": 270, "texture": "#153"}
			}
		},
		{
			"from": [1.5, 9.06, 21.48],
			"to": [3.14, 10.7, 22.3],
			"faces": {
				"north": {"uv": [0, 0, 2, 2], "rotation": 90, "texture": "#142"},
				"east": {"uv": [0, 0, 2, 2], "rotation": 180, "texture": "#142"},
				"south": {"uv": [0, 0, 2, 2], "rotation": 270, "texture": "#142"},
				"west": {"uv": [0, 0, 2, 2], "texture": "#142"},
				"up": {"uv": [0, 0, 2, 2], "rotation": 270, "texture": "#142"},
				"down": {"uv": [0, 0, 2, 2], "rotation": 270, "texture": "#142"}
			}
		},
		{
			"from": [1.5, 10.7, 21.48],
			"to": [3.14, 11.52, 22.3],
			"faces": {
				"north": {"uv": [0, 0, 1, 2], "rotation": 90, "texture": "#153"},
				"east": {"uv": [0, 0, 1, 2], "rotation": 180, "texture": "#153"},
				"south": {"uv": [0, 0, 1, 2], "rotation": 270, "texture": "#153"},
				"west": {"uv": [0, 0, 1, 2], "texture": "#153"},
				"up": {"uv": [0, 0, 1, 2], "rotation": 270, "texture": "#153"},
				"down": {"uv": [0, 0, 1, 2], "rotation": 270, "texture": "#153"}
			}
		},
		{
			"from": [-1.3, 9.06, 17.02],
			"to": [-0.48, 10.7, 17.84],
			"faces": {
				"north": {"uv": [0, 0, 2, 1], "texture": "#153"},
				"east": {"uv": [0, 0, 2, 1], "rotation": 90, "texture": "#153"},
				"south": {"uv": [0, 0, 2, 1], "rotation": 180, "texture": "#153"},
				"west": {"uv": [0, 0, 2, 1], "rotation": 270, "texture": "#153"},
				"up": {"uv": [0, 0, 2, 1], "texture": "#153"},
				"down": {"uv": [0, 0, 2, 1], "rotation": 180, "texture": "#153"}
			}
		},
		{
			"from": [-1.3, 4.14, 17.84],
			"to": [-0.48, 5.78, 19.48],
			"faces": {
				"north": {"uv": [0, 0, 2, 2], "texture": "#142"},
				"east": {"uv": [0, 0, 2, 2], "rotation": 90, "texture": "#142"},
				"south": {"uv": [0, 0, 2, 2], "rotation": 180, "texture": "#142"},
				"west": {"uv": [0, 0, 2, 2], "rotation": 270, "texture": "#142"},
				"up": {"uv": [0, 0, 2, 2], "texture": "#142"},
				"down": {"uv": [0, 0, 2, 2], "rotation": 180, "texture": "#142"}
			}
		},
		{
			"from": [-1.3, 3.32, 17.84],
			"to": [-0.48, 4.14, 19.48],
			"faces": {
				"north": {"uv": [0, 0, 1, 2], "texture": "#153"},
				"east": {"uv": [0, 0, 1, 2], "rotation": 90, "texture": "#153"},
				"south": {"uv": [0, 0, 1, 2], "rotation": 180, "texture": "#153"},
				"west": {"uv": [0, 0, 1, 2], "rotation": 270, "texture": "#153"},
				"up": {"uv": [0, 0, 1, 2], "texture": "#153"},
				"down": {"uv": [0, 0, 1, 2], "rotation": 180, "texture": "#153"}
			}
		},
		{
			"from": [-1.3, 5.78, 17.84],
			"to": [-0.48, 6.6, 19.48],
			"faces": {
				"north": {"uv": [0, 0, 1, 2], "texture": "#153"},
				"east": {"uv": [0, 0, 1, 2], "rotation": 90, "texture": "#153"},
				"south": {"uv": [0, 0, 1, 2], "rotation": 180, "texture": "#153"},
				"west": {"uv": [0, 0, 1, 2], "rotation": 270, "texture": "#153"},
				"up": {"uv": [0, 0, 1, 2], "texture": "#153"},
				"down": {"uv": [0, 0, 1, 2], "rotation": 180, "texture": "#153"}
			}
		},
		{
			"from": [-1.3, 4.14, 17.02],
			"to": [-0.48, 5.78, 17.84],
			"faces": {
				"north": {"uv": [0, 0, 2, 1], "texture": "#153"},
				"east": {"uv": [0, 0, 2, 1], "rotation": 90, "texture": "#153"},
				"south": {"uv": [0, 0, 2, 1], "rotation": 180, "texture": "#153"},
				"west": {"uv": [0, 0, 2, 1], "rotation": 270, "texture": "#153"},
				"up": {"uv": [0, 0, 2, 1], "texture": "#153"},
				"down": {"uv": [0, 0, 2, 1], "rotation": 180, "texture": "#153"}
			}
		},
		{
			"from": [-1.3, 4.14, 19.48],
			"to": [-0.48, 5.78, 20.3],
			"faces": {
				"north": {"uv": [0, 0, 1, 2], "texture": "#153"},
				"east": {"uv": [0, 0, 2, 1], "rotation": 90, "texture": "#153"},
				"south": {"uv": [0, 0, 1, 2], "rotation": 180, "texture": "#153"},
				"west": {"uv": [0, 0, 2, 1], "rotation": 270, "texture": "#153"},
				"up": {"uv": [0, 0, 1, 1], "texture": "#153"},
				"down": {"uv": [0, 0, 1, 1], "rotation": 180, "texture": "#153"}
			}
		},
		{
			"from": [-1.3, 9.06, 19.48],
			"to": [-0.48, 10.7, 20.3],
			"faces": {
				"north": {"uv": [0, 0, 2, 1], "texture": "#153"},
				"east": {"uv": [0, 0, 2, 1], "rotation": 90, "texture": "#153"},
				"south": {"uv": [0, 0, 2, 1], "rotation": 180, "texture": "#153"},
				"west": {"uv": [0, 0, 2, 1], "rotation": 270, "texture": "#153"},
				"up": {"uv": [0, 0, 2, 1], "texture": "#153"},
				"down": {"uv": [0, 0, 2, 1], "rotation": 180, "texture": "#153"}
			}
		},
		{
			"from": [-1.3, 8.24, 17.84],
			"to": [-0.48, 9.06, 19.48],
			"faces": {
				"north": {"uv": [0, 0, 1, 2], "texture": "#153"},
				"east": {"uv": [0, 0, 1, 2], "rotation": 90, "texture": "#153"},
				"south": {"uv": [0, 0, 1, 2], "rotation": 180, "texture": "#153"},
				"west": {"uv": [0, 0, 1, 2], "rotation": 270, "texture": "#153"},
				"up": {"uv": [0, 0, 1, 2], "texture": "#153"},
				"down": {"uv": [0, 0, 1, 2], "rotation": 180, "texture": "#153"}
			}
		},
		{
			"from": [-1.3, 9.06, 17.84],
			"to": [-0.48, 10.7, 19.48],
			"faces": {
				"north": {"uv": [0, 0, 2, 2], "texture": "#142"},
				"east": {"uv": [0, 0, 2, 2], "rotation": 90, "texture": "#142"},
				"south": {"uv": [0, 0, 2, 2], "rotation": 180, "texture": "#142"},
				"west": {"uv": [0, 0, 2, 2], "rotation": 270, "texture": "#142"},
				"up": {"uv": [0, 0, 2, 2], "texture": "#142"},
				"down": {"uv": [0, 0, 2, 2], "rotation": 180, "texture": "#142"}
			}
		},
		{
			"from": [-1.3, 10.7, 17.84],
			"to": [-0.48, 11.52, 19.48],
			"faces": {
				"north": {"uv": [0, 0, 1, 2], "texture": "#153"},
				"east": {"uv": [0, 0, 1, 2], "rotation": 90, "texture": "#153"},
				"south": {"uv": [0, 0, 1, 2], "rotation": 180, "texture": "#153"},
				"west": {"uv": [0, 0, 1, 2], "rotation": 270, "texture": "#153"},
				"up": {"uv": [0, 0, 1, 2], "texture": "#153"},
				"down": {"uv": [0, 0, 1, 2], "rotation": 180, "texture": "#153"}
			}
		},
		{
			"from": [12.6, 8.24, 21.48],
			"to": [14.24, 9.06, 22.3],
			"faces": {
				"north": {"uv": [0, 0, 1, 2], "rotation": 270, "texture": "#153"},
				"east": {"uv": [0, 0, 1, 2], "texture": "#153"},
				"south": {"uv": [0, 0, 1, 2], "rotation": 90, "texture": "#153"},
				"west": {"uv": [0, 0, 1, 2], "rotation": 180, "texture": "#153"},
				"up": {"uv": [0, 0, 1, 2], "rotation": 90, "texture": "#153"},
				"down": {"uv": [0, 0, 1, 2], "rotation": 90, "texture": "#153"}
			}
		},
		{
			"from": [12.6, 10.7, 21.48],
			"to": [14.24, 11.52, 22.3],
			"faces": {
				"north": {"uv": [0, 0, 1, 2], "rotation": 270, "texture": "#153"},
				"east": {"uv": [0, 0, 1, 2], "texture": "#153"},
				"south": {"uv": [0, 0, 1, 2], "rotation": 90, "texture": "#153"},
				"west": {"uv": [0, 0, 1, 2], "rotation": 180, "texture": "#153"},
				"up": {"uv": [0, 0, 1, 2], "rotation": 90, "texture": "#153"},
				"down": {"uv": [0, 0, 1, 2], "rotation": 90, "texture": "#153"}
			}
		},
		{
			"from": [11.78, 9.06, 21.48],
			"to": [12.6, 10.7, 22.3],
			"faces": {
				"north": {"uv": [0, 0, 2, 1], "rotation": 270, "texture": "#153"},
				"east": {"uv": [0, 0, 2, 1], "texture": "#153"},
				"south": {"uv": [0, 0, 2, 1], "rotation": 90, "texture": "#153"},
				"west": {"uv": [0, 0, 2, 1], "rotation": 180, "texture": "#153"},
				"up": {"uv": [0, 0, 2, 1], "rotation": 90, "texture": "#153"},
				"down": {"uv": [0, 0, 2, 1], "rotation": 90, "texture": "#153"}
			}
		},
		{
			"from": [11.78, 4.14, 21.48],
			"to": [12.6, 5.78, 22.3],
			"faces": {
				"north": {"uv": [0, 0, 2, 1], "rotation": 270, "texture": "#153"},
				"east": {"uv": [0, 0, 2, 1], "texture": "#153"},
				"south": {"uv": [0, 0, 2, 1], "rotation": 90, "texture": "#153"},
				"west": {"uv": [0, 0, 2, 1], "rotation": 180, "texture": "#153"},
				"up": {"uv": [0, 0, 2, 1], "rotation": 90, "texture": "#153"},
				"down": {"uv": [0, 0, 2, 1], "rotation": 90, "texture": "#153"}
			}
		},
		{
			"from": [14.24, 9.06, 21.48],
			"to": [15.06, 10.7, 22.3],
			"faces": {
				"north": {"uv": [0, 0, 2, 1], "rotation": 270, "texture": "#153"},
				"east": {"uv": [0, 0, 2, 1], "texture": "#153"},
				"south": {"uv": [0, 0, 2, 1], "rotation": 90, "texture": "#153"},
				"west": {"uv": [0, 0, 2, 1], "rotation": 180, "texture": "#153"},
				"up": {"uv": [0, 0, 2, 1], "rotation": 90, "texture": "#153"},
				"down": {"uv": [0, 0, 2, 1], "rotation": 90, "texture": "#153"}
			}
		},
		{
			"from": [12.6, 3.32, 21.48],
			"to": [14.24, 4.14, 22.3],
			"faces": {
				"north": {"uv": [0, 0, 1, 2], "rotation": 270, "texture": "#153"},
				"east": {"uv": [0, 0, 1, 2], "texture": "#153"},
				"south": {"uv": [0, 0, 1, 2], "rotation": 90, "texture": "#153"},
				"west": {"uv": [0, 0, 1, 2], "rotation": 180, "texture": "#153"},
				"up": {"uv": [0, 0, 1, 2], "rotation": 90, "texture": "#153"},
				"down": {"uv": [0, 0, 1, 2], "rotation": 90, "texture": "#153"}
			}
		},
		{
			"from": [12.6, 5.78, 21.48],
			"to": [14.24, 6.6, 22.3],
			"faces": {
				"north": {"uv": [0, 0, 1, 2], "rotation": 270, "texture": "#153"},
				"east": {"uv": [0, 0, 1, 2], "texture": "#153"},
				"south": {"uv": [0, 0, 1, 2], "rotation": 90, "texture": "#153"},
				"west": {"uv": [0, 0, 1, 2], "rotation": 180, "texture": "#153"},
				"up": {"uv": [0, 0, 1, 2], "rotation": 90, "texture": "#153"},
				"down": {"uv": [0, 0, 1, 2], "rotation": 90, "texture": "#153"}
			}
		},
		{
			"from": [14.24, 4.14, 21.48],
			"to": [15.06, 5.78, 22.3],
			"faces": {
				"north": {"uv": [0, 0, 2, 1], "rotation": 270, "texture": "#153"},
				"east": {"uv": [0, 0, 2, 1], "texture": "#153"},
				"south": {"uv": [0, 0, 2, 1], "rotation": 90, "texture": "#153"},
				"west": {"uv": [0, 0, 2, 1], "rotation": 180, "texture": "#153"},
				"up": {"uv": [0, 0, 2, 1], "rotation": 90, "texture": "#153"},
				"down": {"uv": [0, 0, 2, 1], "rotation": 90, "texture": "#153"}
			}
		},
		{
			"from": [12.6, 4.14, 21.48],
			"to": [14.24, 5.78, 22.3],
			"faces": {
				"north": {"uv": [0, 0, 2, 2], "rotation": 270, "texture": "#142"},
				"east": {"uv": [0, 0, 2, 2], "texture": "#142"},
				"south": {"uv": [0, 0, 2, 2], "rotation": 90, "texture": "#142"},
				"west": {"uv": [0, 0, 2, 2], "rotation": 180, "texture": "#142"},
				"up": {"uv": [0, 0, 2, 2], "rotation": 90, "texture": "#142"},
				"down": {"uv": [0, 0, 2, 2], "rotation": 90, "texture": "#142"}
			}
		},
		{
			"from": [12.6, 9.06, 21.48],
			"to": [14.24, 10.7, 22.3],
			"faces": {
				"north": {"uv": [0, 0, 2, 2], "rotation": 270, "texture": "#142"},
				"east": {"uv": [0, 0, 2, 2], "texture": "#142"},
				"south": {"uv": [0, 0, 2, 2], "rotation": 90, "texture": "#142"},
				"west": {"uv": [0, 0, 2, 2], "rotation": 180, "texture": "#142"},
				"up": {"uv": [0, 0, 2, 2], "rotation": 90, "texture": "#142"},
				"down": {"uv": [0, 0, 2, 2], "rotation": 90, "texture": "#142"}
			}
		},
		{
			"from": [16.48, 8.24, 17.84],
			"to": [17.3, 9.06, 19.48],
			"faces": {
				"north": {"uv": [0, 0, 1, 2], "texture": "#153"},
				"east": {"uv": [0, 0, 1, 2], "rotation": 90, "texture": "#153"},
				"south": {"uv": [0, 0, 1, 2], "rotation": 180, "texture": "#153"},
				"west": {"uv": [0, 0, 1, 2], "rotation": 270, "texture": "#153"},
				"up": {"uv": [0, 0, 1, 2], "texture": "#153"},
				"down": {"uv": [0, 0, 1, 2], "rotation": 180, "texture": "#153"}
			}
		},
		{
			"from": [16.48, 10.7, 17.84],
			"to": [17.3, 11.52, 19.48],
			"faces": {
				"north": {"uv": [0, 0, 1, 2], "texture": "#153"},
				"east": {"uv": [0, 0, 1, 2], "rotation": 90, "texture": "#153"},
				"south": {"uv": [0, 0, 1, 2], "rotation": 180, "texture": "#153"},
				"west": {"uv": [0, 0, 1, 2], "rotation": 270, "texture": "#153"},
				"up": {"uv": [0, 0, 1, 2], "texture": "#153"},
				"down": {"uv": [0, 0, 1, 2], "rotation": 180, "texture": "#153"}
			}
		},
		{
			"from": [16.48, 9.06, 17.02],
			"to": [17.3, 10.7, 17.84],
			"faces": {
				"north": {"uv": [0, 0, 2, 1], "texture": "#153"},
				"east": {"uv": [0, 0, 2, 1], "rotation": 90, "texture": "#153"},
				"south": {"uv": [0, 0, 2, 1], "rotation": 180, "texture": "#153"},
				"west": {"uv": [0, 0, 2, 1], "rotation": 270, "texture": "#153"},
				"up": {"uv": [0, 0, 2, 1], "texture": "#153"},
				"down": {"uv": [0, 0, 2, 1], "rotation": 180, "texture": "#153"}
			}
		},
		{
			"from": [16.48, 4.14, 19.48],
			"to": [17.3, 5.78, 20.3],
			"faces": {
				"north": {"uv": [0, 0, 2, 1], "texture": "#153"},
				"east": {"uv": [0, 0, 2, 1], "rotation": 90, "texture": "#153"},
				"south": {"uv": [0, 0, 2, 1], "rotation": 180, "texture": "#153"},
				"west": {"uv": [0, 0, 2, 1], "rotation": 270, "texture": "#153"},
				"up": {"uv": [0, 0, 2, 1], "texture": "#153"},
				"down": {"uv": [0, 0, 2, 1], "rotation": 180, "texture": "#153"}
			}
		},
		{
			"from": [16.48, 9.06, 19.48],
			"to": [17.3, 10.7, 20.3],
			"faces": {
				"north": {"uv": [0, 0, 2, 1], "texture": "#153"},
				"east": {"uv": [0, 0, 2, 1], "rotation": 90, "texture": "#153"},
				"south": {"uv": [0, 0, 2, 1], "rotation": 180, "texture": "#153"},
				"west": {"uv": [0, 0, 2, 1], "rotation": 270, "texture": "#153"},
				"up": {"uv": [0, 0, 2, 1], "texture": "#153"},
				"down": {"uv": [0, 0, 2, 1], "rotation": 180, "texture": "#153"}
			}
		},
		{
			"from": [16.48, 3.32, 17.84],
			"to": [17.3, 4.14, 19.48],
			"faces": {
				"north": {"uv": [0, 0, 1, 2], "texture": "#153"},
				"east": {"uv": [0, 0, 1, 2], "rotation": 90, "texture": "#153"},
				"south": {"uv": [0, 0, 1, 2], "rotation": 180, "texture": "#153"},
				"west": {"uv": [0, 0, 1, 2], "rotation": 270, "texture": "#153"},
				"up": {"uv": [0, 0, 1, 2], "texture": "#153"},
				"down": {"uv": [0, 0, 1, 2], "rotation": 180, "texture": "#153"}
			}
		},
		{
			"from": [16.48, 5.78, 17.84],
			"to": [17.3, 6.6, 19.48],
			"faces": {
				"north": {"uv": [0, 0, 1, 2], "texture": "#153"},
				"east": {"uv": [0, 0, 1, 2], "rotation": 90, "texture": "#153"},
				"south": {"uv": [0, 0, 1, 2], "rotation": 180, "texture": "#153"},
				"west": {"uv": [0, 0, 1, 2], "rotation": 270, "texture": "#153"},
				"up": {"uv": [0, 0, 1, 2], "texture": "#153"},
				"down": {"uv": [0, 0, 1, 2], "rotation": 180, "texture": "#153"}
			}
		},
		{
			"from": [16.48, 4.14, 17.02],
			"to": [17.3, 5.78, 17.84],
			"faces": {
				"north": {"uv": [0, 0, 2, 1], "texture": "#153"},
				"east": {"uv": [0, 0, 2, 1], "rotation": 90, "texture": "#153"},
				"south": {"uv": [0, 0, 2, 1], "rotation": 180, "texture": "#153"},
				"west": {"uv": [0, 0, 2, 1], "rotation": 270, "texture": "#153"},
				"up": {"uv": [0, 0, 2, 1], "texture": "#153"},
				"down": {"uv": [0, 0, 2, 1], "rotation": 180, "texture": "#153"}
			}
		},
		{
			"from": [16.48, 4.14, 17.84],
			"to": [17.3, 5.78, 19.48],
			"faces": {
				"north": {"uv": [0, 0, 2, 2], "texture": "#142"},
				"east": {"uv": [0, 0, 2, 2], "rotation": 90, "texture": "#142"},
				"south": {"uv": [0, 0, 2, 2], "rotation": 180, "texture": "#142"},
				"west": {"uv": [0, 0, 2, 2], "rotation": 270, "texture": "#142"},
				"up": {"uv": [0, 0, 2, 2], "texture": "#142"},
				"down": {"uv": [0, 0, 2, 2], "rotation": 180, "texture": "#142"}
			}
		},
		{
			"from": [16.48, 9.06, 17.84],
			"to": [17.3, 10.7, 19.48],
			"faces": {
				"north": {"uv": [0, 0, 2, 2], "texture": "#142"},
				"east": {"uv": [0, 0, 2, 2], "rotation": 90, "texture": "#142"},
				"south": {"uv": [0, 0, 2, 2], "rotation": 180, "texture": "#142"},
				"west": {"uv": [0, 0, 2, 2], "rotation": 270, "texture": "#142"},
				"up": {"uv": [0, 0, 2, 2], "texture": "#142"},
				"down": {"uv": [0, 0, 2, 2], "rotation": 180, "texture": "#142"}
			}
		},
		{
			"from": [11.28, 16.2, 13.86],
			"to": [16.2, 20.3, 14.68],
			"rotation": {"angle": 0, "axis": "x", "origin": [7.18, 14.56, -2.54]},
			"faces": {
				"north": {"uv": [0, 0, 1, 5], "texture": "#340"},
				"east": {"uv": [0, 0, 1, 5], "texture": "#340"},
				"south": {"uv": [0, 0, 6, 5], "texture": "#8"},
				"west": {"uv": [0, 0, 1, 5], "texture": "#340"},
				"up": {"uv": [0, 0, 1, 5], "rotation": 180, "texture": "#340"},
				"down": {"uv": [0, 0, 1, 5], "rotation": 180, "texture": "#340"}
			}
		},
		{
			"from": [-3.48, -2.66, 4.34],
			"to": [19.48, -1.84, 13.86],
			"rotation": {"angle": 0, "axis": "y", "origin": [0, 0, -13]},
			"faces": {
				"north": {"uv": [0, 0, 16, 16], "texture": "#344"},
				"east": {"uv": [0, 0, 16, 16], "texture": "#344"},
				"south": {"uv": [0, 0, 16, 16], "texture": "#344"},
				"west": {"uv": [0, 0, 16, 16], "texture": "#344"},
				"up": {"uv": [0, 0, 16, 16], "rotation": 180, "texture": "#344"},
				"down": {"uv": [0, 0, 16, 16], "rotation": 180, "texture": "#344"}
			}
		},
		{
			"from": [-3.48, 2.34, 2.66],
			"to": [19.48, 3.16, 13.86],
			"rotation": {"angle": 0, "axis": "y", "origin": [0, 0, -13]},
			"faces": {
				"north": {"uv": [0, 0, 16, 16], "texture": "#344"},
				"east": {"uv": [0, 0, 16, 16], "texture": "#344"},
				"south": {"uv": [0, 0, 16, 16], "texture": "#344"},
				"west": {"uv": [0, 0, 16, 16], "texture": "#344"},
				"up": {"uv": [0, 0, 16, 16], "rotation": 180, "texture": "#344"},
				"down": {"uv": [0, 0, 16, 16], "rotation": 180, "texture": "#344"}
			}
		},
		{
			"from": [-5.12, 2.26, 3.42],
			"to": [-4.3, 4.72, 13.86],
			"rotation": {"angle": 0, "axis": "y", "origin": [0, 0, -13]},
			"faces": {
				"north": {"uv": [0, 0, 1, 3], "texture": "#8"},
				"east": {"uv": [0, 0, 16, 3], "texture": "#344"},
				"south": {"uv": [0, 0, 1, 3], "texture": "#8"},
				"west": {"uv": [0, 0, 16, 3], "texture": "#8"},
				"up": {"uv": [0, 0, 1, 16], "rotation": 180, "texture": "#8"},
				"down": {"uv": [0, 0, 1, 16], "rotation": 180, "texture": "#8"}
			}
		},
		{
			"from": [-5.12, 2.26, 13.86],
			"to": [21.12, 16.2, 14.68],
			"rotation": {"angle": 0, "axis": "y", "origin": [0, 0, -13]},
			"faces": {
				"north": {"uv": [0, 0, 16, 16], "texture": "#8"},
				"east": {"uv": [1, 0, 2, 16], "texture": "#8"},
				"south": {"uv": [0, 0, 16, 16], "texture": "#8"},
				"west": {"uv": [0, 0, 1, 16], "texture": "#8"},
				"up": {"uv": [0, 0, 16, 1], "rotation": 180, "texture": "#8"},
				"down": {"uv": [0, 1, 16, 2], "rotation": 180, "texture": "#8"}
			}
		},
		{
			"from": [20.3, 2.26, 3.42],
			"to": [21.12, 4.72, 13.86],
			"rotation": {"angle": 0, "axis": "y", "origin": [0, 0, -13]},
			"faces": {
				"north": {"uv": [0, 0, 16, 3], "texture": "#8"},
				"east": {"uv": [0, 12, 16, 16], "texture": "#8"},
				"south": {"uv": [0, 4, 16, 8], "texture": "#8"},
				"west": {"uv": [0, 0, 16, 3], "texture": "#344"},
				"up": {"uv": [0, 0, 1, 16], "rotation": 180, "texture": "#8"},
				"down": {"uv": [0, 0, 0, 16], "rotation": 180, "texture": "#8"}
			}
		},
		{
			"from": [-5.12, 4.72, 9.76],
			"to": [-4.3, 16.2, 13.86],
			"rotation": {"angle": 0, "axis": "y", "origin": [0, 0, -13]},
			"faces": {
				"north": {"uv": [0, 0, 5, 14], "texture": "#8"},
				"east": {"uv": [0, 0, 5, 14], "texture": "#8"},
				"south": {"uv": [0, 0, 5, 14], "texture": "#8"},
				"west": {"uv": [0, 0, 5, 14], "texture": "#8"},
				"up": {"uv": [0, 0, 5, 14], "rotation": 180, "texture": "#8"},
				"down": {"uv": [0, 0, 5, 14], "rotation": 180, "texture": "#8"}
			}
		},
		{
			"from": [-5.12, 9.64, 7.3],
			"to": [-4.3, 22.76, 12.22],
			"rotation": {"angle": 22.5, "axis": "x", "origin": [8, 13.74, -7.46]},
			"faces": {
				"north": {"uv": [0, 0, 6, 16], "texture": "#8"},
				"east": {"uv": [0, 0, 6, 16], "texture": "#8"},
				"south": {"uv": [0, 0, 6, 16], "texture": "#8"},
				"west": {"uv": [0, 0, 6, 16], "texture": "#8"},
				"up": {"uv": [0, 0, 6, 16], "rotation": 180, "texture": "#8"},
				"down": {"uv": [0, 0, 6, 16], "rotation": 180, "texture": "#8"}
			}
		},
		{
			"from": [20.3, 9.64, 7.3],
			"to": [21.12, 22.76, 12.22],
			"rotation": {"angle": 22.5, "axis": "x", "origin": [32, 13.74, -7.46]},
			"faces": {
				"north": {"uv": [0, 0, 6, 16], "texture": "#8"},
				"east": {"uv": [0, 0, 6, 16], "texture": "#8"},
				"south": {"uv": [0, 0, 6, 16], "texture": "#8"},
				"west": {"uv": [0, 0, 6, 16], "texture": "#8"},
				"up": {"uv": [0, 0, 6, 16], "rotation": 180, "texture": "#8"},
				"down": {"uv": [0, 0, 6, 16], "rotation": 180, "texture": "#8"}
			}
		},
		{
			"from": [20.3, 4.72, 9.76],
			"to": [21.12, 16.2, 13.86],
			"rotation": {"angle": 0, "axis": "y", "origin": [0, 0, -13]},
			"faces": {
				"north": {"uv": [0, 0, 5, 14], "texture": "#8"},
				"east": {"uv": [0, 0, 5, 14], "texture": "#8"},
				"south": {"uv": [0, 0, 5, 14], "texture": "#8"},
				"west": {"uv": [0, 0, 5, 14], "texture": "#8"},
				"up": {"uv": [0, 0, 5, 14], "rotation": 180, "texture": "#8"},
				"down": {"uv": [0, 0, 5, 14], "rotation": 180, "texture": "#8"}
			}
		},
		{
			"from": [18.66, -1.84, 4.34],
			"to": [19.48, 1.44, 13.86],
			"rotation": {"angle": 0, "axis": "y", "origin": [0, 0, -13]},
			"faces": {
				"north": {"uv": [0, 0, 16, 4], "texture": "#344"},
				"east": {"uv": [0, 0, 16, 4], "texture": "#344"},
				"south": {"uv": [0, 0, 16, 4], "texture": "#344"},
				"west": {"uv": [0, 0, 16, 4], "texture": "#344"},
				"up": {"uv": [0, 0, 16, 4], "rotation": 180, "texture": "#344"},
				"down": {"uv": [0, 0, 16, 4], "rotation": 180, "texture": "#344"}
			}
		},
		{
			"from": [-3.48, -1.84, 4.34],
			"to": [-2.66, 1.44, 13.86],
			"rotation": {"angle": 0, "axis": "y", "origin": [0, 0, -13]},
			"faces": {
				"north": {"uv": [0, 0, 16, 4], "texture": "#344"},
				"east": {"uv": [0, 0, 16, 4], "texture": "#344"},
				"south": {"uv": [0, 0, 16, 4], "texture": "#344"},
				"west": {"uv": [0, 0, 16, 4], "texture": "#344"},
				"up": {"uv": [0, 0, 16, 4], "rotation": 180, "texture": "#344"},
				"down": {"uv": [0, 0, 16, 4], "rotation": 180, "texture": "#344"}
			}
		},
		{
			"from": [-2.66, -1.84, 13.04],
			"to": [18.66, 3.08, 13.86],
			"rotation": {"angle": 0, "axis": "y", "origin": [0, 0, -13]},
			"faces": {
				"north": {"uv": [0, 0, 16, 6], "texture": "#344"},
				"east": {"uv": [0, 0, 16, 6], "texture": "#344"},
				"south": {"uv": [0, 0, 16, 6], "texture": "#344"},
				"west": {"uv": [0, 0, 16, 6], "texture": "#344"},
				"up": {"uv": [0, 0, 16, 6], "rotation": 180, "texture": "#344"},
				"down": {"uv": [0, 0, 16, 6], "rotation": 180, "texture": "#344"}
			}
		},
		{
			"from": [-3.48, -6, -1.9],
			"to": [19.48, -0.3, -1.08],
			"rotation": {"angle": -22.5, "axis": "x", "origin": [7.18, 11.28, -7.46]},
			"faces": {
				"north": {"uv": [0, 0, 16, 6], "texture": "#344"},
				"east": {"uv": [0, 0, 16, 6], "texture": "#344"},
				"south": {"uv": [0, 0, 16, 6], "texture": "#344"},
				"west": {"uv": [0, 0, 16, 6], "texture": "#344"},
				"up": {"uv": [0, 0, 16, 6], "rotation": 180, "texture": "#344"},
				"down": {"uv": [0, 0, 16, 6], "rotation": 180, "texture": "#344"}
			}
		},
		{
			"from": [18.66, 1.44, 2.7],
			"to": [20.3, 4.72, 13.86],
			"rotation": {"angle": 0, "axis": "y", "origin": [0, 0, -13]},
			"faces": {
				"north": {"uv": [0, 0, 2, 4], "texture": "#344"},
				"east": {"uv": [0, 0, 2, 4], "texture": "#344"},
				"south": {"uv": [0, 0, 2, 4], "texture": "#344"},
				"west": {"uv": [0, 0, 2, 4], "texture": "#344"},
				"up": {"uv": [0, 0, 2, 4], "rotation": 180, "texture": "#344"},
				"down": {"uv": [0, 0, 2, 4], "rotation": 180, "texture": "#344"}
			}
		},
		{
			"from": [-4.3, 1.44, 2.7],
			"to": [-2.66, 4.72, 13.86],
			"rotation": {"angle": 0, "axis": "y", "origin": [0, 0, -13]},
			"faces": {
				"north": {"uv": [0, 0, 2, 16], "texture": "#344"},
				"east": {"uv": [0, 0, 2, 16], "texture": "#344"},
				"south": {"uv": [0, 0, 2, 16], "texture": "#344"},
				"west": {"uv": [0, 0, 2, 16], "texture": "#344"},
				"up": {"uv": [0, 0, 2, 16], "rotation": 180, "texture": "#344"},
				"down": {"uv": [0, 0, 2, 16], "rotation": 180, "texture": "#344"}
			}
		},
		{
			"from": [18.66, -6, -1.4],
			"to": [19.48, -0.26, -0.58],
			"rotation": {"angle": -22.5, "axis": "x", "origin": [29.32, 12.1, -7.46]},
			"faces": {
				"north": {"uv": [0, 0, 1, 7], "texture": "#344"},
				"east": {"uv": [0, 0, 1, 7], "texture": "#344"},
				"south": {"uv": [0, 0, 1, 7], "texture": "#344"},
				"west": {"uv": [0, 0, 1, 7], "texture": "#344"},
				"up": {"uv": [0, 0, 1, 7], "rotation": 180, "texture": "#344"},
				"down": {"uv": [0, 0, 1, 7], "rotation": 180, "texture": "#344"}
			}
		},
		{
			"from": [-3.34, -6, -1.4],
			"to": [-2.52, -0.26, -0.58],
			"rotation": {"angle": -22.5, "axis": "x", "origin": [29.32, 12.1, -7.46]},
			"faces": {
				"north": {"uv": [0, 0, 1, 7], "texture": "#344"},
				"east": {"uv": [0, 0, 1, 7], "texture": "#344"},
				"south": {"uv": [0, 0, 1, 7], "texture": "#344"},
				"west": {"uv": [0, 0, 1, 7], "texture": "#344"},
				"up": {"uv": [0, 0, 1, 7], "rotation": 180, "texture": "#344"},
				"down": {"uv": [0, 0, 1, 7], "rotation": 180, "texture": "#344"}
			}
		},
		{
			"from": [-1.84, 3.08, 1.56],
			"to": [6.36, 3.9, 9.76],
			"rotation": {"angle": 0, "axis": "y", "origin": [0, 0, -13]},
			"faces": {
				"north": {"uv": [0, 0, 10, 10], "texture": "#340"},
				"east": {"uv": [0, 0, 10, 10], "texture": "#340"},
				"south": {"uv": [0, 0, 10, 10], "texture": "#340"},
				"west": {"uv": [0, 0, 10, 10], "texture": "#340"},
				"up": {"uv": [0, 0, 10, 10], "rotation": 180, "texture": "#340"},
				"down": {"uv": [0, 0, 10, 10], "rotation": 180, "texture": "#340"}
			}
		},
		{
			"from": [9.64, 3.08, 1.56],
			"to": [17.84, 3.9, 9.76],
			"rotation": {"angle": 0, "axis": "y", "origin": [0, 0, -13]},
			"faces": {
				"north": {"uv": [0, 0, 10, 10], "texture": "#340"},
				"east": {"uv": [0, 0, 10, 10], "texture": "#340"},
				"south": {"uv": [0, 0, 10, 10], "texture": "#340"},
				"west": {"uv": [0, 0, 10, 10], "texture": "#340"},
				"up": {"uv": [0, 0, 10, 10], "rotation": 180, "texture": "#340"},
				"down": {"uv": [0, 0, 10, 10], "rotation": 180, "texture": "#340"}
			}
		},
		{
			"from": [9.64, 9.64, 8.12],
			"to": [17.84, 24.4, 8.94],
			"rotation": {"angle": 22.5, "axis": "x", "origin": [8, 8, -8.28]},
			"faces": {
				"north": {"uv": [0, 0, 10, 16], "texture": "#340"},
				"east": {"uv": [0, 0, 1, 16], "texture": "#340"},
				"south": {"uv": [0, 0, 10, 16], "texture": "#340"},
				"west": {"uv": [0, 0, 1, 16], "texture": "#340"},
				"up": {"uv": [0, 0, 10, 1], "rotation": 180, "texture": "#340"},
				"down": {"uv": [0, 0, 10, 1], "rotation": 180, "texture": "#340"}
			}
		},
		{
			"from": [-1.84, 9.64, 8.12],
			"to": [6.36, 24.4, 8.94],
			"rotation": {"angle": 22.5, "axis": "x", "origin": [-3.48, 8, -8.28]},
			"faces": {
				"north": {"uv": [0, 0, 10, 16], "texture": "#340"},
				"east": {"uv": [0, 0, 1, 16], "texture": "#340"},
				"south": {"uv": [0, 0, 10, 16], "texture": "#340"},
				"west": {"uv": [0, 0, 1, 16], "texture": "#340"},
				"up": {"uv": [0, 0, 10, 1], "rotation": 180, "texture": "#340"},
				"down": {"uv": [0, 0, 10, 1], "rotation": 180, "texture": "#340"}
			}
		},
		{
			"from": [-4.3, 9.64, 11.4],
			"to": [20.3, 22.76, 12.22],
			"rotation": {"angle": 22.5, "axis": "x", "origin": [6.36, 14.56, -6.64]},
			"faces": {
				"north": {"uv": [0, 0, 16, 16], "texture": "#8"},
				"east": {"uv": [0, 0, 16, 16], "texture": "#8"},
				"south": {"uv": [0, 0, 16, 16], "texture": "#8"},
				"west": {"uv": [0, 0, 16, 16], "texture": "#8"},
				"up": {"uv": [0, 0, 16, 16], "rotation": 180, "texture": "#8"},
				"down": {"uv": [0, 0, 16, 16], "rotation": 180, "texture": "#8"}
			}
		},
		{
			"from": [-0.2, 16.2, 13.86],
			"to": [4.72, 20.3, 14.68],
			"rotation": {"angle": 0, "axis": "x", "origin": [-4.3, 14.56, -2.54]},
			"faces": {
				"north": {"uv": [0, 0, 6, 5], "texture": "#340"},
				"east": {"uv": [0, 0, 6, 5], "texture": "#340"},
				"south": {"uv": [0, 0, 6, 5], "texture": "#8"},
				"west": {"uv": [0, 0, 6, 5], "texture": "#340"},
				"up": {"uv": [0, 0, 6, 5], "rotation": 180, "texture": "#340"},
				"down": {"uv": [0, 0, 6, 5], "rotation": 180, "texture": "#340"}
			}
		}
	],
	"display": {
		"thirdperson_righthand": {
			"scale": [2.5, 2.5, 2.5]
		},
		"head": {
			"scale": [2.05, 2.05, 2.05]
		}
	},
	"groups": [
		{
			"name": "group",
			"origin": [0, 0, 0],
			"color": 0,
			"nbt": "{}",
			"armAnimationEnabled": false,
			"children": [
				0,
				1,
				2,
				3,
				4,
				5,
				6,
				7,
				{
					"name": "group",
					"origin": [0, 0, 0],
					"color": 0,
					"nbt": "{}",
					"armAnimationEnabled": false,
					"children": [
						{
							"name": "group",
							"origin": [0, 0, 0],
							"color": 0,
							"nbt": "{}",
							"armAnimationEnabled": false,
							"children": [8, 9, 10, 11, 12, 13, 14, 15, 16, 17]
						},
						{
							"name": "group",
							"origin": [0, 0, 0],
							"color": 0,
							"nbt": "{}",
							"armAnimationEnabled": false,
							"children": [18, 19, 20, 21, 22, 23, 24, 25, 26, 27]
						},
						{
							"name": "group",
							"origin": [0, 0, 0],
							"color": 0,
							"nbt": "{}",
							"armAnimationEnabled": false,
							"children": [28, 29, 30, 31, 32, 33, 34, 35, 36, 37]
						},
						{
							"name": "group",
							"origin": [0, 0, 0],
							"color": 0,
							"nbt": "{}",
							"armAnimationEnabled": false,
							"children": [38, 39, 40, 41, 42, 43, 44, 45, 46, 47]
						}
					]
				}
			]
		},
		{
			"name": "group",
			"origin": [-4.3, 14.56, 10.46],
			"color": 0,
			"nbt": "{}",
			"armAnimationEnabled": false,
			"children": [48, 49, 50, 51, 52, 53, 54, 55, 56, 57, 58, 59, 60, 61, 62, 63, 64, 65, 66, 67, 68, 69, 70, 71]
		}
	]
}