{
	"credit": "Made with Blockbench",
	"texture_size": [32, 32],
	"textures": {
		"0": "item/skull_01",
		"particle": "item/skull_01"
	},
	"elements": [
		{
			"from": [3.8, 0, 3],
			"to": [12.2, 3, 11],
			"rotation": {"angle": 0, "axis": "y", "origin": [8, 3.25, 7.5]},
			"faces": {
				"north": {"uv": [8, 0, 12, 1.5], "texture": "#0"},
				"east": {"uv": [4, 8, 0, 9.5], "texture": "#0"},
				"south": {"uv": [8, 1.5, 12, 3], "texture": "#0"},
				"west": {"uv": [0, 8, 4, 9.5], "texture": "#0"},
				"down": {"uv": [4, 4, 0, 8], "rotation": 180, "texture": "#0"}
			}
		},
		{
			"from": [4, 1.84099, 2.61612],
			"to": [12, 7.84099, 10.61612],
			"rotation": {"angle": 45, "axis": "x", "origin": [8, 3.25, 7.5]},
			"faces": {
				"north": {"uv": [4, 6, 8, 9], "texture": "#0"},
				"east": {"uv": [8, 3, 4, 6], "texture": "#0"},
				"south": {"uv": [4, 0, 8, 3], "texture": "#0"},
				"west": {"uv": [4, 3, 8, 6], "texture": "#0"},
				"up": {"uv": [4, 4, 0, 0], "rotation": 180, "texture": "#0"}
			}
		},
		{
			"name": "cube inverted",
			"from": [12, 7.84099, 10.61612],
			"to": [4, 1.84099, 2.61612],
			"rotation": {"angle": 45, "axis": "x", "origin": [8, 3.25, 7.5]},
			"faces": {
				"north": {"uv": [4, 3, 8, 0], "texture": "#0"},
				"east": {"uv": [4, 6, 8, 3], "texture": "#0"},
				"south": {"uv": [4, 9, 8, 6], "texture": "#0"},
				"west": {"uv": [8, 6, 4, 3], "texture": "#0"},
				"down": {"uv": [0, 4, 4, 0], "rotation": 180, "texture": "#0"}
			}
		},
		{
			"name": "cube inverted",
			"from": [12.2, 3, 11],
			"to": [3.8, 0, 3],
			"rotation": {"angle": 0, "axis": "y", "origin": [8, 3.25, 7.5]},
			"faces": {
				"north": {"uv": [8, 3, 12, 1.5], "texture": "#0"},
				"east": {"uv": [0, 9.5, 4, 8], "texture": "#0"},
				"south": {"uv": [8, 1.5, 12, 0], "texture": "#0"},
				"west": {"uv": [4, 9.5, 0, 8], "texture": "#0"},
				"up": {"uv": [0, 4, 4, 8], "rotation": 180, "texture": "#0"}
			}
		}
	],
	"display": {
		"head": {
			"translation": [0, 18.5, 1.25],
			"scale": [1.5, 1.5, 1.5]
		}
	}
}