{
	"credit": "Copyright © 2021-2099 Ikaho-Onsen Minecraft Server. All rights reserved.",
	"texture_size": [128, 128],
	"textures": {
		"0": "minecraft:item/cit/boat_texture_1"
	},
	"elements": [
		{
			"from": [4.975, -16, 5],
			"to": [10.975, -6, 11],
			"rotation": {"angle": 0, "axis": "y", "origin": [8, 8, 8]},
			"faces": {
				"north": {"uv": [2, 13, 2.75, 14.25], "texture": "#0"},
				"east": {"uv": [2, 13, 2.75, 14.25], "texture": "#0"},
				"south": {"uv": [2, 13, 2.75, 14.25], "texture": "#0"},
				"west": {"uv": [2, 13, 2.75, 14.25], "texture": "#0"},
				"up": {"uv": [2, 12.25, 2.75, 13], "texture": "#0"}
			}
		},
		{
			"from": [5.975, -6, 6],
			"to": [9.975, 15, 10],
			"rotation": {"angle": 0, "axis": "y", "origin": [8, 8, 8]},
			"faces": {
				"north": {"uv": [2.75, 11.625, 3.25, 14.25], "texture": "#0"},
				"east": {"uv": [2.75, 11.625, 3.25, 14.25], "texture": "#0"},
				"south": {"uv": [2.75, 11.625, 3.25, 14.25], "texture": "#0"},
				"west": {"uv": [2.75, 11.625, 3.25, 14.25], "texture": "#0"},
				"up": {"uv": [2.75, 11.125, 3.25, 11.625], "texture": "#0"}
			}
		},
		{
			"from": [6.975, 15, 7],
			"to": [8.975, 32, 9],
			"rotation": {"angle": 0, "axis": "y", "origin": [8, 8, 8]},
			"faces": {
				"north": {"uv": [2.875, 12, 3.125, 14.125], "texture": "#0"},
				"east": {"uv": [2.875, 12, 3.125, 14.125], "texture": "#0"},
				"south": {"uv": [2.875, 12, 3.125, 14.125], "texture": "#0"},
				"west": {"uv": [2.875, 12, 3.125, 14.125], "texture": "#0"},
				"up": {"uv": [2.875, 11.25, 3.125, 11.5], "texture": "#0"}
			}
		},
		{
			"from": [4.975, 24, 5],
			"to": [10.975, 28, 11],
			"rotation": {"angle": 0, "axis": "y", "origin": [8, 8, 8]},
			"faces": {
				"north": {"uv": [4.25, 13, 3.5, 13.5], "texture": "#0"},
				"east": {"uv": [3.5, 13, 4.25, 13.5], "texture": "#0"},
				"south": {"uv": [4.25, 13, 3.5, 13.5], "texture": "#0"},
				"west": {"uv": [3.5, 13, 4.25, 13.5], "texture": "#0"},
				"down": {"uv": [3.5, 13.5, 4.25, 14.25], "texture": "#0"}
			}
		},
		{
			"from": [10.975, 24, 5],
			"to": [4.975, 28, 11],
			"rotation": {"angle": 0, "axis": "y", "origin": [8, 8, 8]},
			"faces": {
				"north": {"uv": [3.5, 13, 4.25, 13.5], "texture": "#0"},
				"east": {"uv": [4.25, 13, 3.5, 13.5], "texture": "#0"},
				"south": {"uv": [3.5, 13, 4.25, 13.5], "texture": "#0"},
				"west": {"uv": [4.25, 13, 3.5, 13.5], "texture": "#0"},
				"down": {"uv": [3.5, 13.5, 4.25, 14.25], "texture": "#0"}
			}
		},
		{
			"from": [8.975, 9, 7],
			"to": [31.975, 11, 9],
			"rotation": {"angle": 0, "axis": "z", "origin": [8, 8, 8]},
			"faces": {
				"north": {"uv": [3.25, 11.375, 3.5, 14.25], "rotation": 270, "texture": "#0"},
				"east": {"uv": [3.25, 11.125, 3.5, 11.375], "rotation": 90, "texture": "#0"},
				"south": {"uv": [3.25, 11.375, 3.5, 14.25], "rotation": 90, "texture": "#0"},
				"up": {"uv": [3.25, 11.375, 3.5, 14.25], "rotation": 90, "texture": "#0"},
				"down": {"uv": [3.25, 11.375, 3.5, 14.25], "rotation": 90, "texture": "#0"}
			}
		},
		{
			"from": [8.975, 19, 7],
			"to": [30.975, 21, 9],
			"rotation": {"angle": 0, "axis": "z", "origin": [8, 8, 8]},
			"faces": {
				"north": {"uv": [3.25, 11.5, 3.5, 14.25], "rotation": 270, "texture": "#0"},
				"east": {"uv": [3.25, 11.125, 3.5, 11.375], "rotation": 90, "texture": "#0"},
				"south": {"uv": [3.25, 11.5, 3.5, 14.25], "rotation": 90, "texture": "#0"},
				"up": {"uv": [3.25, 11.5, 3.5, 14.25], "rotation": 90, "texture": "#0"},
				"down": {"uv": [3.25, 11.5, 3.5, 14.25], "rotation": 90, "texture": "#0"}
			}
		},
		{
			"from": [-15.975, 9, 7],
			"to": [7.025, 11, 9],
			"rotation": {"angle": 0, "axis": "z", "origin": [8, 8, 8]},
			"faces": {
				"north": {"uv": [3.25, 14.25, 3.5, 11.375], "rotation": 270, "texture": "#0"},
				"south": {"uv": [3.25, 14.25, 3.5, 11.375], "rotation": 90, "texture": "#0"},
				"west": {"uv": [3.25, 11.375, 3.5, 11.125], "rotation": 90, "texture": "#0"},
				"up": {"uv": [3.25, 14.25, 3.5, 11.375], "rotation": 90, "texture": "#0"},
				"down": {"uv": [3.25, 14.25, 3.5, 11.375], "rotation": 90, "texture": "#0"}
			}
		},
		{
			"from": [-14.975, 19, 7],
			"to": [7.025, 21, 9],
			"rotation": {"angle": 0, "axis": "z", "origin": [8, 8, 8]},
			"faces": {
				"north": {"uv": [3.25, 14.25, 3.5, 11.5], "rotation": 270, "texture": "#0"},
				"south": {"uv": [3.25, 14.25, 3.5, 11.5], "rotation": 90, "texture": "#0"},
				"west": {"uv": [3.25, 11.375, 3.5, 11.125], "rotation": 90, "texture": "#0"},
				"up": {"uv": [3.25, 14.25, 3.5, 11.5], "rotation": 90, "texture": "#0"},
				"down": {"uv": [3.25, 14.25, 3.5, 11.5], "rotation": 90, "texture": "#0"}
			}
		}
	],
	"display": {
		"head": {
			"scale": [4, 4, 4]
		},
		"fixed": {
			"rotation": [-90, 0, 0],
			"translation": [0, 0, -24]
		}
	},
	"groups": [
		{
			"name": "pillar",
			"origin": [7.975, -3.5, -16],
			"color": 0,
			"nbt": "{}",
			"armAnimationEnabled": false,
			"children": [0, 1, 2, 3, 4, 5, 6, 7, 8]
		}
	]
}