{
	"credit": "Made with Blockbench",
	"texture_size": [32, 32],
	"textures": {
		"0": "item/wooden_hamer_jp",
		"particle": "item/wooden_hamer_jp"
	},
	"elements": [
		{
			"from": [6, 19.05, -5],
			"to": [10, 23.05, 13],
			"rotation": {"angle": 0, "axis": "x", "origin": [8, 9, 7.25]},
			"faces": {
				"north": {"uv": [9, 0, 11, 2], "texture": "#0"},
				"east": {"uv": [0, 0, 9, 2], "rotation": 180, "texture": "#0"},
				"south": {"uv": [9, 0, 11, 2], "texture": "#0"},
				"west": {"uv": [0, 2, 9, 0], "texture": "#0"},
				"up": {"uv": [9, 0, 0, 2], "rotation": 90, "texture": "#0"},
				"down": {"uv": [0, 0, 9, 2], "rotation": 90, "texture": "#0"}
			}
		},
		{
			"from": [7, 0, 8],
			"to": [9, 25, 10],
			"rotation": {"angle": 0, "axis": "x", "origin": [8, 9, 7.25]},
			"faces": {
				"north": {"uv": [1, 2, 0, 14.5], "texture": "#0"},
				"east": {"uv": [0, 2, 1, 14.5], "texture": "#0"},
				"south": {"uv": [1, 2, 0, 14.5], "texture": "#0"},
				"west": {"uv": [0, 2, 1, 14.5], "texture": "#0"},
				"up": {"uv": [2, 3, 1, 2], "texture": "#0"},
				"down": {"uv": [2, 2, 1, 3], "texture": "#0"}
			}
		}
	],
	"gui_light": "front",
	"display": {
		"firstperson_righthand": {
			"rotation": [-49, 0, 0],
			"translation": [5.25, -3.25, 0],
			"scale": [0.55, 0.55, 0.55]
		},
		"firstperson_lefthand": {
			"rotation": [-49, 0, 0],
			"translation": [5.25, -3.25, 0],
			"scale": [0.55, 0.55, 0.55]
		},
		"ground": {
			"rotation": [35, 0, 0],
			"translation": [0, 3, 0],
			"scale": [0.5, 0.5, 0.5]
		},
		"gui": {
			"rotation": [-125.87, -38.75, -138.17],
			"translation": [-4, -3.25, 0],
			"scale": [0.72, 0.72, 0.72]
		},
		"head": {
			"rotation": [-47, 0, 0],
			"translation": [0, 5.75, 15]
		},
		"fixed": {
			"rotation": [0, 90, 0],
			"translation": [3.5, -5.75, 0],
			"scale": [1.3, 1.3, 1.3]
		}
	}
}