{
  "parent": "minecraft:item/generated",
  "textures": {
    "layer0": "minecraft:item/leather_horse_armor"
  },
"overrides": [
  { "predicate": {"custom_model_data": 155}, "model": "item/zxhqrannrmmovuesxfwakjwedersiwun"},
  { "predicate": {"custom_model_data": 175}, "model": "item/xmcnucqrvpkvzrkxxuumgdlawcmseqgu"},
  { "predicate": {"custom_model_data": 176}, "model": "item/rdufpcrglxnuytvqhgtokaafmksyxufj"},
  { "predicate": {"custom_model_data": 177}, "model": "item/libspscavcwzhlhwnrvcpoovnmjsfbdt"},

  { "predicate": {"custom_model_data": 194}, "model": "item/ghtmjvvbwhpzgdaswcbmberumvebafxf"},
  { "predicate": {"custom_model_data": 199}, "model": "item/vxbebgvctlqnuumifiqmabphekaearmv"},
  { "predicate": {"custom_model_data": 202}, "model": "item/xgphyvnuoakgfvgzkltlhjnysrlcqiwf"},
  { "predicate": {"custom_model_data": 203}, "model": "item/xabixryykcixlmsatpahajcasluncvld"},
  { "predicate": {"custom_model_data": 204}, "model": "item/ysijcnetmtcydnrtlgmkywocojyfabmq"},
  { "predicate": {"custom_model_data": 205}, "model": "item/enxjjgqktgwcvijjnpnolrhykccgfmln"},
  { "predicate": {"custom_model_data": 206}, "model": "item/movxhcurzmjioiorzkhuufwgioiuwvuv"},
  { "predicate": {"custom_model_data": 235}, "model": "item/ecewswgegcbrcaokbrndimrdqvtwsvvd"},
  { "predicate": {"custom_model_data": 236}, "model": "item/wkvujheuutfqyxvaiprsphirqcdvcbez"},
  { "predicate": {"custom_model_data": 237}, "model": "item/lbypgeephrqpbgccpuokchghyasxgxay"},
  { "predicate": {"custom_model_data": 238}, "model": "item/xgnllgypahzbjojzzirgyzxvdethbvvk"},
  { "predicate": {"custom_model_data": 239}, "model": "item/tkrlsawvfccbylibpfhiijsoozuiuutx"},
  { "predicate": {"custom_model_data": 240}, "model": "item/wnhswckncmbqzukjvooheovalaqcubax"},
  { "predicate": {"custom_model_data": 241}, "model": "item/xgwgkqyxoqyqbmgnypogdqhxdezvxcrz"},
  { "predicate": {"custom_model_data": 242}, "model": "item/svijhdicmbgorjcnagvcsnelqpnxnzmj"},
  { "predicate": {"custom_model_data": 243}, "model": "item/anoyeejadacxbiuiczxsyqavpokvttgq"},
  { "predicate": {"custom_model_data": 244}, "model": "item/ojvroxybwhkodpskmqktuewyckvrsmbn"},
  { "predicate": {"custom_model_data": 246}, "model": "item/rttrkslngkbaruaaoxvhkmgajzerqywu"},
  { "predicate": {"custom_model_data": 247}, "model": "item/vmkjemcepirnnohceupgubsvizlfigrz"},
  { "predicate": {"custom_model_data": 248}, "model": "item/dpyiliiypgphkzpjhvxsfshgdquwrvwv"},
  { "predicate": {"custom_model_data": 253}, "model": "item/jinoutbuhevqmytvzotdgwytklyjjflq"},
  { "predicate": {"custom_model_data": 254}, "model": "item/vltvbuqnhpryjcmllbhipruzixjkoiqp"},
  { "predicate": {"custom_model_data": 258}, "model": "item/bdutpeqzxpksxsgszjalcnfrqtyxhxwf"},
  { "predicate": {"custom_model_data": 259}, "model": "item/keawqvicxxwsoyncgjhwzqrnyovnvrcb"},
  { "predicate": {"custom_model_data": 260}, "model": "item/zusoxvmuhhrvuijqxblhmjwxaydxqlgs"},
  { "predicate": {"custom_model_data": 322}, "model": "item/syzvsspdfkjgidhvtdwlktdfcjfadltt"},
  { "predicate": {"custom_model_data": 324}, "model": "item/xjvpylnpgemfvtkhlahqubcdfbxkcupk"},
  { "predicate": {"custom_model_data": 327}, "model": "item/dhgiyvxejbswhcdqmvlzagmedeqaefaw"},
  { "predicate": {"custom_model_data": 328}, "model": "item/antrognzvytvomuhrdbtqsbgqbfllhuj"},
  { "predicate": {"custom_model_data": 329}, "model": "item/ohrjacbhjvaczjtllfqaofsdpqzfsfhk"},
  { "predicate": {"custom_model_data": 330}, "model": "item/ldswhclesmslnssgpabybpfbmswxhpez"},
  { "predicate": {"custom_model_data": 331}, "model": "item/yueiyopaevyhiinorcgwvlzpqvnvsvqk"},
 { "predicate": {"custom_model_data": 337}, "model": "item/zyfmtqjxsemjorosbsowbwphwgdpxmct"},
 { "predicate": {"custom_model_data": 338}, "model": "item/afdxslxcbroozywkliekownexekerruz"},

 { "predicate": {"custom_model_data": 339}, "model": "item/larjdyyfujglqrdedlyhczaklmyfkmsc"},
 { "predicate": {"custom_model_data": 340}, "model": "item/olhddizduchkqeupiomcysagghrnbxkw"},
 { "predicate": {"custom_model_data": 341}, "model": "item/scxhevqfpnykyujasuvkjizeslpkbquz"},
 { "predicate": {"custom_model_data": 342}, "model": "item/qdwltciesatzrufonnudkuhdjbyufqyk"},
 { "predicate": {"custom_model_data": 343}, "model": "item/cshwolqazlioapbkqvoyugoatnmwsjpf"},
 { "predicate": {"custom_model_data": 344}, "model": "item/foptusothzvshclmytvuiopnmpbbssfj"},
 { "predicate": {"custom_model_data": 345}, "model": "item/huisvcdslafdahrbvlryzdhzkbqzyyzc"},
 { "predicate": {"custom_model_data": 349}, "model": "item/jnacqocjnecgoqwflysycewhrqunnorm"},
 { "predicate": {"custom_model_data": 350}, "model": "item/bjjfvmtkfbjduhdxbxxasfkikictodvz"}
 ]
}