{
	"credit": "Copyright © 2021-2099 Ikaho-Onsen Minecraft Server. All rights reserved.",
	"textures": {
		"0": "minecraft:item/dogdog",
		"particle": "minecraft:item/dogdog"
	},
	"elements": [
		{
			"from": [6.25, 0.5, 7.5],
			"to": [9.75, 1.5, 8.5],
			"faces": {
				"north": {"uv": [12.5, 14, 16, 15], "texture": "#0"},
				"east": {"uv": [12.5, 14, 13.5, 15], "texture": "#0"},
				"south": {"uv": [12.5, 14, 16, 15], "texture": "#0"},
				"west": {"uv": [12.5, 14, 13.5, 15], "texture": "#0"},
				"up": {"uv": [12.5, 14, 16, 15], "texture": "#0"},
				"down": {"uv": [12.5, 14, 16, 15], "texture": "#0"}
			}
		},
		{
			"from": [8.25, 0, 7.5],
			"to": [9.25, 0.5, 8.5],
			"faces": {
				"north": {"uv": [12.5, 14, 13.5, 14.5], "texture": "#0"},
				"east": {"uv": [12.5, 14, 13.5, 14.5], "texture": "#0"},
				"south": {"uv": [12.5, 14, 13.5, 14.5], "texture": "#0"},
				"west": {"uv": [12.5, 14, 13.5, 14.5], "texture": "#0"},
				"up": {"uv": [12.5, 14, 13.5, 15], "texture": "#0"},
				"down": {"uv": [12.5, 14, 13.5, 15], "texture": "#0"}
			}
		},
		{
			"from": [8.25, 1.5, 7.5],
			"to": [9.25, 2, 8.5],
			"faces": {
				"north": {"uv": [12.5, 14, 13.5, 14.5], "texture": "#0"},
				"east": {"uv": [12.5, 14, 13.5, 14.5], "texture": "#0"},
				"south": {"uv": [12.5, 14, 13.5, 14.5], "texture": "#0"},
				"west": {"uv": [12.5, 14, 13.5, 14.5], "texture": "#0"},
				"up": {"uv": [12.5, 14, 13.5, 15], "texture": "#0"},
				"down": {"uv": [12.5, 14, 13.5, 15], "texture": "#0"}
			}
		},
		{
			"from": [8.25, 0.5, 7],
			"to": [9.25, 1.5, 9],
			"faces": {
				"north": {"uv": [12.5, 14, 13.5, 15], "texture": "#0"},
				"east": {"uv": [12.5, 14, 14.5, 15], "texture": "#0"},
				"south": {"uv": [12.5, 14, 13.5, 15], "texture": "#0"},
				"west": {"uv": [12.5, 14, 14.5, 15], "texture": "#0"},
				"up": {"uv": [12.5, 14, 13.5, 16], "texture": "#0"},
				"down": {"uv": [12.5, 14, 13.5, 16], "texture": "#0"}
			}
		},
		{
			"from": [6.75, 0.5, 7],
			"to": [7.75, 1.5, 9],
			"faces": {
				"north": {"uv": [12.5, 14, 13.5, 15], "texture": "#0"},
				"east": {"uv": [12.5, 14, 14.5, 15], "texture": "#0"},
				"south": {"uv": [12.5, 14, 13.5, 15], "texture": "#0"},
				"west": {"uv": [12.5, 14, 14.5, 15], "texture": "#0"},
				"up": {"uv": [12.5, 14, 13.5, 16], "texture": "#0"},
				"down": {"uv": [12.5, 14, 13.5, 16], "texture": "#0"}
			}
		},
		{
			"from": [6.75, 1.5, 7.5],
			"to": [7.75, 2, 8.5],
			"faces": {
				"north": {"uv": [12.5, 14, 13.5, 14.5], "texture": "#0"},
				"east": {"uv": [12.5, 14, 13.5, 14.5], "texture": "#0"},
				"south": {"uv": [12.5, 14, 13.5, 14.5], "texture": "#0"},
				"west": {"uv": [12.5, 14, 13.5, 14.5], "texture": "#0"},
				"up": {"uv": [12.5, 14, 13.5, 15], "texture": "#0"},
				"down": {"uv": [12.5, 14, 13.5, 15], "texture": "#0"}
			}
		},
		{
			"from": [6.75, 0, 7.5],
			"to": [7.75, 0.5, 8.5],
			"faces": {
				"north": {"uv": [12.5, 14, 13.5, 14.5], "texture": "#0"},
				"east": {"uv": [12.5, 14, 13.5, 14.5], "texture": "#0"},
				"south": {"uv": [12.5, 14, 13.5, 14.5], "texture": "#0"},
				"west": {"uv": [12.5, 14, 13.5, 14.5], "texture": "#0"},
				"up": {"uv": [12.5, 14, 13.5, 15], "texture": "#0"},
				"down": {"uv": [12.5, 14, 13.5, 15], "texture": "#0"}
			}
		},
		{
			"from": [4, 11.25, 4],
			"to": [12, 21.75, 12],
			"faces": {
				"north": {"uv": [0, 0, 8, 16], "texture": "#0"},
				"east": {"uv": [0, 0, 8, 16], "texture": "#0"},
				"south": {"uv": [0, 0, 8, 16], "texture": "#0"},
				"west": {"uv": [0, 0, 8, 16], "texture": "#0"},
				"up": {"uv": [8, 0, 16, 8], "texture": "#0"},
				"down": {"uv": [0, 0, 8, 8], "texture": "#0"}
			}
		},
		{
			"from": [5, 11.75, 3],
			"to": [11, 21.75, 4],
			"faces": {
				"north": {"uv": [0, 0, 6, 10], "texture": "#0"},
				"east": {"uv": [0, 0, 1, 10], "texture": "#0"},
				"south": {"uv": [0, 0, 6, 10], "texture": "#0"},
				"west": {"uv": [0, 0, 1, 10], "texture": "#0"},
				"up": {"uv": [0, 0, 6, 1], "texture": "#0"},
				"down": {"uv": [0, 0, 6, 1], "texture": "#0"}
			}
		},
		{
			"from": [5, 11.75, 12],
			"to": [11, 21.75, 13],
			"faces": {
				"north": {"uv": [0, 0, 6, 10], "texture": "#0"},
				"east": {"uv": [0, 0, 1, 10], "texture": "#0"},
				"south": {"uv": [0, 0, 6, 10], "texture": "#0"},
				"west": {"uv": [0, 0, 1, 10], "texture": "#0"},
				"up": {"uv": [0, 0, 6, 1], "texture": "#0"},
				"down": {"uv": [0, 0, 6, 1], "texture": "#0"}
			}
		},
		{
			"from": [3, 11.75, 5],
			"to": [4, 21.75, 11],
			"faces": {
				"north": {"uv": [0, 0, 1, 10], "texture": "#0"},
				"east": {"uv": [0, 0, 6, 10], "texture": "#0"},
				"south": {"uv": [0, 0, 1, 10], "texture": "#0"},
				"west": {"uv": [0, 0, 6, 10], "texture": "#0"},
				"up": {"uv": [0, 0, 1, 6], "texture": "#0"},
				"down": {"uv": [0, 0, 1, 6], "texture": "#0"}
			}
		},
		{
			"from": [12, 11.75, 5],
			"to": [13, 21.75, 11],
			"faces": {
				"north": {"uv": [0, 0, 1, 10], "texture": "#0"},
				"east": {"uv": [0, 0, 6, 10], "texture": "#0"},
				"south": {"uv": [0, 0, 1, 10], "texture": "#0"},
				"west": {"uv": [0, 0, 6, 10], "texture": "#0"},
				"up": {"uv": [0, 0, 1, 6], "texture": "#0"},
				"down": {"uv": [0, 0, 1, 6], "texture": "#0"}
			}
		},
		{
			"from": [7.375, 1, 7.375],
			"to": [8.625, 7, 8.625],
			"faces": {
				"north": {"uv": [14.75, 10, 16, 16], "texture": "#0"},
				"east": {"uv": [14.75, 10, 16, 16], "texture": "#0"},
				"south": {"uv": [14.75, 10, 16, 16], "texture": "#0"},
				"west": {"uv": [14.75, 10, 16, 16], "texture": "#0"},
				"up": {"uv": [14.75, 10, 16, 11.25], "texture": "#0"},
				"down": {"uv": [14.75, 10, 16, 11.25], "texture": "#0"}
			}
		},
		{
			"from": [7.375, 7, 7.375],
			"to": [8.625, 13, 8.625],
			"faces": {
				"north": {"uv": [14.75, 10, 16, 16], "texture": "#0"},
				"east": {"uv": [14.75, 10, 16, 16], "texture": "#0"},
				"south": {"uv": [14.75, 10, 16, 16], "texture": "#0"},
				"west": {"uv": [14.75, 10, 16, 16], "texture": "#0"},
				"up": {"uv": [14.75, 10, 16, 11.25], "texture": "#0"},
				"down": {"uv": [14.75, 10, 16, 11.25], "texture": "#0"}
			}
		},
		{
			"from": [5, 10.5, 5],
			"to": [11, 11.5, 11],
			"faces": {
				"north": {"uv": [0, 0, 6, 1], "texture": "#0"},
				"east": {"uv": [0, 0, 6, 1], "texture": "#0"},
				"south": {"uv": [0, 0, 6, 1], "texture": "#0"},
				"west": {"uv": [0, 0, 6, 1], "texture": "#0"},
				"up": {"uv": [0, 0, 6, 6], "texture": "#0"},
				"down": {"uv": [0, 0, 6, 6], "texture": "#0"}
			}
		},
		{
			"from": [5.5, 9.5, 5.5],
			"to": [10.5, 10.5, 10.5],
			"faces": {
				"north": {"uv": [0, 0, 5, 1], "texture": "#0"},
				"east": {"uv": [0, 0, 5, 1], "texture": "#0"},
				"south": {"uv": [0, 0, 5, 1], "texture": "#0"},
				"west": {"uv": [0, 0, 5, 1], "texture": "#0"},
				"up": {"uv": [0, 0, 5, 5], "texture": "#0"},
				"down": {"uv": [0, 0, 5, 5], "texture": "#0"}
			}
		},
		{
			"from": [6, 8, 6],
			"to": [10, 9.5, 10],
			"faces": {
				"north": {"uv": [0, 0, 4, 1.5], "texture": "#0"},
				"east": {"uv": [0, 0, 4, 1.5], "texture": "#0"},
				"south": {"uv": [0, 0, 4, 1.5], "texture": "#0"},
				"west": {"uv": [0, 0, 4, 1.5], "texture": "#0"},
				"up": {"uv": [0, 0, 4, 4], "texture": "#0"},
				"down": {"uv": [0, 0, 4, 4], "texture": "#0"}
			}
		}
	],
	"display": {
		"thirdperson_righthand": {
			"rotation": [0, 30, 0],
			"translation": [0, 1, 0]
		},
		"thirdperson_lefthand": {
			"rotation": [0, 30, 0],
			"translation": [0, 1, 0]
		},
		"firstperson_righthand": {
			"rotation": [-23, -73, 0],
			"translation": [0, 2.5, 3.75],
			"scale": [0.5, 0.5, 0.5]
		},
		"firstperson_lefthand": {
			"rotation": [-23, -73, 0],
			"translation": [0, 2.5, 3.75],
			"scale": [0.5, 0.5, 0.5]
		},
		"ground": {
			"rotation": [40, 0, 30],
			"translation": [0, 2.5, 0]
		},
		"gui": {
			"rotation": [47, 30, -48],
			"translation": [-2.5, -3.25, 0]
		},
		"head": {
			"rotation": [40, 0, 90],
			"translation": [4, -4.25, -8.75],
			"scale": [0.5, 0.5, 0.5]
		},
		"fixed": {
			"translation": [0, -7.75, -8],
			"scale": [2, 2, 2]
		}
	},
	"groups": [
		{
			"name": "group",
			"origin": [0, 0, 0],
			"color": 0,
			"children": [0, 1, 2, 3, 4, 5, 6]
		},
		7,
		8,
		9,
		10,
		11,
		{
			"name": "group",
			"origin": [0, 0, 0],
			"color": 0,
			"children": [12, 13]
		},
		14,
		15,
		16
	]
}