{
	"credit": "Copyright © 2021-2099 Ikaho-Onsen Minecraft Server. All rights reserved.",
	"texture_size": [64, 64],
	"textures": {
		"0": "minecraft:item/cit/doll_a_golden_texture",
		"particle": "minecraft:item/cit/doll_a_golden_texture"
	},
	"elements": [
		{
			"name": "head1",
			"from": [4.5, 10, 6.5],
			"to": [11.5, 17, 13.5],
			"faces": {
				"north": {"uv": [2.25, 3, 4, 4.75], "texture": "#0"},
				"east": {"uv": [0, 4, 1.75, 5.75], "texture": "#0"},
				"south": {"uv": [4, 3, 5.75, 4.75], "texture": "#0"},
				"west": {"uv": [4.5, 0, 6.25, 1.75], "texture": "#0"},
				"up": {"uv": [3.5, 6.5, 1.75, 4.75], "texture": "#0"},
				"down": {"uv": [5.25, 4.75, 3.5, 6.5], "texture": "#0"}
			}
		},
		{
			"from": [4.5, 12, 5.5],
			"to": [5.5, 16, 6.5],
			"rotation": {"angle": 0, "axis": "y", "origin": [0.5, 16, 6.5]},
			"faces": {
				"north": {"uv": [14.5, 1.75, 14.75, 2.75], "texture": "#0"},
				"east": {"uv": [14.5, 1.75, 14.75, 2.75], "texture": "#0"},
				"west": {"uv": [14.5, 1.75, 14.75, 2.75], "texture": "#0"},
				"up": {"uv": [14.5, 1.75, 14.75, 2], "texture": "#0"},
				"down": {"uv": [14.5, 2.5, 14.75, 2.75], "texture": "#0"}
			}
		},
		{
			"from": [3.5, 12, 6.5],
			"to": [4.5, 16, 7.5],
			"rotation": {"angle": 0, "axis": "y", "origin": [0.5, 16, 6.5]},
			"faces": {
				"north": {"uv": [15.25, 6.75, 15.5, 7.75], "texture": "#0"},
				"west": {"uv": [15.25, 6.75, 15.5, 7.75], "texture": "#0"},
				"up": {"uv": [15.25, 6.75, 15.5, 7], "texture": "#0"},
				"down": {"uv": [15.25, 7.5, 15.5, 7.75], "texture": "#0"}
			}
		},
		{
			"from": [3.5, 9, 7.5],
			"to": [4.5, 16, 13.5],
			"rotation": {"angle": 0, "axis": "y", "origin": [0.5, 16, 6.5]},
			"faces": {
				"north": {"uv": [14.5, 4.5, 14.75, 6.25], "texture": "#0"},
				"east": {"uv": [14.5, 4.5, 16, 6.25], "texture": "#0"},
				"south": {"uv": [15.75, 4.5, 16, 6.25], "texture": "#0"},
				"west": {"uv": [14.5, 4.5, 16, 6.25], "texture": "#0"},
				"up": {"uv": [14.5, 4.5, 16, 4.75], "rotation": 90, "texture": "#0"},
				"down": {"uv": [16, 6, 14.5, 6.25], "rotation": 90, "texture": "#0"}
			}
		},
		{
			"from": [11.5, 9, 7.5],
			"to": [12.5, 16, 13.5],
			"rotation": {"angle": 0, "axis": "y", "origin": [15.5, 16, 6.5]},
			"faces": {
				"north": {"uv": [16, 0, 15.75, 1.75], "texture": "#0"},
				"east": {"uv": [14.5, 0, 16, 1.75], "texture": "#0"},
				"south": {"uv": [14.75, 0, 14.5, 1.75], "texture": "#0"},
				"west": {"uv": [16, 0, 14.5, 1.75], "texture": "#0"},
				"up": {"uv": [16, 0.25, 14.5, 0], "rotation": 90, "texture": "#0"},
				"down": {"uv": [14.5, 1.75, 16, 1.5], "rotation": 90, "texture": "#0"}
			}
		},
		{
			"from": [10.5, 12, 5.5],
			"to": [11.5, 16, 6.5],
			"rotation": {"angle": 0, "axis": "y", "origin": [15.5, 16, 6.5]},
			"faces": {
				"north": {"uv": [15.5, 7, 15.75, 8], "texture": "#0"},
				"east": {"uv": [15.5, 7, 15.75, 8], "texture": "#0"},
				"west": {"uv": [15.5, 7, 15.75, 8], "texture": "#0"},
				"up": {"uv": [15.5, 7, 15.75, 7.25], "texture": "#0"},
				"down": {"uv": [15.5, 7.75, 15.75, 8], "texture": "#0"}
			}
		},
		{
			"from": [11.5, 12, 6.5],
			"to": [12.5, 16, 7.5],
			"rotation": {"angle": 0, "axis": "y", "origin": [15.5, 16, 6.5]},
			"faces": {
				"north": {"uv": [15.75, 7, 16, 8], "texture": "#0"},
				"east": {"uv": [15.75, 7, 16, 8], "texture": "#0"},
				"up": {"uv": [15.75, 7, 16, 7.25], "texture": "#0"},
				"down": {"uv": [15.75, 7.75, 16, 8], "texture": "#0"}
			}
		},
		{
			"from": [5.5, 14, 5.5],
			"to": [10.5, 16, 6.5],
			"rotation": {"angle": 0, "axis": "y", "origin": [15.5, 16, 6.5]},
			"faces": {
				"north": {"uv": [14.75, 1.75, 16, 2.25], "texture": "#0"},
				"up": {"uv": [16, 1.75, 14.75, 2], "texture": "#0"},
				"down": {"uv": [16, 2, 14.75, 2.25], "texture": "#0"}
			}
		},
		{
			"from": [5.5, 13, 5.5],
			"to": [9.5, 14, 6.5],
			"rotation": {"angle": 0, "axis": "y", "origin": [15.5, 16, 6.5]},
			"faces": {
				"north": {"uv": [15, 6.25, 16, 6.5], "texture": "#0"},
				"east": {"uv": [15, 6.25, 15.25, 6.5], "texture": "#0"},
				"down": {"uv": [16, 6.25, 15, 6.5], "texture": "#0"}
			}
		},
		{
			"from": [4.5, 9, 13.5],
			"to": [11.5, 16, 14.5],
			"rotation": {"angle": 0, "axis": "y", "origin": [0.5, 16, 6.5]},
			"faces": {
				"north": {"uv": [16, 2.75, 14.25, 4.5], "texture": "#0"},
				"east": {"uv": [15.75, 2.75, 16, 4.5], "texture": "#0"},
				"south": {"uv": [14.25, 2.75, 16, 4.5], "texture": "#0"},
				"west": {"uv": [14.25, 2.75, 14.5, 4.5], "texture": "#0"},
				"up": {"uv": [14.25, 2.75, 16, 3], "texture": "#0"},
				"down": {"uv": [14.25, 4.25, 16, 4.5], "texture": "#0"}
			}
		},
		{
			"from": [12.5, 9, 6.5],
			"to": [12.5, 13, 12.5],
			"rotation": {"angle": 22.5, "axis": "z", "origin": [12.5, 13, 9.5]},
			"faces": {
				"east": {"uv": [4.25, 9.5, 2.75, 10.5], "texture": "#0"},
				"west": {"uv": [4.25, 9.5, 2.75, 10.5], "texture": "#0"}
			}
		},
		{
			"from": [4, 10.6, 6.4],
			"to": [12, 12.6, 9.4],
			"rotation": {"angle": 0, "axis": "y", "origin": [8, 11.6, 7.9]},
			"faces": {
				"north": {"uv": [10, 0, 14.25, 1], "texture": "#0"},
				"east": {"uv": [12.75, 1, 14.25, 2], "texture": "#0"},
				"west": {"uv": [12.75, 1, 14.25, 2], "texture": "#0"}
			}
		},
		{
			"from": [3.5, 9, 6.5],
			"to": [3.5, 13, 12.5],
			"rotation": {"angle": -22.5, "axis": "z", "origin": [3.5, 13, 9.5]},
			"faces": {
				"east": {"uv": [2.75, 9.5, 4.25, 10.5], "texture": "#0"},
				"west": {"uv": [2.75, 9.5, 4.25, 10.5], "texture": "#0"}
			}
		},
		{
			"from": [5, 4, 6.5],
			"to": [11, 7, 12.5],
			"faces": {
				"north": {"uv": [7.25, 2.5, 8.75, 3.25], "texture": "#0"},
				"east": {"uv": [7.25, 6.25, 8.75, 7], "texture": "#0"},
				"south": {"uv": [5.5, 7.25, 7, 8], "texture": "#0"},
				"west": {"uv": [7.25, 7, 8.75, 7.75], "texture": "#0"},
				"up": {"uv": [6.75, 6.25, 5.25, 4.75], "texture": "#0"}
			}
		},
		{
			"from": [5.5, 7, 7.5],
			"to": [10.5, 10, 12.5],
			"faces": {
				"north": {"uv": [4.5, 1.75, 5.75, 2.5], "texture": "#0"},
				"east": {"uv": [8, 4, 9.25, 4.75], "texture": "#0"},
				"south": {"uv": [8, 4.75, 9.25, 5.5], "texture": "#0"},
				"west": {"uv": [5.5, 8, 6.75, 8.75], "texture": "#0"}
			}
		},
		{
			"from": [3.5, 0, 4.5],
			"to": [12.5, 4, 12.5],
			"faces": {
				"north": {"uv": [5.75, 3.5, 8, 4.5], "texture": "#0"},
				"east": {"uv": [5.25, 6.25, 7.25, 7.25], "texture": "#0"},
				"south": {"uv": [6.25, 0, 8.5, 1], "texture": "#0"},
				"west": {"uv": [1.5, 6.5, 3.5, 7.5], "texture": "#0"},
				"up": {"uv": [2.25, 2, 0, 0], "texture": "#0"},
				"down": {"uv": [2.25, 2, 0, 4], "texture": "#0"}
			}
		},
		{
			"from": [9.5, 1, 2.5],
			"to": [11.5, 3, 5.5],
			"rotation": {"angle": -22.5, "axis": "x", "origin": [11, 1, 5.5]},
			"faces": {
				"north": {"uv": [0, 8.25, 1, 9.25], "texture": "#0"},
				"east": {"uv": [1, 7.5, 1.75, 8], "texture": "#0"},
				"west": {"uv": [1, 8, 1.75, 8.5], "texture": "#0"},
				"up": {"uv": [0.5, 8.25, 0, 7.5], "texture": "#0"},
				"down": {"uv": [1, 7.5, 0.5, 8.25], "texture": "#0"}
			}
		},
		{
			"from": [4.5, 1, 2.5],
			"to": [6.5, 3, 5.5],
			"rotation": {"angle": -22.5, "axis": "x", "origin": [11, 1, 5.5]},
			"faces": {
				"north": {"uv": [0, 8.25, 1, 9.25], "texture": "#0"},
				"east": {"uv": [1, 7.5, 1.75, 8], "texture": "#0"},
				"west": {"uv": [1, 8, 1.75, 8.5], "texture": "#0"},
				"up": {"uv": [0.5, 8.25, 0, 7.5], "texture": "#0"},
				"down": {"uv": [1, 7.5, 0.5, 8.25], "texture": "#0"}
			}
		},
		{
			"from": [9.92074, 7.88478, 8.5],
			"to": [11.92074, 8.88478, 11.5],
			"rotation": {"angle": 22.5, "axis": "z", "origin": [11.42074, 7.88478, 11.5]},
			"faces": {
				"north": {"uv": [6.5, 4.5, 7, 4.75], "texture": "#0"},
				"east": {"uv": [5.75, 4.5, 6.5, 4.75], "texture": "#0"},
				"south": {"uv": [7.25, 3.25, 7.75, 3.5], "texture": "#0"},
				"up": {"uv": [2.25, 4.75, 1.75, 4], "texture": "#0"}
			}
		},
		{
			"from": [7.92074, 0.88478, 5.5],
			"to": [11.92074, 7.88478, 11.5],
			"rotation": {"angle": 22.5, "axis": "z", "origin": [11.42074, 7.88478, 8.5]},
			"faces": {
				"north": {"uv": [3.5, 6.5, 4.5, 8.25], "texture": "#0"},
				"east": {"uv": [0, 5.75, 1.5, 7.5], "texture": "#0"},
				"south": {"uv": [7, 4.5, 8, 6.25], "texture": "#0"},
				"west": {"uv": [5.75, 1.75, 7.25, 3.5], "texture": "#0"},
				"up": {"uv": [8.25, 2.5, 7.25, 1], "texture": "#0"},
				"down": {"uv": [5.5, 7.25, 4.5, 8.75], "texture": "#0"}
			}
		},
		{
			"from": [9.22074, 4.38478, 4.5],
			"to": [11.22074, 6.38478, 5.5],
			"rotation": {"angle": 22.5, "axis": "z", "origin": [10.42074, 6.88478, 5.5]},
			"faces": {
				"north": {"uv": [8.5, 0.5, 9, 1], "texture": "#0"},
				"east": {"uv": [1.5, 5.75, 1.75, 6.25], "texture": "#0"},
				"up": {"uv": [8.25, 8.75, 7.75, 8.5], "texture": "#0"}
			}
		},
		{
			"from": [4.07926, 0.88478, 5.5],
			"to": [8.07926, 7.88478, 11.5],
			"rotation": {"angle": -22.5, "axis": "z", "origin": [4.57926, 7.88478, 8.5]},
			"faces": {
				"north": {"uv": [4.5, 6.5, 3.5, 8.25], "texture": "#0"},
				"east": {"uv": [7.25, 1.75, 5.75, 3.5], "texture": "#0"},
				"south": {"uv": [8, 4.5, 7, 6.25], "texture": "#0"},
				"west": {"uv": [1.5, 5.75, 0, 7.5], "texture": "#0"},
				"up": {"uv": [7.25, 2.5, 8.25, 1], "texture": "#0"},
				"down": {"uv": [4.5, 7.25, 5.5, 8.75], "texture": "#0"}
			}
		},
		{
			"from": [4.07926, 7.88478, 8.5],
			"to": [6.07926, 8.88478, 11.5],
			"rotation": {"angle": -22.5, "axis": "z", "origin": [4.57926, 7.88478, 11.5]},
			"faces": {
				"north": {"uv": [7, 4.5, 6.5, 4.75], "texture": "#0"},
				"south": {"uv": [7.75, 3.25, 7.25, 3.5], "texture": "#0"},
				"west": {"uv": [6.5, 4.5, 5.75, 4.75], "texture": "#0"},
				"up": {"uv": [1.75, 4.75, 2.25, 4], "texture": "#0"}
			}
		},
		{
			"from": [4.77926, 4.38478, 4.5],
			"to": [6.77926, 6.38478, 5.5],
			"rotation": {"angle": -22.5, "axis": "z", "origin": [5.57926, 6.88478, 5.5]},
			"faces": {
				"north": {"uv": [9, 0.5, 8.5, 1], "texture": "#0"},
				"east": {"uv": [7.25, 1, 7, 1.5], "texture": "#0"},
				"west": {"uv": [1.75, 5.75, 1.5, 6.25], "texture": "#0"},
				"up": {"uv": [7.75, 8.75, 8.25, 8.5], "texture": "#0"},
				"down": {"uv": [8.25, 8.25, 7.75, 8.5], "rotation": 180, "texture": "#0"}
			}
		},
		{
			"from": [6.5, 3, 2.5],
			"to": [12.6, 6, 5.5],
			"rotation": {"angle": 0, "axis": "y", "origin": [0, 3, -7]},
			"faces": {
				"north": {"uv": [3.25, 12.5, 4.75, 13.25], "texture": "#0"},
				"east": {"uv": [4.75, 12.5, 5.5, 13.25], "texture": "#0"},
				"south": {"uv": [3.25, 12.5, 4.75, 13.25], "texture": "#0"},
				"west": {"uv": [3.25, 13.25, 4, 14], "texture": "#0"},
				"up": {"uv": [4.75, 12.5, 3.25, 11.75], "texture": "#0"},
				"down": {"uv": [4.75, 12.5, 3.25, 13.25], "texture": "#0"}
			}
		},
		{
			"from": [3.6, 3.5, 3],
			"to": [6.5, 5.5, 5],
			"rotation": {"angle": 0, "axis": "y", "origin": [0, 3, -7]},
			"faces": {
				"north": {"uv": [4.75, 13.25, 5.5, 13.75], "texture": "#0"},
				"south": {"uv": [4.75, 13.25, 5.5, 13.75], "texture": "#0"},
				"west": {"uv": [5.5, 12.5, 6, 13], "texture": "#0"},
				"up": {"uv": [5.5, 13.25, 4.75, 13.75], "texture": "#0"},
				"down": {"uv": [5.5, 13.25, 4.75, 13.75], "texture": "#0"}
			}
		},
		{
			"from": [12.5, 3, 4],
			"to": [15.5, 6, 4],
			"rotation": {"angle": 45, "axis": "x", "origin": [15.5, 4.5, 4]},
			"faces": {
				"north": {"uv": [4.75, 13.25, 4, 14], "texture": "#0"},
				"south": {"uv": [4, 13.25, 4.75, 14], "texture": "#0"}
			}
		},
		{
			"from": [12.5, 3, 4],
			"to": [15.5, 6, 4],
			"rotation": {"angle": -45, "axis": "x", "origin": [15.5, 4.5, 4]},
			"faces": {
				"north": {"uv": [4.75, 13.25, 4, 14], "texture": "#0"},
				"south": {"uv": [4, 13.25, 4.75, 14], "texture": "#0"}
			}
		},
		{
			"from": [9.5, 4.9, 7.4],
			"to": [11.5, 9.9, 7.4],
			"rotation": {"angle": -22.5, "axis": "z", "origin": [10.5, 7.4, 10]},
			"faces": {
				"north": {"uv": [3.5, 7.5, 3, 8.75], "texture": "#0"},
				"south": {"uv": [7.25, 8, 6.75, 9.25], "texture": "#0"}
			}
		},
		{
			"from": [9.5, 4.9, 12.6],
			"to": [11.5, 9.9, 12.6],
			"rotation": {"angle": -22.5, "axis": "z", "origin": [10.5, 7.4, 15.1]},
			"faces": {
				"north": {"uv": [3.5, 7.5, 3, 8.75], "texture": "#0"},
				"south": {"uv": [7.25, 8, 6.75, 9.25], "texture": "#0"}
			}
		},
		{
			"from": [4.5, 4.9, 7.4],
			"to": [6.5, 9.9, 7.4],
			"rotation": {"angle": 22.5, "axis": "z", "origin": [5.5, 7.4, 10]},
			"faces": {
				"north": {"uv": [3, 7.5, 3.5, 8.75], "texture": "#0"},
				"south": {"uv": [6.75, 8, 7.25, 9.25], "texture": "#0"}
			}
		},
		{
			"from": [4.5, 4.9, 12.6],
			"to": [6.5, 9.9, 12.6],
			"rotation": {"angle": 22.5, "axis": "z", "origin": [5.5, 7.4, 15.1]},
			"faces": {
				"north": {"uv": [3, 7.5, 3.5, 8.75], "texture": "#0"},
				"south": {"uv": [6.75, 8, 7.25, 9.25], "texture": "#0"}
			}
		},
		{
			"from": [2.5, 12, 9.5],
			"to": [13.5, 19, 9.5],
			"rotation": {"angle": 0, "axis": "y", "origin": [8.00287, 17.916, 7]},
			"faces": {
				"north": {"uv": [0, 9.25, 2.75, 11], "texture": "#0"},
				"south": {"uv": [0, 9.25, 2.75, 11], "texture": "#0"}
			}
		},
		{
			"from": [0, 0.1, 4],
			"to": [4, 0.2, 8],
			"faces": {
				"up": {"uv": [3.25, 1, 2.25, 0], "texture": "#0"},
				"down": {"uv": [3.25, 0, 2.25, 1], "texture": "#0"}
			}
		},
		{
			"from": [-2.79191, 0.66748, 10.5],
			"to": [1.20809, 0.76748, 14.5],
			"rotation": {"angle": 22.5, "axis": "z", "origin": [-0.79191, 1.76748, 11.5]},
			"faces": {
				"up": {"uv": [3.25, 2, 2.25, 1], "texture": "#0"},
				"down": {"uv": [3.25, 1, 2.25, 2], "texture": "#0"}
			}
		},
		{
			"from": [14.79191, 0.66748, 10.5],
			"to": [18.79191, 0.76748, 14.5],
			"rotation": {"angle": -22.5, "axis": "z", "origin": [16.79191, 1.76748, 7.5]},
			"faces": {
				"up": {"uv": [2.25, 2, 3.25, 1], "texture": "#0"},
				"down": {"uv": [2.25, 1, 3.25, 2], "texture": "#0"}
			}
		},
		{
			"from": [12, 0.1, 4],
			"to": [16, 0.2, 8],
			"faces": {
				"up": {"uv": [2.25, 1, 3.25, 0], "texture": "#0"},
				"down": {"uv": [2.25, 0, 3.25, 1], "texture": "#0"}
			}
		},
		{
			"from": [12, 0.1, 12],
			"to": [16, 0.2, 16],
			"faces": {
				"up": {"uv": [2.25, 0, 3.25, 1], "texture": "#0"},
				"down": {"uv": [2.25, 1, 3.25, 0], "texture": "#0"}
			}
		},
		{
			"from": [0, 0.1, 12],
			"to": [4, 0.2, 16],
			"faces": {
				"up": {"uv": [3.25, 0, 2.25, 1], "texture": "#0"},
				"down": {"uv": [3.25, 1, 2.25, 0], "texture": "#0"}
			}
		},
		{
			"from": [3, -0.1, 7],
			"to": [13, 2, 13],
			"faces": {
				"north": {"uv": [0, 11, 2.5, 11.5], "texture": "#0"},
				"east": {"uv": [2.5, 11, 4, 11.5], "texture": "#0"},
				"south": {"uv": [0, 11, 2.5, 11.5], "texture": "#0"},
				"west": {"uv": [2.5, 11, 4, 11.5], "texture": "#0"},
				"up": {"uv": [0, 11.5, 2.5, 13], "texture": "#0"},
				"down": {"uv": [0, 11.5, 2.5, 13], "texture": "#0"}
			}
		}
	],
	"display": {
		"thirdperson_righthand": {
			"rotation": [67, 0, 0],
			"translation": [0, 2.25, 1.5],
			"scale": [0.3, 0.3, 0.3]
		},
		"thirdperson_lefthand": {
			"rotation": [67, 0, 0],
			"translation": [0, 2.25, 1.5],
			"scale": [0.3, 0.3, 0.3]
		},
		"firstperson_righthand": {
			"rotation": [0, 125, 0],
			"translation": [3.5, 1.5, 0],
			"scale": [0.3, 0.3, 0.3]
		},
		"firstperson_lefthand": {
			"rotation": [0, 125, 0],
			"translation": [3.5, 1.5, 0],
			"scale": [0.3, 0.3, 0.3]
		},
		"ground": {
			"translation": [0, 0.25, 0],
			"scale": [0.5, 0.5, 0.5]
		},
		"gui": {
			"rotation": [32, 146, 0],
			"translation": [-0.5, -0.5, 0],
			"scale": [0.5, 0.5, 0.5]
		},
		"head": {
			"translation": [0, 10.5, 0],
			"scale": [0.5, 0.5, 0.5]
		},
		"fixed": {
			"rotation": [-90, 0, 0],
			"translation": [0, 0, -7.9]
		}
	},
	"groups": [
		{
			"name": "ikaho",
			"origin": [8.00287, 17.916, 8],
			"color": 0,
			"children": [
				{
					"name": "head",
					"origin": [0, 0, 0],
					"color": 0,
					"children": [0, 1, 2, 3, 4, 5, 6, 7, 8, 9]
				},
				10,
				11,
				12,
				13,
				14,
				15,
				16,
				17,
				18,
				19,
				20,
				21,
				22,
				23,
				24,
				25,
				26,
				27,
				{
					"name": "group",
					"origin": [16, 0, 0],
					"color": 0,
					"children": [28, 29, 30, 31]
				},
				32,
				33,
				34,
				35,
				36,
				37,
				38,
				39
			]
		}
	]
}