{
	"credit": "Copyright © 2021-2099 Ikaho-Onsen Minecraft Server. All rights reserved.",
	"texture_size": [32, 32],
	"textures": {
		"0": "minecraft:item/megaphone",
		"1": "minecraft:item/megaphone_overlay",
		"particle": "minecraft:item/megaphone"
	},
	"elements": [
		{
			"from": [7.1, 2.97265, 8],
			"to": [8.9, 4.97265, 9],
			"rotation": {"angle": 22.5, "axis": "x", "origin": [8, 3.97265, 8.5]},
			"faces": {
				"north": {"uv": [6, 7, 7, 8], "texture": "#0"},
				"east": {"uv": [10.5, 7, 11, 8], "texture": "#0"},
				"west": {"uv": [10.5, 7, 11, 8], "texture": "#0"},
				"up": {"uv": [10, 11, 9, 10.5], "texture": "#0"},
				"down": {"uv": [11.5, 9.5, 10.5, 10], "texture": "#0"}
			}
		},
		{
			"from": [4.5, 6.69892, -1],
			"to": [11.5, 13.69892, 8],
			"rotation": {"angle": 45, "axis": "z", "origin": [8, 10.19892, 7.5]},
			"faces": {
				"east": {"uv": [0, 8, 3.5, 3.5], "rotation": 90, "texture": "#0"},
				"south": {"uv": [3.5, 3.5, 7, 7], "texture": "#0"},
				"west": {"uv": [0, 3.5, 3.5, 8], "rotation": 90, "texture": "#0"},
				"up": {"uv": [3.5, 8, 0, 3.5], "texture": "#0"},
				"down": {"uv": [3.5, 3.5, 0, 8], "texture": "#0"}
			}
		},
		{
			"from": [6.5, 8.69892, 12],
			"to": [9.5, 11.69892, 14],
			"rotation": {"angle": 45, "axis": "z", "origin": [8, 10.19892, 12.5]},
			"faces": {
				"east": {"uv": [9.5, 6.5, 10.5, 8], "texture": "#0"},
				"south": {"uv": [3.5, 9.5, 5, 11], "texture": "#0"},
				"west": {"uv": [10.5, 6.5, 9.5, 8], "texture": "#0"},
				"up": {"uv": [10.5, 10.5, 9, 9.5], "texture": "#0"},
				"down": {"uv": [9, 9.5, 10.5, 10.5], "texture": "#0"}
			}
		},
		{
			"from": [6.5, 8.69892, 0],
			"to": [9.5, 11.69892, 5],
			"rotation": {"angle": 45, "axis": "z", "origin": [8, 10.19892, 7.5]},
			"faces": {
				"east": {"uv": [9.5, 2.5, 11, 0], "rotation": 90, "texture": "#0"},
				"west": {"uv": [11, 0, 9.5, 2.5], "rotation": 90, "texture": "#0"},
				"up": {"uv": [11, 2.5, 9.5, 0], "texture": "#0"},
				"down": {"uv": [9.5, 0, 11, 2.5], "texture": "#0"}
			}
		},
		{
			"name": "cube inverted",
			"from": [11.475, 13.67392, 7.9],
			"to": [4.525, 6.72392, -1.3],
			"rotation": {"angle": 45, "axis": "z", "origin": [8, 10.19892, 7.5]},
			"faces": {
				"north": {"uv": [3.5, 7, 7, 3.5], "texture": "#0"},
				"east": {"uv": [3.5, 3.5, 0, 8], "rotation": 90, "texture": "#0"},
				"west": {"uv": [3.5, 8, 0, 3.5], "rotation": 90, "texture": "#0"},
				"up": {"uv": [0, 3.5, 3.5, 8], "texture": "#0"},
				"down": {"uv": [0, 8, 3.5, 3.5], "texture": "#0"}
			}
		},
		{
			"from": [7, 0.97265, 8.5],
			"to": [9, 7.97265, 11.5],
			"rotation": {"angle": 0, "axis": "x", "origin": [8, 4.97265, 10.65119]},
			"faces": {
				"north": {"uv": [1.5, 8.5, 2.5, 12.5], "texture": "#0"},
				"east": {"uv": [7.5, 8, 6, 12], "texture": "#0"},
				"south": {"uv": [2.5, 8.5, 3.5, 12.5], "texture": "#0"},
				"west": {"uv": [6, 8, 7.5, 12], "texture": "#0"}
			}
		},
		{
			"from": [7, 0.97265, 8.5],
			"to": [9, 7.97265, 11.5],
			"rotation": {"angle": 0, "axis": "x", "origin": [8, 4.97265, 10.65119]},
			"faces": {
				"north": {"uv": [1.5, 8.5, 2.5, 12.5], "texture": "#1", "tintindex": 0},
				"east": {"uv": [7.5, 8, 6, 12], "texture": "#1", "tintindex": 0},
				"south": {"uv": [2.5, 8.5, 3.5, 12.5], "texture": "#1", "tintindex": 0},
				"west": {"uv": [6, 8, 7.5, 12], "texture": "#1", "tintindex": 0},
				"down": {"uv": [10.5, 5, 9.5, 6.5], "texture": "#1", "tintindex": 0}
			}
		},
		{
			"from": [5.5, 7.69892, 7],
			"to": [10.5, 12.69892, 12],
			"rotation": {"angle": 45, "axis": "z", "origin": [8, 10.19892, 10.5]},
			"faces": {
				"north": {"uv": [7, 3, 9.5, 5.5], "texture": "#1", "tintindex": 0},
				"east": {"uv": [7, 8, 9.5, 5.5], "rotation": 90, "texture": "#1", "tintindex": 0},
				"south": {"uv": [7, 3, 9.5, 5.5], "texture": "#1", "tintindex": 0},
				"west": {"uv": [3.5, 7, 6, 9.5], "rotation": 270, "texture": "#1", "tintindex": 0},
				"up": {"uv": [9.5, 8, 7, 5.5], "texture": "#1", "tintindex": 0},
				"down": {"uv": [3.5, 9.5, 6, 7], "texture": "#1", "tintindex": 0}
			}
		},
		{
			"from": [4.67157, 3.87049, -4],
			"to": [5.67157, 10.87049, -1],
			"rotation": {"angle": 45, "axis": "z", "origin": [5.17157, 7.37049, -2.5]},
			"faces": {
				"north": {"uv": [5, 9.5, 5.5, 13], "rotation": 180, "texture": "#1", "tintindex": 0},
				"east": {"uv": [0, 8.5, 1.5, 12], "rotation": 180, "texture": "#1", "tintindex": 0},
				"south": {"uv": [5.5, 9.5, 6, 13], "rotation": 180, "texture": "#1", "tintindex": 0},
				"west": {"uv": [7.5, 8, 9, 11.5], "rotation": 180, "texture": "#1", "tintindex": 0}
			}
		},
		{
			"from": [3.5, 13.69892, -4],
			"to": [12.5, 14.69892, -1],
			"rotation": {"angle": 45, "axis": "z", "origin": [8, 10.19892, 3.5]},
			"faces": {
				"north": {"uv": [9.5, 2.5, 14, 3], "texture": "#1", "tintindex": 0},
				"east": {"uv": [5, 3, 6.5, 3.5], "texture": "#1", "tintindex": 0},
				"south": {"uv": [9.5, 3, 14, 3.5], "texture": "#1", "tintindex": 0},
				"west": {"uv": [10.5, 5, 12, 5.5], "texture": "#1", "tintindex": 0},
				"up": {"uv": [9.5, 1.5, 5, 0], "texture": "#1", "tintindex": 0},
				"down": {"uv": [9.5, 1.5, 5, 3], "texture": "#1", "tintindex": 0}
			}
		},
		{
			"from": [11.5, 6.69892, -4],
			"to": [12.5, 13.69892, -1],
			"rotation": {"angle": 45, "axis": "z", "origin": [8, 10.19892, 3.5]},
			"faces": {
				"north": {"uv": [5, 9.5, 5.5, 13], "texture": "#1", "tintindex": 0},
				"east": {"uv": [7.5, 8, 9, 11.5], "texture": "#1", "tintindex": 0},
				"south": {"uv": [5.5, 9.5, 6, 13], "texture": "#1", "tintindex": 0},
				"west": {"uv": [0, 8.5, 1.5, 12], "texture": "#1", "tintindex": 0}
			}
		},
		{
			"from": [10.32843, 2.87049, -4],
			"to": [11.32843, 11.87049, -1],
			"rotation": {"angle": -45, "axis": "z", "origin": [10.82843, 7.37049, -2.5]},
			"faces": {
				"north": {"uv": [9.5, 2.5, 14, 3], "rotation": 270, "texture": "#1", "tintindex": 0},
				"east": {"uv": [9.5, 1.5, 5, 0], "rotation": 90, "texture": "#1", "tintindex": 0},
				"south": {"uv": [9.5, 3, 14, 3.5], "rotation": 90, "texture": "#1", "tintindex": 0},
				"west": {"uv": [9.5, 1.5, 5, 3], "rotation": 90, "texture": "#1", "tintindex": 0},
				"up": {"uv": [10.5, 5, 12, 5.5], "rotation": 90, "texture": "#1", "tintindex": 0},
				"down": {"uv": [5, 3, 6.5, 3.5], "rotation": 90, "texture": "#1", "tintindex": 0}
			}
		},
		{
			"from": [6.5, 8.69892, 0],
			"to": [9.5, 11.69892, 5],
			"rotation": {"angle": 45, "axis": "z", "origin": [8, 10.19892, 7.5]},
			"faces": {
				"north": {"uv": [9.5, 3.5, 11, 5], "texture": "#1", "tintindex": 0},
				"east": {"uv": [9.5, 2.5, 11, 0], "rotation": 90, "texture": "#1", "tintindex": 0},
				"west": {"uv": [11, 0, 9.5, 2.5], "rotation": 90, "texture": "#1", "tintindex": 0},
				"up": {"uv": [11, 2.5, 9.5, 0], "texture": "#1", "tintindex": 0},
				"down": {"uv": [9.5, 0, 11, 2.5], "texture": "#1", "tintindex": 0}
			}
		}
	],
	"gui_light": "front",
	"display": {
		"thirdperson_righthand": {
			"translation": [0, 2.25, -1.5],
			"scale": [0.8, 0.8, 0.8]
		},
		"thirdperson_lefthand": {
			"translation": [0, 2.25, -1.5],
			"scale": [0.8, 0.8, 0.8]
		},
		"firstperson_righthand": {
			"rotation": [7, -11, 0],
			"translation": [10, -7.25, 0]
		},
		"firstperson_lefthand": {
			"rotation": [7, -11, 0],
			"translation": [10, -7.25, 0]
		},
		"ground": {
			"rotation": [30, 0, 0],
			"scale": [0.5, 0.5, 0.5]
		},
		"gui": {
			"rotation": [0, 135, 0],
			"translation": [3, -0.75, 0],
			"scale": [0.8, 0.8, 0.8]
		},
		"head": {
			"translation": [0, 15.25, 0]
		},
		"fixed": {
			"rotation": [0, -180, 0],
			"translation": [0, -1.5, -23.75],
			"scale": [2, 2, 2]
		}
	},
	"groups": [
		{
			"name": "group",
			"origin": [2.5, -2.55108, 20],
			"color": 0,
			"nbt": "{}",
			"armAnimationEnabled": false,
			"children": [0, 1, 2, 3, 4, 5]
		},
		{
			"name": "overlay",
			"origin": [8, 8, 8],
			"color": 0,
			"nbt": "{}",
			"armAnimationEnabled": false,
			"children": [6, 7, 8, 9, 10, 11, 12]
		}
	]
}