{
	"credit": "Copyright © 2021-2099 Ikaho-Onsen Minecraft Server. All rights reserved.",
	"textures": {
		"0": "minecraft:item/heineken",
		"particle": "minecraft:item/heineken"
	},
	"elements": [
		{
			"from": [3.5, 4, 5.5],
			"to": [12.5, 7, 10.5],
			"rotation": {"angle": 0, "axis": "y", "origin": [8, 0, 6]},
			"faces": {
				"north": {"uv": [8, 11, 10, 11.75], "texture": "#0"},
				"east": {"uv": [8, 11, 9.5, 11.75], "texture": "#0"},
				"south": {"uv": [8, 11, 10, 11.75], "texture": "#0"},
				"west": {"uv": [8, 11, 9.5, 11.75], "texture": "#0"},
				"up": {"uv": [7.75, 11, 10, 11.75], "texture": "#0"},
				"down": {"uv": [7.75, 11, 10, 11.75], "texture": "#0"}
			}
		},
		{
			"from": [4, 6, 6],
			"to": [12, 15, 10],
			"rotation": {"angle": 0, "axis": "y", "origin": [8, 0, 6]},
			"faces": {
				"north": {"uv": [7, 9, 9, 11], "texture": "#0"},
				"east": {"uv": [7, 9, 8, 11], "texture": "#0"},
				"south": {"uv": [7, 9, 9, 11], "texture": "#0"},
				"west": {"uv": [8, 9, 9, 11], "texture": "#0"},
				"up": {"uv": [7, 9, 9, 10], "texture": "#0"},
				"down": {"uv": [7, 9, 9, 10], "texture": "#0"}
			}
		},
		{
			"from": [4, 15, 4],
			"to": [12, 23, 12],
			"rotation": {"angle": 0, "axis": "y", "origin": [8, 0, 6]},
			"faces": {
				"north": {"uv": [2, 2, 4, 4], "texture": "#0"},
				"east": {"uv": [0, 2, 2, 4], "texture": "#0"},
				"south": {"uv": [6, 2, 8, 4], "texture": "#0"},
				"west": {"uv": [4, 2, 6, 4], "texture": "#0"},
				"up": {"uv": [2, 0, 4, 2], "texture": "#0"},
				"down": {"uv": [4, 0, 6, 2], "texture": "#0"}
			}
		},
		{
			"from": [12, 6, 6],
			"to": [16, 15, 10],
			"rotation": {"angle": 0, "axis": "y", "origin": [8, 0, 6]},
			"faces": {
				"north": {"uv": [11, 9, 12, 11.25], "texture": "#0"},
				"east": {"uv": [11, 9, 12, 11.25], "texture": "#0"},
				"south": {"uv": [11, 9, 12, 11.25], "texture": "#0"},
				"west": {"uv": [11, 9, 12, 11.25], "texture": "#0"},
				"up": {"uv": [11, 8, 12, 9], "texture": "#0"},
				"down": {"uv": [12, 10.75, 12.5, 11.25], "texture": "#0"}
			}
		},
		{
			"from": [7, 4, 5],
			"to": [9, 5, 5.5],
			"rotation": {"angle": 0, "axis": "y", "origin": [8, 0, 6]},
			"color": 1,
			"faces": {
				"north": {"uv": [0, 0, 2, 1], "texture": "#missing"},
				"east": {"uv": [0, 0, 0.5, 1], "texture": "#missing"},
				"south": {"uv": [0, 0, 2, 1], "texture": "#missing"},
				"west": {"uv": [0, 0, 0.5, 1], "texture": "#missing"},
				"up": {"uv": [0, 0, 2, 0.5], "texture": "#missing"},
				"down": {"uv": [0, 0, 2, 0.5], "texture": "#missing"}
			}
		},
		{
			"from": [6, 5, 5],
			"to": [7, 7, 5.5],
			"rotation": {"angle": 0, "axis": "y", "origin": [8, 0, 6]},
			"color": 1,
			"faces": {
				"north": {"uv": [0, 0, 1, 2], "texture": "#missing"},
				"east": {"uv": [0, 0, 0.5, 2], "texture": "#missing"},
				"south": {"uv": [0, 0, 1, 2], "texture": "#missing"},
				"west": {"uv": [0, 0, 0.5, 2], "texture": "#missing"},
				"up": {"uv": [0, 0, 1, 0.5], "texture": "#missing"},
				"down": {"uv": [0, 0, 1, 0.5], "texture": "#missing"}
			}
		},
		{
			"from": [9, 5, 5],
			"to": [10, 7, 5.5],
			"rotation": {"angle": 0, "axis": "y", "origin": [8, 0, 6]},
			"color": 1,
			"faces": {
				"north": {"uv": [0, 0, 1, 2], "texture": "#missing"},
				"east": {"uv": [0, 0, 0.5, 2], "texture": "#missing"},
				"south": {"uv": [0, 0, 1, 2], "texture": "#missing"},
				"west": {"uv": [0, 0, 0.5, 2], "texture": "#missing"},
				"up": {"uv": [0, 0, 1, 0.5], "texture": "#missing"},
				"down": {"uv": [0, 0, 1, 0.5], "texture": "#missing"}
			}
		},
		{
			"from": [7, 6, 5],
			"to": [9, 7, 5.5],
			"rotation": {"angle": 0, "axis": "y", "origin": [8, 0, 6]},
			"color": 1,
			"faces": {
				"north": {"uv": [0, 0, 2, 1], "texture": "#missing"},
				"east": {"uv": [0, 0, 0.5, 1], "texture": "#missing"},
				"south": {"uv": [0, 0, 2, 1], "texture": "#missing"},
				"west": {"uv": [0, 0, 0.5, 1], "texture": "#missing"},
				"up": {"uv": [0, 0, 2, 0.5], "texture": "#missing"},
				"down": {"uv": [0, 0, 2, 0.5], "texture": "#missing"}
			}
		},
		{
			"from": [0, 6, 6],
			"to": [4, 15, 10],
			"rotation": {"angle": 0, "axis": "y", "origin": [8, 0, 6]},
			"faces": {
				"north": {"uv": [11, 9, 12, 11.25], "texture": "#0"},
				"east": {"uv": [11, 9, 12, 11.25], "texture": "#0"},
				"south": {"uv": [11, 9, 12, 11.25], "texture": "#0"},
				"west": {"uv": [11, 9, 12, 11.25], "texture": "#0"},
				"up": {"uv": [11, 8, 12, 9], "texture": "#0"},
				"down": {"uv": [12, 10.75, 12.5, 11.25], "texture": "#0"}
			}
		},
		{
			"from": [12.25, 3, 6.25],
			"to": [15.75, 6, 9.75],
			"rotation": {"angle": 0, "axis": "y", "origin": [8, 0, 6]},
			"faces": {
				"north": {"uv": [10, 7, 11, 8], "texture": "#0"},
				"east": {"uv": [10, 7, 11, 8], "texture": "#0"},
				"south": {"uv": [10, 7, 11, 8], "texture": "#0"},
				"west": {"uv": [10, 7, 11, 8], "texture": "#0"},
				"up": {"uv": [10, 7, 11, 8], "texture": "#0"},
				"down": {"uv": [10, 7, 11, 8], "texture": "#0"}
			}
		},
		{
			"from": [0.25, 3, 6.25],
			"to": [3.75, 6, 9.75],
			"rotation": {"angle": 0, "axis": "y", "origin": [8, 0, 6]},
			"faces": {
				"north": {"uv": [10, 7, 11, 8], "texture": "#0"},
				"east": {"uv": [10, 7, 11, 8], "texture": "#0"},
				"south": {"uv": [10, 7, 11, 8], "texture": "#0"},
				"west": {"uv": [10, 7, 11, 8], "texture": "#0"},
				"up": {"uv": [10, 7, 11, 8], "texture": "#0"},
				"down": {"uv": [10, 7, 11, 8], "texture": "#0"}
			}
		},
		{
			"from": [7, 7, 5.5],
			"to": [9, 13, 6],
			"rotation": {"angle": 0, "axis": "y", "origin": [8, 0, 6]},
			"faces": {
				"north": {"uv": [5.75, 9.5, 6.25, 11], "texture": "#0"},
				"east": {"uv": [5.75, 9.5, 6, 11], "texture": "#0"},
				"south": {"uv": [5.75, 9.5, 6.25, 11], "texture": "#0"},
				"west": {"uv": [5.75, 9.5, 6, 11], "texture": "#0"},
				"up": {"uv": [5.75, 9.5, 6.25, 9.75], "texture": "#0"},
				"down": {"uv": [5.75, 9.5, 6.25, 9.75], "texture": "#0"}
			}
		},
		{
			"from": [6, 13, 5.5],
			"to": [7, 14, 6],
			"rotation": {"angle": 0, "axis": "y", "origin": [8, 0, 6]},
			"faces": {
				"north": {"uv": [10, 10.75, 10.25, 11], "texture": "#0"},
				"east": {"uv": [10, 10.75, 10.25, 11], "texture": "#0"},
				"south": {"uv": [10, 10.75, 10.25, 11], "texture": "#0"},
				"west": {"uv": [10, 10.75, 10.25, 11], "texture": "#0"},
				"up": {"uv": [10, 10.75, 10.25, 11], "texture": "#0"},
				"down": {"uv": [10, 10.75, 10.25, 11], "texture": "#0"}
			}
		},
		{
			"from": [9, 13, 5.5],
			"to": [10, 14, 6],
			"rotation": {"angle": 0, "axis": "y", "origin": [8, 0, 6]},
			"faces": {
				"north": {"uv": [10, 10.75, 10.25, 11], "texture": "#0"},
				"east": {"uv": [10, 10.75, 10.25, 11], "texture": "#0"},
				"south": {"uv": [10, 10.75, 10.25, 11], "texture": "#0"},
				"west": {"uv": [10, 10.75, 10.25, 11], "texture": "#0"},
				"up": {"uv": [10, 10.75, 10.25, 11], "texture": "#0"},
				"down": {"uv": [10, 10.75, 10.25, 11], "texture": "#0"}
			}
		},
		{
			"from": [5, 14, 5.5],
			"to": [6, 15, 6],
			"rotation": {"angle": 0, "axis": "y", "origin": [8, 0, 6]},
			"faces": {
				"north": {"uv": [10, 10.75, 10.25, 11], "texture": "#0"},
				"east": {"uv": [10, 10.75, 10.25, 11], "texture": "#0"},
				"south": {"uv": [10, 10.75, 10.25, 11], "texture": "#0"},
				"west": {"uv": [10, 10.75, 10.25, 11], "texture": "#0"},
				"up": {"uv": [10, 10.75, 10.25, 11], "texture": "#0"},
				"down": {"uv": [10, 10.75, 10.25, 11], "texture": "#0"}
			}
		},
		{
			"from": [10, 14, 5.5],
			"to": [11, 15, 6],
			"rotation": {"angle": 0, "axis": "y", "origin": [8, 0, 6]},
			"faces": {
				"north": {"uv": [10, 10.75, 10.25, 11], "texture": "#0"},
				"east": {"uv": [10, 10.75, 10.25, 11], "texture": "#0"},
				"south": {"uv": [10, 10.75, 10.25, 11], "texture": "#0"},
				"west": {"uv": [10, 10.75, 10.25, 11], "texture": "#0"},
				"up": {"uv": [10, 10.75, 10.25, 11], "texture": "#0"},
				"down": {"uv": [10, 10.75, 10.25, 11], "texture": "#0"}
			}
		},
		{
			"from": [6, 13, 5.75],
			"to": [10, 15, 6.25],
			"rotation": {"angle": 0, "axis": "y", "origin": [8, 0, 6]},
			"faces": {
				"north": {"uv": [5.5, 5, 6.5, 5.5], "texture": "#0"},
				"east": {"uv": [5.5, 5, 6.5, 5.5], "texture": "#0"},
				"south": {"uv": [5.5, 5, 6.5, 5.5], "texture": "#0"},
				"west": {"uv": [5.5, 5, 6.5, 5.5], "texture": "#0"},
				"up": {"uv": [5.5, 5, 6.5, 5.5], "texture": "#0"},
				"down": {"uv": [5.5, 5, 6.5, 5.5], "texture": "#0"}
			}
		},
		{
			"from": [4, 16, 3.5],
			"to": [6, 17, 4],
			"rotation": {"angle": 0, "axis": "y", "origin": [8, 0, 6]},
			"faces": {
				"north": {"uv": [11.5, 3.5, 12, 3.75], "texture": "#0"},
				"east": {"uv": [11.5, 3.5, 11.75, 3.75], "texture": "#0"},
				"south": {"uv": [11.5, 3.5, 12, 3.75], "texture": "#0"},
				"west": {"uv": [11.5, 3.5, 11.75, 3.75], "texture": "#0"},
				"up": {"uv": [11.5, 3.5, 12, 3.75], "texture": "#0"},
				"down": {"uv": [11.5, 3.5, 12, 3.75], "texture": "#0"}
			}
		},
		{
			"from": [4, 17, 3.5],
			"to": [7, 18, 4],
			"rotation": {"angle": 0, "axis": "y", "origin": [8, 0, 6]},
			"faces": {
				"north": {"uv": [11, 3, 11.75, 3.25], "texture": "#0"},
				"east": {"uv": [11.25, 3.25, 11.5, 3.5], "texture": "#0"},
				"south": {"uv": [11, 3, 11.75, 3.25], "texture": "#0"},
				"west": {"uv": [11.25, 3.25, 11.5, 3.5], "texture": "#0"},
				"up": {"uv": [11, 3, 11.75, 3.25], "texture": "#0"},
				"down": {"uv": [11, 3, 11.75, 3.25], "texture": "#0"}
			}
		},
		{
			"from": [4, 18, 3.5],
			"to": [8, 19, 4],
			"rotation": {"angle": 0, "axis": "y", "origin": [8, 0, 6]},
			"faces": {
				"north": {"uv": [11, 3, 12, 3.25], "texture": "#0"},
				"east": {"uv": [11, 3, 11.25, 3.25], "texture": "#0"},
				"south": {"uv": [11, 3, 12, 3.25], "texture": "#0"},
				"west": {"uv": [11, 3, 11.25, 3.25], "texture": "#0"},
				"up": {"uv": [11, 3, 12, 3.25], "texture": "#0"},
				"down": {"uv": [11, 3, 12, 3.25], "texture": "#0"}
			}
		},
		{
			"from": [4, 19, 3.5],
			"to": [9, 20, 4],
			"rotation": {"angle": 0, "axis": "y", "origin": [8, 0, 6]},
			"faces": {
				"north": {"uv": [10.75, 3, 12, 2.75], "texture": "#0"},
				"east": {"uv": [10.75, 2.75, 11, 3], "texture": "#0"},
				"south": {"uv": [10.75, 2.75, 12, 3], "texture": "#0"},
				"west": {"uv": [10.75, 2.75, 11, 3], "texture": "#0"},
				"up": {"uv": [10.75, 2.75, 12, 3], "texture": "#0"},
				"down": {"uv": [10.75, 2.75, 12, 3], "texture": "#0"}
			}
		},
		{
			"from": [5, 20, 3.5],
			"to": [12, 21, 4],
			"rotation": {"angle": 0, "axis": "y", "origin": [8, 0, 6]},
			"faces": {
				"north": {"uv": [10, 2.5, 11.75, 2.75], "texture": "#0"},
				"east": {"uv": [9.75, 2.5, 10, 2.75], "texture": "#0"},
				"south": {"uv": [10, 2.5, 11.75, 2.75], "texture": "#0"},
				"west": {"uv": [9.75, 2.5, 10, 2.75], "texture": "#0"},
				"up": {"uv": [10, 2.5, 11.75, 2.75], "texture": "#0"},
				"down": {"uv": [10, 2.5, 11.75, 2.75], "texture": "#0"}
			}
		},
		{
			"from": [10, 19, 3.5],
			"to": [12, 20, 4],
			"rotation": {"angle": 0, "axis": "y", "origin": [8, 0, 6]},
			"faces": {
				"north": {"uv": [10, 2.75, 10.5, 3], "texture": "#0"},
				"east": {"uv": [10.5, 2.5, 10.75, 2.75], "texture": "#0"},
				"south": {"uv": [10, 2.75, 10.5, 3], "texture": "#0"},
				"west": {"uv": [10.5, 2.5, 10.75, 2.75], "texture": "#0"},
				"up": {"uv": [10, 2.75, 10.5, 3], "texture": "#0"},
				"down": {"uv": [10, 2.75, 10.5, 3], "texture": "#0"}
			}
		},
		{
			"from": [11, 18, 3.5],
			"to": [12, 19, 4],
			"rotation": {"angle": 0, "axis": "y", "origin": [8, 0, 6]},
			"faces": {
				"north": {"uv": [10, 3, 10.25, 3.25], "texture": "#0"},
				"east": {"uv": [10, 3, 10.25, 3.25], "texture": "#0"},
				"south": {"uv": [10, 3, 10.25, 3.25], "texture": "#0"},
				"west": {"uv": [10, 3, 10.25, 3.25], "texture": "#0"},
				"up": {"uv": [10, 3, 10.25, 3.25], "texture": "#0"},
				"down": {"uv": [10, 3, 10.25, 3.25], "texture": "#0"}
			}
		},
		{
			"from": [6, 21, 3.5],
			"to": [11, 22, 4],
			"rotation": {"angle": 0, "axis": "y", "origin": [8, 0, 6]},
			"faces": {
				"north": {"uv": [10.25, 2.25, 11.5, 2.5], "texture": "#0"},
				"east": {"uv": [10.25, 2.25, 10.5, 2.5], "texture": "#0"},
				"south": {"uv": [10.25, 2.25, 11.5, 2.5], "texture": "#0"},
				"west": {"uv": [10.25, 2.25, 10.5, 2.5], "texture": "#0"},
				"up": {"uv": [10.25, 2.25, 11.5, 2.5], "texture": "#0"},
				"down": {"uv": [10.25, 2.25, 11.5, 2.5], "texture": "#0"}
			}
		},
		{
			"from": [7, 22, 3.5],
			"to": [10, 23, 4],
			"rotation": {"angle": 0, "axis": "y", "origin": [8, 0, 6]},
			"faces": {
				"north": {"uv": [10.5, 2, 11.25, 2.25], "texture": "#0"},
				"east": {"uv": [10.5, 2, 10.75, 2.25], "texture": "#0"},
				"south": {"uv": [10.5, 2, 11.25, 2.25], "texture": "#0"},
				"west": {"uv": [10.5, 2, 10.75, 2.25], "texture": "#0"},
				"up": {"uv": [10.5, 2, 11.25, 2.25], "texture": "#0"},
				"down": {"uv": [10.5, 2, 11.25, 2.25], "texture": "#0"}
			}
		},
		{
			"from": [12, 16, 7],
			"to": [12.5, 17, 9],
			"rotation": {"angle": 0, "axis": "y", "origin": [8, 0, 6]},
			"faces": {
				"north": {"uv": [8.75, 3.5, 9, 3.75], "texture": "#0"},
				"east": {"uv": [8.75, 3.5, 9.25, 3.75], "texture": "#0"},
				"south": {"uv": [8.75, 3.5, 9, 3.75], "texture": "#0"},
				"west": {"uv": [8.75, 3.5, 9.25, 3.75], "texture": "#0"},
				"up": {"uv": [8.5, 2.5, 8.75, 3], "texture": "#0"},
				"down": {"uv": [8.5, 2.5, 8.75, 3], "texture": "#0"}
			}
		},
		{
			"from": [12, 17, 4],
			"to": [12.5, 18, 11],
			"rotation": {"angle": 0, "axis": "y", "origin": [8, 0, 6]},
			"faces": {
				"north": {"uv": [8.25, 3.25, 8.5, 3.5], "texture": "#0"},
				"east": {"uv": [8.25, 3.25, 10, 3.5], "texture": "#0"},
				"south": {"uv": [8.25, 3.25, 8.5, 3.5], "texture": "#0"},
				"west": {"uv": [8.25, 3.25, 10, 3.5], "texture": "#0"},
				"up": {"uv": [9, 2.5, 9.25, 3.75], "texture": "#0"},
				"down": {"uv": [9, 2.5, 9.25, 3.75], "texture": "#0"}
			}
		},
		{
			"from": [12, 18, 4],
			"to": [12.5, 20, 12],
			"rotation": {"angle": 0, "axis": "y", "origin": [8, 0, 6]},
			"faces": {
				"north": {"uv": [8.25, 2.5, 8.5, 3], "texture": "#0"},
				"east": {"uv": [8, 2.75, 10, 3.25], "texture": "#0"},
				"south": {"uv": [8.25, 2.5, 8.5, 3], "texture": "#0"},
				"west": {"uv": [8, 2.75, 10, 3.25], "texture": "#0"},
				"up": {"uv": [8.5, 2.25, 9, 3.5], "texture": "#0"},
				"down": {"uv": [8.5, 2.25, 9, 3.5], "texture": "#0"}
			}
		},
		{
			"from": [12, 20, 4],
			"to": [12.5, 21, 5],
			"rotation": {"angle": 0, "axis": "y", "origin": [8, 0, 6]},
			"faces": {
				"north": {"uv": [9.75, 2.5, 10, 2.75], "texture": "#0"},
				"east": {"uv": [9.75, 2.5, 10, 2.75], "texture": "#0"},
				"south": {"uv": [9.75, 2.5, 10, 2.75], "texture": "#0"},
				"west": {"uv": [9.75, 2.5, 10, 2.75], "texture": "#0"},
				"up": {"uv": [9.75, 2.5, 10, 2.75], "texture": "#0"},
				"down": {"uv": [9.75, 2.5, 10, 2.75], "texture": "#0"}
			}
		},
		{
			"from": [12, 20, 6],
			"to": [12.5, 21, 11],
			"rotation": {"angle": 0, "axis": "y", "origin": [8, 0, 6]},
			"faces": {
				"north": {"uv": [8.25, 2.5, 8.5, 2.75], "texture": "#0"},
				"east": {"uv": [8.25, 2.5, 9.5, 2.75], "texture": "#0"},
				"south": {"uv": [8.25, 2.5, 8.5, 2.75], "texture": "#0"},
				"west": {"uv": [8.25, 2.5, 9.5, 2.75], "texture": "#0"},
				"up": {"uv": [8.5, 2.25, 8.75, 3.5], "texture": "#0"},
				"down": {"uv": [8.5, 2.25, 8.75, 3.5], "texture": "#0"}
			}
		},
		{
			"from": [12, 21, 8],
			"to": [12.5, 22, 10],
			"rotation": {"angle": 0, "axis": "y", "origin": [8, 0, 6]},
			"faces": {
				"north": {"uv": [8.5, 2.25, 8.75, 2.5], "texture": "#0"},
				"east": {"uv": [8.5, 2.25, 9, 2.5], "texture": "#0"},
				"south": {"uv": [8.5, 2.25, 8.75, 2.5], "texture": "#0"},
				"west": {"uv": [8.5, 2.25, 9, 2.5], "texture": "#0"},
				"up": {"uv": [8.5, 2.25, 8.75, 2.75], "texture": "#0"},
				"down": {"uv": [8.5, 2.25, 8.75, 2.75], "texture": "#0"}
			}
		},
		{
			"from": [3.5, 16, 4],
			"to": [4, 17, 5],
			"rotation": {"angle": 0, "axis": "y", "origin": [8, 0, 6]},
			"faces": {
				"north": {"uv": [12, 3.5, 12.25, 3.75], "texture": "#0"},
				"east": {"uv": [12, 3.5, 12.25, 3.75], "texture": "#0"},
				"south": {"uv": [12, 3.5, 12.25, 3.75], "texture": "#0"},
				"west": {"uv": [12, 3.5, 12.25, 3.75], "texture": "#0"},
				"up": {"uv": [12, 3.5, 12.25, 3.75], "texture": "#0"},
				"down": {"uv": [12, 3.5, 12.25, 3.75], "texture": "#0"}
			}
		},
		{
			"from": [3.5, 16, 9],
			"to": [4, 17, 12],
			"rotation": {"angle": 0, "axis": "y", "origin": [8, 0, 6]},
			"faces": {
				"north": {"uv": [13.5, 3.5, 13.75, 3.75], "texture": "#0"},
				"east": {"uv": [13.25, 3.5, 14, 3.75], "texture": "#0"},
				"south": {"uv": [13.5, 3.5, 13.75, 3.75], "texture": "#0"},
				"west": {"uv": [13.25, 3.5, 14, 3.75], "texture": "#0"},
				"up": {"uv": [13.25, 2.75, 13.5, 3.5], "texture": "#0"},
				"down": {"uv": [13.25, 2.75, 13.5, 3.5], "texture": "#0"}
			}
		},
		{
			"from": [3.5, 17, 4],
			"to": [4, 18, 6],
			"rotation": {"angle": 0, "axis": "y", "origin": [8, 0, 6]},
			"faces": {
				"north": {"uv": [12, 3.25, 12.25, 3.5], "texture": "#0"},
				"east": {"uv": [12, 3.25, 12.5, 3.5], "texture": "#0"},
				"south": {"uv": [12, 3.25, 12.25, 3.5], "texture": "#0"},
				"west": {"uv": [12, 3.25, 12.5, 3.5], "texture": "#0"},
				"up": {"uv": [12, 3.25, 12.25, 3.75], "texture": "#0"},
				"down": {"uv": [12, 3.25, 12.25, 3.75], "texture": "#0"}
			}
		},
		{
			"from": [3.5, 17, 8],
			"to": [4, 18, 12],
			"rotation": {"angle": 0, "axis": "y", "origin": [8, 0, 6]},
			"faces": {
				"north": {"uv": [13, 3.25, 13.25, 3.5], "texture": "#0"},
				"east": {"uv": [13, 3.25, 14, 3.5], "texture": "#0"},
				"south": {"uv": [13, 3.25, 13.25, 3.5], "texture": "#0"},
				"west": {"uv": [13, 3.25, 14, 3.5], "texture": "#0"},
				"up": {"uv": [13, 2.5, 13.25, 3.5], "texture": "#0"},
				"down": {"uv": [13, 2.5, 13.25, 3.5], "texture": "#0"}
			}
		},
		{
			"from": [3.5, 18, 4],
			"to": [4, 20, 12],
			"rotation": {"angle": 0, "axis": "y", "origin": [8, 0, 6]},
			"faces": {
				"north": {"uv": [12.25, 2.75, 12.5, 3.25], "texture": "#0"},
				"east": {"uv": [12.25, 2.75, 14, 3.25], "texture": "#0"},
				"south": {"uv": [12.25, 2.75, 12.5, 3.25], "texture": "#0"},
				"west": {"uv": [12.25, 2.75, 14, 3.25], "texture": "#0"},
				"up": {"uv": [8.5, 2.25, 9, 3.5], "texture": "#0"},
				"down": {"uv": [8.5, 2.25, 9, 3.5], "texture": "#0"}
			}
		},
		{
			"from": [3.5, 20, 5],
			"to": [4, 21, 11],
			"rotation": {"angle": 0, "axis": "y", "origin": [8, 0, 6]},
			"faces": {
				"north": {"uv": [12.25, 2.5, 12.5, 2.75], "texture": "#0"},
				"east": {"uv": [12.25, 2.5, 13.75, 2.75], "texture": "#0"},
				"south": {"uv": [12.25, 2.5, 12.5, 2.75], "texture": "#0"},
				"west": {"uv": [12.25, 2.5, 13.75, 2.75], "texture": "#0"},
				"up": {"uv": [13.25, 2.25, 13.5, 3.75], "texture": "#0"},
				"down": {"uv": [13.25, 2.25, 13.5, 3.75], "texture": "#0"}
			}
		},
		{
			"from": [3.5, 21, 6],
			"to": [4, 22, 10],
			"rotation": {"angle": 0, "axis": "y", "origin": [8, 0, 6]},
			"faces": {
				"north": {"uv": [12.5, 2.25, 12.75, 2.5], "texture": "#0"},
				"east": {"uv": [12.5, 2.25, 13.5, 2.5], "texture": "#0"},
				"south": {"uv": [12.5, 2.25, 12.75, 2.5], "texture": "#0"},
				"west": {"uv": [12.5, 2.25, 13.5, 2.5], "texture": "#0"},
				"up": {"uv": [12.5, 2.25, 12.75, 3.25], "texture": "#0"},
				"down": {"uv": [12.5, 2.25, 12.75, 3.25], "texture": "#0"}
			}
		},
		{
			"from": [8, 16, 12],
			"to": [10, 17, 12.5],
			"rotation": {"angle": 0, "axis": "y", "origin": [8, 0, 6]},
			"faces": {
				"north": {"uv": [15, 3.5, 15.5, 3.75], "texture": "#0"},
				"east": {"uv": [15, 3.5, 15.25, 3.75], "texture": "#0"},
				"south": {"uv": [15, 3.5, 15.5, 3.75], "texture": "#0"},
				"west": {"uv": [15, 3.5, 15.25, 3.75], "texture": "#0"},
				"up": {"uv": [15, 3.5, 15.5, 3.75], "texture": "#0"},
				"down": {"uv": [15, 3.5, 15.5, 3.75], "texture": "#0"}
			}
		},
		{
			"from": [4, 17, 12],
			"to": [5, 18, 12.5],
			"rotation": {"angle": 0, "axis": "y", "origin": [8, 0, 6]},
			"faces": {
				"north": {"uv": [14, 3.25, 14.25, 3.5], "texture": "#0"},
				"east": {"uv": [14, 3.25, 14.25, 3.5], "texture": "#0"},
				"south": {"uv": [14, 3.25, 14.25, 3.5], "texture": "#0"},
				"west": {"uv": [14, 3.25, 14.25, 3.5], "texture": "#0"},
				"up": {"uv": [14, 3.25, 14.25, 3.5], "texture": "#0"},
				"down": {"uv": [14, 3.25, 14.25, 3.5], "texture": "#0"}
			}
		},
		{
			"from": [7, 17, 12],
			"to": [11, 18, 12.5],
			"rotation": {"angle": 0, "axis": "y", "origin": [8, 0, 6]},
			"faces": {
				"north": {"uv": [14.75, 3.25, 15.75, 3.5], "texture": "#0"},
				"east": {"uv": [14.75, 3.25, 15, 3.5], "texture": "#0"},
				"south": {"uv": [14.75, 3.25, 15.75, 3.5], "texture": "#0"},
				"west": {"uv": [14.75, 3.25, 15, 3.5], "texture": "#0"},
				"up": {"uv": [14.75, 3.25, 15.75, 3.5], "texture": "#0"},
				"down": {"uv": [14.75, 3.25, 15.75, 3.5], "texture": "#0"}
			}
		},
		{
			"from": [4, 18, 12],
			"to": [12, 20, 12.5],
			"rotation": {"angle": 0, "axis": "y", "origin": [8, 0, 6]},
			"faces": {
				"north": {"uv": [14, 2.75, 16, 3.25], "texture": "#0"},
				"east": {"uv": [14, 2.75, 14.25, 3.25], "texture": "#0"},
				"south": {"uv": [14, 2.75, 16, 3.25], "texture": "#0"},
				"west": {"uv": [14, 2.75, 14.25, 3.25], "texture": "#0"},
				"up": {"uv": [14, 2.75, 16, 3], "texture": "#0"},
				"down": {"uv": [14, 2.75, 16, 3], "texture": "#0"}
			}
		},
		{
			"from": [5, 20, 12],
			"to": [11, 21, 12.5],
			"rotation": {"angle": 0, "axis": "y", "origin": [8, 0, 6]},
			"faces": {
				"north": {"uv": [14.25, 2.5, 15.75, 2.75], "texture": "#0"},
				"east": {"uv": [14.25, 2.5, 14.5, 2.75], "texture": "#0"},
				"south": {"uv": [14.25, 2.5, 15.75, 2.75], "texture": "#0"},
				"west": {"uv": [14.25, 2.5, 14.5, 2.75], "texture": "#0"},
				"up": {"uv": [14.25, 2.5, 15.75, 2.75], "texture": "#0"},
				"down": {"uv": [14.25, 2.5, 15.75, 2.75], "texture": "#0"}
			}
		},
		{
			"from": [6, 21, 12],
			"to": [10, 22, 12.5],
			"rotation": {"angle": 0, "axis": "y", "origin": [8, 0, 6]},
			"faces": {
				"north": {"uv": [14.5, 2.25, 15.5, 2.5], "texture": "#0"},
				"east": {"uv": [14.5, 2.25, 14.75, 2.5], "texture": "#0"},
				"south": {"uv": [14.5, 2.25, 15.5, 2.5], "texture": "#0"},
				"west": {"uv": [14.5, 2.25, 14.75, 2.5], "texture": "#0"},
				"up": {"uv": [14.5, 2.25, 15.5, 2.5], "texture": "#0"},
				"down": {"uv": [14.5, 2.25, 15.5, 2.5], "texture": "#0"}
			}
		},
		{
			"from": [7.2, -0.7, -3],
			"to": [12.7, 4.8, -2],
			"rotation": {"angle": 0, "axis": "x", "origin": [8, 0, 9]},
			"faces": {
				"north": {"uv": [2, 8, 3, 9], "rotation": 180, "texture": "#0"},
				"east": {"uv": [2, 7.5, 3.5, 7.75], "rotation": 270, "texture": "#0"},
				"south": {"uv": [2, 8, 3, 9], "texture": "#0"},
				"west": {"uv": [2, 7.5, 3.5, 7.75], "rotation": 90, "texture": "#0"},
				"up": {"uv": [2, 7.5, 3.5, 7.75], "rotation": 180, "texture": "#0"},
				"down": {"uv": [2, 7.5, 3.5, 7.75], "texture": "#0"}
			}
		},
		{
			"from": [3.3, -0.7, -3],
			"to": [8.8, 4.8, -2],
			"rotation": {"angle": 0, "axis": "x", "origin": [8, 0, 9]},
			"faces": {
				"north": {"uv": [2, 8, 3, 9], "rotation": 180, "texture": "#0"},
				"east": {"uv": [2, 7.5, 3.5, 7.75], "rotation": 270, "texture": "#0"},
				"south": {"uv": [2, 8, 3, 9], "texture": "#0"},
				"west": {"uv": [2, 7.5, 3.5, 7.75], "rotation": 90, "texture": "#0"},
				"up": {"uv": [2, 7.5, 3.5, 7.75], "rotation": 180, "texture": "#0"},
				"down": {"uv": [2, 7.5, 3.5, 7.75], "texture": "#0"}
			}
		},
		{
			"from": [4, 0, -2],
			"to": [8, 4, 10],
			"rotation": {"angle": 0, "axis": "x", "origin": [8, 0, 9]},
			"faces": {
				"north": {"uv": [1, 4, 2, 5], "rotation": 180, "texture": "#0"},
				"east": {"uv": [1, 4.5, 2, 7], "rotation": 270, "texture": "#0"},
				"south": {"uv": [1, 4, 2, 5], "texture": "#0"},
				"west": {"uv": [1, 4.5, 2, 7], "rotation": 90, "texture": "#0"},
				"up": {"uv": [1, 4.5, 2, 7], "rotation": 180, "texture": "#0"},
				"down": {"uv": [1, 4.5, 2, 7], "texture": "#0"}
			}
		},
		{
			"from": [8, 0, -2],
			"to": [12, 4, 10],
			"rotation": {"angle": 0, "axis": "x", "origin": [8, 0, 9]},
			"faces": {
				"north": {"uv": [1, 4, 2, 5], "rotation": 180, "texture": "#0"},
				"east": {"uv": [1, 4.5, 2, 7], "rotation": 270, "texture": "#0"},
				"south": {"uv": [1, 4, 2, 5], "texture": "#0"},
				"west": {"uv": [1, 4.5, 2, 7], "rotation": 90, "texture": "#0"},
				"up": {"uv": [1, 4.5, 2, 7], "rotation": 180, "texture": "#0"},
				"down": {"uv": [1, 4.5, 2, 7], "texture": "#0"}
			}
		},
		{
			"from": [3.5, -0.5, -2],
			"to": [8.5, 4.5, 0.5],
			"rotation": {"angle": 0, "axis": "x", "origin": [8, 0, 9]},
			"faces": {
				"north": {"uv": [2, 8, 3, 9], "rotation": 180, "texture": "#0"},
				"east": {"uv": [2, 7.25, 4, 8], "rotation": 270, "texture": "#0"},
				"south": {"uv": [2, 8, 3, 9], "texture": "#0"},
				"west": {"uv": [2, 7.25, 4, 8], "rotation": 90, "texture": "#0"},
				"up": {"uv": [2, 7.25, 4, 8], "rotation": 180, "texture": "#0"},
				"down": {"uv": [2, 7.25, 4, 8], "texture": "#0"}
			}
		},
		{
			"from": [7.5, -0.5, -2],
			"to": [12.5, 4.5, 0.5],
			"rotation": {"angle": 0, "axis": "x", "origin": [8, 0, 9]},
			"faces": {
				"north": {"uv": [2, 8, 3, 9], "rotation": 180, "texture": "#0"},
				"east": {"uv": [2, 7.25, 4, 8], "rotation": 270, "texture": "#0"},
				"south": {"uv": [2, 8, 3, 9], "texture": "#0"},
				"west": {"uv": [2, 7.25, 4, 8], "rotation": 90, "texture": "#0"},
				"up": {"uv": [2, 7.25, 4, 8], "rotation": 180, "texture": "#0"},
				"down": {"uv": [2, 7.25, 4, 8], "texture": "#0"}
			}
		},
		{
			"from": [9, 3.5, 0.5],
			"to": [11, 4.5, 1.5],
			"rotation": {"angle": 0, "axis": "x", "origin": [8, 0, 9]},
			"faces": {
				"north": {"uv": [2, 8.75, 2.5, 9], "rotation": 180, "texture": "#0"},
				"east": {"uv": [2, 8, 2.25, 8.25], "rotation": 270, "texture": "#0"},
				"south": {"uv": [2, 8.75, 2.5, 9], "texture": "#0"},
				"west": {"uv": [2, 8, 2.25, 8.25], "rotation": 90, "texture": "#0"},
				"up": {"uv": [2, 8.75, 2.5, 9], "rotation": 180, "texture": "#0"},
				"down": {"uv": [2, 8.75, 2.5, 9], "texture": "#0"}
			}
		},
		{
			"from": [5, 3.5, 0.5],
			"to": [7, 4.5, 1.5],
			"rotation": {"angle": 0, "axis": "x", "origin": [8, 0, 9]},
			"faces": {
				"north": {"uv": [2, 8.75, 2.5, 9], "rotation": 180, "texture": "#0"},
				"east": {"uv": [2, 8, 2.25, 8.25], "rotation": 270, "texture": "#0"},
				"south": {"uv": [2, 8.75, 2.5, 9], "texture": "#0"},
				"west": {"uv": [2, 8, 2.25, 8.25], "rotation": 90, "texture": "#0"},
				"up": {"uv": [2, 8.75, 2.5, 9], "rotation": 180, "texture": "#0"},
				"down": {"uv": [2, 8.75, 2.5, 9], "texture": "#0"}
			}
		},
		{
			"from": [5, 4.5, -2],
			"to": [7, 4.75, -1],
			"rotation": {"angle": 0, "axis": "x", "origin": [8, 0, 9]},
			"faces": {
				"north": {"uv": [5.5, 11, 6.5, 11.25], "rotation": 180, "texture": "#0"},
				"east": {"uv": [1.25, 7.25, 1.5, 7.75], "rotation": 270, "texture": "#0"},
				"south": {"uv": [5.5, 11, 6.5, 11.25], "texture": "#0"},
				"west": {"uv": [1.25, 7.25, 1.5, 7.75], "rotation": 90, "texture": "#0"},
				"up": {"uv": [1.25, 7.25, 1.75, 7.5], "rotation": 180, "texture": "#0"},
				"down": {"uv": [1.25, 7.25, 1.75, 7.5], "texture": "#0"}
			}
		},
		{
			"from": [9, 4.5, -2],
			"to": [11, 4.75, -1],
			"rotation": {"angle": 0, "axis": "x", "origin": [8, 0, 9]},
			"faces": {
				"north": {"uv": [5.5, 11, 6.5, 11.25], "rotation": 180, "texture": "#0"},
				"east": {"uv": [1.25, 7.25, 1.5, 7.75], "rotation": 270, "texture": "#0"},
				"south": {"uv": [5.5, 11, 6.5, 11.25], "texture": "#0"},
				"west": {"uv": [1.25, 7.25, 1.5, 7.75], "rotation": 90, "texture": "#0"},
				"up": {"uv": [1.25, 7.25, 1.75, 7.5], "rotation": 180, "texture": "#0"},
				"down": {"uv": [1.25, 7.25, 1.75, 7.5], "texture": "#0"}
			}
		},
		{
			"from": [9, 4.5, -0.5],
			"to": [11, 4.75, 0.5],
			"rotation": {"angle": 0, "axis": "x", "origin": [8, 0, 9]},
			"faces": {
				"north": {"uv": [5.5, 11, 6.5, 11.25], "rotation": 180, "texture": "#0"},
				"east": {"uv": [1.25, 7.25, 1.5, 7.75], "rotation": 270, "texture": "#0"},
				"south": {"uv": [5.5, 11, 6.5, 11.25], "texture": "#0"},
				"west": {"uv": [1.25, 7.25, 1.5, 7.75], "rotation": 90, "texture": "#0"},
				"up": {"uv": [1.25, 7.25, 1.75, 7.5], "rotation": 180, "texture": "#0"},
				"down": {"uv": [1.25, 7.25, 1.75, 7.5], "texture": "#0"}
			}
		},
		{
			"from": [5, 4.5, -0.5],
			"to": [7, 4.75, 0.5],
			"rotation": {"angle": 0, "axis": "x", "origin": [8, 0, 9]},
			"faces": {
				"north": {"uv": [5.5, 11, 6.5, 11.25], "rotation": 180, "texture": "#0"},
				"east": {"uv": [1.25, 7.25, 1.5, 7.75], "rotation": 270, "texture": "#0"},
				"south": {"uv": [5.5, 11, 6.5, 11.25], "texture": "#0"},
				"west": {"uv": [1.25, 7.25, 1.5, 7.75], "rotation": 90, "texture": "#0"},
				"up": {"uv": [1.25, 7.25, 1.75, 7.5], "rotation": 180, "texture": "#0"},
				"down": {"uv": [1.25, 7.25, 1.75, 7.5], "texture": "#0"}
			}
		},
		{
			"from": [3.3, -0.7, -1.25],
			"to": [8.8, 4.8, -0.25],
			"rotation": {"angle": 0, "axis": "x", "origin": [8, 0, 9]},
			"faces": {
				"north": {"uv": [2, 8, 3, 9], "rotation": 180, "texture": "#0"},
				"east": {"uv": [2, 7.5, 3.5, 7.75], "rotation": 270, "texture": "#0"},
				"south": {"uv": [2, 8, 3, 9], "texture": "#0"},
				"west": {"uv": [2, 7.5, 3.5, 7.75], "rotation": 90, "texture": "#0"},
				"up": {"uv": [2, 7.5, 3.5, 7.75], "rotation": 180, "texture": "#0"},
				"down": {"uv": [2, 7.5, 3.5, 7.75], "texture": "#0"}
			}
		},
		{
			"from": [7.2, -0.7, -1.25],
			"to": [12.7, 4.8, -0.25],
			"rotation": {"angle": 0, "axis": "x", "origin": [8, 0, 9]},
			"faces": {
				"north": {"uv": [2, 8, 3, 9], "rotation": 180, "texture": "#0"},
				"east": {"uv": [2, 7.5, 3.5, 7.75], "rotation": 270, "texture": "#0"},
				"south": {"uv": [2, 8, 3, 9], "texture": "#0"},
				"west": {"uv": [2, 7.5, 3.5, 7.75], "rotation": 90, "texture": "#0"},
				"up": {"uv": [2, 7.5, 3.5, 7.75], "rotation": 180, "texture": "#0"},
				"down": {"uv": [2, 7.5, 3.5, 7.75], "texture": "#0"}
			}
		}
	],
	"display": {
		"thirdperson_righthand": {
			"rotation": [0, -45, 0],
			"translation": [1.75, -5.25, 0]
		},
		"thirdperson_lefthand": {
			"rotation": [0, -45, 0],
			"translation": [1.75, -5.25, 0]
		},
		"firstperson_righthand": {
			"rotation": [-9, 127, -2],
			"translation": [2, 3.25, 0.75],
			"scale": [0.5, 0.5, 0.5]
		},
		"firstperson_lefthand": {
			"rotation": [-9, 127, -2],
			"translation": [2, 3.25, 0.75],
			"scale": [0.5, 0.5, 0.5]
		},
		"ground": {
			"rotation": [30, 0, -20],
			"translation": [0, 4.5, 0]
		},
		"gui": {
			"rotation": [0, 159, 0],
			"translation": [0, -2.25, 0],
			"scale": [0.7, 0.7, 0.7]
		},
		"head": {
			"translation": [0, 14.5, 0]
		},
		"fixed": {
			"rotation": [-90, 0, 0],
			"translation": [0, 0, -22],
			"scale": [3, 3, 3]
		}
	},
	"groups": [
		{
			"name": "group",
			"origin": [0, 0, 0],
			"color": 0,
			"children": [0, 1, 2, 3, 4, 5, 6, 7, 8, 9, 10, 11, 12, 13, 14, 15, 16, 17, 18, 19, 20, 21, 22, 23, 24, 25, 26, 27, 28, 29, 30, 31, 32, 33, 34, 35, 36, 37, 38, 39, 40, 41, 42, 43, 44]
		},
		{
			"name": "group",
			"origin": [0, 0, 0],
			"color": 0,
			"children": [45, 46, 47, 48, 49, 50, 51, 52, 53, 54, 55, 56, 57, 58]
		}
	]
}