{
	"credit": "Copyright © 2021-2099 Ikaho-Onsen Minecraft Server. All rights reserved.",
	"ambientocclusion": false,
	"texture_size": [64, 64],
	"textures": {
		"0": "minecraft:item/onei_bonk_texture",
		"particle": "minecraft:item/onei_bonk_texture"
	},
	"elements": [
		{
			"from": [7.5, 1.33274, 17.66726],
			"to": [8.5, 5.33274, 21.66726],
			"rotation": {"angle": 45, "axis": "x", "origin": [5.5574, 15, 8]},
			"faces": {
				"north": {"uv": [6.5, 10.25, 6.75, 11.25], "texture": "#0"},
				"east": {"uv": [5.5, 10.25, 6.5, 11.25], "texture": "#0"},
				"south": {"uv": [7.75, 10.25, 8, 11.25], "texture": "#0"},
				"west": {"uv": [6.75, 10.25, 7.75, 11.25], "texture": "#0"},
				"up": {"uv": [6.75, 10.25, 6.5, 9.25], "texture": "#0"},
				"down": {"uv": [7, 9.25, 6.75, 10.25], "texture": "#0"}
			}
		},
		{
			"from": [-1.71121, 22.04385, 5.5],
			"to": [1.28879, 23.04385, 6.5],
			"rotation": {"angle": -22.5, "axis": "z", "origin": [5.5574, 15, 8]},
			"faces": {
				"north": {"uv": [0.25, 8, 1, 8.25], "texture": "#0"},
				"south": {"uv": [1.25, 8, 2, 8.25], "texture": "#0"},
				"west": {"uv": [1, 8, 1.25, 8.25], "texture": "#0", "tintindex": 0},
				"up": {"uv": [1, 7.75, 0.25, 8], "texture": "#0", "tintindex": 0},
				"down": {"uv": [1.75, 7.75, 1, 8], "texture": "#0"}
			}
		},
		{
			"from": [-1.71121, 22.04385, 9.5],
			"to": [1.28879, 23.04385, 10.5],
			"rotation": {"angle": -22.5, "axis": "z", "origin": [5.5574, 15, 8]},
			"faces": {
				"north": {"uv": [0.25, 8, 1, 8.25], "texture": "#0"},
				"south": {"uv": [1.25, 8, 2, 8.25], "texture": "#0"},
				"west": {"uv": [1, 8, 1.25, 8.25], "texture": "#0", "tintindex": 0},
				"up": {"uv": [1, 7.75, 0.25, 8], "texture": "#0", "tintindex": 0},
				"down": {"uv": [1.75, 7.75, 1, 8], "texture": "#0"}
			}
		},
		{
			"from": [0.84416, 21.97095, 5.7],
			"to": [1.84416, 23.97095, 10.4],
			"rotation": {"angle": -22.5, "axis": "z", "origin": [5.5574, 15, 8]},
			"faces": {
				"north": {"uv": [9, 11, 9.25, 11.5], "texture": "#0"},
				"south": {"uv": [10.25, 11, 10.5, 11.5], "texture": "#0"},
				"west": {"uv": [9.25, 11, 10.25, 11.5], "texture": "#0", "tintindex": 0}
			}
		},
		{
			"from": [4.4, 25.4, 6],
			"to": [5.4, 27.3, 10],
			"rotation": {"angle": 0, "axis": "y", "origin": [5.5574, 15, 8]},
			"faces": {
				"north": {"uv": [3, 11.25, 3.25, 11.5], "texture": "#0"},
				"south": {"uv": [4.25, 11.25, 4.5, 11.5], "texture": "#0"},
				"west": {"uv": [3.25, 11.25, 4.25, 11.5], "texture": "#0", "tintindex": 0}
			}
		},
		{
			"from": [3.4, 25.4, 7],
			"to": [4.4, 28.1, 9],
			"rotation": {"angle": 0, "axis": "y", "origin": [5.5574, 15, 8]},
			"faces": {
				"north": {"uv": [0.5, 0.5, 0.75, 1], "texture": "#0"},
				"south": {"uv": [1.25, 0.5, 1.5, 1], "texture": "#0"},
				"west": {"uv": [0.75, 0.5, 1.25, 1], "texture": "#0", "tintindex": 0}
			}
		},
		{
			"from": [-0.78315, 23.62737, 6.5],
			"to": [0.61685, 24.62737, 9.5],
			"rotation": {"angle": -22.5, "axis": "z", "origin": [5.5574, 15, 8]},
			"faces": {
				"north": {"uv": [13, 5, 13.25, 5.25], "texture": "#0"},
				"south": {"uv": [14, 5, 14.25, 5.25], "texture": "#0"},
				"west": {"uv": [13.25, 5, 14, 5.25], "texture": "#0", "tintindex": 0},
				"up": {"uv": [13.25, 4.25, 13, 5], "texture": "#0"},
				"down": {"uv": [13.5, 4.25, 13.25, 5], "texture": "#0"}
			}
		},
		{
			"from": [9.83016, 20.0711, 5.1],
			"to": [11.83016, 22.0711, 10.9],
			"rotation": {"angle": 45, "axis": "z", "origin": [5.5574, 15, 8]},
			"faces": {
				"north": {"uv": [11.25, 5.25, 11.75, 5.75], "texture": "#0"},
				"east": {"uv": [10, 5.25, 11.25, 5.75], "texture": "#0"},
				"south": {"uv": [13, 5.25, 13.5, 5.75], "texture": "#0"},
				"west": {"uv": [11.75, 5.25, 13, 5.75], "texture": "#0", "tintindex": 0},
				"up": {"uv": [11.25, 4, 11.75, 5.25], "rotation": 180, "texture": "#0", "tintindex": 0},
				"down": {"uv": [12.25, 4, 11.75, 5.25], "texture": "#0"}
			}
		},
		{
			"from": [11.45651, 21.27318, 5.5],
			"to": [13.45651, 23.27318, 10.5],
			"rotation": {"angle": 45, "axis": "z", "origin": [5.5574, 15, 8]},
			"faces": {
				"north": {"uv": [11, 10, 11.5, 10.5], "texture": "#0"},
				"south": {"uv": [12.75, 10, 13.25, 10.5], "texture": "#0"},
				"west": {"uv": [11.5, 10, 12.75, 10.5], "texture": "#0"},
				"up": {"uv": [11.5, 10, 11, 8.75], "texture": "#0"}
			}
		},
		{
			"from": [8.37219, 26.51404, 5.5],
			"to": [10.37219, 28.51404, 10.5],
			"rotation": {"angle": 22.5, "axis": "z", "origin": [5.5574, 15, 8]},
			"faces": {
				"north": {"uv": [4.25, 9.75, 4.75, 10.25], "texture": "#0"},
				"east": {"uv": [3, 9.75, 4.25, 10.25], "texture": "#0"},
				"south": {"uv": [6, 9.75, 6.5, 10.25], "texture": "#0"},
				"west": {"uv": [4.75, 9.75, 6, 10.25], "texture": "#0", "tintindex": 0},
				"up": {"uv": [4.75, 8.5, 4.25, 9.75], "texture": "#0"},
				"down": {"uv": [5.25, 8.5, 4.75, 9.75], "texture": "#0"}
			}
		},
		{
			"from": [0.52439, 28.63654, 7.5],
			"to": [4.52439, 29.63654, 8.5],
			"rotation": {"angle": -45, "axis": "z", "origin": [3.44827, 28.75386, 8]},
			"faces": {
				"north": {"uv": [2, 8.75, 3, 9], "texture": "#0"},
				"south": {"uv": [3.25, 8.75, 4.25, 9], "texture": "#0"},
				"west": {"uv": [3, 8.75, 3.25, 9], "texture": "#0", "tintindex": 0},
				"up": {"uv": [3, 8.5, 2, 8.75], "texture": "#0", "tintindex": 0},
				"down": {"uv": [4, 8.5, 3, 8.75], "texture": "#0"}
			}
		},
		{
			"from": [6.2, 0, 6.2],
			"to": [9.8, 2, 9.8],
			"rotation": {"angle": 0, "axis": "y", "origin": [5.5574, 15, 8]},
			"faces": {
				"north": {"uv": [5.25, 0.75, 6, 1.25], "texture": "#0"},
				"east": {"uv": [4.5, 0.75, 5.25, 1.25], "texture": "#0"},
				"south": {"uv": [6.75, 0.75, 7.5, 1.25], "texture": "#0"},
				"west": {"uv": [6, 0.75, 6.75, 1.25], "texture": "#0"},
				"up": {"uv": [6, 0.75, 5.25, 0], "texture": "#0"},
				"down": {"uv": [6.75, 0, 6, 0.75], "texture": "#0"}
			}
		},
		{
			"from": [7, 1.9, 7],
			"to": [9, 7.1, 9],
			"rotation": {"angle": 0, "axis": "y", "origin": [5.5574, 15, 8]},
			"faces": {
				"north": {"uv": [14.5, 11.5, 15, 12.75], "texture": "#0"},
				"east": {"uv": [14, 11.5, 14.5, 12.75], "texture": "#0"},
				"south": {"uv": [15.5, 11.5, 16, 12.75], "texture": "#0"},
				"west": {"uv": [15, 11.5, 15.5, 12.75], "texture": "#0"}
			}
		},
		{
			"from": [6, 7.8, 6],
			"to": [10, 12.2, 10],
			"rotation": {"angle": 0, "axis": "y", "origin": [5.5574, 15, 8]},
			"faces": {
				"north": {"uv": [8, 9, 9, 10], "texture": "#0"},
				"east": {"uv": [7, 9, 8, 10], "texture": "#0"},
				"south": {"uv": [10, 9, 11, 10], "texture": "#0"},
				"west": {"uv": [9, 9, 10, 10], "texture": "#0"}
			}
		},
		{
			"name": "stick",
			"from": [5, 12.9, 5],
			"to": [11, 31.1, 11],
			"rotation": {"angle": 0, "axis": "y", "origin": [5.5574, 15, 8]},
			"faces": {
				"north": {"uv": [1.5, 1.5, 3, 6], "texture": "#0"},
				"east": {"uv": [0, 1.5, 1.5, 6], "texture": "#0"},
				"south": {"uv": [4.5, 1.5, 6, 6], "texture": "#0"},
				"west": {"uv": [3, 1.5, 4.5, 6], "texture": "#0"}
			}
		},
		{
			"name": "stick",
			"from": [4.9, 14.5, 4.9],
			"to": [11.1, 20, 11.1],
			"rotation": {"angle": 0, "axis": "y", "origin": [5.5574, 15, 8]},
			"faces": {
				"north": {"uv": [1.75, 13, 3.25, 14.375], "texture": "#0"},
				"east": {"uv": [0.25, 13, 1.75, 14.375], "texture": "#0"},
				"south": {"uv": [4.75, 13, 6.25, 14.375], "texture": "#0"},
				"west": {"uv": [3.25, 13, 4.75, 14.375], "texture": "#0"},
				"up": {"uv": [7.75, 13, 6.25, 11.625], "texture": "#0"},
				"down": {"uv": [6.25, 11.625, 4.75, 13], "texture": "#0"}
			}
		},
		{
			"from": [4, 31, 4],
			"to": [12, 32, 12],
			"rotation": {"angle": 0, "axis": "y", "origin": [5.5574, 15, 8]},
			"faces": {
				"north": {"uv": [2, 8.25, 4, 8.5], "texture": "#0"},
				"east": {"uv": [0, 8.25, 2, 8.5], "texture": "#0"},
				"south": {"uv": [6, 8.25, 8, 8.5], "texture": "#0"},
				"west": {"uv": [4, 8.25, 6, 8.5], "texture": "#0"},
				"up": {"uv": [4, 8.25, 2, 6.25], "texture": "#0"},
				"down": {"uv": [6, 6.25, 4, 8.25], "texture": "#0"}
			}
		},
		{
			"from": [4, 29.1, 4],
			"to": [12, 30.1, 12],
			"rotation": {"angle": 0, "axis": "y", "origin": [5.5574, 15, 8]},
			"faces": {
				"north": {"uv": [8, 2, 10, 2.25], "texture": "#0"},
				"east": {"uv": [6, 2, 8, 2.25], "texture": "#0"},
				"south": {"uv": [12, 2, 14, 2.25], "texture": "#0"},
				"west": {"uv": [10, 2, 12, 2.25], "texture": "#0"},
				"up": {"uv": [10, 2, 8, 0], "texture": "#0"},
				"down": {"uv": [12, 0, 10, 2], "texture": "#0"}
			}
		},
		{
			"from": [4, 12, 4],
			"to": [12, 13, 12],
			"rotation": {"angle": 0, "axis": "y", "origin": [5.5574, 15, 8]},
			"faces": {
				"north": {"uv": [6, 6, 8, 6.25], "texture": "#0"},
				"east": {"uv": [4, 6, 6, 6.25], "texture": "#0"},
				"south": {"uv": [10, 6, 12, 6.25], "texture": "#0"},
				"west": {"uv": [8, 6, 10, 6.25], "texture": "#0"},
				"up": {"uv": [8, 6, 6, 4], "texture": "#0"},
				"down": {"uv": [10, 4, 8, 6], "texture": "#0"}
			}
		},
		{
			"from": [5, 11, 5],
			"to": [11, 12.1, 11],
			"rotation": {"angle": 0, "axis": "y", "origin": [5.5574, 15, 8]},
			"faces": {
				"north": {"uv": [7.5, 7.75, 9, 8], "texture": "#0"},
				"east": {"uv": [6, 7.75, 7.5, 8], "texture": "#0"},
				"south": {"uv": [10.5, 7.75, 12, 8], "texture": "#0"},
				"west": {"uv": [9, 7.75, 10.5, 8], "texture": "#0"},
				"down": {"uv": [10.5, 6.25, 9, 7.75], "texture": "#0"}
			}
		},
		{
			"from": [5, 7, 5],
			"to": [11, 8, 11],
			"rotation": {"angle": 0, "axis": "y", "origin": [5.5574, 15, 8]},
			"faces": {
				"north": {"uv": [7.5, 3.75, 9, 4], "texture": "#0"},
				"east": {"uv": [6, 3.75, 7.5, 4], "texture": "#0"},
				"south": {"uv": [10.5, 3.75, 12, 4], "texture": "#0"},
				"west": {"uv": [9, 3.75, 10.5, 4], "texture": "#0"},
				"up": {"uv": [9, 3.75, 7.5, 2.25], "texture": "#0"},
				"down": {"uv": [10.5, 2.25, 9, 3.75], "texture": "#0"}
			}
		},
		{
			"from": [4.6, 17, 7.5],
			"to": [5.6, 18, 8.5],
			"faces": {
				"north": {"uv": [2.375, 14.125, 2.625, 14.375], "texture": "#0"},
				"south": {"uv": [2.875, 14.125, 3.125, 14.375], "texture": "#0"},
				"west": {"uv": [2.625, 14.125, 2.875, 14.375], "texture": "#0"},
				"up": {"uv": [2.625, 14.125, 2.375, 13.875], "texture": "#0"},
				"down": {"uv": [2.625, 13.875, 2.375, 14.125], "texture": "#0"}
			}
		}
	],
	"gui_light": "front",
	"display": {
		"thirdperson_righthand": {
			"translation": [0, 1.25, -0.25]
		},
		"thirdperson_lefthand": {
			"rotation": [0, -180, 0],
			"translation": [0, 1.25, -0.25]
		},
		"firstperson_righthand": {
			"rotation": [2.5, 10, -3],
			"translation": [2, -1, 0],
			"scale": [0.5, 0.5, 0.5]
		},
		"firstperson_lefthand": {
			"rotation": [2.5, -170, -3],
			"translation": [2, -1, 0],
			"scale": [0.5, 0.5, 0.5]
		},
		"ground": {
			"rotation": [20, 0, 0],
			"translation": [0, 2.25, 0],
			"scale": [0.5, 0.5, 0.5]
		},
		"gui": {
			"rotation": [45, 45, -45],
			"translation": [-1.75, -2.75, 0],
			"scale": [0.45, 0.45, 0.45]
		},
		"head": {
			"rotation": [-44, -90, 0],
			"translation": [0, 7.5, -7.5]
		},
		"fixed": {
			"rotation": [89, -45, 89],
			"translation": [5, -5.5, -3]
		}
	},
	"groups": [
		{
			"name": "onei_bonk",
			"origin": [8, 8, 8],
			"color": 0,
			"nbt": "{}",
			"armAnimationEnabled": false,
			"children": [
				{
					"name": "main",
					"origin": [8, 8, 8],
					"color": 0,
					"nbt": "{}",
					"armAnimationEnabled": false,
					"children": [
						{
							"name": "ring",
							"origin": [8, 8, 8],
							"color": 0,
							"nbt": "{}",
							"armAnimationEnabled": false,
							"children": [0]
						},
						{
							"name": "ghost",
							"origin": [8, 8, 8],
							"color": 0,
							"nbt": "{}",
							"armAnimationEnabled": false,
							"children": [1, 2, 3, 4, 5, 6, 7, 8, 9, 10]
						},
						{
							"name": "stick",
							"origin": [8, 8, 8],
							"color": 2,
							"nbt": "{}",
							"armAnimationEnabled": false,
							"children": [11, 12, 13, 14, 15, 16, 17, 18, 19, 20, 21]
						}
					]
				}
			]
		}
	]
}