{
	"credit": "Copyright © 2021-2099 Ikaho-Onsen Minecraft Server. All rights reserved.",
	"parent": "item/handheld",
	"textures": {
		"layer0": "minecraft:item/diamond_sword_1"
	},
	"display": {
		"thirdperson_righthand": {
			"rotation": [90, 90, 0],
			"translation": [0, 9, 1],
			"scale": [2.7, 2.7, 0.8]
		},
		"thirdperson_lefthand": {
			"rotation": [90, -90, 0],
			"translation": [0, 9, 1],
			"scale": [2.7, 2.7, 0.8]
		},
		"firstperson_righthand": {
			"rotation": [100, 80, 1],
			"translation": [3, 4, 0],
			"scale": [1.6, 1.6, 0.5]
		},
		"firstperson_lefthand": {
			"rotation": [96, -100, 0],
			"translation": [2.5, 4, 0],
			"scale": [1.4, 1.4, 0.5]
		},
		"ground": {
			"rotation": [0, 0, 45],
			"translation": [10, 3.25, 0],
			"scale": [1.5, 1.5, 0.5]
		},
		"gui": {
			"rotation": [0, 0, 45],
			"scale": [1.5, 1.5, 0.5]
		},
		"head": {
			"rotation": [0, 0, -45],
			"translation": [0, -15, 8],
			"scale": [2.7, 2.7, 1]
		},
		"fixed": {
			"rotation": [0, 180, 45],
			"scale": [1.5, 1.5, 0.5]
		}
	}
}