{
	"credit": "Copyright © 2021-2099 Ikaho-Onsen Minecraft Server. All rights reserved.",
	"texture_size": [32, 32],
	"textures": {
		"2": "item/cit/mask_09_b_texture"
	},
	"elements": [
		{
			"from": [2, 4, 2],
			"to": [14, 13, 4],
			"rotation": {"angle": 0, "axis": "y", "origin": [0, -21.5, 5]},
			"faces": {
				"north": {"uv": [0, 0, 6, 4.5], "texture": "#2"},
				"east": {"uv": [0, 9, 1, 13.5], "texture": "#2"},
				"south": {"uv": [0, 4.5, 6, 9], "texture": "#2"},
				"west": {"uv": [1, 9, 2, 13.5], "texture": "#2"},
				"up": {"uv": [14, 6, 8, 5], "texture": "#2"},
				"down": {"uv": [14, 6, 8, 7], "texture": "#2"}
			}
		},
		{
			"from": [3, 25, 3],
			"to": [6, 26, 5],
			"rotation": {"angle": 0, "axis": "z", "origin": [4, 17.5, 4]},
			"faces": {
				"north": {"uv": [4, 12, 5.5, 12.5], "texture": "#2"},
				"east": {"uv": [4, 12.5, 5, 13], "texture": "#2"},
				"south": {"uv": [11, 12, 12.5, 12.5], "texture": "#2"},
				"west": {"uv": [5, 12.5, 6, 13], "texture": "#2"},
				"up": {"uv": [12.5, 10.5, 11, 9.5], "texture": "#2"}
			}
		},
		{
			"from": [3, 13, 3],
			"to": [6, 15, 5],
			"rotation": {"angle": 0, "axis": "z", "origin": [4, 17.5, 4]},
			"faces": {
				"north": {"uv": [11, 0.5, 12.5, 1.5], "texture": "#2"},
				"east": {"uv": [6, 11, 7, 12], "texture": "#2"},
				"south": {"uv": [11, 2, 12.5, 3], "texture": "#2"},
				"west": {"uv": [10, 11, 11, 12], "texture": "#2"},
				"down": {"uv": [7.5, 5, 6, 6], "texture": "#2"}
			}
		},
		{
			"from": [2, 15, 3],
			"to": [6, 25, 5],
			"rotation": {"angle": 0, "axis": "z", "origin": [4, 17.5, 4]},
			"faces": {
				"north": {"uv": [14, 11, 16, 16], "texture": "#2"},
				"east": {"uv": [3, 9, 2, 14], "texture": "#2"},
				"south": {"uv": [6, 0, 8, 5], "texture": "#2"},
				"west": {"uv": [2, 9, 3, 14], "texture": "#2"},
				"up": {"uv": [13, 4.5, 11, 3.5], "texture": "#2"},
				"down": {"uv": [6, 11, 4, 12], "texture": "#2"}
			}
		},
		{
			"from": [10, 15, 3],
			"to": [14, 25, 5],
			"rotation": {"angle": 0, "axis": "z", "origin": [12, 17.5, 4]},
			"faces": {
				"north": {"uv": [16, 11, 14, 16], "texture": "#2"},
				"east": {"uv": [3, 9, 2, 14], "texture": "#2"},
				"south": {"uv": [8, 0, 6, 5], "texture": "#2"},
				"west": {"uv": [2, 9, 3, 14], "texture": "#2"},
				"up": {"uv": [11, 4.5, 13, 3.5], "texture": "#2"},
				"down": {"uv": [4, 11, 6, 12], "texture": "#2"}
			}
		},
		{
			"from": [10, 13, 3],
			"to": [13, 15, 5],
			"rotation": {"angle": 0, "axis": "z", "origin": [12, 17.5, 4]},
			"faces": {
				"north": {"uv": [12.5, 0.5, 11, 1.5], "texture": "#2"},
				"east": {"uv": [11, 11, 10, 12], "texture": "#2"},
				"south": {"uv": [12.5, 2, 11, 3], "texture": "#2"},
				"west": {"uv": [7, 11, 6, 12], "texture": "#2"},
				"down": {"uv": [6, 5, 7.5, 6], "texture": "#2"}
			}
		},
		{
			"from": [3, 3, 2],
			"to": [13, 4, 4],
			"rotation": {"angle": 0, "axis": "y", "origin": [0, -21.5, 5]},
			"faces": {
				"north": {"uv": [10, 10.5, 15, 11], "texture": "#2"},
				"east": {"uv": [7, 10, 8, 10.5], "texture": "#2"},
				"south": {"uv": [11, 0, 16, 0.5], "texture": "#2"},
				"west": {"uv": [12.5, 0.5, 13.5, 1], "texture": "#2"},
				"down": {"uv": [13, 7, 8, 8], "texture": "#2"}
			}
		},
		{
			"from": [4, 2, 2],
			"to": [12, 3, 4],
			"rotation": {"angle": 0, "axis": "y", "origin": [0, -21.5, 5]},
			"faces": {
				"north": {"uv": [11, 4.5, 15, 5], "texture": "#2"},
				"east": {"uv": [6, 12.5, 7, 13], "texture": "#2"},
				"south": {"uv": [11, 8, 15, 8.5], "texture": "#2"},
				"west": {"uv": [7, 12.5, 8, 13], "texture": "#2"},
				"down": {"uv": [8, 9, 4, 10], "texture": "#2"}
			}
		},
		{
			"from": [5, 3, 1],
			"to": [11, 6, 2],
			"rotation": {"angle": 0, "axis": "y", "origin": [0, -25.5, 3]},
			"faces": {
				"north": {"uv": [8, 8, 11, 9.5], "texture": "#2"},
				"east": {"uv": [9, 11.5, 9.5, 13], "texture": "#2"},
				"west": {"uv": [9.5, 11.5, 10, 13], "texture": "#2"},
				"up": {"uv": [14, 9, 11, 8.5], "texture": "#2"},
				"down": {"uv": [14, 9, 11, 9.5], "texture": "#2"}
			}
		},
		{
			"from": [-1, 4, 3],
			"to": [5, 9, 3],
			"rotation": {"angle": 0, "axis": "y", "origin": [0, -25.5, 3]},
			"faces": {
				"north": {"uv": [8, 0, 11, 2.5], "texture": "#2"},
				"south": {"uv": [11, 0, 8, 2.5], "texture": "#2"}
			}
		},
		{
			"from": [11, 4, 3],
			"to": [17, 9, 3],
			"rotation": {"angle": 0, "axis": "y", "origin": [16, -25.5, 3]},
			"faces": {
				"north": {"uv": [11, 0, 8, 2.5], "texture": "#2"},
				"south": {"uv": [8, 0, 11, 2.5], "texture": "#2"}
			}
		},
		{
			"from": [10, 25, 3],
			"to": [13, 26, 5],
			"rotation": {"angle": 0, "axis": "z", "origin": [12, 17.5, 4]},
			"faces": {
				"north": {"uv": [5.5, 12, 4, 12.5], "texture": "#2"},
				"east": {"uv": [6, 12.5, 5, 13], "texture": "#2"},
				"south": {"uv": [12.5, 12, 11, 12.5], "texture": "#2"},
				"west": {"uv": [5, 12.5, 4, 13], "texture": "#2"},
				"up": {"uv": [11, 10.5, 12.5, 9.5], "texture": "#2"}
			}
		},
		{
			"from": [5, 13, 2],
			"to": [11, 15, 4],
			"rotation": {"angle": 0, "axis": "y", "origin": [0, -19.5, 5]},
			"faces": {
				"north": {"uv": [8, 9.5, 11, 10.5], "texture": "#2"},
				"east": {"uv": [7, 11.5, 8, 12.5], "texture": "#2"},
				"south": {"uv": [4, 10, 7, 11], "texture": "#2"},
				"west": {"uv": [8, 11.5, 9, 12.5], "texture": "#2"},
				"up": {"uv": [10, 11.5, 7, 10.5], "texture": "#2"}
			}
		},
		{
			"from": [11, 13, 2],
			"to": [13, 14, 3],
			"rotation": {"angle": 0, "axis": "y", "origin": [6, -19.5, 5]},
			"faces": {
				"north": {"uv": [12.5, 2, 13.5, 2.5], "texture": "#2"},
				"east": {"uv": [8, 12.5, 8.5, 13], "texture": "#2"},
				"up": {"uv": [13.5, 3.5, 12.5, 3], "texture": "#2"}
			}
		},
		{
			"from": [3, 13, 2],
			"to": [5, 14, 3],
			"rotation": {"angle": 0, "axis": "y", "origin": [-2, -19.5, 5]},
			"faces": {
				"north": {"uv": [12.5, 1, 13.5, 1.5], "texture": "#2"},
				"west": {"uv": [5.5, 12, 6, 12.5], "texture": "#2"},
				"up": {"uv": [13.5, 2, 12.5, 1.5], "texture": "#2"}
			}
		},
		{
			"from": [13.9, 1.1, 2.3],
			"to": [14.9, 4.1, 3.3],
			"rotation": {"angle": 0, "axis": "y", "origin": [2, 1.2, 0.3]},
			"faces": {
				"north": {"uv": [3, 14.5, 3.5, 16], "texture": "#2"},
				"east": {"uv": [3, 14.5, 3.5, 16], "texture": "#2"},
				"south": {"uv": [3, 14.5, 3.5, 16], "texture": "#2"},
				"west": {"uv": [3, 14.5, 3.5, 16], "texture": "#2"},
				"up": {"uv": [3.5, 15, 3, 14.5], "texture": "#2"},
				"down": {"uv": [3.5, 15.5, 3, 16], "texture": "#2"}
			}
		},
		{
			"from": [13.9, 2.1, 2.8],
			"to": [14.9, 7.1, 2.8],
			"rotation": {"angle": 0, "axis": "y", "origin": [2, 1.2, 0.3]},
			"faces": {
				"north": {"uv": [3.5, 13.5, 4, 16], "texture": "#2"},
				"south": {"uv": [3.5, 13.5, 4, 16], "texture": "#2"}
			}
		},
		{
			"from": [15.7, 2.9, 3.1],
			"to": [16.7, 7.9, 3.1],
			"rotation": {"angle": 0, "axis": "z", "origin": [16.4, 6.6, 3.2]},
			"faces": {
				"north": {"uv": [3.5, 13.5, 4, 16], "texture": "#2"},
				"south": {"uv": [3.5, 13.5, 4, 16], "texture": "#2"}
			}
		},
		{
			"from": [15.7, 1.9, 2.6],
			"to": [16.7, 4.9, 3.6],
			"rotation": {"angle": 0, "axis": "z", "origin": [16.4, 6.6, 3.2]},
			"faces": {
				"north": {"uv": [3, 14.5, 3.5, 16], "texture": "#2"},
				"east": {"uv": [3, 14.5, 3.5, 16], "texture": "#2"},
				"south": {"uv": [3, 14.5, 3.5, 16], "texture": "#2"},
				"west": {"uv": [3, 14.5, 3.5, 16], "texture": "#2"},
				"up": {"uv": [3.5, 15, 3, 14.5], "texture": "#2"},
				"down": {"uv": [3.5, 15.5, 3, 16], "texture": "#2"}
			}
		},
		{
			"from": [13, 7.3, 2.9],
			"to": [19, 11.3, 2.9],
			"rotation": {"angle": 22.5, "axis": "z", "origin": [15, 9.3, 3]},
			"faces": {
				"north": {"uv": [3, 14, 0, 16], "texture": "#2"},
				"south": {"uv": [0, 14, 3, 16], "texture": "#2"}
			}
		},
		{
			"from": [-3, 7.3, 2.9],
			"to": [3, 11.3, 2.9],
			"rotation": {"angle": -22.5, "axis": "z", "origin": [1, 9.3, 3]},
			"faces": {
				"north": {"uv": [0, 14, 3, 16], "texture": "#2"},
				"south": {"uv": [3, 14, 0, 16], "texture": "#2"}
			}
		},
		{
			"from": [-0.7, 1.9, 2.6],
			"to": [0.3, 4.9, 3.6],
			"rotation": {"angle": 0, "axis": "z", "origin": [-0.4, 6.6, 3.2]},
			"faces": {
				"north": {"uv": [3.5, 14.5, 3, 16], "texture": "#2"},
				"east": {"uv": [3.5, 14.5, 3, 16], "texture": "#2"},
				"south": {"uv": [3.5, 14.5, 3, 16], "texture": "#2"},
				"west": {"uv": [3.5, 14.5, 3, 16], "texture": "#2"},
				"up": {"uv": [3, 15, 3.5, 14.5], "texture": "#2"},
				"down": {"uv": [3, 15.5, 3.5, 16], "texture": "#2"}
			}
		},
		{
			"from": [1.1, 1.1, 2.3],
			"to": [2.1, 4.1, 3.3],
			"rotation": {"angle": 0, "axis": "y", "origin": [14, 1.2, 0.3]},
			"faces": {
				"north": {"uv": [3.5, 14.5, 3, 16], "texture": "#2"},
				"east": {"uv": [3.5, 14.5, 3, 16], "texture": "#2"},
				"south": {"uv": [3.5, 14.5, 3, 16], "texture": "#2"},
				"west": {"uv": [3.5, 14.5, 3, 16], "texture": "#2"},
				"up": {"uv": [3, 15, 3.5, 14.5], "texture": "#2"},
				"down": {"uv": [3, 15.5, 3.5, 16], "texture": "#2"}
			}
		},
		{
			"from": [1.1, 2.1, 2.8],
			"to": [2.1, 7.1, 2.8],
			"rotation": {"angle": 0, "axis": "y", "origin": [14, 1.2, 0.3]},
			"faces": {
				"north": {"uv": [4, 13.5, 3.5, 16], "texture": "#2"},
				"south": {"uv": [4, 13.5, 3.5, 16], "texture": "#2"}
			}
		},
		{
			"from": [-0.7, 2.9, 3.1],
			"to": [0.3, 7.9, 3.1],
			"rotation": {"angle": 0, "axis": "z", "origin": [-0.4, 6.6, 3.2]},
			"faces": {
				"north": {"uv": [4, 13.5, 3.5, 16], "texture": "#2"},
				"south": {"uv": [4, 13.5, 3.5, 16], "texture": "#2"}
			}
		},
		{
			"from": [0.4, 11.6, 1.3],
			"to": [3.4, 14.6, 4.3],
			"rotation": {"angle": -45, "axis": "z", "origin": [1.9, 14.1, 1.8]},
			"faces": {
				"north": {"uv": [5.5, 14.5, 4, 16], "texture": "#2"},
				"east": {"uv": [7, 14.5, 5.5, 16], "texture": "#2"},
				"south": {"uv": [5.5, 14.5, 4, 16], "texture": "#2"},
				"west": {"uv": [7, 14.5, 5.5, 16], "texture": "#2"},
				"up": {"uv": [4, 14.5, 5.5, 13], "texture": "#2"},
				"down": {"uv": [5.5, 13, 7, 14.5], "texture": "#2"}
			}
		},
		{
			"from": [0.2, 11.6, 1.1],
			"to": [3.6, 14.6, 4.5],
			"rotation": {"angle": -45, "axis": "z", "origin": [1.9, 14.1, 1.8]},
			"faces": {
				"north": {"uv": [8.5, 14.5, 7, 16], "texture": "#2"},
				"east": {"uv": [7, 14.5, 8.5, 16], "texture": "#2"},
				"south": {"uv": [8.5, 14.5, 7, 16], "texture": "#2"},
				"west": {"uv": [7, 14.5, 8.5, 16], "texture": "#2"}
			}
		},
		{
			"from": [12.4, 11.6, 1.1],
			"to": [15.8, 14.6, 4.5],
			"rotation": {"angle": 45, "axis": "z", "origin": [14.1, 14.1, 1.8]},
			"faces": {
				"north": {"uv": [7, 14.5, 8.5, 16], "texture": "#2"},
				"east": {"uv": [8.5, 14.5, 7, 16], "texture": "#2"},
				"south": {"uv": [7, 14.5, 8.5, 16], "texture": "#2"},
				"west": {"uv": [8.5, 14.5, 7, 16], "texture": "#2"}
			}
		},
		{
			"from": [12.6, 11.6, 1.3],
			"to": [15.6, 14.6, 4.3],
			"rotation": {"angle": 45, "axis": "z", "origin": [14.1, 14.1, 1.8]},
			"faces": {
				"north": {"uv": [4, 14.5, 5.5, 16], "texture": "#2"},
				"east": {"uv": [5.5, 14.5, 7, 16], "texture": "#2"},
				"south": {"uv": [4, 14.5, 5.5, 16], "texture": "#2"},
				"west": {"uv": [5.5, 14.5, 7, 16], "texture": "#2"},
				"up": {"uv": [5.5, 14.5, 4, 13], "texture": "#2"},
				"down": {"uv": [7, 13, 5.5, 14.5], "texture": "#2"}
			}
		}
	],
	"gui_light": "front",
	"display": {
		"thirdperson_righthand": {
			"rotation": [50, 0, 0],
			"translation": [0, -1.75, 2.25],
			"scale": [0.75, 0.75, 0.75]
		},
		"thirdperson_lefthand": {
			"rotation": [50, 0, 0],
			"translation": [0, -1.75, 2.25],
			"scale": [0.75, 0.75, 0.75]
		},
		"firstperson_righthand": {
			"translation": [0.75, 2.25, 4.5],
			"scale": [0.5, 0.5, 0.5]
		},
		"firstperson_lefthand": {
			"translation": [0.75, 2.25, 4.5],
			"scale": [0.5, 0.5, 0.5]
		},
		"ground": {
			"rotation": [35, 0, 0],
			"translation": [0, 3, 0.75],
			"scale": [0.5, 0.5, 0.5]
		},
		"gui": {
			"rotation": [0, 135, 0],
			"translation": [3.5, -1.5, 0]
		},
		"head": {
			"scale": [1.3, 1.3, 1.3]
		},
		"fixed": {
			"rotation": [-10, 0, 0],
			"translation": [0, 1.25, 6.75],
			"scale": [2, 2, 2]
		}
	},
	"groups": [
		{
			"name": "mask_09_b",
			"origin": [0, -21.5, 4],
			"color": 0,
			"nbt": "{}",
			"armAnimationEnabled": false,
			"children": [0, 1, 2, 3, 4, 5, 6, 7, 8, 9, 10, 11, 12, 13, 14, 15, 16, 17, 18, 19, 20, 21, 22, 23, 24, 25, 26, 27, 28]
		}
	]
}