{
	"credit": "Copyright © 2021-2099 Ikaho-Onsen Minecraft Server. All rights reserved.",
	"texture_size": [32, 32],
	"textures": {
		"0": "minecraft:item/lmap_01",
		"particle": "minecraft:item/lmap_01"
	},
	"elements": [
		{
			"from": [5, 11, 5],
			"to": [11, 12, 11],
			"rotation": {"angle": 0, "axis": "y", "origin": [0, -1, 0]},
			"faces": {
				"north": {"uv": [0, 9, 3, 9.5], "texture": "#0"},
				"east": {"uv": [0, 9.5, 3, 10], "texture": "#0"},
				"south": {"uv": [9.5, 8, 12.5, 8.5], "texture": "#0"},
				"west": {"uv": [9.5, 8.5, 12.5, 9], "texture": "#0"},
				"up": {"uv": [10.5, 8, 7.5, 5], "texture": "#0"}
			}
		},
		{
			"from": [5, 1, 5],
			"to": [11, 2, 11],
			"rotation": {"angle": 0, "axis": "y", "origin": [8, 1.5, 8]},
			"faces": {
				"north": {"uv": [0, 9, 3, 9.5], "rotation": 180, "texture": "#0"},
				"east": {"uv": [9.5, 8.5, 12.5, 9], "rotation": 180, "texture": "#0"},
				"south": {"uv": [9.5, 8, 12.5, 8.5], "rotation": 180, "texture": "#0"},
				"west": {"uv": [0, 9.5, 3, 10], "rotation": 180, "texture": "#0"},
				"down": {"uv": [10.5, 8, 7.5, 5], "rotation": 180, "texture": "#0"}
			}
		},
		{
			"from": [7, 13.5, 5],
			"to": [9, 15.5, 16],
			"rotation": {"angle": -45, "axis": "z", "origin": [8, 14.5, 8]},
			"faces": {
				"north": {"uv": [0, 10, 1, 11], "texture": "#0"},
				"east": {"uv": [8, 0, 13.5, 1], "texture": "#0"},
				"south": {"uv": [1, 10, 2, 11], "texture": "#0"},
				"west": {"uv": [8, 1, 13.5, 2], "texture": "#0"},
				"up": {"uv": [8.5, 13.5, 7.5, 8], "texture": "#0"},
				"down": {"uv": [5, 8.5, 4, 14], "texture": "#0"}
			}
		},
		{
			"from": [2, 9.1, 7],
			"to": [9, 16.1, 9],
			"rotation": {"angle": 45, "axis": "z", "origin": [8, 15.1, 9]},
			"faces": {
				"north": {"uv": [4, 5, 7.5, 8.5], "texture": "#0"},
				"east": {"uv": [5, 8.5, 6, 12], "texture": "#0"},
				"south": {"uv": [7.5, 5, 4, 8.5], "texture": "#0"},
				"west": {"uv": [6, 8.5, 5, 12], "texture": "#0"},
				"up": {"uv": [11.5, 3, 8, 2], "texture": "#0"},
				"down": {"uv": [11.5, 2, 8, 3], "texture": "#0"}
			}
		},
		{
			"from": [4, 2, 4],
			"to": [12, 11, 12],
			"faces": {
				"north": {"uv": [0, 0, 4, 4.5], "texture": "#0"},
				"east": {"uv": [0, 0, 4, 4.5], "texture": "#0"},
				"south": {"uv": [4, 0, 0, 4.5], "texture": "#0"},
				"west": {"uv": [4, 0, 0, 4.5], "texture": "#0"},
				"up": {"uv": [4, 9, 0, 5], "texture": "#0"},
				"down": {"uv": [0, 11, 4, 15], "texture": "#0"}
			}
		}
	],
	"gui_light": "front",
	"display": {
		"thirdperson_righthand": {
			"rotation": [67.5, 0, 0],
			"translation": [0, 0.5, -6.75]
		},
		"thirdperson_lefthand": {
			"rotation": [67.5, 0, 0],
			"translation": [0, 0.5, -6.75]
		},
		"firstperson_righthand": {
			"translation": [5, 0, -1],
			"scale": [0.55, 0.55, 0.55]
		},
		"firstperson_lefthand": {
			"translation": [5, 0, -1],
			"scale": [0.55, 0.55, 0.55]
		},
		"ground": {
			"translation": [0, 2, 0],
			"scale": [0.6, 0.6, 0.6]
		},
		"gui": {
			"rotation": [33, 135, 0],
			"translation": [-0.5, -0.75, 0],
			"scale": [0.78, 0.78, 0.78]
		},
		"head": {
			"translation": [0, -1.5, -14.25]
		},
		"fixed": {
			"translation": [0, -13, -16],
			"scale": [2, 2, 2]
		}
	},
	"groups": [
		{
			"name": "01",
			"origin": [8, 8, 8],
			"color": 0,
			"children": [0, 1, 2, 3, 4]
		}
	]
}