{
	"credit": "Copyright © 2021-2099 Ikaho-Onsen Minecraft Server. All rights reserved.",
	"texture_size": [64, 64],
	"textures": {
		"1": "minecraft:item/limao_doll"
	},
	"elements": [
		{
			"from": [2, 5, 1],
			"to": [14, 13, 14],
			"rotation": {"angle": 0, "axis": "y", "origin": [0, -11, -1]},
			"faces": {
				"north": {"uv": [0, 8.25, 3, 10.25], "texture": "#1"},
				"east": {"uv": [11.25, 3.25, 8, 5.25], "texture": "#1"},
				"south": {"uv": [3, 8.25, 6, 10.25], "texture": "#1"},
				"west": {"uv": [8, 3.25, 11.25, 5.25], "texture": "#1"},
				"up": {"uv": [8, 3.25, 5, 0], "texture": "#1"},
				"down": {"uv": [11, 0, 8, 3.25], "texture": "#1"}
			}
		},
		{
			"from": [2, 6, 12],
			"to": [9, 11, 17],
			"rotation": {"angle": -22.5, "axis": "z", "origin": [8, 8, 16.5]},
			"faces": {
				"north": {"uv": [6.5, 13.5, 8.25, 14.75], "rotation": 180, "texture": "#1"},
				"east": {"uv": [3.25, 13.75, 4.5, 15], "rotation": 180, "texture": "#1"},
				"south": {"uv": [8.25, 13.5, 6.5, 14.75], "rotation": 180, "texture": "#1"},
				"up": {"uv": [8.25, 13.5, 6.5, 14.75], "rotation": 180, "texture": "#1"},
				"down": {"uv": [8.25, 13.5, 6.5, 14.75], "rotation": 180, "texture": "#1"}
			}
		},
		{
			"from": [-9, 3, 11],
			"to": [3, 10, 18],
			"rotation": {"angle": -45, "axis": "z", "origin": [8, 8, 16.5]},
			"faces": {
				"north": {"uv": [0, 13.5, 3, 15.25], "rotation": 180, "texture": "#1"},
				"east": {"uv": [3, 13.5, 4.75, 15.25], "rotation": 180, "texture": "#1"},
				"south": {"uv": [3, 15.25, 0, 13.5], "rotation": 180, "texture": "#1"},
				"west": {"uv": [10, 13.5, 8.25, 15.25], "rotation": 180, "texture": "#1"},
				"up": {"uv": [3, 13.5, 0, 15.25], "rotation": 180, "texture": "#1"},
				"down": {"uv": [3, 13.5, 0, 15.25], "rotation": 180, "texture": "#1"}
			}
		},
		{
			"from": [-7.58148, 17.96016, 12],
			"to": [-2.58148, 19.96016, 17],
			"rotation": {"angle": 22.5, "axis": "z", "origin": [-5.08148, 18.96016, 14.5]},
			"faces": {
				"north": {"uv": [4.75, 13.5, 5.25, 14.75], "rotation": 90, "texture": "#1"},
				"east": {"uv": [4.75, 13.5, 5.25, 14.75], "rotation": 270, "texture": "#1"},
				"south": {"uv": [4.75, 13.5, 5.25, 14.75], "rotation": 270, "texture": "#1"},
				"west": {"uv": [4.75, 13.5, 5.25, 14.75], "rotation": 270, "texture": "#1"},
				"up": {"uv": [6.5, 13.5, 5.25, 14.75], "rotation": 270, "texture": "#1"}
			}
		},
		{
			"from": [3, 13, 3],
			"to": [13, 18, 13],
			"rotation": {"angle": 0, "axis": "y", "origin": [0, -7, -1]},
			"faces": {
				"north": {"uv": [10.5, 6.5, 13, 7.75], "texture": "#1"},
				"east": {"uv": [13.5, 0, 11, 1.25], "texture": "#1"},
				"south": {"uv": [10.5, 7.75, 13, 9], "texture": "#1"},
				"west": {"uv": [11, 0, 13.5, 1.25], "texture": "#1"},
				"up": {"uv": [10.5, 9, 8, 6.5], "texture": "#1"}
			}
		},
		{
			"from": [-0.96665, 5, 3.995],
			"to": [2.03335, 11, 10.995],
			"rotation": {"angle": 0, "axis": "y", "origin": [-0.46665, 8, 7.495]},
			"faces": {
				"north": {"uv": [11.25, 2.25, 12, 3.75], "texture": "#1"},
				"south": {"uv": [11.25, 3.75, 12, 5.25], "texture": "#1"},
				"west": {"uv": [8, 10.25, 9.75, 11.75], "texture": "#1"},
				"up": {"uv": [10.5, 12.75, 9.75, 11], "texture": "#1"},
				"down": {"uv": [11.25, 11, 10.5, 12.75], "texture": "#1"}
			}
		},
		{
			"from": [-1, 5, 1],
			"to": [2, 7, 4],
			"rotation": {"angle": 0, "axis": "y", "origin": [0.25, 7, 5.75]},
			"faces": {
				"north": {"uv": [12, 4.75, 12.75, 5.25], "texture": "#1"},
				"west": {"uv": [5, 12, 5.75, 12.5], "texture": "#1"},
				"up": {"uv": [6.75, 9, 6, 8.25], "texture": "#1"},
				"down": {"uv": [7.5, 8.25, 6.75, 9], "texture": "#1"}
			}
		},
		{
			"from": [13.96665, 5, 3.995],
			"to": [16.96665, 11, 10.995],
			"rotation": {"angle": 0, "axis": "y", "origin": [16.46665, 8, 7.495]},
			"faces": {
				"north": {"uv": [12, 2.25, 11.25, 3.75], "texture": "#1"},
				"east": {"uv": [9.75, 10.25, 8, 11.75], "texture": "#1"},
				"south": {"uv": [12, 3.75, 11.25, 5.25], "texture": "#1"},
				"up": {"uv": [9.75, 12.75, 10.5, 11], "texture": "#1"},
				"down": {"uv": [10.5, 11, 11.25, 12.75], "texture": "#1"}
			}
		},
		{
			"from": [14, 5, 1],
			"to": [17, 7, 4],
			"rotation": {"angle": 0, "axis": "y", "origin": [15.75, 7, 5.75]},
			"faces": {
				"north": {"uv": [12.75, 4.75, 12, 5.25], "texture": "#1"},
				"east": {"uv": [5.75, 12, 5, 12.5], "texture": "#1"},
				"up": {"uv": [6, 9, 6.75, 8.25], "texture": "#1"},
				"down": {"uv": [6.75, 8.25, 7.5, 9], "texture": "#1"}
			}
		},
		{
			"from": [6, 16, 1],
			"to": [10, 18, 2],
			"rotation": {"angle": 0, "axis": "y", "origin": [0, -4, -2]},
			"faces": {
				"north": {"uv": [12, 4.25, 13, 4.75], "texture": "#1"},
				"east": {"uv": [7.75, 3.25, 8, 3.75], "texture": "#1"},
				"west": {"uv": [9.75, 10.25, 10, 10.75], "texture": "#1"},
				"up": {"uv": [7.5, 4, 6.5, 3.75], "texture": "#1"},
				"down": {"uv": [13, 9, 12, 9.25], "texture": "#1"}
			}
		},
		{
			"from": [6, 23, 1.4],
			"to": [10, 25, 1.4],
			"rotation": {"angle": 45, "axis": "x", "origin": [8, 23, 0.4]},
			"faces": {
				"north": {"uv": [13.5, 8.5, 14.5, 9], "texture": "#1"},
				"south": {"uv": [14.5, 8.5, 13.5, 9], "texture": "#1"}
			}
		},
		{
			"from": [4, 16, 2],
			"to": [12, 23, 10],
			"rotation": {"angle": 0, "axis": "y", "origin": [8, 20, 7]},
			"faces": {
				"north": {"uv": [2, 10.25, 4, 12], "texture": "#1"},
				"east": {"uv": [8, 10.25, 6, 12], "texture": "#1"},
				"south": {"uv": [4, 10.25, 6, 12], "texture": "#1"},
				"west": {"uv": [6, 10.25, 8, 12], "texture": "#1"},
				"up": {"uv": [12, 11, 10, 9], "texture": "#1"},
				"down": {"uv": [2, 10.25, 0, 12.25], "texture": "#1"}
			}
		},
		{
			"from": [2.7, 16.2, 1],
			"to": [13.3, 18.2, 11],
			"rotation": {"angle": -22.5, "axis": "x", "origin": [8, 20, 7]},
			"faces": {
				"north": {"uv": [0, 13, 2.5, 13.5], "texture": "#1"},
				"east": {"uv": [2.5, 13, 0, 13.5], "texture": "#1"},
				"west": {"uv": [0, 13, 2.5, 13.5], "texture": "#1"}
			}
		},
		{
			"from": [4.3, 13.88763, 1.87495],
			"to": [7.3, 15.88763, 1.87495],
			"rotation": {"angle": 45, "axis": "z", "origin": [7, 15.38763, 1.87495]},
			"faces": {
				"north": {"uv": [0.5, 13, 1.25, 13.5], "texture": "#1"},
				"south": {"uv": [1.25, 13, 0.5, 13.5], "texture": "#1"}
			}
		},
		{
			"from": [6.50503, 14.18555, 1.67495],
			"to": [9.50503, 16.18555, 1.67495],
			"rotation": {"angle": 0, "axis": "z", "origin": [8.00503, 15.18555, 1.67495]},
			"faces": {
				"north": {"uv": [0.5, 13, 1.25, 13.5], "texture": "#1"},
				"south": {"uv": [1.25, 13, 0.5, 13.5], "texture": "#1"}
			}
		},
		{
			"from": [8.7, 13.88763, 1.87495],
			"to": [11.7, 15.88763, 1.87495],
			"rotation": {"angle": -45, "axis": "z", "origin": [9, 15.38763, 1.87495]},
			"faces": {
				"north": {"uv": [1.25, 13, 0.5, 13.5], "texture": "#1"},
				"south": {"uv": [0.5, 13, 1.25, 13.5], "texture": "#1"}
			}
		},
		{
			"from": [4.025, 22, 3],
			"to": [7.025, 25, 5],
			"rotation": {"angle": -22.5, "axis": "x", "origin": [5.025, 23.5, 4.5]},
			"faces": {
				"north": {"uv": [12, 3.5, 12.75, 4.25], "texture": "#1"},
				"east": {"uv": [6.25, 12, 6.75, 12.75], "texture": "#1"},
				"south": {"uv": [4.25, 12, 5, 12.75], "texture": "#1"},
				"west": {"uv": [6.25, 12, 6.75, 12.75], "texture": "#1"},
				"up": {"uv": [7.5, 12.5, 6.75, 12], "texture": "#1"}
			}
		},
		{
			"from": [8.975, 22, 3],
			"to": [11.975, 25, 5],
			"rotation": {"angle": -22.5, "axis": "x", "origin": [10.975, 23.5, 4.5]},
			"faces": {
				"north": {"uv": [12.75, 3.5, 12, 4.25], "texture": "#1"},
				"east": {"uv": [6.75, 12, 6.25, 12.75], "texture": "#1"},
				"south": {"uv": [5, 12, 4.25, 12.75], "texture": "#1"},
				"west": {"uv": [6.75, 12, 6.25, 12.75], "texture": "#1"},
				"up": {"uv": [6.75, 12.5, 7.5, 12], "texture": "#1"}
			}
		},
		{
			"from": [3.53553, 16, 5.12132],
			"to": [3.53553, 20, 8.12132],
			"rotation": {"angle": -45, "axis": "y", "origin": [7.53553, 20, 4.12132]},
			"faces": {
				"east": {"uv": [2.75, 12, 2, 13], "texture": "#1"},
				"west": {"uv": [2, 12, 2.75, 13], "texture": "#1"}
			}
		},
		{
			"from": [12.46447, 16, 5.12132],
			"to": [12.46447, 20, 8.12132],
			"rotation": {"angle": 45, "axis": "y", "origin": [8.46447, 20, 4.12132]},
			"faces": {
				"east": {"uv": [2.75, 12, 2, 13], "texture": "#1"},
				"west": {"uv": [2, 12, 2.75, 13], "texture": "#1"}
			}
		},
		{
			"from": [0, 10.66655, 8.25233],
			"to": [16, 26.66655, 10.25233],
			"rotation": {"angle": -45, "axis": "x", "origin": [8, 21.66655, 8.25233]},
			"faces": {
				"north": {"uv": [0, 4, 4, 8], "texture": "#1"},
				"east": {"uv": [11, 1.75, 15, 1.25], "rotation": 90, "texture": "#1"},
				"south": {"uv": [4, 4, 8, 8], "texture": "#1"},
				"west": {"uv": [11, 1.25, 15, 1.75], "rotation": 90, "texture": "#1"},
				"up": {"uv": [15, 1.75, 11, 1.25], "texture": "#1"},
				"down": {"uv": [11, 1.25, 15, 1.75], "texture": "#1"}
			}
		},
		{
			"name": "cube inverted",
			"from": [13.3, 18.2, 11],
			"to": [2.7, 16.2, 1],
			"rotation": {"angle": -22.5, "axis": "x", "origin": [8, 20, 7]},
			"faces": {
				"east": {"uv": [0, 13.5, 2.5, 13], "texture": "#1"},
				"south": {"uv": [0, 13.5, 2.5, 13], "texture": "#1"},
				"west": {"uv": [2.5, 13.5, 0, 13], "texture": "#1"}
			}
		},
		{
			"from": [2.4, 13, 0],
			"to": [4.4, 15, 5],
			"rotation": {"angle": -22.5, "axis": "y", "origin": [3.4, 13, 1.25]},
			"faces": {
				"north": {"uv": [7.5, 12, 8, 12.5], "texture": "#1"},
				"east": {"uv": [7.75, 3.25, 6.5, 3.75], "texture": "#1"},
				"south": {"uv": [12, 9.25, 12.5, 9.75], "texture": "#1"},
				"west": {"uv": [6.5, 3.25, 7.75, 3.75], "texture": "#1"},
				"up": {"uv": [9.75, 13, 9.25, 11.75], "texture": "#1"},
				"down": {"uv": [12.5, 2.25, 12, 3.5], "texture": "#1"}
			}
		},
		{
			"from": [0.9, 13, 4],
			"to": [3, 16, 10],
			"rotation": {"angle": 0, "axis": "y", "origin": [1.9, 15, 5]},
			"faces": {
				"north": {"uv": [7.5, 8.25, 8, 9], "texture": "#1"},
				"south": {"uv": [5.75, 12, 6.25, 12.75], "texture": "#1"},
				"west": {"uv": [5, 3.25, 6.5, 4], "texture": "#1"},
				"up": {"uv": [13.25, 3.75, 12.75, 2.25], "texture": "#1"},
				"down": {"uv": [8.5, 11.75, 8, 13.25], "texture": "#1"}
			}
		},
		{
			"from": [13, 13, 4],
			"to": [15.1, 16, 10],
			"rotation": {"angle": 0, "axis": "y", "origin": [14.1, 15, 5]},
			"faces": {
				"north": {"uv": [8, 8.25, 7.5, 9], "texture": "#1"},
				"east": {"uv": [6.5, 3.25, 5, 4], "texture": "#1"},
				"south": {"uv": [6.25, 12, 5.75, 12.75], "texture": "#1"},
				"up": {"uv": [12.75, 3.75, 13.25, 2.25], "texture": "#1"},
				"down": {"uv": [8, 11.75, 8.5, 13.25], "texture": "#1"}
			}
		},
		{
			"from": [11.6, 13, 0],
			"to": [13.6, 15, 5],
			"rotation": {"angle": 22.5, "axis": "y", "origin": [12.6, 13, 1.25]},
			"faces": {
				"north": {"uv": [8, 12, 7.5, 12.5], "texture": "#1"},
				"east": {"uv": [7.75, 3.25, 6.5, 3.75], "texture": "#1"},
				"south": {"uv": [12.5, 9.25, 12, 9.75], "texture": "#1"},
				"west": {"uv": [6.5, 3.25, 7.75, 3.75], "texture": "#1"},
				"up": {"uv": [9.25, 13, 9.75, 11.75], "texture": "#1"},
				"down": {"uv": [12, 2.25, 12.5, 3.5], "texture": "#1"}
			}
		},
		{
			"from": [-2, 0, 0],
			"to": [18, 5, 16],
			"rotation": {"angle": 0, "axis": "y", "origin": [0, -15, 0]},
			"faces": {
				"north": {"uv": [8, 5.25, 13, 6.5], "texture": "#1"},
				"east": {"uv": [10, 9, 6, 10.25], "texture": "#1"},
				"south": {"uv": [13, 5.25, 8, 6.5], "texture": "#1"},
				"west": {"uv": [6, 9, 10, 10.25], "texture": "#1"},
				"up": {"uv": [5, 4, 0, 0], "texture": "#1"}
			}
		},
		{
			"from": [-3, -1, -1],
			"to": [-2, 1, 17],
			"rotation": {"angle": 0, "axis": "y", "origin": [0, -16, 0]},
			"faces": {
				"north": {"uv": [7.5, 3.75, 7.75, 4], "texture": "#1"},
				"south": {"uv": [7.5, 3.75, 7.75, 4], "texture": "#1"},
				"west": {"uv": [11.25, 11, 15.75, 11.25], "texture": "#1"},
				"up": {"uv": [15.75, 11.5, 11.25, 11.25], "rotation": 90, "texture": "#1"},
				"down": {"uv": [11.25, 11.25, 15.75, 11.5], "rotation": 90, "texture": "#1"}
			}
		},
		{
			"from": [18, -1, -1],
			"to": [19, 1, 17],
			"rotation": {"angle": 0, "axis": "y", "origin": [16, -16, 0]},
			"faces": {
				"north": {"uv": [7.75, 3.75, 7.5, 4], "texture": "#1"},
				"east": {"uv": [15.75, 11, 11.25, 11.25], "texture": "#1"},
				"south": {"uv": [7.75, 3.75, 7.5, 4], "texture": "#1"},
				"up": {"uv": [15.75, 11.25, 11.25, 11.5], "rotation": 90, "texture": "#1"},
				"down": {"uv": [11.25, 11.5, 15.75, 11.25], "rotation": 90, "texture": "#1"}
			}
		},
		{
			"from": [-2, -1, -1],
			"to": [18, 1, 0],
			"rotation": {"angle": 0, "axis": "y", "origin": [7, 0.5, -0.5]},
			"faces": {
				"north": {"uv": [11, 1.75, 16, 2], "texture": "#1"},
				"up": {"uv": [16, 2.25, 11, 2], "texture": "#1"},
				"down": {"uv": [11, 2, 16, 2.25], "rotation": 180, "texture": "#1"}
			}
		},
		{
			"from": [-2, -1, 16],
			"to": [18, 1, 17],
			"rotation": {"angle": 0, "axis": "y", "origin": [7, 0.5, 16.5]},
			"faces": {
				"south": {"uv": [16, 1.75, 11, 2], "texture": "#1"},
				"up": {"uv": [16, 2, 11, 2.25], "texture": "#1"},
				"down": {"uv": [11, 2.25, 16, 2], "rotation": 180, "texture": "#1"}
			}
		}
	],
	"gui_light": "front",
	"display": {
		"thirdperson_righthand": {
			"rotation": [75, 45, 0],
			"translation": [0, 2.5, 0],
			"scale": [0.375, 0.375, 0.375]
		},
		"thirdperson_lefthand": {
			"rotation": [75, 45, 0],
			"translation": [0, 2.5, 0],
			"scale": [0.375, 0.375, 0.375]
		},
		"firstperson_righthand": {
			"rotation": [0, 45, 0],
			"translation": [2.5, 0, 0],
			"scale": [0.4, 0.4, 0.4]
		},
		"firstperson_lefthand": {
			"rotation": [0, 45, 0],
			"translation": [2.5, 0, 0],
			"scale": [0.4, 0.4, 0.4]
		},
		"ground": {
			"translation": [0, 2, 0],
			"scale": [0.5, 0.5, 0.5]
		},
		"gui": {
			"rotation": [33, 135, 0],
			"translation": [-0.75, -1, 0],
			"scale": [0.45, 0.45, 0.45]
		},
		"head": {
			"translation": [0, -6, 0],
			"scale": [1.5, 1.5, 1.5]
		},
		"fixed": {
			"rotation": [-90, 0, 0],
			"translation": [0, 0, -16],
			"scale": [2, 2, 2]
		}
	},
	"groups": [
		0,
		1,
		2,
		3,
		4,
		5,
		6,
		7,
		8,
		{
			"name": "group",
			"origin": [10.975, 40.5, 6.5],
			"color": 0,
			"nbt": "{}",
			"armAnimationEnabled": false,
			"children": [9, 10, 11, 12, 13, 14, 15, 16, 17, 18, 19, 20, 21]
		},
		{
			"name": "group",
			"origin": [2, 31, 5],
			"color": 0,
			"nbt": "{}",
			"armAnimationEnabled": false,
			"children": [22, 23, 24, 25]
		},
		{
			"name": "group",
			"origin": [0, 0, 0],
			"color": 0,
			"nbt": "{}",
			"armAnimationEnabled": false,
			"children": [26, 27, 28, 29, 30]
		}
	]
}