{
	"credit": "Copyright © 2021-2099 Ikaho-Onsen Minecraft Server. All rights reserved.",
	"textures": {
		"0": "minecraft:item/beard",
		"particle": "minecraft:item/beard"
	},
	"elements": [
		{
			"from": [8.35, 6.85, 7.5],
			"to": [9.05, 9.15, 7.8],
			"rotation": {"angle": 0, "axis": "y", "origin": [7.35, 7.85, 7.5]},
			"faces": {
				"north": {"uv": [0, 0, 0.7, 2.3], "texture": "#0"},
				"east": {"uv": [0, 0, 0.3, 2.3], "texture": "#0"},
				"south": {"uv": [0, 0, 0.7, 2.3], "texture": "#0"},
				"west": {"uv": [0, 0, 0.3, 2.3], "texture": "#0"},
				"up": {"uv": [0, 0, 0.7, 0.3], "texture": "#0"},
				"down": {"uv": [0, 0, 0.7, 0.3], "texture": "#0"}
			}
		},
		{
			"from": [7.65, 7.15, 7.5],
			"to": [8.35, 8.85, 7.8],
			"rotation": {"angle": 0, "axis": "y", "origin": [7.35, 7.85, 7.5]},
			"faces": {
				"north": {"uv": [0, 0, 0.7, 1.7], "texture": "#0"},
				"east": {"uv": [0, 0, 0.3, 1.7], "texture": "#0"},
				"south": {"uv": [0, 0, 0.7, 1.7], "texture": "#0"},
				"west": {"uv": [0, 0, 0.3, 1.7], "texture": "#0"},
				"up": {"uv": [0, 0, 0.7, 0.3], "texture": "#0"},
				"down": {"uv": [0, 0, 0.7, 0.3], "texture": "#0"}
			}
		},
		{
			"from": [6.95, 6.85, 7.5],
			"to": [7.65, 9.15, 7.8],
			"rotation": {"angle": 0, "axis": "y", "origin": [7.35, 7.85, 7.5]},
			"faces": {
				"north": {"uv": [0, 0, 0.7, 2.3], "texture": "#0"},
				"east": {"uv": [0, 0, 0.3, 2.3], "texture": "#0"},
				"south": {"uv": [0, 0, 0.7, 2.3], "texture": "#0"},
				"west": {"uv": [0, 0, 0.3, 2.3], "texture": "#0"},
				"up": {"uv": [0, 0, 0.7, 0.3], "texture": "#0"},
				"down": {"uv": [0, 0, 0.7, 0.3], "texture": "#0"}
			}
		},
		{
			"from": [6.25, 6.35, 7.5],
			"to": [6.95, 9.55, 7.8],
			"rotation": {"angle": 0, "axis": "y", "origin": [7.35, 7.85, 7.5]},
			"faces": {
				"north": {"uv": [0, 0, 0.7, 3.2], "texture": "#0"},
				"east": {"uv": [0, 0, 0.3, 3.2], "texture": "#0"},
				"south": {"uv": [0, 0, 0.7, 3.2], "texture": "#0"},
				"west": {"uv": [0, 0, 0.3, 3.2], "texture": "#0"},
				"up": {"uv": [0, 0, 0.7, 0.3], "texture": "#0"},
				"down": {"uv": [0, 0, 0.7, 0.3], "texture": "#0"}
			}
		},
		{
			"from": [9.05, 6.35, 7.5],
			"to": [9.75, 9.55, 7.8],
			"rotation": {"angle": 0, "axis": "y", "origin": [7.35, 7.85, 7.5]},
			"faces": {
				"north": {"uv": [0, 0, 0.7, 3.2], "texture": "#0"},
				"east": {"uv": [0, 0, 0.3, 3.2], "texture": "#0"},
				"south": {"uv": [0, 0, 0.7, 3.2], "texture": "#0"},
				"west": {"uv": [0, 0, 0.3, 3.2], "texture": "#0"},
				"up": {"uv": [0, 0, 0.7, 0.3], "texture": "#0"},
				"down": {"uv": [0, 0, 0.7, 0.3], "texture": "#0"}
			}
		},
		{
			"from": [5.55, 6.05, 7.5],
			"to": [6.25, 9.25, 7.8],
			"rotation": {"angle": 0, "axis": "y", "origin": [7.35, 7.85, 7.5]},
			"faces": {
				"north": {"uv": [0, 0, 0.7, 3.2], "texture": "#0"},
				"east": {"uv": [0, 0, 0.3, 3.2], "texture": "#0"},
				"south": {"uv": [0, 0, 0.7, 3.2], "texture": "#0"},
				"west": {"uv": [0, 0, 0.3, 3.2], "texture": "#0"},
				"up": {"uv": [0, 0, 0.7, 0.3], "texture": "#0"},
				"down": {"uv": [0, 0, 0.7, 0.3], "texture": "#0"}
			}
		},
		{
			"from": [9.75, 6.05, 7.5],
			"to": [10.45, 9.25, 7.8],
			"rotation": {"angle": 0, "axis": "y", "origin": [7.35, 7.85, 7.5]},
			"faces": {
				"north": {"uv": [0, 0, 0.7, 3.2], "texture": "#0"},
				"east": {"uv": [0, 0, 0.3, 3.2], "texture": "#0"},
				"south": {"uv": [0, 0, 0.7, 3.2], "texture": "#0"},
				"west": {"uv": [0, 0, 0.3, 3.2], "texture": "#0"},
				"up": {"uv": [0, 0, 0.7, 0.3], "texture": "#0"},
				"down": {"uv": [0, 0, 0.7, 0.3], "texture": "#0"}
			}
		},
		{
			"from": [4.85, 5.55, 7.5],
			"to": [5.55, 8.75, 7.8],
			"rotation": {"angle": 0, "axis": "y", "origin": [7.35, 7.85, 7.5]},
			"faces": {
				"north": {"uv": [0, 0, 0.7, 3.2], "texture": "#0"},
				"east": {"uv": [0, 0, 0.3, 3.2], "texture": "#0"},
				"south": {"uv": [0, 0, 0.7, 3.2], "texture": "#0"},
				"west": {"uv": [0, 0, 0.3, 3.2], "texture": "#0"},
				"up": {"uv": [0, 0, 0.7, 0.3], "texture": "#0"},
				"down": {"uv": [0, 0, 0.7, 0.3], "texture": "#0"}
			}
		},
		{
			"from": [10.45, 5.55, 7.5],
			"to": [11.15, 8.75, 7.8],
			"rotation": {"angle": 0, "axis": "y", "origin": [7.35, 7.85, 7.5]},
			"faces": {
				"north": {"uv": [0, 0, 0.7, 3.2], "texture": "#0"},
				"east": {"uv": [0, 0, 0.3, 3.2], "texture": "#0"},
				"south": {"uv": [0, 0, 0.7, 3.2], "texture": "#0"},
				"west": {"uv": [0, 0, 0.3, 3.2], "texture": "#0"},
				"up": {"uv": [0, 0, 0.7, 0.3], "texture": "#0"},
				"down": {"uv": [0, 0, 0.7, 0.3], "texture": "#0"}
			}
		},
		{
			"from": [11.15, 5.85, 7.5],
			"to": [11.85, 8.35, 7.8],
			"rotation": {"angle": 0, "axis": "y", "origin": [7.35, 7.85, 7.5]},
			"faces": {
				"north": {"uv": [0, 0, 0.7, 2.5], "texture": "#0"},
				"east": {"uv": [0, 0, 0.3, 2.5], "texture": "#0"},
				"south": {"uv": [0, 0, 0.7, 2.5], "texture": "#0"},
				"west": {"uv": [0, 0, 0.3, 2.5], "texture": "#0"},
				"up": {"uv": [0, 0, 0.7, 0.3], "texture": "#0"},
				"down": {"uv": [0, 0, 0.7, 0.3], "texture": "#0"}
			}
		},
		{
			"from": [4.15, 5.85, 7.5],
			"to": [4.85, 8.35, 7.8],
			"rotation": {"angle": 0, "axis": "y", "origin": [7.35, 7.85, 7.5]},
			"faces": {
				"north": {"uv": [0, 0, 0.7, 2.5], "texture": "#0"},
				"east": {"uv": [0, 0, 0.3, 2.5], "texture": "#0"},
				"south": {"uv": [0, 0, 0.7, 2.5], "texture": "#0"},
				"west": {"uv": [0, 0, 0.3, 2.5], "texture": "#0"},
				"up": {"uv": [0, 0, 0.7, 0.3], "texture": "#0"},
				"down": {"uv": [0, 0, 0.7, 0.3], "texture": "#0"}
			}
		},
		{
			"from": [3.45, 6.15, 7.5],
			"to": [4.15, 7.95, 7.8],
			"rotation": {"angle": 0, "axis": "y", "origin": [7.35, 7.85, 7.5]},
			"faces": {
				"north": {"uv": [0, 0, 0.7, 1.8], "texture": "#0"},
				"east": {"uv": [0, 0, 0.3, 1.8], "texture": "#0"},
				"south": {"uv": [0, 0, 0.7, 1.8], "texture": "#0"},
				"west": {"uv": [0, 0, 0.3, 1.8], "texture": "#0"},
				"up": {"uv": [0, 0, 0.7, 0.3], "texture": "#0"},
				"down": {"uv": [0, 0, 0.7, 0.3], "texture": "#0"}
			}
		},
		{
			"from": [11.85, 6.15, 7.5],
			"to": [12.55, 7.95, 7.8],
			"rotation": {"angle": 0, "axis": "y", "origin": [7.35, 7.85, 7.5]},
			"faces": {
				"north": {"uv": [0, 0, 0.7, 1.8], "texture": "#0"},
				"east": {"uv": [0, 0, 0.3, 1.8], "texture": "#0"},
				"south": {"uv": [0, 0, 0.7, 1.8], "texture": "#0"},
				"west": {"uv": [0, 0, 0.3, 1.8], "texture": "#0"},
				"up": {"uv": [0, 0, 0.7, 0.3], "texture": "#0"},
				"down": {"uv": [0, 0, 0.7, 0.3], "texture": "#0"}
			}
		},
		{
			"from": [12.55, 6.65, 7.5],
			"to": [13.25, 8.45, 7.8],
			"rotation": {"angle": 0, "axis": "y", "origin": [7.35, 7.85, 7.5]},
			"faces": {
				"north": {"uv": [0, 0, 0.7, 1.8], "texture": "#0"},
				"east": {"uv": [0, 0, 0.3, 1.8], "texture": "#0"},
				"south": {"uv": [0, 0, 0.7, 1.8], "texture": "#0"},
				"west": {"uv": [0, 0, 0.3, 1.8], "texture": "#0"},
				"up": {"uv": [0, 0, 0.7, 0.3], "texture": "#0"},
				"down": {"uv": [0, 0, 0.7, 0.3], "texture": "#0"}
			}
		},
		{
			"from": [2.75, 6.65, 7.5],
			"to": [3.45, 8.45, 7.8],
			"rotation": {"angle": 0, "axis": "y", "origin": [7.35, 7.85, 7.5]},
			"faces": {
				"north": {"uv": [0, 0, 0.7, 1.8], "texture": "#0"},
				"east": {"uv": [0, 0, 0.3, 1.8], "texture": "#0"},
				"south": {"uv": [0, 0, 0.7, 1.8], "texture": "#0"},
				"west": {"uv": [0, 0, 0.3, 1.8], "texture": "#0"},
				"up": {"uv": [0, 0, 0.7, 0.3], "texture": "#0"},
				"down": {"uv": [0, 0, 0.7, 0.3], "texture": "#0"}
			}
		}
	],
	"display": {
		"thirdperson_righthand": {
			"scale": [0.5, 0.5, 0.5]
		},
		"thirdperson_lefthand": {
			"scale": [0.5, 0.5, 0.5]
		},
		"ground": {
			"rotation": [52, 0, 0]
		},
		"head": {
			"translation": [0, -5.25, -6.5],
			"scale": [0.5, 0.5, 0.5]
		},
		"fixed": {
			"translation": [0, -6, 0]
		}
	},
	"groups": [
		{
			"name": "group",
			"origin": [8, 8, 8],
			"color": 0,
			"children": [0, 1, 2, 3, 4, 5, 6, 7, 8, 9, 10, 11, 12, 13, 14]
		}
	]
}