{
	"credit": "Copyright © 2021-2099 Ikaho-Onsen Minecraft Server. All rights reserved.",
	"textures": {
		"0": "minecraft:item/wood",
		"particle": "minecraft:item/wood"
	},
	"elements": [
		{
			"from": [6.2, 13.8, 6.2],
			"to": [9.8, 28.6, 9.8],
			"rotation": {"angle": 0, "axis": "y", "origin": [6.2, 0, 6.2]},
			"faces": {
				"north": {"uv": [10, 1.16667, 13.6, 15.8], "texture": "#0"},
				"east": {"uv": [6.4, 0, 10, 14.8], "texture": "#0"},
				"south": {"uv": [10, 1.2, 13.6, 16], "texture": "#0"},
				"west": {"uv": [3, 1.2, 6.6, 16], "texture": "#0"},
				"up": {"uv": [0, 0, 3.6, 3.6], "texture": "#0"},
				"down": {"uv": [9, 9, 12.6, 12.6], "texture": "#0"}
			}
		},
		{
			"from": [7.25, 4.8, 7.25],
			"to": [8.75, 10.1, 8.75],
			"rotation": {"angle": 0, "axis": "y", "origin": [7.25, 0, 7.25]},
			"faces": {
				"north": {"uv": [15.5, 15.36667, 16, 16], "texture": "#0"},
				"east": {"uv": [15.66667, 15.36667, 16, 16], "texture": "#0"},
				"south": {"uv": [15.5, 15.36667, 16, 16], "texture": "#0"},
				"west": {"uv": [15.5, 15.36667, 16, 16], "texture": "#0"},
				"up": {"uv": [0, 0, 1.5, 1.5], "texture": "#0"},
				"down": {"uv": [9, 9, 10.5, 10.5], "texture": "#0"}
			}
		},
		{
			"from": [6.5, 3.1, 6.5],
			"to": [9.5, 4.8, 9.5],
			"rotation": {"angle": 0, "axis": "y", "origin": [6.5, 0, 6.5]},
			"faces": {
				"north": {"uv": [9, 7, 12, 8.7], "texture": "#0"},
				"east": {"uv": [7.4, 6.2, 10.4, 7.9], "texture": "#0"},
				"south": {"uv": [9, 7.2, 12, 8.9], "texture": "#0"},
				"west": {"uv": [9, 6.2, 12, 7.9], "texture": "#0"},
				"up": {"uv": [9, 6, 12, 9], "texture": "#0"},
				"down": {"uv": [9, 6, 12, 9], "texture": "#0"}
			}
		},
		{
			"from": [7, 30.2, 7],
			"to": [9, 31.1, 9],
			"rotation": {"angle": 0, "axis": "y", "origin": [7, 0, 7]},
			"faces": {
				"north": {"uv": [4, 1, 6, 1.9], "texture": "#0"},
				"east": {"uv": [12.4, 1.2, 14.4, 2.1], "texture": "#0"},
				"south": {"uv": [10, 1.2, 12, 2.1], "texture": "#0"},
				"west": {"uv": [7, 1.2, 9, 2.1], "texture": "#0"},
				"up": {"uv": [0, 0, 2, 2], "texture": "#0"},
				"down": {"uv": [9, 9, 11, 11], "texture": "#0"}
			}
		},
		{
			"from": [6.5, 12.5, 6.5],
			"to": [9.5, 13.8, 9.5],
			"rotation": {"angle": 0, "axis": "y", "origin": [6.5, 0, 6.5]},
			"faces": {
				"north": {"uv": [10, 6, 13, 7.3], "texture": "#0"},
				"east": {"uv": [9.4, 7.2, 12.4, 8.5], "texture": "#0"},
				"south": {"uv": [10, 6.2, 13, 7.5], "texture": "#0"},
				"west": {"uv": [10, 6.2, 13, 7.5], "texture": "#0"},
				"up": {"uv": [0, 0, 3, 3], "texture": "#0"},
				"down": {"uv": [9, 9, 12, 12], "texture": "#0"}
			}
		},
		{
			"from": [6.75, 11.2, 6.75],
			"to": [9.25, 12.5, 9.25],
			"rotation": {"angle": 0, "axis": "y", "origin": [6.75, 0, 6.75]},
			"faces": {
				"north": {"uv": [9, 7, 11.5, 8.3], "texture": "#0"},
				"east": {"uv": [9.4, 6.2, 11.9, 7.5], "texture": "#0"},
				"south": {"uv": [10, 7.2, 12.5, 8.5], "texture": "#0"},
				"west": {"uv": [9, 7.2, 11.5, 8.5], "texture": "#0"},
				"up": {"uv": [0, 0, 2.5, 2.5], "texture": "#0"},
				"down": {"uv": [9, 9, 11.5, 11.5], "texture": "#0"}
			}
		},
		{
			"from": [6.85, 10.1, 6.85],
			"to": [9.15, 11.2, 9.15],
			"rotation": {"angle": 0, "axis": "y", "origin": [6.85, 0, 6.85]},
			"faces": {
				"north": {"uv": [9, 9, 11.3, 10.1], "texture": "#0"},
				"east": {"uv": [9.4, 9.2, 11.7, 10.3], "texture": "#0"},
				"south": {"uv": [9, 9.2, 11.3, 10.3], "texture": "#0"},
				"west": {"uv": [10, 10.2, 12.3, 11.3], "texture": "#0"},
				"up": {"uv": [10, 10, 12.3, 11.3], "texture": "#0"},
				"down": {"uv": [9, 9, 11.3, 11.3], "texture": "#0"}
			}
		},
		{
			"from": [6.5, 28.6, 6.5],
			"to": [9.5, 30.2, 9.5],
			"rotation": {"angle": 0, "axis": "y", "origin": [6.5, 0, 6.5]},
			"faces": {
				"north": {"uv": [4, 1, 7, 2.6], "texture": "#0"},
				"east": {"uv": [12.4, 1.2, 15.4, 2.8], "texture": "#0"},
				"south": {"uv": [10, 1.2, 13, 2.8], "texture": "#0"},
				"west": {"uv": [7, 1.2, 10, 2.8], "texture": "#0"},
				"up": {"uv": [0, 0, 3, 3], "texture": "#0"},
				"down": {"uv": [9, 9, 12, 12], "texture": "#0"}
			}
		}
	],
	"display": {
		"thirdperson_righthand": {
			"translation": [0, -1.5, 0]
		},
		"thirdperson_lefthand": {
			"translation": [0, -1.75, 0]
		},
		"firstperson_righthand": {
			"translation": [3.25, -2.75, 0]
		},
		"firstperson_lefthand": {
			"translation": [3.25, 0, 0]
		},
		"ground": {
			"rotation": [-84, 0, 0],
			"translation": [-2, -0.5, 8.25]
		},
		"gui": {
			"rotation": [0, 0, 47],
			"translation": [6, -5.25, 0]
		},
		"head": {
			"rotation": [0, 0, -51],
			"translation": [-15, 0.5, -0.75]
		},
		"fixed": {
			"rotation": [0, 9, -41],
			"translation": [-5.5, -6.25, 0]
		}
	},
	"groups": [
		{
			"name": "group",
			"origin": [8, 8, 8],
			"color": 0,
			"children": [0, 1, 2, 3, 4, 5, 6, 7]
		}
	]
}