{
 "parent": "item/generated",
 "textures": {
  "layer0": "minecraft:item/nautilus_shell"
 },
 "overrides": [
	{"predicate": {"custom_model_data": 70},"model": "minecraft:item/tdqgdjrqtshbxnbbyrqmktnecuuysenh"},
	{"predicate": {"custom_model_data": 71},"model": "minecraft:item/wimbtbvablfaxpalmeyvwsoilgkmapun"},
	{"predicate": {"custom_model_data": 72},"model": "minecraft:item/hjkzdchfpwtehwtynsoeynofqkzykvhe"},
	{"predicate": {"custom_model_data": 73},"model": "minecraft:item/chmmjedznlasuwvgnsazwzwezssvmtvw"},
	{"predicate": {"custom_model_data": 74},"model": "minecraft:item/jgxbogdznpywbzokdvtkarmmumnltplt"},
	{"predicate": {"custom_model_data": 75},"model": "minecraft:item/lfqhbshdssswxmoyidsyoxcflfzpgdce"},
	{"predicate": {"custom_model_data": 76},"model": "minecraft:item/dnrswahspxmhdxkpndiodnxptrhcvsdv"},
	{"predicate": {"custom_model_data": 77},"model": "minecraft:item/rgaomuomlkgphovibetuclxutvtsezmw"},
	{"predicate": {"custom_model_data": 78},"model": "minecraft:item/afpuqshetygwwkbfbecfsxjhojfgmdnj"},
	{"predicate": {"custom_model_data": 79},"model": "minecraft:item/qqpkuztcfqiutdgwjochvkrloecaejwh"},
	{"predicate": {"custom_model_data": 80},"model": "minecraft:item/faafgbcfmppatjmgtkhctpijviimyqug"},
	{"predicate": {"custom_model_data": 81},"model": "minecraft:item/vzknfmddvupsomshitwudqbtxzvczokv"},
	{"predicate": {"custom_model_data": 82},"model": "minecraft:item/jtxilxmsjukfxdafmlfxoqmooazpmnmd"},
	{"predicate": {"custom_model_data": 83},"model": "minecraft:item/brpmtqyqceaeyqjsuaodxnueaiphpjln"},
	{"predicate": {"custom_model_data": 84},"model": "minecraft:item/kvzndfbjvxiuxzitcsygjxupnzzsewmp"},
	{"predicate": {"custom_model_data": 85},"model": "minecraft:item/ejsivhekndvixsbjgchljldcudepftai"},
	{"predicate": {"custom_model_data": 86},"model": "minecraft:item/znvixvkpvezyhmutrowozjtzdjtyixit"},
	{"predicate": {"custom_model_data": 87},"model": "minecraft:item/qivrwjazxsspujgqklxcocupnmmmpxrq"},
	{"predicate": {"custom_model_data": 88},"model": "minecraft:item/gkhbuugpleamjzobjxozlmkubenikpgl"},
	{"predicate": {"custom_model_data": 89},"model": "minecraft:item/ewqkeaxqztbmyfhywsauexgipeuxxbvo"},
	{"predicate": {"custom_model_data": 90},"model": "minecraft:item/nvgavntamchysxroeoahrurvttlylwix"},
	{"predicate": {"custom_model_data": 91},"model": "minecraft:item/osqxgfqadsarkclptekdbluqabwdjnwn"},
	{"predicate": {"custom_model_data": 92},"model": "minecraft:item/vhchvnldihbhzghahozuebijheroybtu"},
	{"predicate": {"custom_model_data": 93},"model": "minecraft:item/bmjqtapibqstntftkcxvyxvhhhesufgj"},
	{"predicate": {"custom_model_data": 94},"model": "minecraft:item/rvunwrnmjnbalwtycqwhpxhewttqhkya"},
	{"predicate": {"custom_model_data": 95},"model": "minecraft:item/izlfaevbhyigswmgzcvmejvjwazikhve"},
	{"predicate": {"custom_model_data": 96},"model": "minecraft:item/slxafozzuotxrdxomtzwmcseqgnipjnw"},
	{"predicate": {"custom_model_data": 97},"model": "minecraft:item/vsuhsghzbnkkxwmrgpwldkqhvopticte"},

	{"predicate": {"custom_model_data": 207},"model": "minecraft:item/hjvhglocewexlmgmvvmaerhzjxtbytfo"},

 	 { "predicate": {"custom_model_data": 208}, "model": "item/qqcvweplhasbyfvblhcotsedltcykjbl"},
 	 { "predicate": {"custom_model_data": 209}, "model": "item/gwwkkyuedtzpxmnzguvclfjvtlscxmdg"},
 	 { "predicate": {"custom_model_data": 210}, "model": "item/homcvelmpnawhjqgnkgueljkhwnkrupd"},
 	 { "predicate": {"custom_model_data": 211}, "model": "item/upxmtsdiytbztlupozrukjycqjnotlcn"},
 	 { "predicate": {"custom_model_data": 212}, "model": "item/zyzrufhvtwrkvzqzcczusbrtbtfthshv"},
 	 { "predicate": {"custom_model_data": 213}, "model": "item/ghlafqqzqhkmetlmtksayxcsvbragbmt"},
 	 { "predicate": {"custom_model_data": 214}, "model": "item/ujsttujkmqfocvmidcrkggbgrwmjiltt"},
 	 { "predicate": {"custom_model_data": 215}, "model": "item/jgofrjynxivgfsaftmmusdywtlcocxxr"},
 	 { "predicate": {"custom_model_data": 216}, "model": "item/gygxdevzymprrwhxngmywnuhpxqujbbt"},
 	 { "predicate": {"custom_model_data": 217}, "model": "item/lgrhvqtgztgliduakmzdxlzhmnnxvnis"},
 	 { "predicate": {"custom_model_data": 218}, "model": "item/hydhrkznxxomhyxddgooquuzxnrsdtvi"},
 	 { "predicate": {"custom_model_data": 219}, "model": "item/azuobheuocghqdvamhwofypjozwpuzuz"},
 	 { "predicate": {"custom_model_data": 220}, "model": "item/akdreqwhlxglnolgobmhqdxbczihtqyu"},
 	 { "predicate": {"custom_model_data": 221}, "model": "item/wwwqmqdbrggglrtdlyawvhhgvarcypmp"},


  	{ "predicate": {"custom_model_data": 334}, "model": "item/zbepnwqmqdxgsaumbviygqntwyxaawkj"},
  	{ "predicate": {"custom_model_data": 335}, "model": "item/oacxglkddntrxdycpvmizcosjyijulsr"},

  	{ "predicate": {"custom_model_data": 351}, "model": "item/vojznisexkgjljywkhfcgqoovxrioqud"}
 ]
}