{
	"credit": "Copyright © 2021-2099 Ikaho-Onsen Minecraft Server. All rights reserved.",
	"textures": {
		"0": "minecraft:item/rluo2",
		"particle": "minecraft:item/rluo2"
	},
	"elements": [
		{
			"from": [6, 0, 6],
			"to": [10, 1, 10],
			"faces": {
				"north": {"uv": [0, 0, 4, 1], "texture": "#0"},
				"east": {"uv": [0, 0, 4, 1], "texture": "#0"},
				"south": {"uv": [0, 0, 4, 1], "texture": "#0"},
				"west": {"uv": [0, 0, 4, 1], "texture": "#0"},
				"up": {"uv": [0, 0, 4, 4], "texture": "#0"},
				"down": {"uv": [0, 0, 4, 4], "texture": "#0"}
			}
		},
		{
			"from": [5, 1, 6],
			"to": [11, 8, 10],
			"faces": {
				"north": {"uv": [0, 0, 6, 7], "texture": "#0"},
				"east": {"uv": [0, 0, 4, 7], "texture": "#0"},
				"south": {"uv": [0, 0, 6, 7], "texture": "#0"},
				"west": {"uv": [0, 0, 4, 7], "texture": "#0"},
				"up": {"uv": [0, 0, 6, 4], "texture": "#0"},
				"down": {"uv": [0, 0, 6, 4], "texture": "#0"}
			}
		},
		{
			"from": [5, 0, 7],
			"to": [11, 1, 9],
			"faces": {
				"north": {"uv": [0, 0, 6, 1], "texture": "#0"},
				"east": {"uv": [0, 0, 2, 1], "texture": "#0"},
				"south": {"uv": [0, 0, 6, 1], "texture": "#0"},
				"west": {"uv": [0, 0, 2, 1], "texture": "#0"},
				"up": {"uv": [0, 0, 6, 2], "texture": "#0"},
				"down": {"uv": [0, 0, 6, 2], "texture": "#0"}
			}
		},
		{
			"from": [4, 1, 7],
			"to": [12, 8, 9],
			"faces": {
				"north": {"uv": [0, 0, 8, 7], "texture": "#0"},
				"east": {"uv": [0, 0, 2, 7], "texture": "#0"},
				"south": {"uv": [0, 0, 8, 7], "texture": "#0"},
				"west": {"uv": [0, 0, 2, 7], "texture": "#0"},
				"up": {"uv": [0, 0, 8, 2], "texture": "#0"},
				"down": {"uv": [0, 0, 8, 2], "texture": "#0"}
			}
		},
		{
			"from": [5, 8, 7],
			"to": [11, 9, 9],
			"faces": {
				"north": {"uv": [0, 0, 6, 1], "texture": "#0"},
				"east": {"uv": [0, 0, 2, 1], "texture": "#0"},
				"south": {"uv": [0, 0, 6, 1], "texture": "#0"},
				"west": {"uv": [0, 0, 2, 1], "texture": "#0"},
				"up": {"uv": [0, 0, 6, 2], "texture": "#0"},
				"down": {"uv": [0, 0, 6, 2], "texture": "#0"}
			}
		},
		{
			"from": [6, 8, 6],
			"to": [10, 9, 10],
			"faces": {
				"north": {"uv": [0, 0, 4, 1], "texture": "#0"},
				"east": {"uv": [0, 0, 4, 1], "texture": "#0"},
				"south": {"uv": [0, 0, 4, 1], "texture": "#0"},
				"west": {"uv": [0, 0, 4, 1], "texture": "#0"},
				"up": {"uv": [0, 0, 4, 4], "texture": "#0"},
				"down": {"uv": [0, 0, 4, 4], "texture": "#0"}
			}
		},
		{
			"from": [7, 1, 10],
			"to": [9, 8, 11],
			"faces": {
				"north": {"uv": [0, 0, 2, 7], "texture": "#0"},
				"east": {"uv": [0, 0, 1, 7], "texture": "#0"},
				"south": {"uv": [0, 0, 2, 7], "texture": "#0"},
				"west": {"uv": [0, 0, 1, 7], "texture": "#0"},
				"up": {"uv": [0, 0, 2, 1], "texture": "#0"},
				"down": {"uv": [0, 0, 2, 1], "texture": "#0"}
			}
		},
		{
			"from": [6, 2, 10],
			"to": [10, 7, 11],
			"faces": {
				"north": {"uv": [0, 0, 4, 5], "texture": "#0"},
				"east": {"uv": [0, 0, 1, 5], "texture": "#0"},
				"south": {"uv": [0, 0, 4, 5], "texture": "#0"},
				"west": {"uv": [0, 0, 1, 5], "texture": "#0"},
				"up": {"uv": [0, 0, 4, 1], "texture": "#0"},
				"down": {"uv": [0, 0, 4, 1], "texture": "#0"}
			}
		},
		{
			"from": [6, 2, 5],
			"to": [10, 7, 6],
			"faces": {
				"north": {"uv": [0, 0, 4, 5], "texture": "#0"},
				"east": {"uv": [0, 0, 1, 5], "texture": "#0"},
				"south": {"uv": [0, 0, 4, 5], "texture": "#0"},
				"west": {"uv": [0, 0, 1, 5], "texture": "#0"},
				"up": {"uv": [0, 0, 4, 1], "texture": "#0"},
				"down": {"uv": [0, 0, 4, 1], "texture": "#0"}
			}
		},
		{
			"from": [7, 1, 5],
			"to": [9, 8, 6],
			"faces": {
				"north": {"uv": [0, 0, 2, 7], "texture": "#0"},
				"east": {"uv": [0, 0, 1, 7], "texture": "#0"},
				"south": {"uv": [0, 0, 2, 7], "texture": "#0"},
				"west": {"uv": [0, 0, 1, 7], "texture": "#0"},
				"up": {"uv": [0, 0, 2, 1], "texture": "#0"},
				"down": {"uv": [0, 0, 2, 1], "texture": "#0"}
			}
		},
		{
			"from": [6, 9, 5],
			"to": [10, 10, 11],
			"faces": {
				"north": {"uv": [0, 0, 4, 1], "texture": "#0"},
				"east": {"uv": [0, 0, 6, 1], "texture": "#0"},
				"south": {"uv": [0, 0, 4, 1], "texture": "#0"},
				"west": {"uv": [0, 0, 6, 1], "texture": "#0"},
				"up": {"uv": [0, 0, 4, 6], "texture": "#0"},
				"down": {"uv": [0, 0, 4, 6], "texture": "#0"}
			}
		},
		{
			"from": [4, 9, 6],
			"to": [12, 10, 10],
			"faces": {
				"north": {"uv": [0, 0, 8, 1], "texture": "#0"},
				"east": {"uv": [0, 0, 4, 1], "texture": "#0"},
				"south": {"uv": [0, 0, 8, 1], "texture": "#0"},
				"west": {"uv": [0, 0, 4, 1], "texture": "#0"},
				"up": {"uv": [0, 0, 8, 4], "texture": "#0"},
				"down": {"uv": [0, 0, 8, 4], "texture": "#0"}
			}
		},
		{
			"from": [4, 10, 6],
			"to": [12, 14, 10],
			"faces": {
				"north": {"uv": [0, 0, 8, 4], "texture": "#0"},
				"east": {"uv": [0, 0, 4, 4], "texture": "#0"},
				"south": {"uv": [0, 0, 8, 4], "texture": "#0"},
				"west": {"uv": [0, 0, 4, 4], "texture": "#0"},
				"up": {"uv": [0, 0, 8, 4], "texture": "#0"},
				"down": {"uv": [0, 0, 8, 4], "texture": "#0"}
			}
		},
		{
			"from": [5, 10, 5],
			"to": [11, 14, 6],
			"faces": {
				"north": {"uv": [0, 0, 6, 4], "texture": "#0"},
				"east": {"uv": [0, 0, 1, 4], "texture": "#0"},
				"south": {"uv": [0, 0, 6, 4], "texture": "#0"},
				"west": {"uv": [0, 0, 1, 4], "texture": "#0"},
				"up": {"uv": [0, 0, 6, 1], "texture": "#0"},
				"down": {"uv": [0, 0, 6, 1], "texture": "#0"}
			}
		},
		{
			"from": [5, 10, 10],
			"to": [11, 14, 11],
			"faces": {
				"north": {"uv": [0, 0, 6, 4], "texture": "#0"},
				"east": {"uv": [0, 0, 1, 4], "texture": "#0"},
				"south": {"uv": [0, 0, 6, 4], "texture": "#0"},
				"west": {"uv": [0, 0, 1, 4], "texture": "#0"},
				"up": {"uv": [0, 0, 6, 1], "texture": "#0"},
				"down": {"uv": [0, 0, 6, 1], "texture": "#0"}
			}
		},
		{
			"from": [4, 14, 6],
			"to": [12, 15, 10],
			"faces": {
				"north": {"uv": [0, 0, 8, 1], "texture": "#0"},
				"east": {"uv": [0, 0, 4, 1], "texture": "#0"},
				"south": {"uv": [0, 0, 8, 1], "texture": "#0"},
				"west": {"uv": [0, 0, 4, 1], "texture": "#0"},
				"up": {"uv": [0, 0, 8, 4], "texture": "#0"},
				"down": {"uv": [0, 0, 8, 4], "texture": "#0"}
			}
		},
		{
			"from": [6, 14, 5],
			"to": [10, 15, 11],
			"faces": {
				"north": {"uv": [0, 0, 4, 1], "texture": "#0"},
				"east": {"uv": [0, 0, 6, 1], "texture": "#0"},
				"south": {"uv": [0, 0, 4, 1], "texture": "#0"},
				"west": {"uv": [0, 0, 6, 1], "texture": "#0"},
				"up": {"uv": [0, 0, 4, 6], "texture": "#0"},
				"down": {"uv": [0, 0, 4, 6], "texture": "#0"}
			}
		},
		{
			"from": [6, 15, 6],
			"to": [10, 16, 10],
			"faces": {
				"north": {"uv": [0, 0, 4, 1], "texture": "#0"},
				"east": {"uv": [0, 0, 4, 1], "texture": "#0"},
				"south": {"uv": [0, 0, 4, 1], "texture": "#0"},
				"west": {"uv": [0, 0, 4, 1], "texture": "#0"},
				"up": {"uv": [0, 0, 4, 4], "texture": "#0"},
				"down": {"uv": [0, 0, 4, 4], "texture": "#0"}
			}
		},
		{
			"from": [5, 15, 7],
			"to": [11, 16, 9],
			"faces": {
				"north": {"uv": [0, 0, 6, 1], "texture": "#0"},
				"east": {"uv": [0, 0, 2, 1], "texture": "#0"},
				"south": {"uv": [0, 0, 6, 1], "texture": "#0"},
				"west": {"uv": [0, 0, 2, 1], "texture": "#0"},
				"up": {"uv": [0, 0, 6, 2], "texture": "#0"},
				"down": {"uv": [0, 0, 6, 2], "texture": "#0"}
			}
		},
		{
			"from": [11, 16, 7.5],
			"to": [15, 18, 8.5],
			"faces": {
				"north": {"uv": [0, 0, 4, 2], "texture": "#0"},
				"east": {"uv": [0, 0, 1, 2], "texture": "#0"},
				"south": {"uv": [0, 0, 4, 2], "texture": "#0"},
				"west": {"uv": [0, 0, 1, 2], "texture": "#0"},
				"up": {"uv": [0, 0, 4, 1], "texture": "#0"},
				"down": {"uv": [0, 0, 4, 1], "texture": "#0"}
			}
		},
		{
			"from": [10, 13, 7.75],
			"to": [14, 17, 8.25],
			"faces": {
				"north": {"uv": [0, 9.5, 4, 13.5], "texture": "#0"},
				"east": {"uv": [0, 9.5, 1, 13.5], "texture": "#0"},
				"south": {"uv": [0, 9.5, 4, 13.5], "texture": "#0"},
				"west": {"uv": [0, 9.5, 1, 13.5], "texture": "#0"},
				"up": {"uv": [0, 9.5, 4, 10.5], "texture": "#0"},
				"down": {"uv": [0, 9.5, 4, 10.5], "texture": "#0"}
			}
		},
		{
			"from": [1, 16, 7.5],
			"to": [5, 18, 8.5],
			"faces": {
				"north": {"uv": [0, 0, 4, 2], "texture": "#0"},
				"east": {"uv": [0, 0, 1, 2], "texture": "#0"},
				"south": {"uv": [0, 0, 4, 2], "texture": "#0"},
				"west": {"uv": [0, 0, 1, 2], "texture": "#0"},
				"up": {"uv": [0, 0, 4, 1], "texture": "#0"},
				"down": {"uv": [0, 0, 4, 1], "texture": "#0"}
			}
		},
		{
			"from": [2, 13, 7.75],
			"to": [6, 17, 8.25],
			"faces": {
				"north": {"uv": [0, 9.5, 4, 13.5], "texture": "#0"},
				"east": {"uv": [0, 9.5, 1, 13.5], "texture": "#0"},
				"south": {"uv": [0, 9.5, 4, 13.5], "texture": "#0"},
				"west": {"uv": [0, 9.5, 1, 13.5], "texture": "#0"},
				"up": {"uv": [0, 9.5, 4, 10.5], "texture": "#0"},
				"down": {"uv": [0, 9.5, 4, 10.5], "texture": "#0"}
			}
		},
		{
			"from": [5.5, 12, 4.5],
			"to": [7, 13.5, 5.5],
			"faces": {
				"north": {"uv": [14.5, 14.5, 16, 16], "texture": "#0"},
				"east": {"uv": [14.5, 14.5, 15.5, 16], "texture": "#0"},
				"south": {"uv": [14.5, 14.5, 16, 16], "texture": "#0"},
				"west": {"uv": [14.5, 14.5, 15.5, 16], "texture": "#0"},
				"up": {"uv": [14.5, 14.5, 16, 15.5], "texture": "#0"},
				"down": {"uv": [14.5, 14.5, 16, 15.5], "texture": "#0"}
			}
		},
		{
			"from": [9, 12, 4.5],
			"to": [10.5, 13.5, 5.5],
			"faces": {
				"north": {"uv": [14.5, 14.5, 16, 16], "texture": "#0"},
				"east": {"uv": [14.5, 14.5, 15.5, 16], "texture": "#0"},
				"south": {"uv": [14.5, 14.5, 16, 16], "texture": "#0"},
				"west": {"uv": [14.5, 14.5, 15.5, 16], "texture": "#0"},
				"up": {"uv": [14.5, 14.5, 16, 15.5], "texture": "#0"},
				"down": {"uv": [14.5, 14.5, 16, 15.5], "texture": "#0"}
			}
		},
		{
			"from": [6.5, 10.5, 4],
			"to": [9.5, 12, 5],
			"faces": {
				"north": {"uv": [0, 0, 3, 1.5], "texture": "#0"},
				"east": {"uv": [0, 0, 1, 1.5], "texture": "#0"},
				"south": {"uv": [0, 0, 3, 1.5], "texture": "#0"},
				"west": {"uv": [0, 0, 1, 1.5], "texture": "#0"},
				"up": {"uv": [0, 0, 3, 1], "texture": "#0"},
				"down": {"uv": [0, 0, 3, 1], "texture": "#0"}
			}
		},
		{
			"from": [2, 7, 8],
			"to": [4, 9, 9],
			"faces": {
				"north": {"uv": [0, 0, 2, 2], "texture": "#0"},
				"east": {"uv": [0, 0, 1, 2], "texture": "#0"},
				"south": {"uv": [0, 0, 2, 2], "texture": "#0"},
				"west": {"uv": [0, 0, 1, 2], "texture": "#0"},
				"up": {"uv": [0, 0, 2, 1], "texture": "#0"},
				"down": {"uv": [0, 0, 2, 1], "texture": "#0"}
			}
		},
		{
			"from": [1, 8, 8],
			"to": [3, 10, 9],
			"faces": {
				"north": {"uv": [0, 0, 2, 2], "texture": "#0"},
				"east": {"uv": [0, 0, 1, 2], "texture": "#0"},
				"south": {"uv": [0, 0, 2, 2], "texture": "#0"},
				"west": {"uv": [0, 0, 1, 2], "texture": "#0"},
				"up": {"uv": [0, 0, 2, 1], "texture": "#0"},
				"down": {"uv": [0, 0, 2, 1], "texture": "#0"}
			}
		},
		{
			"from": [0, 10, 8],
			"to": [2, 12, 9],
			"faces": {
				"north": {"uv": [0, 0, 2, 2], "texture": "#0"},
				"east": {"uv": [0, 0, 1, 2], "texture": "#0"},
				"south": {"uv": [0, 0, 2, 2], "texture": "#0"},
				"west": {"uv": [0, 0, 1, 2], "texture": "#0"},
				"up": {"uv": [0, 0, 2, 1], "texture": "#0"},
				"down": {"uv": [0, 0, 2, 1], "texture": "#0"}
			}
		},
		{
			"from": [-1, 12, 8],
			"to": [1, 14, 9],
			"faces": {
				"north": {"uv": [0, 0, 2, 2], "texture": "#0"},
				"east": {"uv": [0, 0, 1, 2], "texture": "#0"},
				"south": {"uv": [0, 0, 2, 2], "texture": "#0"},
				"west": {"uv": [0, 0, 1, 2], "texture": "#0"},
				"up": {"uv": [0, 0, 2, 1], "texture": "#0"},
				"down": {"uv": [0, 0, 2, 1], "texture": "#0"}
			}
		},
		{
			"from": [-5, 13, 8],
			"to": [-1, 15, 9],
			"faces": {
				"north": {"uv": [0, 0, 4, 2], "texture": "#0"},
				"east": {"uv": [0, 0, 1, 2], "texture": "#0"},
				"south": {"uv": [0, 0, 4, 2], "texture": "#0"},
				"west": {"uv": [0, 0, 1, 2], "texture": "#0"},
				"up": {"uv": [0, 0, 4, 1], "texture": "#0"},
				"down": {"uv": [0, 0, 4, 1], "texture": "#0"}
			}
		},
		{
			"from": [-6, 13, 8],
			"to": [-5, 14, 9],
			"faces": {
				"north": {"uv": [0, 0, 1, 1], "texture": "#0"},
				"east": {"uv": [0, 0, 1, 1], "texture": "#0"},
				"south": {"uv": [0, 0, 1, 1], "texture": "#0"},
				"west": {"uv": [0, 0, 1, 1], "texture": "#0"},
				"up": {"uv": [0, 0, 1, 1], "texture": "#0"},
				"down": {"uv": [0, 0, 1, 1], "texture": "#0"}
			}
		},
		{
			"from": [-5, 11, 8.25],
			"to": [0, 13, 8.75],
			"faces": {
				"north": {"uv": [0, 14, 5, 16], "texture": "#0"},
				"east": {"uv": [0, 14, 0.5, 16], "texture": "#0"},
				"south": {"uv": [0, 14, 5, 16], "texture": "#0"},
				"west": {"uv": [0, 14, 0.5, 16], "texture": "#0"},
				"up": {"uv": [0, 14, 5, 14.5], "texture": "#0"},
				"down": {"uv": [0, 14, 5, 14.5], "texture": "#0"}
			}
		},
		{
			"from": [-4, 9, 8.25],
			"to": [1, 11, 8.75],
			"faces": {
				"north": {"uv": [0, 14, 5, 16], "texture": "#0"},
				"east": {"uv": [0, 14, 0.5, 16], "texture": "#0"},
				"south": {"uv": [0, 14, 5, 16], "texture": "#0"},
				"west": {"uv": [0, 14, 0.5, 16], "texture": "#0"},
				"up": {"uv": [0, 14, 5, 14.5], "texture": "#0"},
				"down": {"uv": [0, 14, 5, 14.5], "texture": "#0"}
			}
		},
		{
			"from": [-3, 7, 8.25],
			"to": [2, 9, 8.75],
			"faces": {
				"north": {"uv": [0, 14, 5, 16], "texture": "#0"},
				"east": {"uv": [0, 14, 0.5, 16], "texture": "#0"},
				"south": {"uv": [0, 14, 5, 16], "texture": "#0"},
				"west": {"uv": [0, 14, 0.5, 16], "texture": "#0"},
				"up": {"uv": [0, 14, 5, 14.5], "texture": "#0"},
				"down": {"uv": [0, 14, 5, 14.5], "texture": "#0"}
			}
		},
		{
			"from": [-2, 6, 8.25],
			"to": [4, 8, 8.75],
			"faces": {
				"north": {"uv": [0, 14, 6, 16], "texture": "#0"},
				"east": {"uv": [0, 14, 0.5, 16], "texture": "#0"},
				"south": {"uv": [0, 14, 6, 16], "texture": "#0"},
				"west": {"uv": [0, 14, 0.5, 16], "texture": "#0"},
				"up": {"uv": [0, 14, 6, 14.5], "texture": "#0"},
				"down": {"uv": [0, 14, 6, 14.5], "texture": "#0"}
			}
		},
		{
			"from": [-1, 5, 8.25],
			"to": [4, 6, 8.75],
			"faces": {
				"north": {"uv": [0, 14, 5, 15], "texture": "#0"},
				"east": {"uv": [0, 14, 0.5, 15], "texture": "#0"},
				"south": {"uv": [0, 14, 5, 15], "texture": "#0"},
				"west": {"uv": [0, 14, 0.5, 15], "texture": "#0"},
				"up": {"uv": [0, 14, 5, 14.5], "texture": "#0"},
				"down": {"uv": [0, 14, 5, 14.5], "texture": "#0"}
			}
		},
		{
			"from": [-1, 4, 8.25],
			"to": [3, 5, 8.75],
			"faces": {
				"north": {"uv": [0, 14, 4, 15], "texture": "#0"},
				"east": {"uv": [0, 14, 0.5, 15], "texture": "#0"},
				"south": {"uv": [0, 14, 4, 15], "texture": "#0"},
				"west": {"uv": [0, 14, 0.5, 15], "texture": "#0"},
				"up": {"uv": [0, 14, 4, 14.5], "texture": "#0"},
				"down": {"uv": [0, 14, 4, 14.5], "texture": "#0"}
			}
		},
		{
			"from": [12, 7, 7.5],
			"to": [14, 9, 8.5],
			"faces": {
				"north": {"uv": [0, 0, 2, 2], "texture": "#0"},
				"east": {"uv": [0, 0, 1, 2], "texture": "#0"},
				"south": {"uv": [0, 0, 2, 2], "texture": "#0"},
				"west": {"uv": [0, 0, 1, 2], "texture": "#0"},
				"up": {"uv": [0, 0, 2, 1], "rotation": 180, "texture": "#0"},
				"down": {"uv": [0, 0, 2, 1], "rotation": 180, "texture": "#0"}
			}
		},
		{
			"from": [13, 8, 7.5],
			"to": [15, 10, 8.5],
			"faces": {
				"north": {"uv": [0, 0, 2, 2], "texture": "#0"},
				"east": {"uv": [0, 0, 1, 2], "texture": "#0"},
				"south": {"uv": [0, 0, 2, 2], "texture": "#0"},
				"west": {"uv": [0, 0, 1, 2], "texture": "#0"},
				"up": {"uv": [0, 0, 2, 1], "rotation": 180, "texture": "#0"},
				"down": {"uv": [0, 0, 2, 1], "rotation": 180, "texture": "#0"}
			}
		},
		{
			"from": [14, 10, 7.5],
			"to": [16, 12, 8.5],
			"faces": {
				"north": {"uv": [0, 0, 2, 2], "texture": "#0"},
				"east": {"uv": [0, 0, 1, 2], "texture": "#0"},
				"south": {"uv": [0, 0, 2, 2], "texture": "#0"},
				"west": {"uv": [0, 0, 1, 2], "texture": "#0"},
				"up": {"uv": [0, 0, 2, 1], "rotation": 180, "texture": "#0"},
				"down": {"uv": [0, 0, 2, 1], "rotation": 180, "texture": "#0"}
			}
		},
		{
			"from": [15, 12, 7.5],
			"to": [17, 14, 8.5],
			"faces": {
				"north": {"uv": [0, 0, 2, 2], "texture": "#0"},
				"east": {"uv": [0, 0, 1, 2], "texture": "#0"},
				"south": {"uv": [0, 0, 2, 2], "texture": "#0"},
				"west": {"uv": [0, 0, 1, 2], "texture": "#0"},
				"up": {"uv": [0, 0, 2, 1], "rotation": 180, "texture": "#0"},
				"down": {"uv": [0, 0, 2, 1], "rotation": 180, "texture": "#0"}
			}
		},
		{
			"from": [17, 13, 7.5],
			"to": [21, 15, 8.5],
			"faces": {
				"north": {"uv": [0, 0, 4, 2], "texture": "#0"},
				"east": {"uv": [0, 0, 1, 2], "texture": "#0"},
				"south": {"uv": [0, 0, 4, 2], "texture": "#0"},
				"west": {"uv": [0, 0, 1, 2], "texture": "#0"},
				"up": {"uv": [0, 0, 4, 1], "rotation": 180, "texture": "#0"},
				"down": {"uv": [0, 0, 4, 1], "rotation": 180, "texture": "#0"}
			}
		},
		{
			"from": [21, 13, 7.5],
			"to": [22, 14, 8.5],
			"faces": {
				"north": {"uv": [0, 0, 1, 1], "texture": "#0"},
				"east": {"uv": [0, 0, 1, 1], "texture": "#0"},
				"south": {"uv": [0, 0, 1, 1], "texture": "#0"},
				"west": {"uv": [0, 0, 1, 1], "texture": "#0"},
				"up": {"uv": [0, 0, 1, 1], "rotation": 180, "texture": "#0"},
				"down": {"uv": [0, 0, 1, 1], "rotation": 180, "texture": "#0"}
			}
		},
		{
			"from": [16, 11, 7.75],
			"to": [21, 13, 8.25],
			"faces": {
				"north": {"uv": [0, 14, 5, 16], "texture": "#0"},
				"east": {"uv": [0, 14, 0.5, 16], "texture": "#0"},
				"south": {"uv": [0, 14, 5, 16], "texture": "#0"},
				"west": {"uv": [0, 14, 0.5, 16], "texture": "#0"},
				"up": {"uv": [0, 14, 5, 14.5], "rotation": 180, "texture": "#0"},
				"down": {"uv": [0, 14, 5, 14.5], "rotation": 180, "texture": "#0"}
			}
		},
		{
			"from": [15, 9, 7.75],
			"to": [20, 11, 8.25],
			"faces": {
				"north": {"uv": [0, 14, 5, 16], "texture": "#0"},
				"east": {"uv": [0, 14, 0.5, 16], "texture": "#0"},
				"south": {"uv": [0, 14, 5, 16], "texture": "#0"},
				"west": {"uv": [0, 14, 0.5, 16], "texture": "#0"},
				"up": {"uv": [0, 14, 5, 14.5], "rotation": 180, "texture": "#0"},
				"down": {"uv": [0, 14, 5, 14.5], "rotation": 180, "texture": "#0"}
			}
		},
		{
			"from": [14, 7, 7.75],
			"to": [19, 9, 8.25],
			"faces": {
				"north": {"uv": [0, 14, 5, 16], "texture": "#0"},
				"east": {"uv": [0, 14, 0.5, 16], "texture": "#0"},
				"south": {"uv": [0, 14, 5, 16], "texture": "#0"},
				"west": {"uv": [0, 14, 0.5, 16], "texture": "#0"},
				"up": {"uv": [0, 14, 5, 14.5], "rotation": 180, "texture": "#0"},
				"down": {"uv": [0, 14, 5, 14.5], "rotation": 180, "texture": "#0"}
			}
		},
		{
			"from": [12, 6, 7.75],
			"to": [18, 8, 8.25],
			"faces": {
				"north": {"uv": [0, 14, 6, 16], "texture": "#0"},
				"east": {"uv": [0, 14, 0.5, 16], "texture": "#0"},
				"south": {"uv": [0, 14, 6, 16], "texture": "#0"},
				"west": {"uv": [0, 14, 0.5, 16], "texture": "#0"},
				"up": {"uv": [0, 14, 6, 14.5], "rotation": 180, "texture": "#0"},
				"down": {"uv": [0, 14, 6, 14.5], "rotation": 180, "texture": "#0"}
			}
		},
		{
			"from": [12, 5, 7.75],
			"to": [17, 6, 8.25],
			"faces": {
				"north": {"uv": [0, 14, 5, 15], "texture": "#0"},
				"east": {"uv": [0, 14, 0.5, 15], "texture": "#0"},
				"south": {"uv": [0, 14, 5, 15], "texture": "#0"},
				"west": {"uv": [0, 14, 0.5, 15], "texture": "#0"},
				"up": {"uv": [0, 14, 5, 14.5], "rotation": 180, "texture": "#0"},
				"down": {"uv": [0, 14, 5, 14.5], "rotation": 180, "texture": "#0"}
			}
		},
		{
			"from": [13, 4, 7.75],
			"to": [17, 5, 8.25],
			"faces": {
				"north": {"uv": [0, 14, 4, 15], "texture": "#0"},
				"east": {"uv": [0, 14, 0.5, 15], "texture": "#0"},
				"south": {"uv": [0, 14, 4, 15], "texture": "#0"},
				"west": {"uv": [0, 14, 0.5, 15], "texture": "#0"},
				"up": {"uv": [0, 14, 4, 14.5], "rotation": 180, "texture": "#0"},
				"down": {"uv": [0, 14, 4, 14.5], "rotation": 180, "texture": "#0"}
			}
		},
		{
			"from": [5.5, -0.5, 5],
			"to": [7, 1, 7],
			"faces": {
				"north": {"uv": [0, 0, 1.5, 1.5], "texture": "#0"},
				"east": {"uv": [0, 0, 2, 1.5], "texture": "#0"},
				"south": {"uv": [0, 0, 1.5, 1.5], "texture": "#0"},
				"west": {"uv": [0, 0, 2, 1.5], "texture": "#0"},
				"up": {"uv": [0, 0, 1.5, 2], "texture": "#0"},
				"down": {"uv": [0, 0, 1.5, 2], "texture": "#0"}
			}
		},
		{
			"from": [9, -0.5, 5],
			"to": [10.5, 1, 7],
			"faces": {
				"north": {"uv": [0, 0, 1.5, 1.5], "texture": "#0"},
				"east": {"uv": [0, 0, 2, 1.5], "texture": "#0"},
				"south": {"uv": [0, 0, 1.5, 1.5], "texture": "#0"},
				"west": {"uv": [0, 0, 2, 1.5], "texture": "#0"},
				"up": {"uv": [0, 0, 1.5, 2], "texture": "#0"},
				"down": {"uv": [0, 0, 1.5, 2], "texture": "#0"}
			}
		},
		{
			"from": [6, 9, 4.5],
			"to": [7, 11, 5],
			"faces": {
				"north": {"uv": [13, 14, 14, 16], "texture": "#0"},
				"east": {"uv": [13, 14, 13.5, 16], "texture": "#0"},
				"south": {"uv": [13, 14, 14, 16], "texture": "#0"},
				"west": {"uv": [13, 14, 13.5, 16], "texture": "#0"},
				"up": {"uv": [13, 14, 14, 14.5], "texture": "#0"},
				"down": {"uv": [13, 14, 14, 14.5], "texture": "#0"}
			}
		},
		{
			"from": [9, 9, 4.5],
			"to": [10, 11, 5],
			"faces": {
				"north": {"uv": [13, 14, 14, 16], "texture": "#0"},
				"east": {"uv": [13, 14, 13.5, 16], "texture": "#0"},
				"south": {"uv": [13, 14, 14, 16], "texture": "#0"},
				"west": {"uv": [13, 14, 13.5, 16], "texture": "#0"},
				"up": {"uv": [13, 14, 14, 14.5], "texture": "#0"},
				"down": {"uv": [13, 14, 14, 14.5], "texture": "#0"}
			}
		}
	],
	"display": {
		"thirdperson_righthand": {
			"translation": [0, -1.75, -1.25],
			"scale": [0.5, 0.5, 0.5]
		},
		"thirdperson_lefthand": {
			"translation": [0, -1.75, -1.25],
			"scale": [0.5, 0.5, 0.5]
		},
		"firstperson_righthand": {
			"rotation": [-19, 157, -15],
			"translation": [1.5, 2.5, 0.25],
			"scale": [0.5, 0.5, 0.5]
		},
		"firstperson_lefthand": {
			"rotation": [-19, 157, -15],
			"translation": [1.5, 2.5, 0.25],
			"scale": [0.5, 0.5, 0.5]
		},
		"ground": {
			"rotation": [30, 0, 30],
			"translation": [0, 5.25, 0]
		},
		"gui": {
			"rotation": [0, 180, 20],
			"translation": [-0.25, -1, 0],
			"scale": [0.7, 0.7, 0.7]
		},
		"head": {
			"translation": [0, 10.75, 0]
		},
		"fixed": {
			"rotation": [-90, 0, 0],
			"translation": [0, 0, -14.25],
			"scale": [2, 2, 2]
		}
	},
	"groups": [
		{
			"name": "group",
			"origin": [0, 0, 0],
			"color": 0,
			"children": [0, 1, 2, 3, 4, 5, 6, 7]
		},
		{
			"name": "group",
			"origin": [0, 0, 0],
			"color": 0,
			"children": [8, 9]
		},
		{
			"name": "group",
			"origin": [0, 0, 0],
			"color": 4,
			"children": [10, 11, 12, 13, 14, 15, 16, 17, 18]
		},
		{
			"name": "group",
			"origin": [0, 0, 0],
			"color": 0,
			"children": [19, 20]
		},
		{
			"name": "group",
			"origin": [0, 0, 0],
			"color": 0,
			"children": [21, 22]
		},
		{
			"name": "group",
			"origin": [0, 0, 0],
			"color": 0,
			"children": [23, 24, 25]
		},
		{
			"name": "group",
			"origin": [0, 0, 0],
			"color": 0,
			"children": [26, 27, 28, 29, 30, 31, 32, 33, 34, 35, 36, 37]
		},
		{
			"name": "group",
			"origin": [0, 0, 0],
			"color": 0,
			"children": [38, 39, 40, 41, 42, 43, 44, 45, 46, 47, 48, 49]
		},
		50,
		51,
		52,
		53
	]
}