{
 "parent": "item/handheld",
 "textures": {
  "layer0": "item/netherite_sword"
 },

 "overrides": [
  {"predicate": {"custom_model_data":1}, "model": "item/grbluknxzitovbjjobuughlcivjpcodp"},
  {"predicate": {"custom_model_data":2}, "model": "item/wtsmectlcrvjpbxczhfridpvnmknxznr"},
  {"predicate": {"custom_model_data":3}, "model": "item/ilspxiqesgbhjdkpnbxwefnqtvmzpbos"},
  {"predicate": {"custom_model_data":4}, "model": "item/vvivlbgjmuywdubuvoilriykrqxmlooo"},
  {"predicate": {"custom_model_data":5}, "model": "item/nxxrbgciigjaonwzedvasvjvztdgyxso"},
  {"predicate": {"custom_model_data":6}, "model": "item/jhafmoetzeuclctcmagoucotgavbsuma"},
  {"predicate": {"custom_model_data":7}, "model": "item/aneiqvjumnkjavghaewokbhcyktzdwvi"},
  {"predicate": {"custom_model_data":8}, "model": "item/ibofzmbxgvptbhdqospjkbmvtllkttcc"},
  {"predicate": {"custom_model_data":9}, "model": "item/mkbhkacrhmuxlewlqhjcwwhbezjomlvo"},
  {"predicate": {"custom_model_data":10}, "model": "item/bnoblgwwndieblkhmvwdudsufaialqbf"},
  {"predicate": {"custom_model_data":11}, "model": "item/wglpjksynsplpsjwlphtsvknqyykppta"},
  {"predicate": {"custom_model_data":12}, "model": "item/eiowbmookhwnazgooktbsgogbvrwjilg"},

  { "predicate": {"custom_model_data": 156}, "model": "item/vtdxxhrxqgdwatoorimleubbrutnuwrg"},
  { "predicate": {"custom_model_data": 157}, "model": "item/rfkfzzyxdtwxhdomsyzuduzrmtpvixaa"},
  { "predicate": {"custom_model_data": 158}, "model": "item/dwspubloiztvuhqkeqnzsswgjxvbjfsj"},
  { "predicate": {"custom_model_data": 159}, "model": "item/vrljkcdjldsjkltuueyukqncrufbookc"},
  { "predicate": {"custom_model_data": 160}, "model": "item/takhjopckjwtyhecrexubuuxfynopguf"},
  { "predicate": {"custom_model_data": 161}, "model": "item/cbnmrqytptyfnvpkgqthozntmdeatjav"}


 ]
}