{
	"credit": "Made with Blockbench",
	"texture_size": [32, 32],
	"textures": {
		"0": "item/rabbit_dango_02",
		"particle": "item/rabbit_dango_02"
	},
	"elements": [
		{
			"from": [2, 2, 2],
			"to": [14, 4, 14],
			"faces": {
				"north": {"uv": [10, 3, 16, 4], "texture": "#0"},
				"east": {"uv": [10, 3, 16, 4], "texture": "#0"},
				"south": {"uv": [10, 3, 16, 4], "texture": "#0"},
				"west": {"uv": [10, 3, 16, 4], "texture": "#0"},
				"up": {"uv": [6, 6, 0, 0], "texture": "#0"},
				"down": {"uv": [0, 0, 6, 6], "texture": "#0"}
			}
		},
		{
			"from": [3, 4.025, 3],
			"to": [14, 4.025, 14],
			"rotation": {"angle": -45, "axis": "y", "origin": [8, 5.025, 8]},
			"faces": {
				"up": {"uv": [5.5, 11.5, 0, 6], "texture": "#0"},
				"down": {"uv": [0, 6, 5.5, 11.5], "texture": "#0"}
			}
		},
		{
			"from": [-2.33813, 2.96463, 7.20711],
			"to": [0.66187, 2.96463, 10.20711],
			"rotation": {"angle": 45, "axis": "z", "origin": [-0.83813, 2.96463, 8.70711]},
			"faces": {
				"up": {"uv": [1.5, 13, 0, 11.5], "texture": "#0"},
				"down": {"uv": [0, 11.5, 1.5, 13], "texture": "#0"}
			}
		},
		{
			"from": [15.33813, 2.96463, 7.20711],
			"to": [18.33813, 2.96463, 10.20711],
			"rotation": {"angle": -45, "axis": "z", "origin": [16.83813, 2.96463, 8.70711]},
			"faces": {
				"up": {"uv": [0, 13, 1.5, 11.5], "texture": "#0"},
				"down": {"uv": [1.5, 11.5, 0, 13], "texture": "#0"}
			}
		},
		{
			"from": [6.5, 9.21413, 0.95761],
			"to": [9.5, 9.21413, 3.95761],
			"rotation": {"angle": -45, "axis": "x", "origin": [8, 2.96463, 8.70711]},
			"faces": {
				"up": {"uv": [0, 13, 1.5, 11.5], "rotation": 270, "texture": "#0"},
				"down": {"uv": [1.5, 11.5, 0, 13], "rotation": 90, "texture": "#0"}
			}
		},
		{
			"from": [6.5, 9.21413, 13.45661],
			"to": [9.5, 9.21413, 16.45661],
			"rotation": {"angle": 45, "axis": "x", "origin": [8, 2.96463, 8.70711]},
			"faces": {
				"up": {"uv": [1.5, 13, 0, 11.5], "rotation": 270, "texture": "#0"},
				"down": {"uv": [0, 11.5, 1.5, 13], "rotation": 90, "texture": "#0"}
			}
		},
		{
			"from": [4, 4, 4],
			"to": [12, 10, 12],
			"faces": {
				"north": {"uv": [6, 4, 10, 7], "texture": "#0"},
				"east": {"uv": [14, 7, 10, 10], "texture": "#0"},
				"south": {"uv": [6, 7, 10, 10], "texture": "#0"},
				"west": {"uv": [10, 7, 14, 10], "texture": "#0"},
				"up": {"uv": [10, 4, 6, 0], "texture": "#0"}
			}
		},
		{
			"from": [5, 10, 5],
			"to": [11, 13, 11],
			"faces": {
				"north": {"uv": [10, 4, 13, 5.5], "texture": "#0"},
				"east": {"uv": [13, 5.5, 10, 7], "texture": "#0"},
				"south": {"uv": [7.5, 10, 10.5, 11.5], "texture": "#0"},
				"west": {"uv": [10, 5.5, 13, 7], "texture": "#0"},
				"up": {"uv": [13, 3, 10, 0], "texture": "#0"}
			}
		},
		{
			"from": [5, 13, 7.8],
			"to": [7, 16, 8.8],
			"rotation": {"angle": 22.5, "axis": "x", "origin": [8, 14.5, 7.3]},
			"faces": {
				"north": {"uv": [12, 11.5, 13, 13], "texture": "#0"},
				"east": {"uv": [12, 11.5, 12.5, 13], "texture": "#0"},
				"south": {"uv": [13, 11.5, 14, 13], "texture": "#0"},
				"west": {"uv": [14, 12.5, 14.5, 14], "texture": "#0"},
				"up": {"uv": [16, 12, 15, 11.5], "texture": "#0"}
			}
		},
		{
			"from": [8.8, 13, 8],
			"to": [10.8, 16, 9],
			"rotation": {"angle": 22.5, "axis": "x", "origin": [7.8, 14.5, 7.5]},
			"faces": {
				"north": {"uv": [13, 11.5, 12, 13], "texture": "#0"},
				"east": {"uv": [14.5, 12.5, 14, 14], "texture": "#0"},
				"south": {"uv": [14, 11.5, 13, 13], "texture": "#0"},
				"west": {"uv": [12.5, 11.5, 12, 13], "texture": "#0"},
				"up": {"uv": [15, 12, 16, 11.5], "texture": "#0"}
			}
		},
		{
			"from": [2, 0, 2],
			"to": [4, 2, 4],
			"rotation": {"angle": 0, "axis": "x", "origin": [3, 1, 3]},
			"faces": {
				"north": {"uv": [9.5, 11.5, 10.5, 12.5], "texture": "#0"},
				"east": {"uv": [9.5, 11.5, 10.5, 12.5], "texture": "#0"},
				"south": {"uv": [9.5, 11.5, 10.5, 12.5], "texture": "#0"},
				"west": {"uv": [9.5, 11.5, 10.5, 12.5], "texture": "#0"},
				"down": {"uv": [13.5, 10, 12.5, 11], "texture": "#0"}
			}
		},
		{
			"from": [12, 0, 2],
			"to": [14, 2, 4],
			"rotation": {"angle": 0, "axis": "x", "origin": [13, 1, 3]},
			"faces": {
				"north": {"uv": [10.5, 11.5, 9.5, 12.5], "texture": "#0"},
				"east": {"uv": [10.5, 11.5, 9.5, 12.5], "texture": "#0"},
				"south": {"uv": [10.5, 11.5, 9.5, 12.5], "texture": "#0"},
				"west": {"uv": [10.5, 11.5, 9.5, 12.5], "texture": "#0"},
				"down": {"uv": [12.5, 10, 13.5, 11], "texture": "#0"}
			}
		},
		{
			"from": [12, 0, 12],
			"to": [14, 2, 14],
			"rotation": {"angle": 0, "axis": "x", "origin": [13, 1, 13]},
			"faces": {
				"north": {"uv": [9.5, 11.5, 10.5, 12.5], "texture": "#0"},
				"east": {"uv": [9.5, 11.5, 10.5, 12.5], "texture": "#0"},
				"south": {"uv": [9.5, 11.5, 10.5, 12.5], "texture": "#0"},
				"west": {"uv": [9.5, 11.5, 10.5, 12.5], "texture": "#0"},
				"down": {"uv": [12.5, 11, 13.5, 10], "texture": "#0"}
			}
		},
		{
			"from": [2, 0, 12],
			"to": [4, 2, 14],
			"rotation": {"angle": 0, "axis": "x", "origin": [3, 1, 13]},
			"faces": {
				"north": {"uv": [10.5, 11.5, 9.5, 12.5], "texture": "#0"},
				"east": {"uv": [10.5, 11.5, 9.5, 12.5], "texture": "#0"},
				"south": {"uv": [10.5, 11.5, 9.5, 12.5], "texture": "#0"},
				"west": {"uv": [10.5, 11.5, 9.5, 12.5], "texture": "#0"},
				"down": {"uv": [13.5, 11, 12.5, 10], "texture": "#0"}
			}
		}
	],
	"gui_light": "front",
	"display": {
		"thirdperson_righthand": {
			"rotation": [68, 0, 0],
			"translation": [-0.75, 4.25, 4],
			"scale": [0.74, 0.74, 0.74]
		},
		"thirdperson_lefthand": {
			"rotation": [68, 0, 0],
			"translation": [-0.75, 4.25, 4],
			"scale": [0.74, 0.74, 0.74]
		},
		"firstperson_righthand": {
			"translation": [1.13, 3.2, 1.13],
			"scale": [0.55, 0.55, 0.55]
		},
		"firstperson_lefthand": {
			"translation": [1.13, 3.2, 1.13],
			"scale": [0.55, 0.55, 0.55]
		},
		"ground": {
			"translation": [0, 2, 0],
			"scale": [0.7, 0.7, 0.7]
		},
		"gui": {
			"rotation": [33, 135, 0],
			"translation": [0, 1.25, 0],
			"scale": [0.79, 0.79, 0.79]
		},
		"head": {
			"translation": [0, 14.5, 0]
		},
		"fixed": {
			"rotation": [-90, 0, 0],
			"translation": [0, 0, -15],
			"scale": [2, 2, 2]
		}
	}
}