{
	"credit": "Copyright © 2021-2099 Ikaho-Onsen Minecraft Server. All rights reserved.",
	"textures": {
		"0": "minecraft:item/anok2",
		"particle": "minecraft:item/anok2"
	},
	"elements": [
		{
			"from": [6, 2, 6],
			"to": [10, 4, 10],
			"faces": {
				"north": {"uv": [4, 2, 8, 3.5], "texture": "#0"},
				"east": {"uv": [4, 2, 8, 3.5], "texture": "#0"},
				"south": {"uv": [4, 2, 8, 3.5], "texture": "#0"},
				"west": {"uv": [4, 2, 8, 3.5], "texture": "#0"},
				"up": {"uv": [0, 0, 4, 4], "texture": "#0"},
				"down": {"uv": [0, 0, 4, 4], "texture": "#0"}
			}
		},
		{
			"from": [6, -1, 6],
			"to": [10, 1, 10],
			"faces": {
				"north": {"uv": [4, 0, 8, 2], "texture": "#0"},
				"east": {"uv": [4, 0, 8, 2], "texture": "#0"},
				"south": {"uv": [4, 0, 8, 2], "texture": "#0"},
				"west": {"uv": [4, 0, 8, 2], "texture": "#0"},
				"up": {"uv": [0, 0, 4, 4], "texture": "#0"},
				"down": {"uv": [0, 0, 4, 4], "texture": "#0"}
			}
		},
		{
			"from": [7.75, -0.5, 9.5],
			"to": [8.25, 2, 10.5],
			"faces": {
				"north": {"uv": [8, 0, 8.5, 2.5], "texture": "#0"},
				"east": {"uv": [8, 0, 9, 2.5], "texture": "#0"},
				"south": {"uv": [8, 0, 8.5, 2.5], "texture": "#0"},
				"west": {"uv": [8, 0, 9, 2.5], "texture": "#0"},
				"up": {"uv": [8, 0, 8.5, 1], "texture": "#0"},
				"down": {"uv": [8, 0, 8.5, 1], "texture": "#0"}
			}
		},
		{
			"from": [7.75, 1, 10],
			"to": [8.25, 9, 11],
			"faces": {
				"north": {"uv": [8, 0, 8.5, 8], "texture": "#0"},
				"east": {"uv": [8, 0, 9, 8], "texture": "#0"},
				"south": {"uv": [8, 0, 8.5, 8], "texture": "#0"},
				"west": {"uv": [8, 0, 9, 8], "texture": "#0"},
				"up": {"uv": [8, 0, 8.5, 1], "texture": "#0"},
				"down": {"uv": [8, 0, 8.5, 1], "texture": "#0"}
			}
		},
		{
			"from": [7.75, 8, 9],
			"to": [8.25, 11, 10],
			"faces": {
				"north": {"uv": [8, 0, 8.5, 3], "texture": "#0"},
				"east": {"uv": [8, 0, 9, 3], "texture": "#0"},
				"south": {"uv": [8, 0, 8.5, 3], "texture": "#0"},
				"west": {"uv": [8, 0, 9, 3], "texture": "#0"},
				"up": {"uv": [8, 0, 8.5, 1], "texture": "#0"},
				"down": {"uv": [8, 0, 8.5, 1], "texture": "#0"}
			}
		},
		{
			"from": [7.75, 10, 8],
			"to": [8.25, 12, 9],
			"faces": {
				"north": {"uv": [8, 0, 8.5, 2], "texture": "#0"},
				"east": {"uv": [8, 0, 9, 2], "texture": "#0"},
				"south": {"uv": [8, 0, 8.5, 2], "texture": "#0"},
				"west": {"uv": [8, 0, 9, 2], "texture": "#0"},
				"up": {"uv": [8, 0, 8.5, 1], "texture": "#0"},
				"down": {"uv": [8, 0, 8.5, 1], "texture": "#0"}
			}
		},
		{
			"from": [7.75, 12, 7],
			"to": [8.25, 13, 8],
			"faces": {
				"north": {"uv": [8, 0, 8.5, 1], "texture": "#0"},
				"east": {"uv": [8, 0, 9, 1], "texture": "#0"},
				"south": {"uv": [8, 0, 8.5, 1], "texture": "#0"},
				"west": {"uv": [8, 0, 9, 1], "texture": "#0"},
				"up": {"uv": [8, 0, 8.5, 1], "texture": "#0"},
				"down": {"uv": [8, 0, 8.5, 1], "texture": "#0"}
			}
		},
		{
			"from": [6.5, -0.5, 9.5],
			"to": [7, 2, 10.5],
			"faces": {
				"north": {"uv": [8, 0, 8.5, 2.5], "texture": "#0"},
				"east": {"uv": [8, 0, 9, 2.5], "texture": "#0"},
				"south": {"uv": [8, 0, 8.5, 2.5], "texture": "#0"},
				"west": {"uv": [8, 0, 9, 2.5], "texture": "#0"},
				"up": {"uv": [8, 0, 8.5, 1], "texture": "#0"},
				"down": {"uv": [8, 0, 8.5, 1], "texture": "#0"}
			}
		},
		{
			"from": [6.5, 1, 10],
			"to": [7, 9, 11],
			"faces": {
				"north": {"uv": [8, 0, 8.5, 8], "texture": "#0"},
				"east": {"uv": [8, 0, 9, 8], "texture": "#0"},
				"south": {"uv": [8, 0, 8.5, 8], "texture": "#0"},
				"west": {"uv": [8, 0, 9, 8], "texture": "#0"},
				"up": {"uv": [8, 0, 8.5, 1], "texture": "#0"},
				"down": {"uv": [8, 0, 8.5, 1], "texture": "#0"}
			}
		},
		{
			"from": [6.5, 8, 9],
			"to": [7, 11, 10],
			"faces": {
				"north": {"uv": [8, 0, 8.5, 3], "texture": "#0"},
				"east": {"uv": [8, 0, 9, 3], "texture": "#0"},
				"south": {"uv": [8, 0, 8.5, 3], "texture": "#0"},
				"west": {"uv": [8, 0, 9, 3], "texture": "#0"},
				"up": {"uv": [8, 0, 8.5, 1], "texture": "#0"},
				"down": {"uv": [8, 0, 8.5, 1], "texture": "#0"}
			}
		},
		{
			"from": [6.5, 10, 8],
			"to": [7, 12, 9],
			"faces": {
				"north": {"uv": [8, 0, 8.5, 2], "texture": "#0"},
				"east": {"uv": [8, 0, 9, 2], "texture": "#0"},
				"south": {"uv": [8, 0, 8.5, 2], "texture": "#0"},
				"west": {"uv": [8, 0, 9, 2], "texture": "#0"},
				"up": {"uv": [8, 0, 8.5, 1], "texture": "#0"},
				"down": {"uv": [8, 0, 8.5, 1], "texture": "#0"}
			}
		},
		{
			"from": [6.5, 12, 7],
			"to": [7, 13, 8],
			"faces": {
				"north": {"uv": [8, 0, 8.5, 1], "texture": "#0"},
				"east": {"uv": [8, 0, 9, 1], "texture": "#0"},
				"south": {"uv": [8, 0, 8.5, 1], "texture": "#0"},
				"west": {"uv": [8, 0, 9, 1], "texture": "#0"},
				"up": {"uv": [8, 0, 8.5, 1], "texture": "#0"},
				"down": {"uv": [8, 0, 8.5, 1], "texture": "#0"}
			}
		},
		{
			"from": [9, -0.5, 9.5],
			"to": [9.5, 2, 10.5],
			"faces": {
				"north": {"uv": [8, 0, 8.5, 2.5], "texture": "#0"},
				"east": {"uv": [8, 0, 9, 2.5], "texture": "#0"},
				"south": {"uv": [8, 0, 8.5, 2.5], "texture": "#0"},
				"west": {"uv": [8, 0, 9, 2.5], "texture": "#0"},
				"up": {"uv": [8, 0, 8.5, 1], "texture": "#0"},
				"down": {"uv": [8, 0, 8.5, 1], "texture": "#0"}
			}
		},
		{
			"from": [9, 1, 10],
			"to": [9.5, 9, 11],
			"faces": {
				"north": {"uv": [8, 0, 8.5, 8], "texture": "#0"},
				"east": {"uv": [8, 0, 9, 8], "texture": "#0"},
				"south": {"uv": [8, 0, 8.5, 8], "texture": "#0"},
				"west": {"uv": [8, 0, 9, 8], "texture": "#0"},
				"up": {"uv": [8, 0, 8.5, 1], "texture": "#0"},
				"down": {"uv": [8, 0, 8.5, 1], "texture": "#0"}
			}
		},
		{
			"from": [9, 8, 9],
			"to": [9.5, 11, 10],
			"faces": {
				"north": {"uv": [8, 0, 8.5, 3], "texture": "#0"},
				"east": {"uv": [8, 0, 9, 3], "texture": "#0"},
				"south": {"uv": [8, 0, 8.5, 3], "texture": "#0"},
				"west": {"uv": [8, 0, 9, 3], "texture": "#0"},
				"up": {"uv": [8, 0, 8.5, 1], "texture": "#0"},
				"down": {"uv": [8, 0, 8.5, 1], "texture": "#0"}
			}
		},
		{
			"from": [9, 10, 8],
			"to": [9.5, 12, 9],
			"faces": {
				"north": {"uv": [8, 0, 8.5, 2], "texture": "#0"},
				"east": {"uv": [8, 0, 9, 2], "texture": "#0"},
				"south": {"uv": [8, 0, 8.5, 2], "texture": "#0"},
				"west": {"uv": [8, 0, 9, 2], "texture": "#0"},
				"up": {"uv": [8, 0, 8.5, 1], "texture": "#0"},
				"down": {"uv": [8, 0, 8.5, 1], "texture": "#0"}
			}
		},
		{
			"from": [9, 12, 7],
			"to": [9.5, 13, 8],
			"faces": {
				"north": {"uv": [8, 0, 8.5, 1], "texture": "#0"},
				"east": {"uv": [8, 0, 9, 1], "texture": "#0"},
				"south": {"uv": [8, 0, 8.5, 1], "texture": "#0"},
				"west": {"uv": [8, 0, 9, 1], "texture": "#0"},
				"up": {"uv": [8, 0, 8.5, 1], "texture": "#0"},
				"down": {"uv": [8, 0, 8.5, 1], "texture": "#0"}
			}
		}
	],
	"display": {
		"thirdperson_righthand": {
			"rotation": [-90, 0, 0],
			"translation": [0, -2, -4.5],
			"scale": [1.2, 1.2, 1.2]
		},
		"thirdperson_lefthand": {
			"rotation": [-90, 0, 0],
			"translation": [0, -2, -4.5],
			"scale": [1.2, 1.2, 1.2]
		},
		"firstperson_righthand": {
			"rotation": [-80, 0, 0],
			"translation": [0, 0.5, 1]
		},
		"firstperson_lefthand": {
			"rotation": [-80, 0, 0],
			"translation": [0, 0.5, 1]
		},
		"ground": {
			"rotation": [-44, 0, 43],
			"translation": [0, 3, 0],
			"scale": [1.5, 1.5, 1.5]
		},
		"gui": {
			"rotation": [0, 26, 45],
			"translation": [-2, 2, 0],
			"scale": [1.2, 1.2, 1.2]
		},
		"head": {
			"rotation": [-90, 0, 0],
			"translation": [0, 3.25, -7.25],
			"scale": [1.5, 1.5, 1.5]
		},
		"fixed": {
			"rotation": [26, -154, 45],
			"translation": [2.5, 2.5, -2.5],
			"scale": [1.5, 1.5, 1.5]
		}
	},
	"groups": [
		0,
		1,
		{
			"name": "group",
			"origin": [0, 0, 0],
			"color": 0,
			"children": [2, 3, 4, 5, 6]
		},
		{
			"name": "group",
			"origin": [0, 0, 0],
			"color": 0,
			"children": [7, 8, 9, 10, 11]
		},
		{
			"name": "group",
			"origin": [0, 0, 0],
			"color": 0,
			"children": [12, 13, 14, 15, 16]
		}
	]
}