{
	"credit": "Made with Blockbench",
	"texture_size": [32, 32],
	"textures": {
		"0": "item/hanging_scroll_02",
		"particle": "item/hanging_scroll_02"
	},
	"elements": [
		{
			"from": [3, 15, 7],
			"to": [13, 17, 9],
			"rotation": {"angle": -45, "axis": "x", "origin": [8, 16, 8]},
			"faces": {
				"north": {"uv": [0, 6.5, 5, 7.5], "texture": "#0"},
				"east": {"uv": [8, 1, 9, 2], "texture": "#0"},
				"south": {"uv": [5, 7.5, 10, 6.5], "texture": "#0"},
				"west": {"uv": [8, 1, 9, 2], "texture": "#0"},
				"up": {"uv": [10, 6.5, 5, 7.5], "texture": "#0"},
				"down": {"uv": [5, 6.5, 0, 7.5], "texture": "#0"}
			}
		},
		{
			"from": [2, 15.5, 7.5],
			"to": [3, 16.5, 8.5],
			"rotation": {"angle": -45, "axis": "x", "origin": [2, 16, 8]},
			"faces": {
				"north": {"uv": [8, 0, 8.5, 0.5], "texture": "#0"},
				"south": {"uv": [8, 0, 8.5, 0.5], "texture": "#0"},
				"west": {"uv": [8, 0, 8.5, 0.5], "texture": "#0"},
				"up": {"uv": [8.5, 0.5, 8, 0], "texture": "#0"},
				"down": {"uv": [8.5, 0, 8, 0.5], "texture": "#0"}
			}
		},
		{
			"from": [13, 15.5, 7.5],
			"to": [14, 16.5, 8.5],
			"rotation": {"angle": -45, "axis": "x", "origin": [2, 16, 8]},
			"faces": {
				"north": {"uv": [8, 0, 8.5, 0.5], "texture": "#0"},
				"east": {"uv": [8, 0, 8.5, 0.5], "texture": "#0"},
				"south": {"uv": [8, 0, 8.5, 0.5], "texture": "#0"},
				"up": {"uv": [8.5, 0.5, 8, 0], "texture": "#0"},
				"down": {"uv": [8.5, 0, 8, 0.5], "texture": "#0"}
			}
		},
		{
			"from": [3, 0, 7],
			"to": [13, 2, 9],
			"rotation": {"angle": -45, "axis": "x", "origin": [8, 1, 8]},
			"faces": {
				"north": {"uv": [0, 6.5, 5, 7.5], "texture": "#0"},
				"east": {"uv": [8, 1, 9, 2], "texture": "#0"},
				"south": {"uv": [5, 7.5, 10, 6.5], "texture": "#0"},
				"west": {"uv": [8, 1, 9, 2], "texture": "#0"},
				"up": {"uv": [10, 6.5, 5, 7.5], "texture": "#0"},
				"down": {"uv": [5, 6.5, 0, 7.5], "texture": "#0"}
			}
		},
		{
			"from": [2, 0.5, 7.5],
			"to": [3, 1.5, 8.5],
			"rotation": {"angle": -45, "axis": "x", "origin": [2, 1, 8]},
			"faces": {
				"north": {"uv": [8, 0, 8.5, 0.5], "texture": "#0"},
				"south": {"uv": [8, 0, 8.5, 0.5], "texture": "#0"},
				"west": {"uv": [8, 0, 8.5, 0.5], "texture": "#0"},
				"up": {"uv": [8.5, 0.5, 8, 0], "texture": "#0"},
				"down": {"uv": [8.5, 0, 8, 0.5], "texture": "#0"}
			}
		},
		{
			"from": [13, 0.5, 7.5],
			"to": [14, 1.5, 8.5],
			"rotation": {"angle": -45, "axis": "x", "origin": [2, 1, 8]},
			"faces": {
				"north": {"uv": [8, 0, 8.5, 0.5], "texture": "#0"},
				"east": {"uv": [8, 0, 8.5, 0.5], "texture": "#0"},
				"south": {"uv": [8, 0, 8.5, 0.5], "texture": "#0"},
				"up": {"uv": [8.5, 0.5, 8, 0], "texture": "#0"},
				"down": {"uv": [8.5, 0, 8, 0.5], "texture": "#0"}
			}
		},
		{
			"from": [4, 2.4, 8],
			"to": [12, 14.6, 8],
			"faces": {
				"north": {"uv": [0, 0, 4, 6], "texture": "#0"},
				"south": {"uv": [4, 0, 8, 6], "texture": "#0"}
			}
		},
		{
			"from": [5, 3, 7.8],
			"to": [11, 14, 7.8],
			"rotation": {"angle": 0, "axis": "y", "origin": [0, 0, -0.1]},
			"faces": {
				"north": {"uv": [0, 7.5, 16, 16], "rotation": 90, "texture": "#0"},
				"south": {"uv": [0, 0, 0, 0], "texture": "#0"}
			}
		}
	],
	"gui_light": "front",
	"display": {
		"thirdperson_righthand": {
			"rotation": [81.44, 0.69, -45.42],
			"translation": [-5.5, 0.5, -0.5]
		},
		"thirdperson_lefthand": {
			"rotation": [81.44, 0.69, -45.42],
			"translation": [-5.5, 0.5, -0.5]
		},
		"firstperson_righthand": {
			"rotation": [-22, 110, 24],
			"translation": [2.75, 0.75, 0],
			"scale": [0.5, 0.5, 0.5]
		},
		"firstperson_lefthand": {
			"rotation": [-22, 110, 24],
			"translation": [2.75, 0.75, 0],
			"scale": [0.5, 0.5, 0.5]
		},
		"ground": {
			"rotation": [30, 0, 0],
			"translation": [0, 0.5, 0],
			"scale": [0.5, 0.5, 0.5]
		},
		"gui": {
			"rotation": [157.47, 16.44, -140.87],
			"translation": [0, -0.5, 0],
			"scale": [0.73, 0.73, 0.73]
		},
		"head": {
			"translation": [0, -8.25, -8],
			"scale": [1.6, 1.6, 1.6]
		},
		"fixed": {
			"translation": [0, -8.5, -0.5],
			"scale": [2, 2, 2]
		}
	}
}