{
	"credit": "Copyright © 2021-2099 Ikaho-Onsen Minecraft Server. All rights reserved.",
	"textures": {
		"1": "minecraft:item/da_call_bonk_g1"
	},
	"elements": [
		{
			"name": "light",
			"from": [9.5, 9, 6.5],
			"to": [6.5, 20, 9.5],
			"rotation": {"angle": 0, "axis": "y", "origin": [8, 8, 8]},
			"faces": {
				"north": {"uv": [2, 0, 5, 11], "texture": "#1"},
				"east": {"uv": [2, 0, 5, 11], "texture": "#1"},
				"south": {"uv": [2, 0, 5, 11], "texture": "#1"},
				"west": {"uv": [2, 0, 5, 11], "texture": "#1"},
				"up": {"uv": [9, 3, 6, 0], "texture": "#1"}
			}
		},
		{
			"from": [7, 9, 7],
			"to": [9, 19, 9],
			"rotation": {"angle": 0, "axis": "y", "origin": [8, 8, 8]},
			"faces": {
				"north": {"uv": [0, 0, 2, 10], "texture": "#1"},
				"east": {"uv": [0, 0, 2, 10], "texture": "#1"},
				"south": {"uv": [0, 0, 2, 10], "texture": "#1"},
				"west": {"uv": [0, 0, 2, 10], "texture": "#1"},
				"up": {"uv": [8, 6, 6, 4], "texture": "#1"}
			}
		},
		{
			"from": [7.5, 8.5, 4],
			"to": [8.5, 9.5, 7],
			"rotation": {"angle": 22.5, "axis": "x", "origin": [7.5, 8.5, 8]},
			"faces": {
				"north": {"uv": [3, 13, 2, 12], "rotation": 180, "texture": "#1"},
				"east": {"uv": [2, 13, 3, 16], "rotation": 90, "texture": "#1"},
				"west": {"uv": [2, 13, 3, 16], "rotation": 270, "texture": "#1"},
				"up": {"uv": [2, 13, 3, 16], "texture": "#1"},
				"down": {"uv": [2, 13, 3, 16], "rotation": 180, "texture": "#1"}
			}
		},
		{
			"from": [7, 3, 7],
			"to": [9, 8, 9],
			"rotation": {"angle": 0, "axis": "y", "origin": [8, 8, 8]},
			"faces": {
				"north": {"uv": [2, 10, 0, 16], "texture": "#1"},
				"east": {"uv": [0, 10, 2, 16], "texture": "#1"},
				"south": {"uv": [2, 10, 0, 16], "texture": "#1"},
				"west": {"uv": [0, 10, 2, 16], "texture": "#1"},
				"down": {"uv": [8, 6, 6, 8], "texture": "#1"}
			}
		},
		{
			"from": [6.5, 8, 6.5],
			"to": [9.5, 9, 9.5],
			"rotation": {"angle": 0, "axis": "y", "origin": [8, 8, 8]},
			"faces": {
				"north": {"uv": [8, 10, 6, 11], "texture": "#1"},
				"east": {"uv": [6, 10, 8, 11], "texture": "#1"},
				"south": {"uv": [8, 10, 6, 11], "texture": "#1"},
				"west": {"uv": [6, 10, 8, 11], "texture": "#1"},
				"up": {"uv": [10, 10, 8, 8], "texture": "#1"},
				"down": {"uv": [8, 8, 6, 10], "texture": "#1"}
			}
		},
		{
			"name": "cube_outline",
			"from": [8.8, 9.8, 7.3],
			"to": [7.2, 8.2, 3.7],
			"rotation": {"angle": 22.5, "axis": "x", "origin": [7.5, 8.5, 8]},
			"faces": {
				"east": {"uv": [3, 16, 4, 12], "rotation": 90, "texture": "#1"},
				"south": {"uv": [3, 12, 4, 13], "rotation": 180, "texture": "#1"},
				"west": {"uv": [3, 12, 4, 16], "rotation": 90, "texture": "#1"},
				"up": {"uv": [3, 12, 4, 16], "rotation": 180, "texture": "#1"},
				"down": {"uv": [3, 16, 4, 12], "rotation": 180, "texture": "#1"}
			}
		}
	],
	"gui_light": "front",
	"display": {
		"thirdperson_righthand": {
			"rotation": [0, -180, 0]
		},
		"thirdperson_lefthand": {
			"rotation": [0, -180, 0]
		},
		"firstperson_righthand": {
			"translation": [2.5, 0, 0],
			"scale": [0.7, 0.7, 0.7]
		},
		"firstperson_lefthand": {
			"translation": [2.5, 0, 0],
			"scale": [0.7, 0.7, 0.7]
		},
		"ground": {
			"rotation": [35, 0, 0],
			"translation": [0, 3, 0],
			"scale": [0.5, 0.5, 0.5]
		},
		"gui": {
			"rotation": [33, 180, 33],
			"translation": [-1.25, -2.25, 0],
			"scale": [0.85, 0.85, 0.85]
		},
		"head": {
			"rotation": [-40, -180, 0],
			"translation": [0, 8.25, -8.5],
			"scale": [1.5, 1.5, 1.5]
		},
		"fixed": {
			"rotation": [-55, -180, 0],
			"translation": [0, 0, -2],
			"scale": [2, 2, 2]
		}
	},
	"groups": [
		{
			"name": "group",
			"origin": [8, 8, 8],
			"color": 0,
			"nbt": "{}",
			"armAnimationEnabled": false,
			"children": [0, 1, 2, 3, 4, 5]
		}
	]
}