{
	"credit": "Copyright © 2021-2099 Ikaho-Onsen Minecraft Server. All rights reserved.",
	"textures": {
		"0": "minecraft:item/fauzh2",
		"particle": "minecraft:item/fauzh2"
	},
	"elements": [
		{
			"from": [7.5, 1, 7.5],
			"to": [8.5, 24, 8.5],
			"faces": {
				"north": {"uv": [0, 0, 1, 16], "texture": "#0"},
				"east": {"uv": [0, 0, 1, 16], "texture": "#0"},
				"south": {"uv": [0, 0, 1, 16], "texture": "#0"},
				"west": {"uv": [0, 0, 1, 16], "texture": "#0"},
				"up": {"uv": [0, 0, 1, 1], "texture": "#0"},
				"down": {"uv": [0, 0, 1, 1], "texture": "#0"}
			}
		},
		{
			"from": [6, 26, 6],
			"to": [10, 30, 12],
			"faces": {
				"north": {"uv": [10, 10, 14, 14], "texture": "#0"},
				"east": {"uv": [10, 12, 16, 16], "texture": "#0"},
				"south": {"uv": [10, 10, 14, 14], "texture": "#0"},
				"west": {"uv": [10, 12, 16, 16], "texture": "#0"},
				"up": {"uv": [11, 0.5, 15, 6.5], "texture": "#0"},
				"down": {"uv": [10, 10, 14, 16], "texture": "#0"}
			}
		},
		{
			"from": [5.5, 25.5, 4],
			"to": [10.5, 30.5, 6],
			"faces": {
				"north": {"uv": [11, 11, 16, 16], "texture": "#0"},
				"east": {"uv": [11, 11, 13, 16], "texture": "#0"},
				"south": {"uv": [11, 11, 16, 16], "texture": "#0"},
				"west": {"uv": [11, 11, 13, 16], "texture": "#0"},
				"up": {"uv": [11, 11, 16, 13], "texture": "#0"},
				"down": {"uv": [11, 11, 16, 13], "texture": "#0"}
			}
		},
		{
			"from": [5, 24.5, 2],
			"to": [11, 31.5, 4],
			"faces": {
				"north": {"uv": [10, 0, 16, 7], "texture": "#0"},
				"east": {"uv": [8, 0, 10, 7], "texture": "#0"},
				"south": {"uv": [10, 0, 16, 7], "texture": "#0"},
				"west": {"uv": [8, 0, 10, 7], "texture": "#0"},
				"up": {"uv": [10, 0, 16, 2], "texture": "#0"},
				"down": {"uv": [10, 0, 16, 2], "texture": "#0"}
			}
		},
		{
			"from": [6.5, 26.5, 12],
			"to": [9.5, 29.5, 13],
			"faces": {
				"north": {"uv": [13, 13, 16, 16], "texture": "#0"},
				"east": {"uv": [13, 13, 14, 16], "texture": "#0"},
				"south": {"uv": [11.5, 2, 14.5, 5], "texture": "#0"},
				"west": {"uv": [13, 13, 14, 16], "texture": "#0"},
				"up": {"uv": [13, 13, 16, 14], "texture": "#0"},
				"down": {"uv": [13, 13, 16, 14], "texture": "#0"}
			}
		},
		{
			"from": [7, 24, 7],
			"to": [9, 26, 9],
			"faces": {
				"north": {"uv": [14, 14, 16, 16], "texture": "#0"},
				"east": {"uv": [14, 14, 16, 16], "texture": "#0"},
				"south": {"uv": [14, 14, 16, 16], "texture": "#0"},
				"west": {"uv": [14, 14, 16, 16], "texture": "#0"},
				"up": {"uv": [14, 14, 16, 16], "texture": "#0"},
				"down": {"uv": [14, 14, 16, 16], "texture": "#0"}
			}
		},
		{
			"from": [7, 22.5, 7],
			"to": [9, 23.5, 9],
			"faces": {
				"north": {"uv": [14, 14, 16, 15], "texture": "#0"},
				"east": {"uv": [14, 14, 16, 15], "texture": "#0"},
				"south": {"uv": [14, 14, 16, 15], "texture": "#0"},
				"west": {"uv": [14, 14, 16, 15], "texture": "#0"},
				"up": {"uv": [14, 14, 16, 16], "texture": "#0"},
				"down": {"uv": [14, 14, 16, 16], "texture": "#0"}
			}
		},
		{
			"from": [7, 1.525, 7],
			"to": [9, 2.525, 9],
			"faces": {
				"north": {"uv": [14, 14, 16, 15], "texture": "#0"},
				"east": {"uv": [14, 14, 16, 15], "texture": "#0"},
				"south": {"uv": [14, 14, 16, 15], "texture": "#0"},
				"west": {"uv": [14, 14, 16, 15], "texture": "#0"},
				"up": {"uv": [14, 14, 16, 16], "texture": "#0"},
				"down": {"uv": [14, 14, 16, 16], "texture": "#0"}
			}
		},
		{
			"from": [7, -0.475, 7],
			"to": [9, 1.025, 9],
			"faces": {
				"north": {"uv": [14, 14, 16, 15.5], "texture": "#0"},
				"east": {"uv": [14, 14, 16, 15.5], "texture": "#0"},
				"south": {"uv": [14, 14, 16, 15.5], "texture": "#0"},
				"west": {"uv": [14, 14, 16, 15.5], "texture": "#0"},
				"up": {"uv": [14, 14, 16, 16], "texture": "#0"},
				"down": {"uv": [14, 14, 16, 16], "texture": "#0"}
			}
		},
		{
			"from": [7.25, -1.225, 7.25],
			"to": [8.75, -0.475, 8.75],
			"faces": {
				"north": {"uv": [14, 14, 15.5, 14.75], "texture": "#0"},
				"east": {"uv": [14, 14, 15.5, 14.75], "texture": "#0"},
				"south": {"uv": [14, 14, 15.5, 14.75], "texture": "#0"},
				"west": {"uv": [14, 14, 15.5, 14.75], "texture": "#0"},
				"up": {"uv": [14, 14, 15.5, 15.5], "texture": "#0"},
				"down": {"uv": [14, 14, 15.5, 15.5], "texture": "#0"}
			}
		},
		{
			"from": [7.5, -1.725, 7.5],
			"to": [8.5, -1.225, 8.5],
			"faces": {
				"north": {"uv": [14, 14, 15, 14.5], "texture": "#0"},
				"east": {"uv": [14, 14, 15, 14.5], "texture": "#0"},
				"south": {"uv": [14, 14, 15, 14.5], "texture": "#0"},
				"west": {"uv": [14, 14, 15, 14.5], "texture": "#0"},
				"up": {"uv": [14, 14, 15, 15], "texture": "#0"},
				"down": {"uv": [14, 14, 15, 15], "texture": "#0"}
			}
		}
	],
	"display": {
		"thirdperson_righthand": {
			"translation": [0, -9, 0]
		},
		"thirdperson_lefthand": {
			"translation": [0, -9, 0]
		},
		"firstperson_righthand": {
			"rotation": [13, -3, -11],
			"translation": [2, -7.5, -5.25]
		},
		"firstperson_lefthand": {
			"rotation": [13, -3, -11],
			"translation": [2, -7.5, -5.25]
		},
		"ground": {
			"translation": [0, 4, 0]
		},
		"gui": {
			"rotation": [83, -134, 91],
			"translation": [-4.25, -3.5, 0],
			"scale": [0.7, 0.7, 0.7]
		},
		"head": {
			"rotation": [90, -40, 90],
			"translation": [7.25, -19, 3.75],
			"scale": [1.5, 1.5, 1.5]
		},
		"fixed": {
			"rotation": [85, 0, 0],
			"translation": [0, -6.25, -53.5],
			"scale": [2.5, 2.5, 2.5]
		}
	}
}