{
	"credit": "Made with Blockbench",
	"texture_size": [32, 32],
	"textures": {
		"0": "item/rabbit_hat_01",
		"particle": "item/rabbit_hat_01"
	},
	"elements": [
		{
			"from": [1, 8.5392, 5.46004],
			"to": [2, 11.5392, 8.46004],
			"rotation": {"angle": -45, "axis": "x", "origin": [1.5, 10.0392, 6.96004]},
			"faces": {
				"north": {"uv": [0, 14.5, 0.5, 16], "texture": "#0"},
				"east": {"uv": [2, 14.5, 3.5, 16], "texture": "#0"},
				"south": {"uv": [1, 14.5, 1.5, 16], "texture": "#0"},
				"west": {"uv": [0, 14.5, 1.5, 16], "texture": "#0"},
				"up": {"uv": [1.5, 15, 0, 14.5], "rotation": 270, "texture": "#0"},
				"down": {"uv": [1.5, 16, 0, 15.5], "rotation": 90, "texture": "#0"}
			}
		},
		{
			"from": [2.05, 5.47136, 5.4327],
			"to": [2.05, 9.47136, 8.4327],
			"rotation": {"angle": 0, "axis": "x", "origin": [1.5, 9.97136, 6.9327]},
			"faces": {
				"east": {"uv": [4, 14, 5.5, 16], "texture": "#0"},
				"west": {"uv": [4, 14, 5.5, 16], "texture": "#0"}
			}
		},
		{
			"from": [2.05, 2.47136, 5.4327],
			"to": [2.05, 5.47136, 8.4327],
			"rotation": {"angle": -22.5, "axis": "z", "origin": [2.05, 5.47136, 5.4327]},
			"faces": {
				"east": {"uv": [5.5, 14.5, 7, 16], "texture": "#0"},
				"west": {"uv": [5.5, 14.5, 7, 16], "texture": "#0"}
			}
		},
		{
			"from": [4.2, 12.26099, 7.43201],
			"to": [7.2, 18.26099, 8.43201],
			"rotation": {"angle": 22.5, "axis": "z", "origin": [8.26413, 12.26099, 7.93201]},
			"faces": {
				"north": {"uv": [12.5, 10, 14, 13], "texture": "#0"}
			}
		},
		{
			"from": [9.22836, 11.11294, 7.45701],
			"to": [12.22836, 17.11294, 8.45701],
			"rotation": {"angle": 45, "axis": "x", "origin": [10.93587, 12.26099, 8.05701]},
			"faces": {
				"north": {"uv": [14, 10, 12.5, 13], "texture": "#0"}
			}
		},
		{
			"from": [2.975, 8.47136, 2.4327],
			"to": [13.025, 9.47136, 7.4327],
			"rotation": {"angle": 0, "axis": "x", "origin": [8, 12.40486, 8.65119]},
			"faces": {
				"north": {"uv": [11, 3, 16, 3.5], "texture": "#0"},
				"east": {"uv": [4.5, 11.5, 2, 12], "texture": "#0"},
				"west": {"uv": [2, 11.5, 4.5, 12], "texture": "#0"},
				"down": {"uv": [5, 9, 0, 11.5], "texture": "#0"}
			}
		},
		{
			"from": [3, 8, 7.5],
			"to": [13, 9, 15.5],
			"rotation": {"angle": 22.5, "axis": "x", "origin": [8, 12.40486, 8.65119]},
			"faces": {
				"east": {"uv": [15, 3.5, 11, 4], "texture": "#0"},
				"south": {"uv": [11, 3, 16, 3.5], "texture": "#0"},
				"west": {"uv": [11, 3.5, 15, 4], "texture": "#0"},
				"down": {"uv": [11, 0, 6, 4], "texture": "#0"}
			}
		},
		{
			"from": [9.22836, 11.11294, 7.45701],
			"to": [12.22836, 17.11294, 8.45701],
			"rotation": {"angle": 45, "axis": "x", "origin": [10.93587, 12.26099, 8.05701]},
			"faces": {
				"north": {"uv": [12.5, 10, 11, 13], "texture": "#0", "tintindex": 0},
				"east": {"uv": [2, 11.5, 1.5, 14.5], "texture": "#0", "tintindex": 0},
				"south": {"uv": [1.5, 11.5, 0, 14.5], "texture": "#0", "tintindex": 0},
				"west": {"uv": [2, 11.5, 1.5, 14.5], "texture": "#0", "tintindex": 0},
				"up": {"uv": [2, 12.5, 3.5, 12], "texture": "#0", "tintindex": 0},
				"down": {"uv": [3.5, 12, 5, 12.5], "texture": "#0", "tintindex": 0}
			}
		},
		{
			"from": [4.2, 12.26099, 7.43201],
			"to": [7.2, 18.26099, 8.43201],
			"rotation": {"angle": 22.5, "axis": "z", "origin": [8.26413, 12.26099, 7.93201]},
			"faces": {
				"north": {"uv": [11, 10, 12.5, 13], "texture": "#0", "tintindex": 0},
				"east": {"uv": [1.5, 11.5, 2, 14.5], "texture": "#0", "tintindex": 0},
				"south": {"uv": [0, 11.5, 1.5, 14.5], "texture": "#0", "tintindex": 0},
				"west": {"uv": [1.5, 11.5, 2, 14.5], "texture": "#0", "tintindex": 0},
				"up": {"uv": [3.5, 12.5, 2, 12], "texture": "#0", "tintindex": 0},
				"down": {"uv": [5, 12, 3.5, 12.5], "texture": "#0", "tintindex": 0}
			}
		},
		{
			"from": [2.025, 9.47136, 1.4327],
			"to": [13.975, 12.47136, 7.4327],
			"rotation": {"angle": 0, "axis": "x", "origin": [8, 12.40486, 8.65119]},
			"faces": {
				"north": {"uv": [5, 10, 11, 11.5], "texture": "#0", "tintindex": 0},
				"east": {"uv": [14, 1.5, 11, 3], "texture": "#0", "tintindex": 0},
				"west": {"uv": [11, 1.5, 14, 3], "texture": "#0", "tintindex": 0},
				"up": {"uv": [12, 7, 6, 4], "texture": "#0", "tintindex": 0},
				"down": {"uv": [12, 7, 6, 10], "texture": "#0", "tintindex": 0}
			}
		},
		{
			"from": [2, 9, 7.5],
			"to": [14, 12, 16.5],
			"rotation": {"angle": 22.5, "axis": "x", "origin": [8, 12.40486, 8.65119]},
			"faces": {
				"east": {"uv": [15.5, 0, 11, 1.5], "texture": "#0", "tintindex": 0},
				"south": {"uv": [5, 10, 11, 11.5], "texture": "#0", "tintindex": 0},
				"west": {"uv": [11, 0, 15.5, 1.5], "texture": "#0", "tintindex": 0},
				"up": {"uv": [6, 4.5, 0, 0], "texture": "#0", "tintindex": 0},
				"down": {"uv": [6, 4.5, 0, 9], "texture": "#0", "tintindex": 0}
			}
		}
	],
	"gui_light": "front",
	"display": {
		"thirdperson_righthand": {
			"rotation": [75, 45, 0],
			"translation": [0, 2.5, 0],
			"scale": [0.375, 0.375, 0.375]
		},
		"thirdperson_lefthand": {
			"rotation": [75, 45, 0],
			"translation": [0, 2.5, 0],
			"scale": [0.375, 0.375, 0.375]
		},
		"firstperson_righthand": {
			"rotation": [0, 45, 0],
			"translation": [2.5, 0, 0],
			"scale": [0.4, 0.4, 0.4]
		},
		"firstperson_lefthand": {
			"rotation": [0, 45, 0],
			"translation": [2.5, 0, 0],
			"scale": [0.4, 0.4, 0.4]
		},
		"ground": {
			"translation": [0, 2, 0],
			"scale": [0.5, 0.5, 0.5]
		},
		"gui": {
			"rotation": [33, 135, 0],
			"translation": [-0.25, -1, 0],
			"scale": [0.78, 0.78, 0.78]
		},
		"head": {
			"translation": [0, 2.5, 0.5],
			"scale": [1.6, 1.6, 1.6]
		},
		"fixed": {
			"rotation": [-90, 180, 0],
			"translation": [0, 0, 2],
			"scale": [2, 2, 2]
		}
	},
	"groups": [
		0,
		1,
		2,
		3,
		4,
		5,
		6,
		{
			"name": "ink",
			"origin": [8, 12.40486, 8.65119],
			"color": 0,
			"nbt": "{}",
			"armAnimationEnabled": false,
			"children": [7, 8, 9, 10]
		}
	]
}