{
	"credit": "Copyright © 2021-2099 Ikaho-Onsen Minecraft Server. All rights reserved.",
	"texture_size": [32, 32],
	"textures": {
		"0": "minecraft:item/boxing_gloves_01",
		"particle": "minecraft:item/boxing_gloves_01"
	},
	"elements": [
		{
			"from": [5.67884, 2.75, 8.45748],
			"to": [10.67884, 8.75, 11.45748],
			"rotation": {"angle": 0, "axis": "x", "origin": [7.18588, 5.30814, 6.86464]},
			"faces": {
				"north": {"uv": [6.5, 4, 9, 7], "texture": "#0"},
				"east": {"uv": [1.5, 8, 3, 11], "texture": "#0"},
				"south": {"uv": [6.5, 4, 9, 7], "texture": "#0"},
				"west": {"uv": [3, 8, 1.5, 11], "texture": "#0"},
				"up": {"uv": [9.5, 3.5, 7, 2], "texture": "#0"},
				"down": {"uv": [11, 2, 13.5, 3.5], "texture": "#0"}
			}
		},
		{
			"from": [6.67884, 1.75, 5.45748],
			"to": [11.67884, 9.75, 8.45748],
			"rotation": {"angle": 0, "axis": "y", "origin": [7.17884, 6.30814, 6.55031]},
			"faces": {
				"east": {"uv": [6.5, 7, 8, 11], "texture": "#0", "tintindex": 0},
				"south": {"uv": [0, 4, 2.5, 8], "texture": "#0", "tintindex": 0},
				"west": {"uv": [0, 8, 1.5, 12], "texture": "#0", "tintindex": 0},
				"up": {"uv": [5.5, 9.5, 3, 8], "texture": "#0", "tintindex": 0},
				"down": {"uv": [2.5, 12, 0, 13.5], "texture": "#0", "tintindex": 0}
			}
		},
		{
			"from": [4.67884, 1.75, 1.45748],
			"to": [11.67884, 9.75, 5.45748],
			"rotation": {"angle": 0, "axis": "y", "origin": [7.17884, 6.30814, 6.55031]},
			"faces": {
				"north": {"uv": [0, 0, 3.5, 4], "texture": "#0", "tintindex": 0},
				"east": {"uv": [2.5, 4, 4.5, 8], "texture": "#0", "tintindex": 0},
				"south": {"uv": [3.5, 0, 7, 4], "texture": "#0", "tintindex": 0},
				"west": {"uv": [4.5, 4, 6.5, 8], "texture": "#0", "tintindex": 0},
				"up": {"uv": [10.5, 2, 7, 0], "texture": "#0", "tintindex": 0},
				"down": {"uv": [14, 0, 10.5, 2], "texture": "#0", "tintindex": 0}
			}
		},
		{
			"from": [3.67884, 4.06979, 4.22352],
			"to": [6.67884, 9.06979, 7.22352],
			"rotation": {"angle": 22.5, "axis": "x", "origin": [7.17884, 6.30814, 6.55031]},
			"faces": {
				"north": {"uv": [8, 7, 9.5, 9.5], "texture": "#0", "tintindex": 0},
				"south": {"uv": [9, 3.5, 10.5, 6], "texture": "#0", "tintindex": 0},
				"west": {"uv": [3, 9.5, 4.5, 12], "texture": "#0", "tintindex": 0},
				"up": {"uv": [11, 3.5, 9.5, 2], "texture": "#0", "tintindex": 0},
				"down": {"uv": [6, 9.5, 4.5, 11], "texture": "#0", "tintindex": 0}
			}
		}
	],
	"gui_light": "front",
	"display": {
		"thirdperson_righthand": {
			"translation": [-0.25, 0.25, 1.25]
		},
		"thirdperson_lefthand": {
			"rotation": [0, 0, 180],
			"translation": [-0.25, -4.5, 1.25]
		},
		"firstperson_righthand": {
			"rotation": [54, 0, -11],
			"translation": [3.75, 0, 0],
			"scale": [0.7, 0.7, 0.7]
		},
		"firstperson_lefthand": {
			"rotation": [54, 0, 169],
			"translation": [3.75, 0, 0],
			"scale": [0.7, 0.7, 0.7]
		},
		"ground": {
			"translation": [0, 2, 0],
			"scale": [0.6, 0.6, 0.6]
		},
		"gui": {
			"rotation": [33, 135, 0],
			"translation": [1.5, 2.5, 0]
		},
		"head": {
			"rotation": [13, 139, 58],
			"translation": [12.75, 1, -9.75],
			"scale": [1.5, 1.5, 1.5]
		},
		"fixed": {
			"translation": [0.75, 4.5, -7],
			"scale": [2, 2, 2]
		}
	},
	"groups": [
		{
			"name": "group",
			"origin": [7.17884, 6.30814, 6.55031],
			"color": 0,
			"nbt": "{}",
			"armAnimationEnabled": false,
			"children": [0, 1, 2, 3]
		}
	]
}