{
	"credit": "Made with Blockbench",
	"texture_size": [32, 32],
	"textures": {
		"0": "item/construction_hat_02",
		"particle": "item/construction_hat_02"
	},
	"elements": [
		{
			"from": [2, 7, 2],
			"to": [14, 8, 14],
			"rotation": {"angle": 0, "axis": "y", "origin": [8, 8, 4.75]},
			"faces": {
				"north": {"uv": [10, 8, 16, 8.5], "texture": "#0"},
				"east": {"uv": [16, 9, 10, 9.5], "texture": "#0"},
				"south": {"uv": [10, 8.5, 16, 9], "texture": "#0"},
				"west": {"uv": [10, 9, 16, 9.5], "texture": "#0"},
				"up": {"uv": [6, 6, 0, 0], "texture": "#0"},
				"down": {"uv": [6, 0, 0, 6], "texture": "#0"}
			}
		},
		{
			"from": [3, 8, 3],
			"to": [13, 13, 13],
			"rotation": {"angle": 0, "axis": "y", "origin": [8, 8, 4.75]},
			"faces": {
				"north": {"uv": [6, 0, 11, 2.5], "texture": "#0"},
				"east": {"uv": [15.5, 13.5, 10.5, 16], "texture": "#0"},
				"south": {"uv": [6, 2.5, 11, 5], "texture": "#0"},
				"west": {"uv": [10.5, 13.5, 15.5, 16], "texture": "#0"},
				"up": {"uv": [5, 11, 0, 6], "texture": "#0"}
			}
		},
		{
			"from": [3, 3, 7],
			"to": [13, 7, 10],
			"rotation": {"angle": 0, "axis": "y", "origin": [8, 8, 4.75]},
			"faces": {
				"east": {"uv": [2.5, 11, 1, 13], "texture": "#0"},
				"west": {"uv": [1, 11, 2.5, 13], "texture": "#0"},
				"down": {"uv": [10, 8.5, 5, 10], "texture": "#0"}
			}
		},
		{
			"from": [6, 2, 7],
			"to": [9, 3, 10],
			"rotation": {"angle": 0, "axis": "y", "origin": [7, 7, 4.75]},
			"faces": {
				"north": {"uv": [7, 9.5, 8.5, 10], "texture": "#0"},
				"east": {"uv": [7, 10, 7.5, 8.5], "rotation": 90, "texture": "#0"},
				"south": {"uv": [7, 9.5, 8.5, 10], "texture": "#0"},
				"west": {"uv": [7, 8.5, 8.5, 9], "texture": "#0"},
				"down": {"uv": [8.5, 8.5, 7, 10], "texture": "#0"}
			}
		},
		{
			"from": [3, 7, 0],
			"to": [13, 8, 2],
			"rotation": {"angle": 0, "axis": "z", "origin": [8, 8, 4.75]},
			"faces": {
				"north": {"uv": [10, 9.5, 15, 10], "texture": "#0"},
				"east": {"uv": [9.5, 5, 8.5, 5.5], "texture": "#0"},
				"west": {"uv": [8.5, 5, 9.5, 5.5], "texture": "#0"},
				"up": {"uv": [15, 11, 10, 10], "texture": "#0"},
				"down": {"uv": [15, 7, 10, 8], "texture": "#0"}
			}
		},
		{
			"from": [6, 8, 2],
			"to": [10, 14, 14],
			"rotation": {"angle": 0, "axis": "y", "origin": [8, 8, 4.75]},
			"faces": {
				"north": {"uv": [7, 10, 9, 13], "texture": "#0"},
				"east": {"uv": [10, 13, 16, 16], "texture": "#0"},
				"south": {"uv": [11, 0.5, 13, 3.5], "texture": "#0"},
				"west": {"uv": [16, 13, 10, 16], "texture": "#0"},
				"up": {"uv": [7, 16, 5, 10], "texture": "#0"}
			}
		},
		{
			"name": "cube inverted",
			"from": [13, 7, 10],
			"to": [3, 3, 7],
			"rotation": {"angle": 0, "axis": "y", "origin": [8, 8, 4.75]},
			"faces": {
				"east": {"uv": [1, 13, 2.5, 11], "texture": "#0"},
				"west": {"uv": [2.5, 13, 1, 11], "texture": "#0"},
				"up": {"uv": [5, 8.5, 10, 10], "texture": "#0"}
			}
		}
	],
	"gui_light": "front",
	"display": {
		"thirdperson_righthand": {
			"rotation": [75, 45, 0],
			"translation": [0, 2.5, 0],
			"scale": [0.375, 0.375, 0.375]
		},
		"thirdperson_lefthand": {
			"rotation": [75, 45, 0],
			"translation": [0, 2.5, 0],
			"scale": [0.375, 0.375, 0.375]
		},
		"firstperson_righthand": {
			"rotation": [0, 45, 0],
			"translation": [2.5, 0, 0],
			"scale": [0.4, 0.4, 0.4]
		},
		"firstperson_lefthand": {
			"rotation": [0, 45, 0],
			"translation": [2.5, 0, 0],
			"scale": [0.4, 0.4, 0.4]
		},
		"ground": {
			"translation": [0, 2, 0],
			"scale": [0.5, 0.5, 0.5]
		},
		"gui": {
			"rotation": [33, 135, 0],
			"translation": [0.25, -0.75, 0],
			"scale": [0.84, 0.84, 0.84]
		},
		"head": {
			"scale": [1.5, 1.5, 1.5]
		},
		"fixed": {
			"rotation": [-90, 0, 0],
			"translation": [0, 0, -1],
			"scale": [2, 2, 2]
		}
	}
}