{
	"credit": "Copyright © 2021-2099 Ikaho-Onsen Minecraft Server. All rights reserved.",
	"textures": {
		"0": "minecraft:item/dango",
		"particle": "minecraft:item/dango"
	},
	"elements": [
		{
			"from": [4, 3, 4],
			"to": [12, 4, 12],
			"rotation": {"angle": 0, "axis": "y", "origin": [8, 4.44138, 8]},
			"faces": {
				"north": {"uv": [6, 8, 14, 9], "texture": "#0"},
				"east": {"uv": [6, 8, 14, 9], "texture": "#0"},
				"south": {"uv": [6, 8, 14, 9], "texture": "#0"},
				"west": {"uv": [6, 8, 14, 9], "texture": "#0"},
				"down": {"uv": [8, 0, 0, 8], "texture": "#0"}
			}
		},
		{
			"from": [6, 5, 5],
			"to": [10, 5, 11],
			"rotation": {"angle": 0, "axis": "y", "origin": [8, 6.44138, 8]},
			"faces": {
				"up": {"uv": [12, 10, 16, 16], "texture": "#0"}
			}
		},
		{
			"from": [5.0201, 7, 7],
			"to": [7.0201, 9, 9],
			"rotation": {"angle": 45, "axis": "y", "origin": [8, 7.44138, 8]},
			"faces": {
				"north": {"uv": [6, 10, 8, 12], "texture": "#0"},
				"east": {"uv": [6, 10, 8, 12], "texture": "#0"},
				"south": {"uv": [6, 10, 8, 12], "texture": "#0"},
				"west": {"uv": [6, 10, 8, 12], "texture": "#0"},
				"up": {"uv": [2, 14, 0, 12], "texture": "#0"}
			}
		},
		{
			"from": [7, 7, 8.9799],
			"to": [9, 9, 10.9799],
			"rotation": {"angle": 45, "axis": "y", "origin": [8, 7.44138, 8]},
			"faces": {
				"north": {"uv": [6, 10, 8, 12], "texture": "#0"},
				"east": {"uv": [6, 10, 8, 12], "texture": "#0"},
				"south": {"uv": [6, 10, 8, 12], "texture": "#0"},
				"west": {"uv": [6, 10, 8, 12], "texture": "#0"},
				"up": {"uv": [2, 14, 0, 12], "texture": "#0"}
			}
		},
		{
			"from": [7, 9, 6.9799],
			"to": [9, 11, 8.9799],
			"rotation": {"angle": 45, "axis": "y", "origin": [8, 7.44138, 8]},
			"faces": {
				"north": {"uv": [6, 10, 8, 12], "texture": "#0"},
				"east": {"uv": [6, 10, 8, 12], "texture": "#0"},
				"south": {"uv": [6, 10, 8, 12], "texture": "#0"},
				"west": {"uv": [6, 10, 8, 12], "texture": "#0"},
				"up": {"uv": [2, 14, 0, 12], "texture": "#0"}
			}
		},
		{
			"from": [7, 7, 5.0201],
			"to": [9, 9, 7.0201],
			"rotation": {"angle": 45, "axis": "y", "origin": [8, 7.44138, 8]},
			"faces": {
				"north": {"uv": [6, 10, 8, 12], "texture": "#0"},
				"east": {"uv": [6, 10, 8, 12], "texture": "#0"},
				"south": {"uv": [6, 10, 8, 12], "texture": "#0"},
				"west": {"uv": [6, 10, 8, 12], "texture": "#0"},
				"up": {"uv": [2, 14, 0, 12], "texture": "#0"}
			}
		},
		{
			"from": [5.6, 5, 4.0201],
			"to": [7.6, 7, 6.0201],
			"rotation": {"angle": 45, "axis": "y", "origin": [6.6, 7.44138, 7]},
			"faces": {
				"north": {"uv": [6, 10, 8, 12], "texture": "#0"},
				"east": {"uv": [6, 10, 8, 12], "texture": "#0"},
				"south": {"uv": [6, 10, 8, 12], "texture": "#0"},
				"west": {"uv": [6, 10, 8, 12], "texture": "#0"},
				"up": {"uv": [2, 14, 0, 12], "texture": "#0"}
			}
		},
		{
			"from": [5.6, 5, 6.4201],
			"to": [7.6, 7, 8.4201],
			"rotation": {"angle": 45, "axis": "y", "origin": [6.6, 7.44138, 9.4]},
			"faces": {
				"north": {"uv": [6, 10, 8, 12], "texture": "#0"},
				"east": {"uv": [6, 10, 8, 12], "texture": "#0"},
				"south": {"uv": [6, 10, 8, 12], "texture": "#0"},
				"west": {"uv": [6, 10, 8, 12], "texture": "#0"},
				"up": {"uv": [2, 14, 0, 12], "texture": "#0"}
			}
		},
		{
			"from": [8.4, 5, 4.0201],
			"to": [10.4, 7, 6.0201],
			"rotation": {"angle": 45, "axis": "y", "origin": [9.4, 7.44138, 7]},
			"faces": {
				"north": {"uv": [6, 10, 8, 12], "texture": "#0"},
				"east": {"uv": [6, 10, 8, 12], "texture": "#0"},
				"south": {"uv": [6, 10, 8, 12], "texture": "#0"},
				"west": {"uv": [6, 10, 8, 12], "texture": "#0"},
				"up": {"uv": [2, 14, 0, 12], "texture": "#0"}
			}
		},
		{
			"from": [11.2, 5, 4.0201],
			"to": [13.2, 7, 6.0201],
			"rotation": {"angle": 45, "axis": "y", "origin": [12.2, 7.44138, 7]},
			"faces": {
				"north": {"uv": [6, 10, 8, 12], "texture": "#0"},
				"east": {"uv": [6, 10, 8, 12], "texture": "#0"},
				"south": {"uv": [6, 10, 8, 12], "texture": "#0"},
				"west": {"uv": [6, 10, 8, 12], "texture": "#0"},
				"up": {"uv": [2, 14, 0, 12], "texture": "#0"}
			}
		},
		{
			"from": [11.2, 6, 6.4201],
			"to": [13.2, 8, 8.4201],
			"rotation": {"angle": 45, "axis": "y", "origin": [12.2, 8.44138, 9.4]},
			"faces": {
				"north": {"uv": [6, 10, 8, 12], "texture": "#0"},
				"east": {"uv": [6, 10, 8, 12], "texture": "#0"},
				"south": {"uv": [6, 10, 8, 12], "texture": "#0"},
				"west": {"uv": [6, 10, 8, 12], "texture": "#0"},
				"up": {"uv": [2, 14, 0, 12], "texture": "#0"}
			}
		},
		{
			"from": [11.2, 5, 8.8201],
			"to": [13.2, 7, 10.8201],
			"rotation": {"angle": 45, "axis": "y", "origin": [12.2, 7.44138, 11.8]},
			"faces": {
				"north": {"uv": [6, 10, 8, 12], "texture": "#0"},
				"east": {"uv": [6, 10, 8, 12], "texture": "#0"},
				"south": {"uv": [6, 10, 8, 12], "texture": "#0"},
				"west": {"uv": [6, 10, 8, 12], "texture": "#0"},
				"up": {"uv": [2, 14, 0, 12], "texture": "#0"}
			}
		},
		{
			"from": [8.4, 5, 8.8201],
			"to": [10.4, 7, 10.8201],
			"rotation": {"angle": 45, "axis": "y", "origin": [9.4, 7.44138, 11.8]},
			"faces": {
				"north": {"uv": [6, 10, 8, 12], "texture": "#0"},
				"east": {"uv": [6, 10, 8, 12], "texture": "#0"},
				"south": {"uv": [6, 10, 8, 12], "texture": "#0"},
				"west": {"uv": [6, 10, 8, 12], "texture": "#0"},
				"up": {"uv": [2, 14, 0, 12], "texture": "#0"}
			}
		},
		{
			"from": [5.6, 5, 8.8201],
			"to": [7.6, 7, 10.8201],
			"rotation": {"angle": 45, "axis": "y", "origin": [6.6, 7.44138, 11.8]},
			"faces": {
				"north": {"uv": [6, 10, 8, 12], "texture": "#0"},
				"east": {"uv": [6, 10, 8, 12], "texture": "#0"},
				"south": {"uv": [6, 10, 8, 12], "texture": "#0"},
				"west": {"uv": [6, 10, 8, 12], "texture": "#0"},
				"up": {"uv": [2, 14, 0, 12], "texture": "#0"}
			}
		},
		{
			"from": [9.34908, 10.73448, 5.98579],
			"to": [11.34908, 10.73448, 9.98579],
			"rotation": {"angle": 22.5, "axis": "z", "origin": [8, 7.44138, 8]},
			"faces": {
				"up": {"uv": [12, 14, 8, 12], "rotation": 270, "texture": "#0"},
				"down": {"uv": [12, 12, 8, 14], "rotation": 90, "texture": "#0"}
			}
		},
		{
			"from": [4.62466, 10.7236, 5.98579],
			"to": [6.62466, 10.7236, 9.98579],
			"rotation": {"angle": -22.5, "axis": "z", "origin": [8, 7.44138, 8]},
			"faces": {
				"up": {"uv": [12, 16, 8, 14], "rotation": 270, "texture": "#0"},
				"down": {"uv": [12, 14, 8, 16], "rotation": 90, "texture": "#0"}
			}
		},
		{
			"from": [8.9799, 7, 7],
			"to": [10.9799, 9, 9],
			"rotation": {"angle": 45, "axis": "y", "origin": [8, 7.44138, 8]},
			"faces": {
				"north": {"uv": [6, 10, 8, 12], "texture": "#0"},
				"east": {"uv": [6, 10, 8, 12], "texture": "#0"},
				"south": {"uv": [6, 10, 8, 12], "texture": "#0"},
				"west": {"uv": [6, 10, 8, 12], "texture": "#0"},
				"up": {"uv": [2, 14, 0, 12], "texture": "#0"}
			}
		},
		{
			"from": [2.55644, 6.64012, 5],
			"to": [4.55644, 6.64012, 11],
			"rotation": {"angle": 22.5, "axis": "z", "origin": [8.33809, 4.43486, 8]},
			"faces": {
				"up": {"uv": [10, 6, 8, 0], "texture": "#0"},
				"down": {"uv": [10, 0, 8, 6], "texture": "#0"}
			}
		},
		{
			"from": [4, 5.025, 5],
			"to": [6, 5.025, 11],
			"rotation": {"angle": 0, "axis": "z", "origin": [5, 1.025, 8]},
			"faces": {
				"up": {"uv": [6, 14, 4, 8], "texture": "#0"},
				"down": {"uv": [6, 8, 4, 14], "texture": "#0"}
			}
		},
		{
			"from": [11.44356, 6.64012, 5],
			"to": [13.44356, 6.64012, 11],
			"rotation": {"angle": -22.5, "axis": "z", "origin": [7.66191, 4.43486, 8]},
			"faces": {
				"up": {"uv": [8, 6, 10, 0], "texture": "#0"},
				"down": {"uv": [8, 0, 10, 6], "texture": "#0"}
			}
		},
		{
			"from": [10, 5.025, 5],
			"to": [12, 5.025, 11],
			"rotation": {"angle": 0, "axis": "z", "origin": [11, 1.025, 8]},
			"faces": {
				"up": {"uv": [4, 14, 6, 8], "texture": "#0"},
				"down": {"uv": [4, 8, 6, 14], "texture": "#0"}
			}
		},
		{
			"from": [4, 4, 5],
			"to": [5, 5, 11],
			"rotation": {"angle": 0, "axis": "y", "origin": [8, 4.44138, 8]},
			"faces": {
				"west": {"uv": [9, 7, 15, 8], "texture": "#0"},
				"up": {"uv": [13, 10, 7, 9], "rotation": 270, "texture": "#0"}
			}
		},
		{
			"from": [11, 4, 5],
			"to": [12, 5, 11],
			"rotation": {"angle": 0, "axis": "y", "origin": [8, 4.44138, 8]},
			"faces": {
				"east": {"uv": [9, 7, 15, 8], "texture": "#0"},
				"up": {"uv": [7, 9, 13, 10], "rotation": 270, "texture": "#0"}
			}
		},
		{
			"from": [4, 4, 4],
			"to": [12, 5, 5],
			"rotation": {"angle": 0, "axis": "y", "origin": [8, 4.44138, 8]},
			"faces": {
				"north": {"uv": [8, 7, 16, 8], "texture": "#0"},
				"east": {"uv": [13, 5, 12, 6], "texture": "#0"},
				"south": {"uv": [16, 7, 8, 8], "texture": "#0"},
				"west": {"uv": [12, 5, 13, 6], "texture": "#0"},
				"up": {"uv": [14, 10, 6, 9], "texture": "#0"}
			}
		},
		{
			"from": [4, 4, 11],
			"to": [12, 5, 12],
			"rotation": {"angle": 0, "axis": "y", "origin": [8, 4.44138, 8]},
			"faces": {
				"north": {"uv": [16, 7, 8, 8], "texture": "#0"},
				"east": {"uv": [12, 5, 13, 6], "texture": "#0"},
				"south": {"uv": [8, 7, 16, 8], "texture": "#0"},
				"west": {"uv": [13, 5, 12, 6], "texture": "#0"},
				"up": {"uv": [6, 9, 14, 10], "texture": "#0"}
			}
		},
		{
			"from": [6, 0, 6],
			"to": [7, 1, 10],
			"rotation": {"angle": 0, "axis": "y", "origin": [8, 4.44138, 8]},
			"faces": {
				"north": {"uv": [7, 12, 8, 13], "texture": "#0"},
				"east": {"uv": [16, 4, 12, 5], "texture": "#0"},
				"south": {"uv": [8, 12, 7, 13], "texture": "#0"},
				"west": {"uv": [12, 4, 16, 5], "texture": "#0"},
				"down": {"uv": [7, 12, 6, 16], "texture": "#0"}
			}
		},
		{
			"from": [9, 0, 6],
			"to": [10, 1, 10],
			"rotation": {"angle": 0, "axis": "y", "origin": [8, 4.44138, 8]},
			"faces": {
				"north": {"uv": [8, 12, 7, 13], "texture": "#0"},
				"east": {"uv": [16, 4, 12, 5], "texture": "#0"},
				"south": {"uv": [7, 12, 8, 13], "texture": "#0"},
				"west": {"uv": [12, 4, 16, 5], "texture": "#0"},
				"down": {"uv": [6, 12, 7, 16], "texture": "#0"}
			}
		},
		{
			"from": [6, 1, 6],
			"to": [10, 3, 10],
			"rotation": {"angle": 0, "axis": "y", "origin": [8, 4.44138, 8]},
			"faces": {
				"north": {"uv": [10, 0, 14, 2], "texture": "#0"},
				"east": {"uv": [14, 2, 10, 4], "texture": "#0"},
				"south": {"uv": [14, 0, 10, 2], "texture": "#0"},
				"west": {"uv": [10, 2, 14, 4], "texture": "#0"},
				"down": {"uv": [4, 8, 0, 12], "texture": "#0"}
			}
		}
	],
	"gui_light": "front",
	"display": {
		"thirdperson_righthand": {
			"rotation": [67.5, 0, 0],
			"translation": [0, 4.75, 6.25]
		},
		"thirdperson_lefthand": {
			"rotation": [67.5, 0, 0],
			"translation": [0, 4.75, 6.25]
		},
		"firstperson_righthand": {
			"translation": [2.5, 1.5, 0],
			"scale": [0.7, 0.7, 0.7]
		},
		"firstperson_lefthand": {
			"translation": [2.5, 1.5, 0],
			"scale": [0.7, 0.7, 0.7]
		},
		"ground": {
			"translation": [0, 3, 0],
			"scale": [0.5, 0.5, 0.5]
		},
		"gui": {
			"rotation": [33, 135, 0],
			"translation": [0, 2.5, 0],
			"scale": [1.19, 1.19, 1.19]
		},
		"head": {
			"translation": [0, 18.5, 0],
			"scale": [1.5, 1.5, 1.5]
		},
		"fixed": {
			"rotation": [-90, 0, 0],
			"translation": [0, 0, -15.7],
			"scale": [2, 2, 2]
		}
	},
	"groups": [
		{
			"name": "group",
			"origin": [8, 8, 8],
			"color": 0,
			"nbt": "{}",
			"armAnimationEnabled": false,
			"children": [0, 1, 2, 3, 4, 5, 6, 7, 8, 9, 10, 11, 12, 13, 14, 15, 16, 17, 18, 19, 20, 21, 22, 23, 24, 25, 26, 27]
		}
	]
}