{
	"credit": "Copyright © 2021-2099 Ikaho-Onsen Minecraft Server. All rights reserved.",
	"ambientocclusion": false,
	"textures": {
		"0": "minecraft:item/bread/bread_04",
		"particle": "minecraft:item/bread/bread_04"
	},
	"elements": [
		{
			"from": [5, 0, 6],
			"to": [10, 3, 11],
			"rotation": {"angle": 0, "axis": "y", "origin": [8, 8, 8]},
			"faces": {
				"north": {"uv": [5, 0, 10, 3], "texture": "#0"},
				"east": {"uv": [5, 0, 10, 3], "texture": "#0"},
				"south": {"uv": [5, 0, 10, 3], "texture": "#0"},
				"west": {"uv": [5, 0, 10, 3], "texture": "#0"},
				"up": {"uv": [0, 0, 5, 5], "texture": "#0"},
				"down": {"uv": [10, 0, 15, 5], "texture": "#0"}
			}
		},
		{
			"from": [5.5, 3.2, 6.5],
			"to": [9.5, 3.2, 10.5],
			"rotation": {"angle": 0, "axis": "y", "origin": [8, 8, 8]},
			"faces": {
				"up": {"uv": [0, 7, 5, 12], "texture": "#0"}
			}
		},
		{
			"from": [5, 0, 11],
			"to": [10, 2, 12],
			"rotation": {"angle": 0, "axis": "y", "origin": [8, 8, 8]},
			"faces": {
				"east": {"uv": [6, 3, 7, 5], "texture": "#0"},
				"south": {"uv": [5, 1, 10, 3], "texture": "#0"},
				"west": {"uv": [5, 3, 6, 5], "texture": "#0"},
				"up": {"uv": [0, 5, 5, 6], "texture": "#0"},
				"down": {"uv": [0, 6, 5, 7], "texture": "#0"}
			}
		},
		{
			"from": [10, 0, 6],
			"to": [11, 2, 11],
			"rotation": {"angle": 0, "axis": "y", "origin": [8, 8, 8]},
			"faces": {
				"north": {"uv": [6, 3, 7, 5], "texture": "#0"},
				"east": {"uv": [5, 1, 10, 3], "texture": "#0"},
				"south": {"uv": [5, 3, 6, 5], "texture": "#0"},
				"up": {"uv": [0, 5, 5, 6], "rotation": 270, "texture": "#0"},
				"down": {"uv": [0, 6, 5, 7], "rotation": 90, "texture": "#0"}
			}
		},
		{
			"from": [5, 0, 5],
			"to": [10, 2, 6],
			"rotation": {"angle": 0, "axis": "y", "origin": [8, 8, 8]},
			"faces": {
				"north": {"uv": [5, 1, 10, 3], "texture": "#0"},
				"east": {"uv": [5, 3, 6, 5], "texture": "#0"},
				"west": {"uv": [6, 3, 7, 5], "texture": "#0"},
				"up": {"uv": [0, 5, 5, 6], "rotation": 180, "texture": "#0"},
				"down": {"uv": [0, 6, 5, 7], "rotation": 180, "texture": "#0"}
			}
		},
		{
			"from": [4, 0, 6],
			"to": [5, 2, 11],
			"rotation": {"angle": 0, "axis": "y", "origin": [8, 8, 8]},
			"faces": {
				"north": {"uv": [5, 3, 6, 5], "texture": "#0"},
				"south": {"uv": [6, 3, 7, 5], "texture": "#0"},
				"west": {"uv": [5, 1, 10, 3], "texture": "#0"},
				"up": {"uv": [0, 5, 5, 6], "rotation": 90, "texture": "#0"},
				"down": {"uv": [0, 6, 5, 7], "rotation": 270, "texture": "#0"}
			}
		}
	],
	"gui_light": "front",
	"display": {
		"thirdperson_righthand": {
			"translation": [0, 8.25, 0]
		},
		"thirdperson_lefthand": {
			"translation": [0, 8.25, 0]
		},
		"firstperson_righthand": {
			"translation": [4.25, 6.5, 0]
		},
		"firstperson_lefthand": {
			"translation": [4.25, 6.5, 0]
		},
		"ground": {
			"rotation": [35, 0, 0],
			"translation": [0, 3, 2],
			"scale": [0.5, 0.5, 0.5]
		},
		"gui": {
			"rotation": [33, 135, 0],
			"translation": [-1, 8.5, 0],
			"scale": [1.5, 1.5, 1.5]
		},
		"head": {
			"rotation": [-30, -39, 0],
			"translation": [1.25, -0.25, -15.5],
			"scale": [1.5, 1.5, 1.5]
		},
		"fixed": {
			"rotation": [-90, 0, 0],
			"translation": [0, 0, -15.75],
			"scale": [2, 2, 2]
		}
	},
	"groups": [
		{
			"name": "group",
			"origin": [-1.5, 6.75, 1.5],
			"color": 0,
			"nbt": "{}",
			"armAnimationEnabled": false,
			"children": [0, 1, 2, 3, 4, 5]
		}
	]
}