{
	"credit": "Copyright © 2021-2099 Ikaho-Onsen Minecraft Server. All rights reserved.",
	"textures": {
		"0": "minecraft:item/doctor"
	},
	"elements": [
		{
			"from": [-2, -16, 0],
			"to": [18, 17, 16],
			"rotation": {"angle": 0, "axis": "y", "origin": [16, 0, 16]},
			"faces": {
				"north": {"uv": [3.5, 4.125, 6, 8.25], "texture": "#0"},
				"east": {"uv": [8, 0, 6, 4.125], "texture": "#0"},
				"south": {"uv": [3.5, 0, 6, 4.125], "texture": "#0"},
				"west": {"uv": [6, 0, 8, 4.125], "texture": "#0"}
			}
		},
		{
			"from": [-6, -16, -3],
			"to": [22, -16, 31],
			"rotation": {"angle": 0, "axis": "y", "origin": [16, 0, 18]},
			"faces": {
				"up": {"uv": [0, 0, 3.5, 4.25], "texture": "#0"}
			}
		},
		{
			"from": [-2.5, 3, -0.5],
			"to": [18.5, 18, 16.5],
			"rotation": {"angle": 0, "axis": "y", "origin": [16, 0, 16]},
			"faces": {
				"north": {"uv": [8, 1.875, 10.625, 3.75], "texture": "#0"},
				"east": {"uv": [8.125, 3.75, 10.25, 5.625], "texture": "#0"},
				"south": {"uv": [8, 0, 10.625, 1.875], "texture": "#0"},
				"west": {"uv": [8.125, 3.75, 10.25, 5.625], "texture": "#0"},
				"up": {"uv": [7.625, 7.5, 10.25, 9.625], "texture": "#0"}
			}
		},
		{
			"from": [-0.5, 1, -1.5],
			"to": [4, 19, 1.5],
			"rotation": {"angle": 0, "axis": "y", "origin": [16, 1, 15]},
			"faces": {
				"north": {"uv": [6, 4.125, 6.625, 6.375], "texture": "#0"},
				"east": {"uv": [0.375, 4.25, 0, 6.5], "texture": "#0"},
				"west": {"uv": [0, 4.25, 0.375, 6.5], "texture": "#0"},
				"up": {"uv": [1.625, 6.5, 2.25, 6.875], "texture": "#0"},
				"down": {"uv": [11.25, 2.5, 10.625, 2.125], "texture": "#0"}
			}
		},
		{
			"from": [-0.5, -4, -0.5],
			"to": [4, 1, -0.5],
			"rotation": {"angle": 0, "axis": "y", "origin": [16, 1, 15]},
			"faces": {
				"north": {"uv": [11.75, 0.125, 12.375, 0.75], "texture": "#0"}
			}
		},
		{
			"from": [-0.5, 1, 1.5],
			"to": [8, 19, 17.5],
			"rotation": {"angle": 0, "axis": "y", "origin": [16, 1, 15]},
			"faces": {
				"south": {"uv": [7.75, 4.125, 6.625, 6.375], "texture": "#0"},
				"west": {"uv": [0.5, 4.25, 2.5, 6.5], "texture": "#0"},
				"up": {"uv": [1.625, 7.375, 2.75, 9.375], "texture": "#0"},
				"down": {"uv": [11.75, 2.125, 10.625, 0.125], "texture": "#0"}
			}
		},
		{
			"from": [12, 1, -1.5],
			"to": [16.5, 19, 1.5],
			"rotation": {"angle": 0, "axis": "y", "origin": [0, 1, 15]},
			"faces": {
				"north": {"uv": [6.625, 4.125, 6, 6.375], "texture": "#0"},
				"east": {"uv": [0.375, 4.25, 0, 6.5], "texture": "#0"},
				"west": {"uv": [0, 4.25, 0.375, 6.5], "texture": "#0"},
				"up": {"uv": [2.25, 6.5, 1.625, 6.875], "texture": "#0"},
				"down": {"uv": [10.625, 2.5, 11.25, 2.125], "texture": "#0"}
			}
		},
		{
			"from": [12, -4, -0.5],
			"to": [16.5, 1, -0.5],
			"rotation": {"angle": 0, "axis": "y", "origin": [0, 1, 15]},
			"faces": {
				"north": {"uv": [12.375, 0.125, 11.75, 0.75], "texture": "#0"}
			}
		},
		{
			"from": [8, 1, 1.5],
			"to": [16.5, 19, 17.5],
			"rotation": {"angle": 0, "axis": "y", "origin": [0, 1, 15]},
			"faces": {
				"east": {"uv": [2.5, 4.25, 0.5, 6.5], "texture": "#0"},
				"south": {"uv": [6.625, 4.125, 7.75, 6.375], "texture": "#0"},
				"up": {"uv": [2.75, 7.375, 1.625, 9.375], "texture": "#0"},
				"down": {"uv": [10.625, 2.125, 11.75, 0.125], "texture": "#0"}
			}
		},
		{
			"from": [1.5, -1, -6.29609],
			"to": [14.5, 26, 3.70391],
			"rotation": {"angle": 0, "axis": "y", "origin": [8, 34.25688, 5.20391]},
			"faces": {
				"north": {"uv": [13.375, 4.375, 15, 7.75], "texture": "#0"},
				"east": {"uv": [6, 6.375, 7.25, 9.75], "texture": "#0"},
				"west": {"uv": [12.125, 4.375, 13.375, 7.75], "texture": "#0"},
				"up": {"uv": [12.5, 3.125, 14.125, 4.375], "rotation": 180, "texture": "#0"}
			}
		},
		{
			"from": [1.475, 24.99149, -1.30714],
			"to": [14.525, 28.06649, 3.69286],
			"rotation": {"angle": 0, "axis": "y", "origin": [8, 34.32337, 5.19286]},
			"faces": {
				"north": {"uv": [0, 13.375, 1.625, 13.75], "texture": "#0"},
				"east": {"uv": [0, 12.375, 0.625, 12.75], "texture": "#0"},
				"west": {"uv": [0.625, 12.375, 0, 12.75], "texture": "#0"},
				"up": {"uv": [0, 12.75, 1.625, 13.375], "rotation": 180, "texture": "#0"}
			}
		},
		{
			"from": [1.525, 24.06566, -5.91132],
			"to": [14.475, 28.06566, -0.51132],
			"rotation": {"angle": -22.5, "axis": "x", "origin": [8, 26.06566, -0.91132]},
			"faces": {
				"east": {"uv": [0, 11.75, 0.625, 12.25], "texture": "#0"},
				"west": {"uv": [2.25, 11.75, 2.875, 12.25], "texture": "#0"},
				"up": {"uv": [0.625, 11.75, 2.25, 12.375], "rotation": 180, "texture": "#0"}
			}
		},
		{
			"from": [1.425, 13.32985, 0.68912],
			"to": [14.575, 27.65485, 18.68912],
			"rotation": {"angle": 22.5, "axis": "x", "origin": [7.6, 20.31024, 3.22572]},
			"faces": {
				"east": {"uv": [10, 5.625, 8.125, 7.25], "texture": "#0"},
				"west": {"uv": [8.125, 5.625, 10, 7.25], "texture": "#0"},
				"up": {"uv": [7.625, 9.625, 9.25, 11.875], "texture": "#0"}
			}
		},
		{
			"from": [1.4, -3.82181, 16.32269],
			"to": [14.6, 21.17819, 20.32269],
			"rotation": {"angle": 0, "axis": "y", "origin": [7.9, 20.90017, 3.62841]},
			"faces": {
				"east": {"uv": [3.125, 4.25, 2.625, 7.375], "texture": "#0"},
				"south": {"uv": [0, 6.5, 1.625, 9.625], "texture": "#0"},
				"west": {"uv": [2.625, 4.25, 3.125, 7.375], "texture": "#0"}
			}
		},
		{
			"name": "cube inverted",
			"from": [14.5, 26, 3.70391],
			"to": [1.5, -1, -6.29609],
			"rotation": {"angle": 0, "axis": "y", "origin": [8, 34.25688, 5.20391]},
			"faces": {
				"east": {"uv": [12.125, 7.75, 13.375, 4.375], "texture": "#0"},
				"south": {"uv": [13.375, 7.75, 15, 4.375], "texture": "#0"},
				"west": {"uv": [6, 9.75, 7.25, 6.375], "texture": "#0"},
				"down": {"uv": [14.125, 3.125, 12.5, 4.375], "rotation": 180, "texture": "#0"}
			}
		},
		{
			"name": "cube inverted",
			"from": [14.6, 21.17819, 20.32269],
			"to": [1.4, -3.82181, 16.32269],
			"rotation": {"angle": 0, "axis": "y", "origin": [7.9, 20.90017, 3.62841]},
			"faces": {
				"north": {"uv": [0, 9.625, 1.625, 6.5], "texture": "#0"},
				"east": {"uv": [2.625, 7.375, 3.125, 4.25], "texture": "#0"},
				"west": {"uv": [3.125, 7.375, 2.625, 4.25], "texture": "#0"}
			}
		},
		{
			"from": [5, 15, -9],
			"to": [11, 20, -4],
			"rotation": {"angle": 0, "axis": "y", "origin": [11, 17.5, -6.5]},
			"faces": {
				"north": {"uv": [3.25, 8.875, 4, 9.5], "texture": "#0"},
				"east": {"uv": [5.375, 8.875, 4.75, 9.5], "texture": "#0"},
				"west": {"uv": [4.75, 8.875, 5.375, 9.5], "texture": "#0"},
				"up": {"uv": [4, 8.875, 4.75, 9.5], "texture": "#0"},
				"down": {"uv": [4.75, 8.875, 4, 8.25], "texture": "#0"}
			}
		},
		{
			"from": [2, 15, -4],
			"to": [14, 26, -1],
			"rotation": {"angle": 0, "axis": "y", "origin": [8, 20, -2.5]},
			"faces": {
				"north": {"uv": [10.25, 7.25, 11.75, 8.625], "texture": "#0"},
				"east": {"uv": [3.125, 5.625, 3.5, 7], "texture": "#0"},
				"west": {"uv": [3.125, 4.25, 3.5, 5.625], "texture": "#0"},
				"up": {"uv": [10.25, 5.25, 11.75, 5.625], "texture": "#0"},
				"down": {"uv": [10.25, 9.375, 11.75, 9], "texture": "#0"}
			}
		},
		{
			"from": [6, 16.1, -14.9],
			"to": [10, 20.1, -6.9],
			"rotation": {"angle": -22.5, "axis": "x", "origin": [12, 19, -6.7]},
			"faces": {
				"north": {"uv": [1, 11.125, 0.5, 10.625], "rotation": 180, "texture": "#0"},
				"east": {"uv": [1, 10.125, 0, 10.625], "texture": "#0"},
				"west": {"uv": [0, 10.125, 1, 10.625], "texture": "#0"},
				"up": {"uv": [1.5, 10.625, 1, 9.625], "rotation": 180, "texture": "#0"},
				"down": {"uv": [1.5, 10.625, 1, 11.625], "rotation": 180, "texture": "#0"}
			}
		},
		{
			"from": [10, 18, -6],
			"to": [14, 22, -4],
			"rotation": {"angle": 0, "axis": "y", "origin": [12, 21, -5]},
			"faces": {
				"north": {"uv": [1.875, 9.625, 2.375, 10.125], "texture": "#0"},
				"east": {"uv": [2.625, 9.625, 2.375, 10.125], "texture": "#0"},
				"south": {"uv": [1.875, 10.125, 2.375, 10.625], "texture": "#0"},
				"west": {"uv": [1.5, 9.625, 1.75, 10.125], "texture": "#0"},
				"up": {"uv": [1.875, 10.625, 2.375, 10.875], "texture": "#0"},
				"down": {"uv": [1.875, 11.125, 2.375, 11.375], "texture": "#0"}
			}
		},
		{
			"from": [2, 18, -6],
			"to": [6, 22, -4],
			"rotation": {"angle": 0, "axis": "y", "origin": [4, 21, -5]},
			"faces": {
				"north": {"uv": [2.375, 9.625, 1.875, 10.125], "texture": "#0"},
				"east": {"uv": [1.75, 9.625, 1.5, 10.125], "texture": "#0"},
				"south": {"uv": [2.375, 10.125, 1.875, 10.625], "texture": "#0"},
				"west": {"uv": [2.75, 9.625, 2.5, 10.125], "texture": "#0"},
				"up": {"uv": [2.375, 10.625, 1.875, 10.875], "texture": "#0"},
				"down": {"uv": [2.375, 11.125, 1.875, 11.375], "texture": "#0"}
			}
		},
		{
			"from": [-6.74446, 1.81168, 1.5],
			"to": [-1.01946, 15.66168, 14.5],
			"rotation": {"angle": -22.5, "axis": "z", "origin": [1.25554, 6.16168, -12.5]},
			"faces": {
				"north": {"uv": [3.625, 9.625, 2.875, 11.375], "texture": "#0"},
				"south": {"uv": [2.875, 9.625, 3.625, 11.375], "texture": "#0"},
				"west": {"uv": [5.25, 9.625, 3.625, 11.375], "texture": "#0"}
			}
		},
		{
			"from": [-6, -16, 4],
			"to": [-2, 9, 12],
			"rotation": {"angle": 0, "axis": "y", "origin": [-4, 0.5, 7.5]},
			"faces": {
				"north": {"uv": [13.875, 0, 13.375, 3.125], "texture": "#0"},
				"south": {"uv": [13.375, 0, 13.875, 3.125], "texture": "#0"},
				"west": {"uv": [13.375, 0, 12.375, 3.125], "texture": "#0"}
			}
		},
		{
			"from": [-7.60122, -14.9, 4.025],
			"to": [-1.60122, 0.1, 11.975],
			"rotation": {"angle": -22.5, "axis": "z", "origin": [-6.60122, -4.38585, 8]},
			"faces": {
				"north": {"uv": [12.5, 3.25, 10.625, 4], "rotation": 90, "texture": "#0"},
				"south": {"uv": [10.625, 3.25, 12.5, 4], "rotation": 270, "texture": "#0"},
				"west": {"uv": [12.125, 4, 10.25, 5.00125], "rotation": 270, "texture": "#0"},
				"up": {"uv": [11.62625, 2.5, 10.625, 3.25], "rotation": 270, "texture": "#0"}
			}
		},
		{
			"from": [17.01946, 1.81168, 1.5],
			"to": [22.74446, 15.66168, 14.5],
			"rotation": {"angle": 22.5, "axis": "z", "origin": [14.74446, 6.16168, -12.5]},
			"faces": {
				"north": {"uv": [2.875, 9.625, 3.625, 11.375], "texture": "#0"},
				"east": {"uv": [3.625, 9.625, 5.25, 11.375], "texture": "#0"},
				"south": {"uv": [3.625, 9.625, 2.875, 11.375], "texture": "#0"}
			}
		},
		{
			"from": [17.60122, -14.9, 4.025],
			"to": [23.60122, 0.1, 11.975],
			"rotation": {"angle": 22.5, "axis": "z", "origin": [22.60122, -4.38585, 8]},
			"faces": {
				"north": {"uv": [12.5, 4, 10.625, 3.25], "rotation": 90, "texture": "#0"},
				"east": {"uv": [12.125, 5.00125, 10.25, 4], "rotation": 270, "texture": "#0"},
				"south": {"uv": [10.625, 4, 12.5, 3.25], "rotation": 270, "texture": "#0"},
				"up": {"uv": [11.62625, 3.25, 10.625, 2.5], "rotation": 270, "texture": "#0"}
			}
		},
		{
			"from": [18, -16, 4],
			"to": [22, 9, 12],
			"rotation": {"angle": 0, "axis": "y", "origin": [20, 0.5, 7.5]},
			"faces": {
				"north": {"uv": [13.375, 0, 13.875, 3.125], "texture": "#0"},
				"east": {"uv": [12.375, 0, 13.375, 3.125], "texture": "#0"},
				"south": {"uv": [13.875, 0, 13.375, 3.125], "texture": "#0"}
			}
		},
		{
			"name": "cube inverted",
			"from": [22.74446, 15.66168, 14.5],
			"to": [17.01946, 1.81168, 1.5],
			"rotation": {"angle": 22.5, "axis": "z", "origin": [14.74446, 6.16168, -12.5]},
			"faces": {
				"north": {"uv": [3.625, 11.375, 2.875, 9.625], "texture": "#0"},
				"south": {"uv": [2.875, 11.375, 3.625, 9.625], "texture": "#0"},
				"west": {"uv": [3.625, 11.35625, 5.25, 9.625], "texture": "#0"}
			}
		},
		{
			"name": "cube inverted",
			"from": [-1.01946, 15.66168, 14.5],
			"to": [-6.74446, 1.81168, 1.5],
			"rotation": {"angle": -22.5, "axis": "z", "origin": [1.25554, 6.16168, -12.5]},
			"faces": {
				"north": {"uv": [2.875, 11.375, 3.625, 9.625], "texture": "#0"},
				"east": {"uv": [5.25, 11.375, 3.625, 9.625], "texture": "#0"},
				"south": {"uv": [3.625, 11.375, 2.875, 9.625], "texture": "#0"}
			}
		},
		{
			"name": "cube inverted",
			"from": [-1.60122, 0.1, 11.975],
			"to": [-7.60122, -14.9, 4.025],
			"rotation": {"angle": -22.5, "axis": "z", "origin": [-6.60122, -4.38585, 8]},
			"faces": {
				"north": {"uv": [12.5, 3.25, 10.625, 4], "rotation": 270, "texture": "#0"},
				"east": {"uv": [10.25, 4, 12.125, 5.00125], "rotation": 270, "texture": "#0"},
				"south": {"uv": [10.625, 3.25, 12.5, 4], "rotation": 90, "texture": "#0"},
				"down": {"uv": [11.62625, 3.25, 10.625, 2.5], "rotation": 270, "texture": "#0"}
			}
		},
		{
			"name": "cube inverted",
			"from": [23.60122, 0.1, 11.975],
			"to": [17.60122, -14.9, 4.025],
			"rotation": {"angle": 22.5, "axis": "z", "origin": [22.60122, -4.38585, 8]},
			"faces": {
				"north": {"uv": [12.5, 4, 10.625, 3.25], "rotation": 270, "texture": "#0"},
				"south": {"uv": [10.625, 4, 12.5, 3.25], "rotation": 90, "texture": "#0"},
				"west": {"uv": [10.25, 5.00125, 12.125, 4], "rotation": 270, "texture": "#0"},
				"down": {"uv": [11.62625, 2.5, 10.625, 3.25], "rotation": 270, "texture": "#0"}
			}
		},
		{
			"name": "cube inverted",
			"from": [22, 9, 12],
			"to": [18, -16, 4],
			"rotation": {"angle": 0, "axis": "y", "origin": [20, 0.5, 7.5]},
			"faces": {
				"north": {"uv": [13.875, 3.125, 13.375, 0], "texture": "#0"},
				"south": {"uv": [13.375, 3.125, 13.875, 0], "texture": "#0"},
				"west": {"uv": [12.375, 3.125, 13.375, 0], "texture": "#0"}
			}
		},
		{
			"name": "cube inverted",
			"from": [-2, 9, 12],
			"to": [-6, -16, 4],
			"rotation": {"angle": 0, "axis": "y", "origin": [-4, 0.5, 7.5]},
			"faces": {
				"north": {"uv": [13.375, 3.125, 13.875, 0], "texture": "#0"},
				"east": {"uv": [13.375, 3.125, 12.375, 0], "texture": "#0"},
				"south": {"uv": [13.875, 3.125, 13.375, 0], "texture": "#0"}
			}
		}
	],
	"display": {
		"thirdperson_righthand": {
			"rotation": [70, 0, 0],
			"translation": [0, 3, 5.5],
			"scale": [0.33, 0.33, 0.33]
		},
		"thirdperson_lefthand": {
			"rotation": [70, 0, 0],
			"translation": [0, 3, 5.5],
			"scale": [0.33, 0.33, 0.33]
		},
		"firstperson_righthand": {
			"scale": [0, 0, 0]
		},
		"firstperson_lefthand": {
			"scale": [0, 0, 0]
		},
		"ground": {
			"translation": [0, 9.75, 0],
			"scale": [0.5, 0.5, 0.5]
		},
		"gui": {
			"rotation": [30, 145, 0],
			"translation": [0, 1.5, 0],
			"scale": [0.33, 0.33, 0.33]
		},
		"head": {
			"translation": [0, -7.25, 0],
			"scale": [1.5, 1.5, 1.5]
		},
		"fixed": {
			"rotation": [-90, 0, 0],
			"translation": [0, 0, -48.25],
			"scale": [2, 2, 2]
		}
	},
	"groups": [
		{
			"name": "doctor",
			"origin": [8, 8, 8],
			"color": 0,
			"children": [
				0,
				1,
				2,
				{
					"name": "group",
					"origin": [0, 1, -1],
					"color": 0,
					"children": [3, 4, 5, 6, 7, 8]
				},
				{
					"name": "head",
					"origin": [10, 6.14006, 31.09354],
					"color": 0,
					"children": [
						{
							"name": "hair",
							"origin": [8, 31.05688, 8.79609],
							"color": 0,
							"children": [9, 10, 11, 12, 13, 14, 15]
						},
						16,
						17,
						18,
						19,
						20
					]
				},
				{
					"name": "habd",
					"origin": [-6.60122, -4.38585, 8],
					"color": 0,
					"children": [21, 22, 23, 24, 25, 26, 27, 28, 29, 30, 31, 32]
				}
			]
		}
	]
}