{
	"credit": "Copyright © 2021-2099 Ikaho-Onsen Minecraft Server. All rights reserved.",
	"textures": {
		"1": "minecraft:item/glasses_2",
		"2": "minecraft:item/glasses_3",
		"particle": "minecraft:item/glasses_3"
	},
	"elements": [
		{
			"from": [8.97426, 8.07071, 7.75],
			"to": [9.67426, 8.57071, 8.25],
			"rotation": {"angle": 45, "axis": "z", "origin": [9.32426, 8.32071, 8]},
			"faces": {
				"north": {"uv": [0, 0, 0.7, 0.5], "texture": "#2"},
				"east": {"uv": [0, 0, 0.5, 0.5], "texture": "#2"},
				"south": {"uv": [0, 0, 0.7, 0.5], "texture": "#2"},
				"west": {"uv": [0, 0, 0.5, 0.5], "texture": "#2"},
				"up": {"uv": [0, 0, 0.7, 0.5], "texture": "#2"},
				"down": {"uv": [0, 0, 0.7, 0.5], "texture": "#2"}
			}
		},
		{
			"from": [10.04169, 5.48715, 7.75],
			"to": [13.04169, 5.98715, 8.25],
			"rotation": {"angle": 0, "axis": "y", "origin": [10.14169, 5.48715, 7.75]},
			"faces": {
				"north": {"uv": [0, 0, 3, 0.5], "texture": "#2"},
				"east": {"uv": [0, 0, 0.5, 0.5], "texture": "#2"},
				"south": {"uv": [0, 0, 3, 0.5], "texture": "#2"},
				"west": {"uv": [0, 0, 0.5, 0.5], "texture": "#2"},
				"up": {"uv": [0, 0, 3, 0.5], "texture": "#2"},
				"down": {"uv": [0, 0, 3, 0.5], "texture": "#2"}
			}
		},
		{
			"from": [10.04169, 8.51285, 7.75],
			"to": [13.04169, 9.01285, 8.25],
			"rotation": {"angle": 0, "axis": "y", "origin": [9.84169, 5.51285, 7.75]},
			"faces": {
				"north": {"uv": [0, 0, 3, 0.5], "texture": "#2"},
				"east": {"uv": [0, 0, 0.5, 0.5], "texture": "#2"},
				"south": {"uv": [0, 0, 3, 0.5], "texture": "#2"},
				"west": {"uv": [0, 0, 0.5, 0.5], "texture": "#2"},
				"up": {"uv": [0, 0, 3, 0.5], "texture": "#2"},
				"down": {"uv": [0, 0, 3, 0.5], "texture": "#2"}
			}
		},
		{
			"from": [9.45639, 5.56379, 7.75],
			"to": [10.15639, 6.06379, 8.25],
			"rotation": {"angle": -22.5, "axis": "z", "origin": [9.90639, 5.81379, 8]},
			"faces": {
				"north": {"uv": [0, 0, 0.7, 0.5], "texture": "#2"},
				"east": {"uv": [0, 0, 0.5, 0.5], "texture": "#2"},
				"south": {"uv": [0, 0, 0.7, 0.5], "texture": "#2"},
				"west": {"uv": [0, 0, 0.5, 0.5], "texture": "#2"},
				"up": {"uv": [0, 0, 0.7, 0.5], "texture": "#2"},
				"down": {"uv": [0, 0, 0.7, 0.5], "texture": "#2"}
			}
		},
		{
			"from": [12.91938, 5.60206, 7.75],
			"to": [13.61938, 6.10206, 8.25],
			"rotation": {"angle": 22.5, "axis": "z", "origin": [13.26938, 5.85206, 8]},
			"faces": {
				"north": {"uv": [0, 0, 0.7, 0.5], "texture": "#2"},
				"east": {"uv": [0, 0, 0.5, 0.5], "texture": "#2"},
				"south": {"uv": [0, 0, 0.7, 0.5], "texture": "#2"},
				"west": {"uv": [0, 0, 0.5, 0.5], "texture": "#2"},
				"up": {"uv": [0, 0, 0.7, 0.5], "texture": "#2"},
				"down": {"uv": [0, 0, 0.7, 0.5], "texture": "#2"}
			}
		},
		{
			"from": [13.40912, 5.92929, 7.75],
			"to": [14.10912, 6.42929, 8.25],
			"rotation": {"angle": 45, "axis": "z", "origin": [13.75912, 6.17929, 8]},
			"faces": {
				"north": {"uv": [0, 0, 0.7, 0.5], "texture": "#2"},
				"east": {"uv": [0, 0, 0.5, 0.5], "texture": "#2"},
				"south": {"uv": [0, 0, 0.7, 0.5], "texture": "#2"},
				"west": {"uv": [0, 0, 0.5, 0.5], "texture": "#2"},
				"up": {"uv": [0, 0, 0.7, 0.5], "texture": "#2"},
				"down": {"uv": [0, 0, 0.7, 0.5], "texture": "#2"}
			}
		},
		{
			"from": [9.464, 8.39794, 7.75],
			"to": [10.164, 8.89794, 8.25],
			"rotation": {"angle": 22.5, "axis": "z", "origin": [9.814, 8.64794, 8]},
			"faces": {
				"north": {"uv": [0, 0, 0.7, 0.5], "texture": "#2"},
				"east": {"uv": [0, 0, 0.5, 0.5], "texture": "#2"},
				"south": {"uv": [0, 0, 0.7, 0.5], "texture": "#2"},
				"west": {"uv": [0, 0, 0.5, 0.5], "texture": "#2"},
				"up": {"uv": [0, 0, 0.7, 0.5], "texture": "#2"},
				"down": {"uv": [0, 0, 0.7, 0.5], "texture": "#2"}
			}
		},
		{
			"from": [12.91938, 8.39794, 7.75],
			"to": [13.61938, 8.89794, 8.25],
			"rotation": {"angle": -22.5, "axis": "z", "origin": [13.26938, 8.64794, 8]},
			"faces": {
				"north": {"uv": [0, 0, 0.7, 0.5], "texture": "#2"},
				"east": {"uv": [0, 0, 0.5, 0.5], "texture": "#2"},
				"south": {"uv": [0, 0, 0.7, 0.5], "texture": "#2"},
				"west": {"uv": [0, 0, 0.5, 0.5], "texture": "#2"},
				"up": {"uv": [0, 0, 0.7, 0.5], "texture": "#2"},
				"down": {"uv": [0, 0, 0.7, 0.5], "texture": "#2"}
			}
		},
		{
			"from": [13.40912, 8.07071, 7.75],
			"to": [14.10912, 8.57071, 8.25],
			"rotation": {"angle": -45, "axis": "z", "origin": [13.75912, 8.32071, 8]},
			"faces": {
				"north": {"uv": [0, 0, 0.7, 0.5], "texture": "#2"},
				"east": {"uv": [0, 0, 0.5, 0.5], "texture": "#2"},
				"south": {"uv": [0, 0, 0.7, 0.5], "texture": "#2"},
				"west": {"uv": [0, 0, 0.5, 0.5], "texture": "#2"},
				"up": {"uv": [0, 0, 0.7, 0.5], "texture": "#2"},
				"down": {"uv": [0, 0, 0.7, 0.5], "texture": "#2"}
			}
		},
		{
			"from": [8.55711, 5.52218, 7.75],
			"to": [9.25711, 6.02218, 8.25],
			"rotation": {"angle": -45, "axis": "z", "origin": [9.60711, 5.47218, 8]},
			"faces": {
				"north": {"uv": [0, 0, 0.7, 0.5], "texture": "#2"},
				"east": {"uv": [0, 0, 0.5, 0.5], "texture": "#2"},
				"south": {"uv": [0, 0, 0.7, 0.5], "texture": "#2"},
				"west": {"uv": [0, 0, 0.5, 0.5], "texture": "#2"},
				"up": {"uv": [0, 0, 0.7, 0.5], "texture": "#2"},
				"down": {"uv": [0, 0, 0.7, 0.5], "texture": "#2"}
			}
		},
		{
			"from": [8.9, 6.25, 7.75],
			"to": [9.4, 8.25, 8.25],
			"rotation": {"angle": 0, "axis": "z", "origin": [9.15, 6.6, 8]},
			"faces": {
				"north": {"uv": [0, 0, 2, 0.5], "rotation": 90, "texture": "#2"},
				"east": {"uv": [0, 0, 2, 0.5], "rotation": 270, "texture": "#2"},
				"south": {"uv": [0, 0, 2, 0.5], "rotation": 270, "texture": "#2"},
				"west": {"uv": [0, 0, 2, 0.5], "rotation": 270, "texture": "#2"},
				"up": {"uv": [0, 0, 0.5, 0.5], "rotation": 270, "texture": "#2"},
				"down": {"uv": [0, 0, 0.5, 0.5], "rotation": 270, "texture": "#2"}
			}
		},
		{
			"from": [13.68338, 6.25, 7.75],
			"to": [14.18338, 8.25, 8.25],
			"rotation": {"angle": 0, "axis": "z", "origin": [9.03338, 5.8, 8]},
			"faces": {
				"north": {"uv": [0, 0, 2, 0.5], "rotation": 90, "texture": "#2"},
				"east": {"uv": [0, 0, 2, 0.5], "rotation": 270, "texture": "#2"},
				"south": {"uv": [0, 0, 2, 0.5], "rotation": 270, "texture": "#2"},
				"west": {"uv": [0, 0, 2, 0.5], "rotation": 270, "texture": "#2"},
				"up": {"uv": [0, 0, 0.5, 0.5], "rotation": 270, "texture": "#2"},
				"down": {"uv": [0, 0, 0.5, 0.5], "rotation": 270, "texture": "#2"}
			}
		},
		{
			"from": [1.89088, 8.07071, 7.75],
			"to": [2.59088, 8.57071, 8.25],
			"rotation": {"angle": 45, "axis": "z", "origin": [2.24088, 8.32071, 8]},
			"faces": {
				"north": {"uv": [0, 0, 0.7, 0.5], "texture": "#2"},
				"east": {"uv": [0, 0, 0.5, 0.5], "texture": "#2"},
				"south": {"uv": [0, 0, 0.7, 0.5], "texture": "#2"},
				"west": {"uv": [0, 0, 0.5, 0.5], "texture": "#2"},
				"up": {"uv": [0, 0, 0.7, 0.5], "texture": "#2"},
				"down": {"uv": [0, 0, 0.7, 0.5], "texture": "#2"}
			}
		},
		{
			"from": [2.95831, 5.48715, 7.75],
			"to": [5.95831, 5.98715, 8.25],
			"rotation": {"angle": 0, "axis": "y", "origin": [3.05831, 5.48715, 7.75]},
			"faces": {
				"north": {"uv": [0, 0, 3, 0.5], "texture": "#2"},
				"east": {"uv": [0, 0, 0.5, 0.5], "texture": "#2"},
				"south": {"uv": [0, 0, 3, 0.5], "texture": "#2"},
				"west": {"uv": [0, 0, 0.5, 0.5], "texture": "#2"},
				"up": {"uv": [0, 0, 3, 0.5], "texture": "#2"},
				"down": {"uv": [0, 0, 3, 0.5], "texture": "#2"}
			}
		},
		{
			"from": [2.95831, 8.51285, 7.75],
			"to": [5.95831, 9.01285, 8.25],
			"rotation": {"angle": 0, "axis": "y", "origin": [2.75831, 5.51285, 7.75]},
			"faces": {
				"north": {"uv": [0, 0, 3, 0.5], "texture": "#2"},
				"east": {"uv": [0, 0, 0.5, 0.5], "texture": "#2"},
				"south": {"uv": [0, 0, 3, 0.5], "texture": "#2"},
				"west": {"uv": [0, 0, 0.5, 0.5], "texture": "#2"},
				"up": {"uv": [0, 0, 3, 0.5], "texture": "#2"},
				"down": {"uv": [0, 0, 3, 0.5], "texture": "#2"}
			}
		},
		{
			"from": [2.37301, 5.56379, 7.75],
			"to": [3.07301, 6.06379, 8.25],
			"rotation": {"angle": -22.5, "axis": "z", "origin": [2.82301, 5.81379, 8]},
			"faces": {
				"north": {"uv": [0, 0, 0.7, 0.5], "texture": "#2"},
				"east": {"uv": [0, 0, 0.5, 0.5], "texture": "#2"},
				"south": {"uv": [0, 0, 0.7, 0.5], "texture": "#2"},
				"west": {"uv": [0, 0, 0.5, 0.5], "texture": "#2"},
				"up": {"uv": [0, 0, 0.7, 0.5], "texture": "#2"},
				"down": {"uv": [0, 0, 0.7, 0.5], "texture": "#2"}
			}
		},
		{
			"from": [5.836, 5.60206, 7.75],
			"to": [6.536, 6.10206, 8.25],
			"rotation": {"angle": 22.5, "axis": "z", "origin": [6.186, 5.85206, 8]},
			"faces": {
				"north": {"uv": [0, 0, 0.7, 0.5], "texture": "#2"},
				"east": {"uv": [0, 0, 0.5, 0.5], "texture": "#2"},
				"south": {"uv": [0, 0, 0.7, 0.5], "texture": "#2"},
				"west": {"uv": [0, 0, 0.5, 0.5], "texture": "#2"},
				"up": {"uv": [0, 0, 0.7, 0.5], "texture": "#2"},
				"down": {"uv": [0, 0, 0.7, 0.5], "texture": "#2"}
			}
		},
		{
			"from": [6.32574, 5.92929, 7.75],
			"to": [7.02574, 6.42929, 8.25],
			"rotation": {"angle": 45, "axis": "z", "origin": [6.67574, 6.17929, 8]},
			"faces": {
				"north": {"uv": [0, 0, 0.7, 0.5], "texture": "#2"},
				"east": {"uv": [0, 0, 0.5, 0.5], "texture": "#2"},
				"south": {"uv": [0, 0, 0.7, 0.5], "texture": "#2"},
				"west": {"uv": [0, 0, 0.5, 0.5], "texture": "#2"},
				"up": {"uv": [0, 0, 0.7, 0.5], "texture": "#2"},
				"down": {"uv": [0, 0, 0.7, 0.5], "texture": "#2"}
			}
		},
		{
			"from": [2.38062, 8.39794, 7.75],
			"to": [3.08062, 8.89794, 8.25],
			"rotation": {"angle": 22.5, "axis": "z", "origin": [2.73062, 8.64794, 8]},
			"faces": {
				"north": {"uv": [0, 0, 0.7, 0.5], "texture": "#2"},
				"east": {"uv": [0, 0, 0.5, 0.5], "texture": "#2"},
				"south": {"uv": [0, 0, 0.7, 0.5], "texture": "#2"},
				"west": {"uv": [0, 0, 0.5, 0.5], "texture": "#2"},
				"up": {"uv": [0, 0, 0.7, 0.5], "texture": "#2"},
				"down": {"uv": [0, 0, 0.7, 0.5], "texture": "#2"}
			}
		},
		{
			"from": [5.836, 8.39794, 7.75],
			"to": [6.536, 8.89794, 8.25],
			"rotation": {"angle": -22.5, "axis": "z", "origin": [6.186, 8.64794, 8]},
			"faces": {
				"north": {"uv": [0, 0, 0.7, 0.5], "texture": "#2"},
				"east": {"uv": [0, 0, 0.5, 0.5], "texture": "#2"},
				"south": {"uv": [0, 0, 0.7, 0.5], "texture": "#2"},
				"west": {"uv": [0, 0, 0.5, 0.5], "texture": "#2"},
				"up": {"uv": [0, 0, 0.7, 0.5], "texture": "#2"},
				"down": {"uv": [0, 0, 0.7, 0.5], "texture": "#2"}
			}
		},
		{
			"from": [6.32574, 8.07071, 7.75],
			"to": [7.02574, 8.57071, 8.25],
			"rotation": {"angle": -45, "axis": "z", "origin": [6.67574, 8.32071, 8]},
			"faces": {
				"north": {"uv": [0, 0, 0.7, 0.5], "texture": "#2"},
				"east": {"uv": [0, 0, 0.5, 0.5], "texture": "#2"},
				"south": {"uv": [0, 0, 0.7, 0.5], "texture": "#2"},
				"west": {"uv": [0, 0, 0.5, 0.5], "texture": "#2"},
				"up": {"uv": [0, 0, 0.7, 0.5], "texture": "#2"},
				"down": {"uv": [0, 0, 0.7, 0.5], "texture": "#2"}
			}
		},
		{
			"from": [1.47373, 5.52218, 7.75],
			"to": [2.17373, 6.02218, 8.25],
			"rotation": {"angle": -45, "axis": "z", "origin": [2.52373, 5.47218, 8]},
			"faces": {
				"north": {"uv": [0, 0, 0.7, 0.5], "texture": "#2"},
				"east": {"uv": [0, 0, 0.5, 0.5], "texture": "#2"},
				"south": {"uv": [0, 0, 0.7, 0.5], "texture": "#2"},
				"west": {"uv": [0, 0, 0.5, 0.5], "texture": "#2"},
				"up": {"uv": [0, 0, 0.7, 0.5], "texture": "#2"},
				"down": {"uv": [0, 0, 0.7, 0.5], "texture": "#2"}
			}
		},
		{
			"from": [1.81662, 6.25, 7.75],
			"to": [2.31662, 8.25, 8.25],
			"rotation": {"angle": 0, "axis": "z", "origin": [2.06662, 6.6, 8]},
			"faces": {
				"north": {"uv": [0, 0, 2, 0.5], "rotation": 90, "texture": "#2"},
				"east": {"uv": [0, 0, 2, 0.5], "rotation": 270, "texture": "#2"},
				"south": {"uv": [0, 0, 2, 0.5], "rotation": 270, "texture": "#2"},
				"west": {"uv": [0, 0, 2, 0.5], "rotation": 270, "texture": "#2"},
				"up": {"uv": [0, 0, 0.5, 0.5], "rotation": 270, "texture": "#2"},
				"down": {"uv": [0, 0, 0.5, 0.5], "rotation": 270, "texture": "#2"}
			}
		},
		{
			"from": [6.6, 6.25, 7.75],
			"to": [7.1, 8.25, 8.25],
			"rotation": {"angle": 0, "axis": "z", "origin": [1.95, 5.8, 8]},
			"faces": {
				"north": {"uv": [0, 0, 2, 0.5], "rotation": 90, "texture": "#2"},
				"east": {"uv": [0, 0, 2, 0.5], "rotation": 270, "texture": "#2"},
				"south": {"uv": [0, 0, 2, 0.5], "rotation": 270, "texture": "#2"},
				"west": {"uv": [0, 0, 2, 0.5], "rotation": 270, "texture": "#2"},
				"up": {"uv": [0, 0, 0.5, 0.5], "rotation": 270, "texture": "#2"},
				"down": {"uv": [0, 0, 0.5, 0.5], "rotation": 270, "texture": "#2"}
			}
		},
		{
			"from": [7.1, 7.75, 7.75],
			"to": [8.9, 8.25, 8.25],
			"rotation": {"angle": 0, "axis": "y", "origin": [8.4, 7.75, 7.75]},
			"faces": {
				"north": {"uv": [0, 0, 2.8, 0.5], "texture": "#2"},
				"east": {"uv": [0, 0, 0.5, 0.5], "texture": "#2"},
				"south": {"uv": [0, 0, 2.8, 0.5], "texture": "#2"},
				"west": {"uv": [0, 0, 0.5, 0.5], "texture": "#2"},
				"up": {"uv": [0, 0, 2.8, 0.5], "texture": "#2"},
				"down": {"uv": [0, 0, 2.8, 0.5], "texture": "#2"}
			}
		},
		{
			"from": [1.81662, 7.75, 8.25],
			"to": [2.31662, 8.25, 15.25],
			"rotation": {"angle": 0, "axis": "y", "origin": [1.81662, 7.75, 8.25]},
			"faces": {
				"north": {"uv": [0, 0, 0.5, 0.5], "texture": "#2"},
				"east": {"uv": [0, 0, 7, 0.5], "texture": "#2"},
				"south": {"uv": [0, 0, 0.5, 0.5], "texture": "#2"},
				"west": {"uv": [0, 0, 7, 0.5], "texture": "#2"},
				"up": {"uv": [0, 0, 0.5, 7], "texture": "#2"},
				"down": {"uv": [0, 0, 0.5, 7], "texture": "#2"}
			}
		},
		{
			"from": [13.68338, 7.75, 8.25],
			"to": [14.18338, 8.25, 15.25],
			"rotation": {"angle": 0, "axis": "y", "origin": [0.28338, 7.75, 8.25]},
			"faces": {
				"north": {"uv": [0, 0, 0.5, 0.5], "texture": "#2"},
				"east": {"uv": [0, 0, 7, 0.5], "texture": "#2"},
				"south": {"uv": [0, 0, 0.5, 0.5], "texture": "#2"},
				"west": {"uv": [0, 0, 7, 0.5], "texture": "#2"},
				"up": {"uv": [0, 0, 0.5, 7], "texture": "#2"},
				"down": {"uv": [0, 0, 0.5, 7], "texture": "#2"}
			}
		},
		{
			"from": [1.81662, 7.67336, 15.1353],
			"to": [2.31662, 8.17336, 16.8353],
			"rotation": {"angle": 22.5, "axis": "x", "origin": [2.06662, 7.92336, 15.3853]},
			"faces": {
				"north": {"uv": [0, 0, 0.5, 0.5], "texture": "#2"},
				"east": {"uv": [0, 0, 1.7, 0.5], "texture": "#2"},
				"south": {"uv": [0, 0, 0.5, 0.5], "texture": "#2"},
				"west": {"uv": [0, 0, 1.7, 0.5], "texture": "#2"},
				"up": {"uv": [0, 0, 0.5, 1.7], "texture": "#2"},
				"down": {"uv": [0, 0, 0.5, 1.7], "texture": "#2"}
			}
		},
		{
			"from": [13.68338, 7.67336, 15.1353],
			"to": [14.18338, 8.17336, 16.8353],
			"rotation": {"angle": 22.5, "axis": "x", "origin": [3.03338, 7.92336, 15.3853]},
			"faces": {
				"north": {"uv": [0, 0, 0.5, 0.5], "texture": "#2"},
				"east": {"uv": [0, 0, 1.7, 0.5], "texture": "#2"},
				"south": {"uv": [0, 0, 0.5, 0.5], "texture": "#2"},
				"west": {"uv": [0, 0, 1.7, 0.5], "texture": "#2"},
				"up": {"uv": [0, 0, 0.5, 1.7], "texture": "#2"},
				"down": {"uv": [0, 0, 0.5, 1.7], "texture": "#2"}
			}
		},
		{
			"from": [9.35, 6.275, 7.9],
			"to": [14.05, 8.375, 8.1],
			"rotation": {"angle": 0, "axis": "y", "origin": [3.35, 7.975, 7.9]},
			"faces": {
				"north": {"uv": [0, 0, 4.7, 2.1], "texture": "#1"},
				"east": {"uv": [0, 0, 0.2, 2.1], "texture": "#1"},
				"south": {"uv": [0, 0, 4.7, 2.1], "texture": "#1"},
				"west": {"uv": [0, 0, 0.2, 2.1], "texture": "#1"},
				"up": {"uv": [0, 0, 4.7, 0.2], "texture": "#1"},
				"down": {"uv": [0, 0, 4.7, 0.2], "texture": "#1"}
			}
		},
		{
			"from": [2.3, 6.2, 7.9],
			"to": [7, 8.3, 8.1],
			"rotation": {"angle": 0, "axis": "y", "origin": [7.5, 7.5, 7.9]},
			"faces": {
				"north": {"uv": [0, 0, 4.7, 2.1], "texture": "#1"},
				"east": {"uv": [0, 0, 0.2, 2.1], "texture": "#1"},
				"south": {"uv": [0, 0, 4.7, 2.1], "texture": "#1"},
				"west": {"uv": [0, 0, 0.2, 2.1], "texture": "#1"},
				"up": {"uv": [0, 0, 4.7, 0.2], "texture": "#1"},
				"down": {"uv": [0, 0, 4.7, 0.2], "texture": "#1"}
			}
		},
		{
			"from": [2.2, 5.9, 7.9],
			"to": [6.7, 6.2, 8.1],
			"rotation": {"angle": 0, "axis": "y", "origin": [7.5, 7.5, 7.9]},
			"faces": {
				"north": {"uv": [0, 0, 4.5, 0.3], "texture": "#1"},
				"east": {"uv": [0, 0, 0.2, 0.3], "texture": "#1"},
				"south": {"uv": [0, 0, 4.5, 0.3], "texture": "#1"},
				"west": {"uv": [0, 0, 0.2, 0.3], "texture": "#1"},
				"up": {"uv": [0, 0, 4.5, 0.2], "texture": "#1"},
				"down": {"uv": [0, 0, 4.5, 0.2], "texture": "#1"}
			}
		},
		{
			"from": [2.2, 8.3, 7.9],
			"to": [6.7, 8.5, 8.1],
			"rotation": {"angle": 0, "axis": "y", "origin": [7.5, 7.5, 7.9]},
			"faces": {
				"north": {"uv": [0, 0, 4.5, 0.2], "texture": "#1"},
				"east": {"uv": [0, 0, 0.2, 0.2], "texture": "#1"},
				"south": {"uv": [0, 0, 4.5, 0.2], "texture": "#1"},
				"west": {"uv": [0, 0, 0.2, 0.2], "texture": "#1"},
				"up": {"uv": [0, 0, 4.5, 0.2], "texture": "#1"},
				"down": {"uv": [0, 0, 4.5, 0.2], "texture": "#1"}
			}
		},
		{
			"from": [9.25, 8.375, 7.9],
			"to": [13.75, 8.575, 8.1],
			"rotation": {"angle": 0, "axis": "y", "origin": [3.35, 7.975, 7.9]},
			"faces": {
				"north": {"uv": [0, 0, 4.5, 0.2], "texture": "#1"},
				"east": {"uv": [0, 0, 0.2, 0.2], "texture": "#1"},
				"south": {"uv": [0, 0, 4.5, 0.2], "texture": "#1"},
				"west": {"uv": [0, 0, 0.2, 0.2], "texture": "#1"},
				"up": {"uv": [0, 0, 4.5, 0.2], "texture": "#1"},
				"down": {"uv": [0, 0, 4.5, 0.2], "texture": "#1"}
			}
		},
		{
			"from": [9.25, 5.975, 7.9],
			"to": [13.75, 6.275, 8.1],
			"rotation": {"angle": 0, "axis": "y", "origin": [3.35, 7.975, 7.9]},
			"faces": {
				"north": {"uv": [0, 0, 4.5, 0.3], "texture": "#1"},
				"east": {"uv": [0, 0, 0.2, 0.3], "texture": "#1"},
				"south": {"uv": [0, 0, 4.5, 0.3], "texture": "#1"},
				"west": {"uv": [0, 0, 0.2, 0.3], "texture": "#1"},
				"up": {"uv": [0, 0, 4.5, 0.2], "texture": "#1"},
				"down": {"uv": [0, 0, 4.5, 0.2], "texture": "#1"}
			}
		}
	],
	"display": {
		"thirdperson_righthand": {
			"scale": [0.35, 0.35, 0.35]
		},
		"thirdperson_lefthand": {
			"scale": [0.35, 0.35, 0.35]
		},
		"head": {
			"translation": [0, -2.75, -7]
		}
	},
	"groups": [
		{
			"name": "group",
			"origin": [4.8, 6.73715, 8.25],
			"color": 0,
			"children": [0, 1, 2, 3, 4, 5, 6, 7, 8, 9, 10, 11]
		},
		{
			"name": "group",
			"origin": [13.2, 6.73715, 8.35],
			"color": 0,
			"children": [12, 13, 14, 15, 16, 17, 18, 19, 20, 21, 22, 23]
		},
		{
			"name": "group",
			"origin": [8, 8, 8],
			"color": 0,
			"children": [24, 25, 26, 27, 28]
		},
		{
			"name": "group",
			"origin": [8, 8, 8],
			"color": 0,
			"children": [29, 30, 31, 32, 33, 34]
		}
	]
}