{
	"credit": "Made with Blockbench",
	"texture_size": [32, 32],
	"textures": {
		"0": "item/top_hat",
		"particle": "item/top_hat"
	},
	"elements": [
		{
			"from": [3, 7, 3],
			"to": [13, 18, 13],
			"rotation": {"angle": 0, "axis": "y", "origin": [8, 9.75, 10.99258]},
			"faces": {
				"north": {"uv": [5.5, 10.5, 10.5, 16], "texture": "#0"},
				"east": {"uv": [11, 0, 16, 5.5], "texture": "#0"},
				"south": {"uv": [5.5, 10.5, 10.5, 16], "texture": "#0"},
				"west": {"uv": [16, 0, 11, 5.5], "texture": "#0"},
				"up": {"uv": [16, 10.5, 11, 5.5], "texture": "#0"}
			}
		},
		{
			"from": [2.8, 7.1, 2.8],
			"to": [13.2, 8.9, 13.2],
			"rotation": {"angle": 0, "axis": "y", "origin": [8, 9.85, 10.99258]},
			"faces": {
				"north": {"uv": [11, 11, 16, 12], "texture": "#0", "tintindex": 0},
				"east": {"uv": [11, 11, 16, 12], "texture": "#0", "tintindex": 0},
				"south": {"uv": [11, 11, 16, 12], "texture": "#0", "tintindex": 0},
				"west": {"uv": [11, 11, 16, 12], "texture": "#0", "tintindex": 0}
			}
		},
		{
			"from": [3, 7, 0],
			"to": [13, 7, 16],
			"rotation": {"angle": 0, "axis": "y", "origin": [8, 7, 8]},
			"faces": {
				"up": {"uv": [8, 6.5, 0, 1.5], "rotation": 270, "texture": "#0"},
				"down": {"uv": [8, 1.5, 0, 6.5], "rotation": 90, "texture": "#0"}
			}
		},
		{
			"from": [0.1138, 7.5741, 0],
			"to": [3.1138, 7.5741, 16],
			"rotation": {"angle": -22.5, "axis": "z", "origin": [1.6138, 7.5741, 8]},
			"faces": {
				"up": {"uv": [8, 8, 0, 6.5], "rotation": 270, "texture": "#0"},
				"down": {"uv": [8, 6.5, 0, 8], "rotation": 90, "texture": "#0"}
			}
		},
		{
			"from": [12.8862, 7.5741, 0],
			"to": [15.8862, 7.5741, 16],
			"rotation": {"angle": 22.5, "axis": "z", "origin": [14.3862, 7.5741, 8]},
			"faces": {
				"up": {"uv": [8, 6.5, 0, 8], "rotation": 270, "texture": "#0"},
				"down": {"uv": [8, 8, 0, 6.5], "rotation": 90, "texture": "#0"}
			}
		}
	],
	"gui_light": "front",
	"display": {
		"thirdperson_righthand": {
			"rotation": [75, 45, 0],
			"translation": [0, 2.5, 0],
			"scale": [0.375, 0.375, 0.375]
		},
		"thirdperson_lefthand": {
			"rotation": [75, 45, 0],
			"translation": [0, 2.5, 0],
			"scale": [0.375, 0.375, 0.375]
		},
		"firstperson_righthand": {
			"rotation": [0, 45, 0],
			"translation": [2.5, 0, 0],
			"scale": [0.4, 0.4, 0.4]
		},
		"firstperson_lefthand": {
			"rotation": [0, 45, 0],
			"translation": [2.5, 0, 0],
			"scale": [0.4, 0.4, 0.4]
		},
		"ground": {
			"translation": [0, 2, 0],
			"scale": [0.5, 0.5, 0.5]
		},
		"gui": {
			"rotation": [33, 135, 0],
			"translation": [0, -2.25, 0],
			"scale": [0.75, 0.75, 0.75]
		},
		"head": {
			"scale": [1.5, 1.5, 1.5]
		},
		"fixed": {
			"rotation": [-90, 0, 0],
			"translation": [0, 0, -1],
			"scale": [2, 2, 2]
		}
	}
}