{
	"credit": "Copyright © 2021-2099 Ikaho-Onsen Minecraft Server. All rights reserved.",
	"ambientocclusion": false,
	"textures": {
		"8": "block/yellow_concrete_powder",
		"128": "minecraft:item/furnace_side",
		"140": "minecraft:item/hardened_clay_stained_black",
		"142": "minecraft:item/hardened_clay_stained_cyan",
		"153": "minecraft:item/hardened_clay_stained_silver",
		"340": "minecraft:item/wool_colored_black",
		"344": "minecraft:item/concrete_gray",
		"particle": "minecraft:block/light_blue_shulker_box"
	},
	"elements": [
		{
			"from": [-3.48, -2.66, -2.66],
			"to": [19.48, -1.84, 26.86],
			"faces": {
				"north": {"uv": [0, 0, 16, 16], "texture": "#344"},
				"east": {"uv": [0, 0, 16, 16], "texture": "#344"},
				"south": {"uv": [0, 0, 16, 16], "texture": "#344"},
				"west": {"uv": [0, 0, 16, 16], "texture": "#344"},
				"up": {"uv": [0, 0, 16, 16], "rotation": 180, "texture": "#344"},
				"down": {"uv": [0, 0, 16, 16], "rotation": 180, "texture": "#344"}
			}
		},
		{
			"from": [-4.3, 1.44, -7.58],
			"to": [20.3, 2.26, -4.3],
			"faces": {
				"north": {"uv": [0, 0, 16, 1], "texture": "#344"},
				"east": {"uv": [0, 0, 4, 1], "texture": "#344"},
				"south": {"uv": [0, 0, 16, 1], "texture": "#344"},
				"west": {"uv": [0, 0, 4, 1], "texture": "#344"},
				"up": {"uv": [0, 0, 16, 4], "rotation": 180, "texture": "#344"},
				"down": {"uv": [0, 0, 16, 4], "rotation": 180, "texture": "#344"}
			}
		},
		{
			"from": [-5.12, 2.26, -7.58],
			"to": [-4.3, 4.72, 26.86],
			"faces": {
				"north": {"uv": [0, 0, 1, 3], "texture": "#8"},
				"east": {"uv": [0, 0, 16, 3], "texture": "#344"},
				"south": {"uv": [0, 0, 1, 3], "texture": "#8"},
				"west": {"uv": [0, 0, 16, 3], "texture": "#8"},
				"up": {"uv": [0, 0, 1, 16], "rotation": 180, "texture": "#8"},
				"down": {"uv": [0, 0, 1, 16], "rotation": 180, "texture": "#8"}
			}
		},
		{
			"from": [-5.12, 2.26, 26.86],
			"to": [21.12, 16.2, 27.68],
			"faces": {
				"north": {"uv": [0, 0, 16, 16], "texture": "#8"},
				"east": {"uv": [1, 0, 2, 16], "texture": "#8"},
				"south": {"uv": [0, 0, 16, 16], "texture": "#8"},
				"west": {"uv": [0, 0, 1, 16], "texture": "#8"},
				"up": {"uv": [0, 0, 16, 1], "rotation": 180, "texture": "#8"},
				"down": {"uv": [0, 1, 16, 2], "rotation": 180, "texture": "#8"}
			}
		},
		{
			"from": [20.3, 2.26, -7.58],
			"to": [21.12, 4.72, 26.86],
			"faces": {
				"north": {"uv": [0, 0, 16, 3], "texture": "#8"},
				"east": {"uv": [0, 12, 16, 16], "texture": "#8"},
				"south": {"uv": [0, 4, 16, 8], "texture": "#8"},
				"west": {"uv": [0, 0, 16, 3], "texture": "#344"},
				"up": {"uv": [0, 0, 1, 16], "rotation": 180, "texture": "#8"},
				"down": {"uv": [0, 0, 0, 16], "rotation": 180, "texture": "#8"}
			}
		},
		{
			"from": [-5.12, 4.72, 22.76],
			"to": [-4.3, 16.2, 26.86],
			"faces": {
				"north": {"uv": [0, 0, 5, 14], "texture": "#8"},
				"east": {"uv": [0, 0, 5, 14], "texture": "#8"},
				"south": {"uv": [0, 0, 5, 14], "texture": "#8"},
				"west": {"uv": [0, 0, 5, 14], "texture": "#8"},
				"up": {"uv": [0, 0, 5, 14], "rotation": 180, "texture": "#8"},
				"down": {"uv": [0, 0, 5, 14], "rotation": 180, "texture": "#8"}
			}
		},
		{
			"from": [-5.12, 9.64, 20.3],
			"to": [-4.3, 22.76, 25.22],
			"rotation": {"angle": 22.5, "axis": "x", "origin": [8, 13.74, 5.54]},
			"faces": {
				"north": {"uv": [0, 0, 6, 16], "texture": "#8"},
				"east": {"uv": [0, 0, 6, 16], "texture": "#8"},
				"south": {"uv": [0, 0, 6, 16], "texture": "#8"},
				"west": {"uv": [0, 0, 6, 16], "texture": "#8"},
				"up": {"uv": [0, 0, 6, 16], "rotation": 180, "texture": "#8"},
				"down": {"uv": [0, 0, 6, 16], "rotation": 180, "texture": "#8"}
			}
		},
		{
			"from": [20.3, 9.64, 20.3],
			"to": [21.12, 22.76, 25.22],
			"rotation": {"angle": 22.5, "axis": "x", "origin": [32, 13.74, 5.54]},
			"faces": {
				"north": {"uv": [0, 0, 6, 16], "texture": "#8"},
				"east": {"uv": [0, 0, 6, 16], "texture": "#8"},
				"south": {"uv": [0, 0, 6, 16], "texture": "#8"},
				"west": {"uv": [0, 0, 6, 16], "texture": "#8"},
				"up": {"uv": [0, 0, 6, 16], "rotation": 180, "texture": "#8"},
				"down": {"uv": [0, 0, 6, 16], "rotation": 180, "texture": "#8"}
			}
		},
		{
			"from": [20.3, 4.72, 22.76],
			"to": [21.12, 16.2, 26.86],
			"faces": {
				"north": {"uv": [0, 0, 5, 14], "texture": "#8"},
				"east": {"uv": [0, 0, 5, 14], "texture": "#8"},
				"south": {"uv": [0, 0, 5, 14], "texture": "#8"},
				"west": {"uv": [0, 0, 5, 14], "texture": "#8"},
				"up": {"uv": [0, 0, 5, 14], "rotation": 180, "texture": "#8"},
				"down": {"uv": [0, 0, 5, 14], "rotation": 180, "texture": "#8"}
			}
		},
		{
			"from": [18.66, -1.84, -2.66],
			"to": [19.48, 1.44, 26.86],
			"faces": {
				"north": {"uv": [0, 0, 16, 4], "texture": "#344"},
				"east": {"uv": [0, 0, 16, 4], "texture": "#344"},
				"south": {"uv": [0, 0, 16, 4], "texture": "#344"},
				"west": {"uv": [0, 0, 16, 4], "texture": "#344"},
				"up": {"uv": [0, 0, 16, 4], "rotation": 180, "texture": "#344"},
				"down": {"uv": [0, 0, 16, 4], "rotation": 180, "texture": "#344"}
			}
		},
		{
			"from": [-3.48, -1.84, -2.66],
			"to": [-2.66, 1.44, 26.86],
			"faces": {
				"north": {"uv": [0, 0, 16, 4], "texture": "#344"},
				"east": {"uv": [0, 0, 16, 4], "texture": "#344"},
				"south": {"uv": [0, 0, 16, 4], "texture": "#344"},
				"west": {"uv": [0, 0, 16, 4], "texture": "#344"},
				"up": {"uv": [0, 0, 16, 4], "rotation": 180, "texture": "#344"},
				"down": {"uv": [0, 0, 16, 4], "rotation": 180, "texture": "#344"}
			}
		},
		{
			"from": [-2.66, -1.84, 26.04],
			"to": [18.66, 3.08, 26.86],
			"faces": {
				"north": {"uv": [0, 0, 16, 6], "texture": "#344"},
				"east": {"uv": [0, 0, 16, 6], "texture": "#344"},
				"south": {"uv": [0, 0, 16, 6], "texture": "#344"},
				"west": {"uv": [0, 0, 16, 6], "texture": "#344"},
				"up": {"uv": [0, 0, 16, 6], "rotation": 180, "texture": "#344"},
				"down": {"uv": [0, 0, 16, 6], "rotation": 180, "texture": "#344"}
			}
		},
		{
			"from": [-3.48, 1.44, -7.58],
			"to": [19.48, 6.36, -6.76],
			"rotation": {"angle": -22.5, "axis": "x", "origin": [7.18, 11.28, 5.54]},
			"faces": {
				"north": {"uv": [0, 0, 16, 6], "texture": "#344"},
				"east": {"uv": [0, 0, 16, 6], "texture": "#344"},
				"south": {"uv": [0, 0, 16, 6], "texture": "#344"},
				"west": {"uv": [0, 0, 16, 6], "texture": "#344"},
				"up": {"uv": [0, 0, 16, 6], "rotation": 180, "texture": "#344"},
				"down": {"uv": [0, 0, 16, 6], "rotation": 180, "texture": "#344"}
			}
		},
		{
			"from": [-5.12, 4.72, 11.28],
			"to": [21.12, 16.2, 12.1],
			"faces": {
				"north": {"uv": [0, 0, 16, 14], "texture": "#8"},
				"east": {"uv": [0, 0, 1, 14], "texture": "#8"},
				"south": {"uv": [0, 0, 16, 14], "texture": "#8"},
				"west": {"uv": [1, 0, 2, 14], "texture": "#8"},
				"up": {"uv": [0, 0, 16, 1], "rotation": 180, "texture": "#8"},
				"down": {"uv": [0, 0, 16, 14], "rotation": 180, "texture": "#8"}
			}
		},
		{
			"from": [-5.12, 9.64, 4.72],
			"to": [-4.3, 22.76, 9.64],
			"rotation": {"angle": 22.5, "axis": "x", "origin": [8, 13.74, -10.04]},
			"faces": {
				"north": {"uv": [0, 0, 1, 16], "texture": "#8"},
				"east": {"uv": [0, 0, 6, 16], "texture": "#8"},
				"south": {"uv": [0, 0, 6, 16], "texture": "#8"},
				"west": {"uv": [0, 0, 6, 16], "texture": "#8"},
				"up": {"uv": [0, 0, 6, 16], "rotation": 180, "texture": "#8"},
				"down": {"uv": [0, 0, 6, 16], "rotation": 180, "texture": "#8"}
			}
		},
		{
			"from": [-5.12, 4.72, 7.18],
			"to": [-4.3, 16.2, 11.28],
			"faces": {
				"north": {"uv": [0, 0, 5, 14], "texture": "#8"},
				"east": {"uv": [0, 0, 5, 14], "texture": "#8"},
				"south": {"uv": [0, 0, 5, 14], "texture": "#8"},
				"west": {"uv": [0, 0, 5, 14], "texture": "#8"},
				"up": {"uv": [0, 0, 1, 5], "rotation": 180, "texture": "#8"},
				"down": {"uv": [0, 0, 5, 14], "rotation": 180, "texture": "#8"}
			}
		},
		{
			"from": [20.3, 4.72, 7.18],
			"to": [21.12, 16.2, 11.28],
			"faces": {
				"north": {"uv": [0, 0, 5, 14], "texture": "#8"},
				"east": {"uv": [0, 0, 5, 14], "texture": "#8"},
				"south": {"uv": [0, 0, 5, 14], "texture": "#8"},
				"west": {"uv": [0, 0, 5, 14], "texture": "#8"},
				"up": {"uv": [0, 0, 1, 5], "rotation": 180, "texture": "#8"},
				"down": {"uv": [0, 0, 5, 14], "rotation": 180, "texture": "#8"}
			}
		},
		{
			"from": [20.3, 9.64, 4.72],
			"to": [21.12, 22.76, 9.64],
			"rotation": {"angle": 22.5, "axis": "x", "origin": [32, 13.74, -10.04]},
			"faces": {
				"north": {"uv": [0, 0, 1, 16], "texture": "#8"},
				"east": {"uv": [0, 0, 6, 16], "texture": "#8"},
				"south": {"uv": [0, 0, 6, 16], "texture": "#8"},
				"west": {"uv": [0, 0, 6, 16], "texture": "#8"},
				"up": {"uv": [0, 0, 6, 16], "rotation": 180, "texture": "#8"},
				"down": {"uv": [0, 0, 6, 16], "rotation": 180, "texture": "#8"}
			}
		},
		{
			"from": [18.66, 1.44, -4.3],
			"to": [20.3, 4.72, 26.86],
			"faces": {
				"north": {"uv": [0, 0, 2, 4], "texture": "#344"},
				"east": {"uv": [0, 0, 2, 4], "texture": "#344"},
				"south": {"uv": [0, 0, 2, 4], "texture": "#344"},
				"west": {"uv": [0, 0, 2, 4], "texture": "#344"},
				"up": {"uv": [0, 0, 2, 4], "rotation": 180, "texture": "#344"},
				"down": {"uv": [0, 0, 2, 4], "rotation": 180, "texture": "#344"}
			}
		},
		{
			"from": [-4.3, 1.44, -4.3],
			"to": [-2.66, 4.72, 26.86],
			"faces": {
				"north": {"uv": [0, 0, 2, 16], "texture": "#344"},
				"east": {"uv": [0, 0, 2, 16], "texture": "#344"},
				"south": {"uv": [0, 0, 2, 16], "texture": "#344"},
				"west": {"uv": [0, 0, 2, 16], "texture": "#344"},
				"up": {"uv": [0, 0, 2, 16], "rotation": 180, "texture": "#344"},
				"down": {"uv": [0, 0, 2, 16], "rotation": 180, "texture": "#344"}
			}
		},
		{
			"from": [-2.66, -1.84, 9.64],
			"to": [18.66, 4.72, 10.46],
			"faces": {
				"north": {"uv": [0, 0, 16, 8], "texture": "#8"},
				"east": {"uv": [0, 0, 1, 8], "texture": "#8"},
				"south": {"uv": [0, 0, 16, 8], "texture": "#344"},
				"west": {"uv": [0, 0, 1, 8], "texture": "#8"},
				"up": {"uv": [0, 0, 16, 1], "rotation": 180, "texture": "#8"},
				"down": {"uv": [0, 0, 16, 1], "rotation": 180, "texture": "#8"}
			}
		},
		{
			"from": [-3.48, 2.26, -7.58],
			"to": [-2.66, 8, -6.76],
			"rotation": {"angle": -22.5, "axis": "x", "origin": [7.18, 12.1, 5.54]},
			"faces": {
				"north": {"uv": [0, 0, 1, 7], "texture": "#344"},
				"east": {"uv": [0, 0, 1, 7], "texture": "#344"},
				"south": {"uv": [0, 0, 1, 7], "texture": "#344"},
				"west": {"uv": [0, 0, 1, 7], "texture": "#344"},
				"up": {"uv": [0, 0, 1, 7], "rotation": 180, "texture": "#344"},
				"down": {"uv": [0, 0, 1, 7], "rotation": 180, "texture": "#344"}
			}
		},
		{
			"from": [-3.48, 2.26, -6.76],
			"to": [-2.66, 8, -5.94],
			"rotation": {"angle": -22.5, "axis": "x", "origin": [7.18, 12.1, 6.36]},
			"faces": {
				"north": {"uv": [0, 0, 1, 7], "texture": "#344"},
				"east": {"uv": [0, 0, 1, 7], "texture": "#344"},
				"south": {"uv": [0, 0, 1, 7], "texture": "#344"},
				"west": {"uv": [0, 0, 1, 7], "texture": "#344"},
				"up": {"uv": [0, 0, 1, 7], "rotation": 180, "texture": "#344"},
				"down": {"uv": [0, 0, 1, 7], "rotation": 180, "texture": "#344"}
			}
		},
		{
			"from": [18.66, 2.26, -6.76],
			"to": [19.48, 8, -5.94],
			"rotation": {"angle": -22.5, "axis": "x", "origin": [29.32, 12.1, 6.36]},
			"faces": {
				"north": {"uv": [0, 0, 1, 7], "texture": "#344"},
				"east": {"uv": [0, 0, 1, 7], "texture": "#344"},
				"south": {"uv": [0, 0, 1, 7], "texture": "#344"},
				"west": {"uv": [0, 0, 1, 7], "texture": "#344"},
				"up": {"uv": [0, 0, 1, 7], "rotation": 180, "texture": "#344"},
				"down": {"uv": [0, 0, 1, 7], "rotation": 180, "texture": "#344"}
			}
		},
		{
			"from": [18.66, 2.26, -7.58],
			"to": [19.48, 8, -6.76],
			"rotation": {"angle": -22.5, "axis": "x", "origin": [29.32, 12.1, 5.54]},
			"faces": {
				"north": {"uv": [0, 0, 1, 7], "texture": "#344"},
				"east": {"uv": [0, 0, 1, 7], "texture": "#344"},
				"south": {"uv": [0, 0, 1, 7], "texture": "#344"},
				"west": {"uv": [0, 0, 1, 7], "texture": "#344"},
				"up": {"uv": [0, 0, 1, 7], "rotation": 180, "texture": "#344"},
				"down": {"uv": [0, 0, 1, 7], "rotation": 180, "texture": "#344"}
			}
		},
		{
			"from": [-5.12, 2.26, -8.4],
			"to": [21.12, 4.72, -7.58],
			"faces": {
				"north": {"uv": [0, 0, 16, 3], "texture": "#8"},
				"east": {"uv": [0, 0, 16, 3], "texture": "#8"},
				"south": {"uv": [0, 0, 16, 3], "texture": "#8"},
				"west": {"uv": [0, 0, 16, 3], "texture": "#8"},
				"up": {"uv": [0, 0, 16, 3], "rotation": 180, "texture": "#8"},
				"down": {"uv": [0, 0, 16, 3], "rotation": 180, "texture": "#8"}
			}
		},
		{
			"from": [-5.12, 8.82, -6.76],
			"to": [-4.3, 12.1, -1.84],
			"rotation": {"angle": -22.5, "axis": "x", "origin": [8, 8, 9.64]},
			"faces": {
				"north": {"uv": [2, 0, 8, 4], "texture": "#8"},
				"east": {"uv": [1, 0, 2, 4], "texture": "#8"},
				"south": {"uv": [0, 0, 1, 4], "texture": "#8"},
				"west": {"uv": [6, 4, 12, 5], "texture": "#8"},
				"up": {"uv": [8, 0, 14, 4], "rotation": 180, "texture": "#8"},
				"down": {"uv": [0, 4, 6, 5], "rotation": 180, "texture": "#8"}
			}
		},
		{
			"from": [-5.12, 11.28, -8.4],
			"to": [21.12, 12.1, -1.84],
			"rotation": {"angle": -22.5, "axis": "x", "origin": [8, 8, 9.64]},
			"faces": {
				"north": {"uv": [0, 0, 16, 1], "texture": "#8"},
				"east": {"uv": [0, 0, 4, 1], "texture": "#8"},
				"south": {"uv": [0, 9, 16, 10], "texture": "#8"},
				"west": {"uv": [12, 0, 16, 1], "texture": "#8"},
				"up": {"uv": [0, 8, 16, 16], "rotation": 180, "texture": "#8"},
				"down": {"uv": [0, 1, 16, 9], "rotation": 180, "texture": "#8"}
			}
		},
		{
			"from": [20.3, 8.82, -6.76],
			"to": [21.12, 12.1, -1.84],
			"rotation": {"angle": -22.5, "axis": "x", "origin": [32, 8, 9.64]},
			"faces": {
				"north": {"uv": [2, 0, 8, 4], "texture": "#8"},
				"east": {"uv": [1, 0, 2, 4], "texture": "#8"},
				"south": {"uv": [0, 0, 1, 4], "texture": "#8"},
				"west": {"uv": [8, 0, 14, 4], "texture": "#8"},
				"up": {"uv": [6, 4, 12, 5], "rotation": 180, "texture": "#8"},
				"down": {"uv": [0, 4, 6, 5], "rotation": 180, "texture": "#8"}
			}
		},
		{
			"from": [-1.84, 3.08, 14.56],
			"to": [6.36, 3.9, 22.76],
			"faces": {
				"north": {"uv": [0, 0, 10, 10], "texture": "#340"},
				"east": {"uv": [0, 0, 10, 10], "texture": "#340"},
				"south": {"uv": [0, 0, 10, 10], "texture": "#340"},
				"west": {"uv": [0, 0, 10, 10], "texture": "#340"},
				"up": {"uv": [0, 0, 10, 10], "rotation": 180, "texture": "#340"},
				"down": {"uv": [0, 0, 10, 10], "rotation": 180, "texture": "#340"}
			}
		},
		{
			"from": [9.64, 3.08, 14.56],
			"to": [17.84, 3.9, 22.76],
			"faces": {
				"north": {"uv": [0, 0, 10, 10], "texture": "#340"},
				"east": {"uv": [0, 0, 10, 10], "texture": "#340"},
				"south": {"uv": [0, 0, 10, 10], "texture": "#340"},
				"west": {"uv": [0, 0, 10, 10], "texture": "#340"},
				"up": {"uv": [0, 0, 10, 10], "rotation": 180, "texture": "#340"},
				"down": {"uv": [0, 0, 10, 10], "rotation": 180, "texture": "#340"}
			}
		},
		{
			"from": [9.64, 9.64, 21.12],
			"to": [17.84, 24.4, 21.94],
			"rotation": {"angle": 22.5, "axis": "x", "origin": [8, 8, 4.72]},
			"faces": {
				"north": {"uv": [0, 0, 10, 16], "texture": "#340"},
				"east": {"uv": [0, 0, 1, 16], "texture": "#340"},
				"south": {"uv": [0, 0, 10, 16], "texture": "#340"},
				"west": {"uv": [0, 0, 1, 16], "texture": "#340"},
				"up": {"uv": [0, 0, 10, 1], "rotation": 180, "texture": "#340"},
				"down": {"uv": [0, 0, 10, 1], "rotation": 180, "texture": "#340"}
			}
		},
		{
			"from": [-2.66, -1.84, 15.38],
			"to": [18.66, 3.08, 26.04],
			"faces": {
				"north": {"uv": [0, 0, 16, 13], "texture": "#344"},
				"east": {"uv": [0, 0, 16, 13], "texture": "#344"},
				"south": {"uv": [0, 0, 16, 13], "texture": "#344"},
				"west": {"uv": [0, 0, 16, 13], "texture": "#344"},
				"up": {"uv": [0, 0, 16, 13], "rotation": 180, "texture": "#8"},
				"down": {"uv": [0, 0, 16, 13], "rotation": 180, "texture": "#344"}
			}
		},
		{
			"from": [-1.84, 9.64, 21.12],
			"to": [6.36, 24.4, 21.94],
			"rotation": {"angle": 22.5, "axis": "x", "origin": [-3.48, 8, 4.72]},
			"faces": {
				"north": {"uv": [0, 0, 10, 16], "texture": "#340"},
				"east": {"uv": [0, 0, 1, 16], "texture": "#340"},
				"south": {"uv": [0, 0, 10, 16], "texture": "#340"},
				"west": {"uv": [0, 0, 1, 16], "texture": "#340"},
				"up": {"uv": [0, 0, 10, 1], "rotation": 180, "texture": "#340"},
				"down": {"uv": [0, 0, 10, 1], "rotation": 180, "texture": "#340"}
			}
		},
		{
			"from": [-4.3, 9.64, 24.4],
			"to": [20.3, 22.76, 25.22],
			"rotation": {"angle": 22.5, "axis": "x", "origin": [6.36, 14.56, 6.36]},
			"faces": {
				"north": {"uv": [0, 0, 16, 16], "texture": "#8"},
				"east": {"uv": [0, 0, 16, 16], "texture": "#8"},
				"south": {"uv": [0, 0, 16, 16], "texture": "#8"},
				"west": {"uv": [0, 0, 16, 16], "texture": "#8"},
				"up": {"uv": [0, 0, 16, 16], "rotation": 180, "texture": "#8"},
				"down": {"uv": [0, 0, 16, 16], "rotation": 180, "texture": "#8"}
			}
		},
		{
			"from": [-2.66, -1.84, 1.44],
			"to": [18.66, 3.08, 8.82],
			"faces": {
				"north": {"uv": [0, 0, 16, 6], "texture": "#344"},
				"east": {"uv": [0, 0, 16, 6], "texture": "#344"},
				"south": {"uv": [0, 0, 16, 6], "texture": "#344"},
				"west": {"uv": [0, 0, 16, 6], "texture": "#344"},
				"up": {"uv": [0, 0, 16, 6], "rotation": 180, "texture": "#8"},
				"down": {"uv": [0, 0, 16, 6], "rotation": 180, "texture": "#344"}
			}
		},
		{
			"from": [9.64, 3.08, 0.62],
			"to": [17.84, 3.9, 8.82],
			"faces": {
				"north": {"uv": [0, 0, 10, 10], "texture": "#340"},
				"east": {"uv": [0, 0, 10, 10], "texture": "#340"},
				"south": {"uv": [0, 0, 10, 10], "texture": "#340"},
				"west": {"uv": [0, 0, 10, 10], "texture": "#340"},
				"up": {"uv": [0, 0, 10, 10], "rotation": 180, "texture": "#340"},
				"down": {"uv": [0, 0, 10, 10], "rotation": 180, "texture": "#340"}
			}
		},
		{
			"from": [9.64, 9.64, 6.36],
			"to": [17.84, 23.58, 7.18],
			"rotation": {"angle": 22.5, "axis": "x", "origin": [8, 8, -10.04]},
			"faces": {
				"north": {"uv": [0, 0, 10, 16], "texture": "#340"},
				"east": {"uv": [0, 0, 10, 16], "texture": "#340"},
				"south": {"uv": [0, 0, 10, 16], "texture": "#340"},
				"west": {"uv": [0, 0, 10, 16], "texture": "#340"},
				"up": {"uv": [0, 0, 10, 16], "rotation": 180, "texture": "#340"},
				"down": {"uv": [0, 0, 10, 16], "rotation": 180, "texture": "#340"}
			}
		},
		{
			"from": [-4.3, 9.64, 9.64],
			"to": [20.3, 22.76, 10.46],
			"rotation": {"angle": 22.5, "axis": "x", "origin": [6.36, 14.56, -8.4]},
			"faces": {
				"north": {"uv": [0, 0, 16, 16], "texture": "#8"},
				"east": {"uv": [0, 0, 16, 16], "texture": "#8"},
				"south": {"uv": [0, 0, 16, 16], "texture": "#8"},
				"west": {"uv": [0, 0, 16, 16], "texture": "#8"},
				"up": {"uv": [0, 0, 16, 16], "rotation": 180, "texture": "#8"},
				"down": {"uv": [0, 0, 16, 16], "rotation": 180, "texture": "#8"}
			}
		},
		{
			"from": [-1.84, 3.08, 0.62],
			"to": [6.36, 3.9, 8.82],
			"faces": {
				"north": {"uv": [0, 0, 10, 10], "texture": "#340"},
				"east": {"uv": [0, 0, 10, 10], "texture": "#340"},
				"south": {"uv": [0, 0, 10, 10], "texture": "#340"},
				"west": {"uv": [0, 0, 10, 10], "texture": "#340"},
				"up": {"uv": [0, 0, 10, 10], "rotation": 180, "texture": "#340"},
				"down": {"uv": [0, 0, 10, 10], "rotation": 180, "texture": "#340"}
			}
		},
		{
			"from": [-1.84, 9.64, 6.36],
			"to": [6.36, 23.58, 7.18],
			"rotation": {"angle": 22.5, "axis": "x", "origin": [-3.48, 8, -10.04]},
			"faces": {
				"north": {"uv": [0, 0, 10, 16], "texture": "#340"},
				"east": {"uv": [0, 0, 10, 16], "texture": "#340"},
				"south": {"uv": [0, 0, 10, 16], "texture": "#340"},
				"west": {"uv": [0, 0, 10, 16], "texture": "#340"},
				"up": {"uv": [0, 0, 10, 16], "rotation": 180, "texture": "#340"},
				"down": {"uv": [0, 0, 10, 16], "rotation": 180, "texture": "#340"}
			}
		},
		{
			"from": [-0.2, 16.2, 11.28],
			"to": [4.72, 20.3, 12.1],
			"rotation": {"angle": 0, "axis": "x", "origin": [-4.3, 14.56, -5.12]},
			"faces": {
				"north": {"uv": [0, 0, 6, 5], "texture": "#340"},
				"east": {"uv": [0, 0, 6, 5], "texture": "#340"},
				"south": {"uv": [0, 0, 6, 5], "texture": "#8"},
				"west": {"uv": [0, 0, 6, 5], "texture": "#340"},
				"up": {"uv": [0, 0, 6, 5], "rotation": 180, "texture": "#340"},
				"down": {"uv": [0, 0, 6, 5], "rotation": 180, "texture": "#340"}
			}
		},
		{
			"from": [11.28, 16.2, 11.28],
			"to": [16.2, 20.3, 12.1],
			"rotation": {"angle": 0, "axis": "x", "origin": [7.18, 14.56, -5.12]},
			"faces": {
				"north": {"uv": [0, 0, 6, 5], "texture": "#340"},
				"east": {"uv": [0, 0, 6, 5], "texture": "#340"},
				"south": {"uv": [0, 0, 6, 5], "texture": "#8"},
				"west": {"uv": [0, 0, 6, 5], "texture": "#340"},
				"up": {"uv": [0, 0, 6, 5], "rotation": 180, "texture": "#340"},
				"down": {"uv": [0, 0, 6, 5], "rotation": 180, "texture": "#340"}
			}
		},
		{
			"from": [-0.2, 16.2, 26.86],
			"to": [4.72, 20.3, 27.68],
			"rotation": {"angle": 0, "axis": "x", "origin": [-4.3, 14.56, 10.46]},
			"faces": {
				"north": {"uv": [0, 0, 6, 5], "texture": "#340"},
				"east": {"uv": [0, 0, 6, 5], "texture": "#340"},
				"south": {"uv": [0, 0, 6, 5], "texture": "#8"},
				"west": {"uv": [0, 0, 6, 5], "texture": "#340"},
				"up": {"uv": [0, 0, 6, 5], "rotation": 180, "texture": "#340"},
				"down": {"uv": [0, 0, 6, 5], "rotation": 180, "texture": "#340"}
			}
		},
		{
			"from": [11.28, 16.2, 26.86],
			"to": [16.2, 20.3, 27.68],
			"rotation": {"angle": 0, "axis": "x", "origin": [7.18, 14.56, 10.46]},
			"faces": {
				"north": {"uv": [0, 0, 1, 5], "texture": "#340"},
				"east": {"uv": [0, 0, 1, 5], "texture": "#340"},
				"south": {"uv": [0, 0, 6, 5], "texture": "#8"},
				"west": {"uv": [0, 0, 1, 5], "texture": "#340"},
				"up": {"uv": [0, 0, 1, 5], "rotation": 180, "texture": "#340"},
				"down": {"uv": [0, 0, 1, 5], "rotation": 180, "texture": "#340"}
			}
		},
		{
			"from": [7.18, -0.2, -7.58],
			"to": [8.82, 1.44, -5.94],
			"faces": {
				"north": {"uv": [0, 0, 2, 2], "texture": "#142"},
				"east": {"uv": [0, 0, 2, 2], "texture": "#142"},
				"south": {"uv": [0, 0, 2, 2], "texture": "#142"},
				"west": {"uv": [0, 0, 2, 2], "texture": "#142"},
				"up": {"uv": [0, 0, 2, 2], "rotation": 180, "texture": "#142"},
				"down": {"uv": [0, 0, 2, 2], "rotation": 180, "texture": "#142"}
			}
		},
		{
			"from": [0.16, -2.66, -8.4],
			"to": [15.84, -0.2, -5.94],
			"faces": {
				"north": {"uv": [0, 0, 16, 3], "texture": "#142"},
				"east": {"uv": [0, 0, 16, 3], "texture": "#142"},
				"south": {"uv": [0, 0, 16, 3], "texture": "#142"},
				"west": {"uv": [0, 0, 16, 3], "texture": "#142"},
				"up": {"uv": [0, 0, 16, 3], "rotation": 180, "texture": "#142"},
				"down": {"uv": [0, 0, 16, 3], "rotation": 180, "texture": "#142"}
			}
		},
		{
			"from": [2.32, -4.66, -8.4],
			"to": [4, -2.2, -5.94],
			"faces": {
				"north": {"uv": [0, 0, 16, 3], "texture": "#142"},
				"east": {"uv": [0, 0, 16, 3], "texture": "#142"},
				"south": {"uv": [0, 0, 16, 3], "texture": "#142"},
				"west": {"uv": [0, 0, 16, 3], "texture": "#142"},
				"up": {"uv": [0, 0, 16, 3], "rotation": 180, "texture": "#142"},
				"down": {"uv": [0, 0, 16, 3], "rotation": 180, "texture": "#142"}
			}
		},
		{
			"from": [11.78, -4.66, -8.4],
			"to": [13.46, -2.2, -5.94],
			"faces": {
				"north": {"uv": [0, 0, 16, 3], "texture": "#142"},
				"east": {"uv": [0, 0, 16, 3], "texture": "#142"},
				"south": {"uv": [0, 0, 16, 3], "texture": "#142"},
				"west": {"uv": [0, 0, 16, 3], "texture": "#142"},
				"up": {"uv": [0, 0, 16, 3], "rotation": 180, "texture": "#142"},
				"down": {"uv": [0, 0, 16, 3], "rotation": 180, "texture": "#142"}
			}
		},
		{
			"from": [-0.48, -3.48, -10.04],
			"to": [1.16, -1.02, -4.3],
			"faces": {
				"north": {"uv": [14, 0, 16, 3], "texture": "#128"},
				"east": {"uv": [8, 0, 14, 3], "texture": "#128"},
				"south": {"uv": [6, 0, 8, 3], "texture": "#128"},
				"west": {"uv": [0, 0, 6, 3], "texture": "#128"},
				"up": {"uv": [14, 3, 16, 9], "rotation": 180, "texture": "#128"},
				"down": {"uv": [12, 3, 14, 9], "rotation": 180, "texture": "#128"}
			}
		},
		{
			"from": [1.5, -5.48, -10.04],
			"to": [3.96, -3.84, -4.3],
			"faces": {
				"north": {"uv": [13, 0, 16, 2], "texture": "#128"},
				"east": {"uv": [3, 2, 9, 4], "texture": "#128"},
				"south": {"uv": [6, 0, 9, 2], "texture": "#128"},
				"west": {"uv": [0, 0, 6, 2], "texture": "#128"},
				"up": {"uv": [13, 9, 16, 16], "rotation": 180, "texture": "#128"},
				"down": {"uv": [13, 2, 16, 9], "rotation": 180, "texture": "#128"}
			}
		},
		{
			"from": [14.84, -3.48, -10.04],
			"to": [16.48, -1.02, -4.3],
			"faces": {
				"north": {"uv": [0, 0, 2, 3], "texture": "#128"},
				"east": {"uv": [10, 0, 16, 3], "texture": "#128"},
				"south": {"uv": [8, 0, 10, 3], "texture": "#128"},
				"west": {"uv": [2, 0, 8, 3], "texture": "#128"},
				"up": {"uv": [0, 3, 2, 10], "rotation": 180, "texture": "#128"},
				"down": {"uv": [2, 3, 4, 10], "rotation": 180, "texture": "#128"}
			}
		},
		{
			"from": [11.78, -5.48, -10.04],
			"to": [14.24, -3.84, -4.3],
			"faces": {
				"north": {"uv": [0, 0, 3, 2], "texture": "#128"},
				"east": {"uv": [10, 0, 16, 2], "texture": "#128"},
				"south": {"uv": [7, 0, 10, 2], "texture": "#128"},
				"west": {"uv": [7, 2, 13, 4], "texture": "#128"},
				"up": {"uv": [0, 9, 3, 16], "rotation": 180, "texture": "#128"},
				"down": {"uv": [0, 2, 3, 9], "rotation": 180, "texture": "#128"}
			}
		},
		{
			"from": [6.36, -2.66, -11.68],
			"to": [9.64, -0.2, -8.4],
			"faces": {
				"north": {"uv": [0, 0, 4, 3], "texture": "#140"},
				"east": {"uv": [0, 0, 4, 3], "texture": "#140"},
				"south": {"uv": [0, 0, 4, 3], "texture": "#140"},
				"west": {"uv": [0, 0, 4, 3], "texture": "#140"},
				"up": {"uv": [0, 0, 4, 3], "rotation": 180, "texture": "#140"},
				"down": {"uv": [0, 0, 4, 3], "rotation": 180, "texture": "#140"}
			}
		},
		{
			"from": [3.14, -6.3, -5.94],
			"to": [3.96, -5.48, -4.3],
			"faces": {
				"north": {"uv": [0, 0, 2, 1], "rotation": 90, "texture": "#153"},
				"east": {"uv": [0, 0, 2, 1], "rotation": 90, "texture": "#153"},
				"south": {"uv": [0, 0, 2, 1], "rotation": 270, "texture": "#153"},
				"west": {"uv": [0, 0, 2, 1], "rotation": 90, "texture": "#153"},
				"up": {"uv": [0, 0, 2, 1], "rotation": 270, "texture": "#153"},
				"down": {"uv": [0, 0, 2, 1], "rotation": 270, "texture": "#153"}
			}
		},
		{
			"from": [1.5, -6.3, -10.86],
			"to": [3.14, -5.48, -9.22],
			"faces": {
				"north": {"uv": [0, 0, 2, 2], "rotation": 90, "texture": "#142"},
				"east": {"uv": [0, 0, 2, 2], "rotation": 90, "texture": "#142"},
				"south": {"uv": [0, 0, 2, 2], "rotation": 270, "texture": "#142"},
				"west": {"uv": [0, 0, 2, 2], "rotation": 90, "texture": "#142"},
				"up": {"uv": [0, 0, 2, 2], "rotation": 270, "texture": "#142"},
				"down": {"uv": [0, 0, 2, 2], "rotation": 270, "texture": "#142"}
			}
		},
		{
			"from": [1.5, -6.3, -11.68],
			"to": [3.14, -5.48, -10.86],
			"faces": {
				"north": {"uv": [0, 0, 1, 2], "rotation": 90, "texture": "#153"},
				"east": {"uv": [0, 0, 1, 2], "rotation": 90, "texture": "#153"},
				"south": {"uv": [0, 0, 1, 2], "rotation": 270, "texture": "#153"},
				"west": {"uv": [0, 0, 1, 2], "rotation": 90, "texture": "#153"},
				"up": {"uv": [0, 0, 1, 2], "rotation": 270, "texture": "#153"},
				"down": {"uv": [0, 0, 1, 2], "rotation": 270, "texture": "#153"}
			}
		},
		{
			"from": [1.5, -6.3, -9.22],
			"to": [3.14, -5.48, -8.4],
			"faces": {
				"north": {"uv": [0, 0, 1, 2], "rotation": 90, "texture": "#153"},
				"east": {"uv": [0, 0, 1, 2], "rotation": 90, "texture": "#153"},
				"south": {"uv": [0, 0, 1, 2], "rotation": 270, "texture": "#153"},
				"west": {"uv": [0, 0, 1, 2], "rotation": 90, "texture": "#153"},
				"up": {"uv": [0, 0, 1, 2], "rotation": 270, "texture": "#153"},
				"down": {"uv": [0, 0, 1, 2], "rotation": 270, "texture": "#153"}
			}
		},
		{
			"from": [3.14, -6.3, -10.86],
			"to": [3.96, -5.48, -9.22],
			"faces": {
				"north": {"uv": [0, 0, 2, 1], "rotation": 90, "texture": "#153"},
				"east": {"uv": [0, 0, 2, 1], "rotation": 90, "texture": "#153"},
				"south": {"uv": [0, 0, 2, 1], "rotation": 270, "texture": "#153"},
				"west": {"uv": [0, 0, 2, 1], "rotation": 90, "texture": "#153"},
				"up": {"uv": [0, 0, 2, 1], "rotation": 270, "texture": "#153"},
				"down": {"uv": [0, 0, 2, 1], "rotation": 270, "texture": "#153"}
			}
		},
		{
			"from": [0.68, -6.3, -10.86],
			"to": [1.5, -5.48, -9.22],
			"faces": {
				"north": {"uv": [0, 0, 1, 1], "rotation": 90, "texture": "#153"},
				"east": {"uv": [0, 0, 1, 2], "rotation": 90, "texture": "#153"},
				"south": {"uv": [0, 0, 1, 1], "rotation": 270, "texture": "#153"},
				"west": {"uv": [0, 0, 1, 2], "rotation": 90, "texture": "#153"},
				"up": {"uv": [0, 0, 2, 1], "rotation": 270, "texture": "#153"},
				"down": {"uv": [0, 0, 2, 1], "rotation": 270, "texture": "#153"}
			}
		},
		{
			"from": [0.68, -6.3, -5.94],
			"to": [1.5, -5.48, -4.3],
			"faces": {
				"north": {"uv": [0, 0, 2, 1], "rotation": 90, "texture": "#153"},
				"east": {"uv": [0, 0, 2, 1], "rotation": 90, "texture": "#153"},
				"south": {"uv": [0, 0, 2, 1], "rotation": 270, "texture": "#153"},
				"west": {"uv": [0, 0, 2, 1], "rotation": 90, "texture": "#153"},
				"up": {"uv": [0, 0, 2, 1], "rotation": 270, "texture": "#153"},
				"down": {"uv": [0, 0, 2, 1], "rotation": 270, "texture": "#153"}
			}
		},
		{
			"from": [1.5, -6.3, -6.76],
			"to": [3.14, -5.48, -5.94],
			"faces": {
				"north": {"uv": [0, 0, 1, 2], "rotation": 90, "texture": "#153"},
				"east": {"uv": [0, 0, 1, 2], "rotation": 90, "texture": "#153"},
				"south": {"uv": [0, 0, 1, 2], "rotation": 270, "texture": "#153"},
				"west": {"uv": [0, 0, 1, 2], "rotation": 90, "texture": "#153"},
				"up": {"uv": [0, 0, 1, 2], "rotation": 270, "texture": "#153"},
				"down": {"uv": [0, 0, 1, 2], "rotation": 270, "texture": "#153"}
			}
		},
		{
			"from": [1.5, -6.3, -5.94],
			"to": [3.14, -5.48, -4.3],
			"faces": {
				"north": {"uv": [0, 0, 2, 2], "rotation": 90, "texture": "#142"},
				"east": {"uv": [0, 0, 2, 2], "rotation": 90, "texture": "#142"},
				"south": {"uv": [0, 0, 2, 2], "rotation": 270, "texture": "#142"},
				"west": {"uv": [0, 0, 2, 2], "rotation": 90, "texture": "#142"},
				"up": {"uv": [0, 0, 2, 2], "rotation": 270, "texture": "#142"},
				"down": {"uv": [0, 0, 2, 2], "rotation": 270, "texture": "#142"}
			}
		},
		{
			"from": [1.5, -6.3, -4.3],
			"to": [3.14, -5.48, -3.48],
			"faces": {
				"north": {"uv": [0, 0, 1, 2], "rotation": 90, "texture": "#153"},
				"east": {"uv": [0, 0, 1, 2], "rotation": 90, "texture": "#153"},
				"south": {"uv": [0, 0, 1, 2], "rotation": 270, "texture": "#153"},
				"west": {"uv": [0, 0, 1, 2], "rotation": 90, "texture": "#153"},
				"up": {"uv": [0, 0, 1, 2], "rotation": 270, "texture": "#153"},
				"down": {"uv": [0, 0, 1, 2], "rotation": 270, "texture": "#153"}
			}
		},
		{
			"from": [-1.3, -1.84, -5.94],
			"to": [-0.48, -1.02, -4.3],
			"faces": {
				"north": {"uv": [0, 0, 2, 1], "texture": "#153"},
				"east": {"uv": [0, 0, 2, 1], "texture": "#153"},
				"south": {"uv": [0, 0, 2, 1], "texture": "#153"},
				"west": {"uv": [0, 0, 2, 1], "texture": "#153"},
				"up": {"uv": [0, 0, 2, 1], "rotation": 180, "texture": "#153"},
				"down": {"uv": [0, 0, 2, 1], "rotation": 180, "texture": "#153"}
			}
		},
		{
			"from": [-1.3, -3.48, -10.86],
			"to": [-0.48, -1.84, -9.22],
			"faces": {
				"north": {"uv": [0, 0, 2, 2], "texture": "#142"},
				"east": {"uv": [0, 0, 2, 2], "texture": "#142"},
				"south": {"uv": [0, 0, 2, 2], "texture": "#142"},
				"west": {"uv": [0, 0, 2, 2], "texture": "#142"},
				"up": {"uv": [0, 0, 2, 2], "rotation": 180, "texture": "#142"},
				"down": {"uv": [0, 0, 2, 2], "rotation": 180, "texture": "#142"}
			}
		},
		{
			"from": [-1.3, -3.48, -11.68],
			"to": [-0.48, -1.84, -10.86],
			"faces": {
				"north": {"uv": [0, 0, 1, 2], "texture": "#153"},
				"east": {"uv": [0, 0, 1, 2], "texture": "#153"},
				"south": {"uv": [0, 0, 1, 2], "texture": "#153"},
				"west": {"uv": [0, 0, 1, 2], "texture": "#153"},
				"up": {"uv": [0, 0, 1, 2], "rotation": 180, "texture": "#153"},
				"down": {"uv": [0, 0, 1, 2], "rotation": 180, "texture": "#153"}
			}
		},
		{
			"from": [-1.3, -3.48, -9.22],
			"to": [-0.48, -1.84, -8.4],
			"faces": {
				"north": {"uv": [0, 0, 1, 2], "texture": "#153"},
				"east": {"uv": [0, 0, 1, 2], "texture": "#153"},
				"south": {"uv": [0, 0, 1, 2], "texture": "#153"},
				"west": {"uv": [0, 0, 1, 2], "texture": "#153"},
				"up": {"uv": [0, 0, 1, 2], "rotation": 180, "texture": "#153"},
				"down": {"uv": [0, 0, 1, 2], "rotation": 180, "texture": "#153"}
			}
		},
		{
			"from": [-1.3, -1.84, -10.86],
			"to": [-0.48, -1.02, -9.22],
			"faces": {
				"north": {"uv": [0, 0, 2, 1], "texture": "#153"},
				"east": {"uv": [0, 0, 2, 1], "texture": "#153"},
				"south": {"uv": [0, 0, 2, 1], "texture": "#153"},
				"west": {"uv": [0, 0, 2, 1], "texture": "#153"},
				"up": {"uv": [0, 0, 2, 1], "rotation": 180, "texture": "#153"},
				"down": {"uv": [0, 0, 2, 1], "rotation": 180, "texture": "#153"}
			}
		},
		{
			"from": [-1.3, -4.3, -10.86],
			"to": [-0.48, -3.48, -9.22],
			"faces": {
				"north": {"uv": [0, 0, 1, 1], "texture": "#153"},
				"east": {"uv": [0, 0, 2, 1], "texture": "#153"},
				"south": {"uv": [0, 0, 1, 1], "texture": "#153"},
				"west": {"uv": [0, 0, 2, 1], "texture": "#153"},
				"up": {"uv": [0, 0, 1, 2], "rotation": 180, "texture": "#153"},
				"down": {"uv": [0, 0, 1, 2], "rotation": 180, "texture": "#153"}
			}
		},
		{
			"from": [-1.3, -4.3, -5.94],
			"to": [-0.48, -3.48, -4.3],
			"faces": {
				"north": {"uv": [0, 0, 2, 1], "texture": "#153"},
				"east": {"uv": [0, 0, 2, 1], "texture": "#153"},
				"south": {"uv": [0, 0, 2, 1], "texture": "#153"},
				"west": {"uv": [0, 0, 2, 1], "texture": "#153"},
				"up": {"uv": [0, 0, 2, 1], "rotation": 180, "texture": "#153"},
				"down": {"uv": [0, 0, 2, 1], "rotation": 180, "texture": "#153"}
			}
		},
		{
			"from": [-1.3, -3.48, -6.76],
			"to": [-0.48, -1.84, -5.94],
			"faces": {
				"north": {"uv": [0, 0, 1, 2], "texture": "#153"},
				"east": {"uv": [0, 0, 1, 2], "texture": "#153"},
				"south": {"uv": [0, 0, 1, 2], "texture": "#153"},
				"west": {"uv": [0, 0, 1, 2], "texture": "#153"},
				"up": {"uv": [0, 0, 1, 2], "rotation": 180, "texture": "#153"},
				"down": {"uv": [0, 0, 1, 2], "rotation": 180, "texture": "#153"}
			}
		},
		{
			"from": [-1.3, -3.48, -5.94],
			"to": [-0.48, -1.84, -4.3],
			"faces": {
				"north": {"uv": [0, 0, 2, 2], "texture": "#142"},
				"east": {"uv": [0, 0, 2, 2], "texture": "#142"},
				"south": {"uv": [0, 0, 2, 2], "texture": "#142"},
				"west": {"uv": [0, 0, 2, 2], "texture": "#142"},
				"up": {"uv": [0, 0, 2, 2], "rotation": 180, "texture": "#142"},
				"down": {"uv": [0, 0, 2, 2], "rotation": 180, "texture": "#142"}
			}
		},
		{
			"from": [-1.3, -3.48, -4.3],
			"to": [-0.48, -1.84, -3.48],
			"faces": {
				"north": {"uv": [0, 0, 1, 2], "texture": "#153"},
				"east": {"uv": [0, 0, 1, 2], "texture": "#153"},
				"south": {"uv": [0, 0, 1, 2], "texture": "#153"},
				"west": {"uv": [0, 0, 1, 2], "texture": "#153"},
				"up": {"uv": [0, 0, 1, 2], "rotation": 180, "texture": "#153"},
				"down": {"uv": [0, 0, 1, 2], "rotation": 180, "texture": "#153"}
			}
		},
		{
			"from": [12.6, -6.3, -6.76],
			"to": [14.24, -5.48, -5.94],
			"faces": {
				"north": {"uv": [0, 0, 1, 2], "rotation": 270, "texture": "#153"},
				"east": {"uv": [0, 0, 1, 2], "rotation": 270, "texture": "#153"},
				"south": {"uv": [0, 0, 1, 2], "rotation": 90, "texture": "#153"},
				"west": {"uv": [0, 0, 1, 2], "rotation": 270, "texture": "#153"},
				"up": {"uv": [0, 0, 1, 2], "rotation": 90, "texture": "#153"},
				"down": {"uv": [0, 0, 1, 2], "rotation": 90, "texture": "#153"}
			}
		},
		{
			"from": [12.6, -6.3, -4.3],
			"to": [14.24, -5.48, -3.48],
			"faces": {
				"north": {"uv": [0, 0, 1, 2], "rotation": 270, "texture": "#153"},
				"east": {"uv": [0, 0, 1, 2], "rotation": 270, "texture": "#153"},
				"south": {"uv": [0, 0, 1, 2], "rotation": 90, "texture": "#153"},
				"west": {"uv": [0, 0, 1, 2], "rotation": 270, "texture": "#153"},
				"up": {"uv": [0, 0, 1, 2], "rotation": 90, "texture": "#153"},
				"down": {"uv": [0, 0, 1, 2], "rotation": 90, "texture": "#153"}
			}
		},
		{
			"from": [11.78, -6.3, -5.94],
			"to": [12.6, -5.48, -4.3],
			"faces": {
				"north": {"uv": [0, 0, 2, 1], "rotation": 270, "texture": "#153"},
				"east": {"uv": [0, 0, 2, 1], "rotation": 270, "texture": "#153"},
				"south": {"uv": [0, 0, 2, 1], "rotation": 90, "texture": "#153"},
				"west": {"uv": [0, 0, 2, 1], "rotation": 270, "texture": "#153"},
				"up": {"uv": [0, 0, 2, 1], "rotation": 90, "texture": "#153"},
				"down": {"uv": [0, 0, 2, 1], "rotation": 90, "texture": "#153"}
			}
		},
		{
			"from": [11.78, -6.3, -10.86],
			"to": [12.6, -5.48, -9.22],
			"faces": {
				"north": {"uv": [0, 0, 2, 1], "rotation": 270, "texture": "#153"},
				"east": {"uv": [0, 0, 2, 1], "rotation": 270, "texture": "#153"},
				"south": {"uv": [0, 0, 2, 1], "rotation": 90, "texture": "#153"},
				"west": {"uv": [0, 0, 2, 1], "rotation": 270, "texture": "#153"},
				"up": {"uv": [0, 0, 2, 1], "rotation": 90, "texture": "#153"},
				"down": {"uv": [0, 0, 2, 1], "rotation": 90, "texture": "#153"}
			}
		},
		{
			"from": [14.24, -6.3, -5.94],
			"to": [15.06, -5.48, -4.3],
			"faces": {
				"north": {"uv": [0, 0, 2, 1], "rotation": 270, "texture": "#153"},
				"east": {"uv": [0, 0, 2, 1], "rotation": 270, "texture": "#153"},
				"south": {"uv": [0, 0, 2, 1], "rotation": 90, "texture": "#153"},
				"west": {"uv": [0, 0, 2, 1], "rotation": 270, "texture": "#153"},
				"up": {"uv": [0, 0, 2, 1], "rotation": 90, "texture": "#153"},
				"down": {"uv": [0, 0, 2, 1], "rotation": 90, "texture": "#153"}
			}
		},
		{
			"from": [12.6, -6.3, -11.68],
			"to": [14.24, -5.48, -10.86],
			"faces": {
				"north": {"uv": [0, 0, 1, 2], "rotation": 270, "texture": "#153"},
				"east": {"uv": [0, 0, 1, 2], "rotation": 270, "texture": "#153"},
				"south": {"uv": [0, 0, 1, 2], "rotation": 90, "texture": "#153"},
				"west": {"uv": [0, 0, 1, 2], "rotation": 270, "texture": "#153"},
				"up": {"uv": [0, 0, 1, 2], "rotation": 90, "texture": "#153"},
				"down": {"uv": [0, 0, 1, 2], "rotation": 90, "texture": "#153"}
			}
		},
		{
			"from": [12.6, -6.3, -9.22],
			"to": [14.24, -5.48, -8.4],
			"faces": {
				"north": {"uv": [0, 0, 1, 2], "rotation": 270, "texture": "#153"},
				"east": {"uv": [0, 0, 1, 2], "rotation": 270, "texture": "#153"},
				"south": {"uv": [0, 0, 1, 2], "rotation": 90, "texture": "#153"},
				"west": {"uv": [0, 0, 1, 2], "rotation": 270, "texture": "#153"},
				"up": {"uv": [0, 0, 1, 2], "rotation": 90, "texture": "#153"},
				"down": {"uv": [0, 0, 1, 2], "rotation": 90, "texture": "#153"}
			}
		},
		{
			"from": [14.24, -6.3, -10.86],
			"to": [15.06, -5.48, -9.22],
			"faces": {
				"north": {"uv": [0, 0, 2, 1], "rotation": 270, "texture": "#153"},
				"east": {"uv": [0, 0, 2, 1], "rotation": 270, "texture": "#153"},
				"south": {"uv": [0, 0, 2, 1], "rotation": 90, "texture": "#153"},
				"west": {"uv": [0, 0, 2, 1], "rotation": 270, "texture": "#153"},
				"up": {"uv": [0, 0, 2, 1], "rotation": 90, "texture": "#153"},
				"down": {"uv": [0, 0, 2, 1], "rotation": 90, "texture": "#153"}
			}
		},
		{
			"from": [12.6, -6.3, -10.86],
			"to": [14.24, -5.48, -9.22],
			"faces": {
				"north": {"uv": [0, 0, 2, 2], "rotation": 270, "texture": "#142"},
				"east": {"uv": [0, 0, 2, 2], "rotation": 270, "texture": "#142"},
				"south": {"uv": [0, 0, 2, 2], "rotation": 90, "texture": "#142"},
				"west": {"uv": [0, 0, 2, 2], "rotation": 270, "texture": "#142"},
				"up": {"uv": [0, 0, 2, 2], "rotation": 90, "texture": "#142"},
				"down": {"uv": [0, 0, 2, 2], "rotation": 90, "texture": "#142"}
			}
		},
		{
			"from": [12.6, -6.3, -5.94],
			"to": [14.24, -5.48, -4.3],
			"faces": {
				"north": {"uv": [0, 0, 2, 2], "rotation": 270, "texture": "#142"},
				"east": {"uv": [0, 0, 2, 2], "rotation": 270, "texture": "#142"},
				"south": {"uv": [0, 0, 2, 2], "rotation": 90, "texture": "#142"},
				"west": {"uv": [0, 0, 2, 2], "rotation": 270, "texture": "#142"},
				"up": {"uv": [0, 0, 2, 2], "rotation": 90, "texture": "#142"},
				"down": {"uv": [0, 0, 2, 2], "rotation": 90, "texture": "#142"}
			}
		},
		{
			"from": [16.48, -3.48, -6.76],
			"to": [17.3, -1.84, -5.94],
			"faces": {
				"north": {"uv": [0, 0, 1, 2], "texture": "#153"},
				"east": {"uv": [0, 0, 1, 2], "texture": "#153"},
				"south": {"uv": [0, 0, 1, 2], "texture": "#153"},
				"west": {"uv": [0, 0, 1, 2], "texture": "#153"},
				"up": {"uv": [0, 0, 1, 2], "rotation": 180, "texture": "#153"},
				"down": {"uv": [0, 0, 1, 2], "rotation": 180, "texture": "#153"}
			}
		},
		{
			"from": [16.48, -3.48, -4.3],
			"to": [17.3, -1.84, -3.48],
			"faces": {
				"north": {"uv": [0, 0, 1, 2], "texture": "#153"},
				"east": {"uv": [0, 0, 1, 2], "texture": "#153"},
				"south": {"uv": [0, 0, 1, 2], "texture": "#153"},
				"west": {"uv": [0, 0, 1, 2], "texture": "#153"},
				"up": {"uv": [0, 0, 1, 2], "rotation": 180, "texture": "#153"},
				"down": {"uv": [0, 0, 1, 2], "rotation": 180, "texture": "#153"}
			}
		},
		{
			"from": [16.48, -1.84, -5.94],
			"to": [17.3, -1.02, -4.3],
			"faces": {
				"north": {"uv": [0, 0, 2, 1], "texture": "#153"},
				"east": {"uv": [0, 0, 2, 1], "texture": "#153"},
				"south": {"uv": [0, 0, 2, 1], "texture": "#153"},
				"west": {"uv": [0, 0, 2, 1], "texture": "#153"},
				"up": {"uv": [0, 0, 2, 1], "rotation": 180, "texture": "#153"},
				"down": {"uv": [0, 0, 2, 1], "rotation": 180, "texture": "#153"}
			}
		},
		{
			"from": [16.48, -4.3, -10.86],
			"to": [17.3, -3.48, -9.22],
			"faces": {
				"north": {"uv": [0, 0, 2, 1], "texture": "#153"},
				"east": {"uv": [0, 0, 2, 1], "texture": "#153"},
				"south": {"uv": [0, 0, 2, 1], "texture": "#153"},
				"west": {"uv": [0, 0, 2, 1], "texture": "#153"},
				"up": {"uv": [0, 0, 2, 1], "rotation": 180, "texture": "#153"},
				"down": {"uv": [0, 0, 2, 1], "rotation": 180, "texture": "#153"}
			}
		},
		{
			"from": [16.48, -4.3, -5.94],
			"to": [17.3, -3.48, -4.3],
			"faces": {
				"north": {"uv": [0, 0, 2, 1], "texture": "#153"},
				"east": {"uv": [0, 0, 2, 1], "texture": "#153"},
				"south": {"uv": [0, 0, 2, 1], "texture": "#153"},
				"west": {"uv": [0, 0, 2, 1], "texture": "#153"},
				"up": {"uv": [0, 0, 2, 1], "rotation": 180, "texture": "#153"},
				"down": {"uv": [0, 0, 2, 1], "rotation": 180, "texture": "#153"}
			}
		},
		{
			"from": [16.48, -3.48, -11.68],
			"to": [17.3, -1.84, -10.86],
			"faces": {
				"north": {"uv": [0, 0, 1, 2], "texture": "#153"},
				"east": {"uv": [0, 0, 1, 2], "texture": "#153"},
				"south": {"uv": [0, 0, 1, 2], "texture": "#153"},
				"west": {"uv": [0, 0, 1, 2], "texture": "#153"},
				"up": {"uv": [0, 0, 1, 2], "rotation": 180, "texture": "#153"},
				"down": {"uv": [0, 0, 1, 2], "rotation": 180, "texture": "#153"}
			}
		},
		{
			"from": [16.48, -3.48, -9.22],
			"to": [17.3, -1.84, -8.4],
			"faces": {
				"north": {"uv": [0, 0, 1, 2], "texture": "#153"},
				"east": {"uv": [0, 0, 1, 2], "texture": "#153"},
				"south": {"uv": [0, 0, 1, 2], "texture": "#153"},
				"west": {"uv": [0, 0, 1, 2], "texture": "#153"},
				"up": {"uv": [0, 0, 1, 2], "rotation": 180, "texture": "#153"},
				"down": {"uv": [0, 0, 1, 2], "rotation": 180, "texture": "#153"}
			}
		},
		{
			"from": [16.48, -1.84, -10.86],
			"to": [17.3, -1.02, -9.22],
			"faces": {
				"north": {"uv": [0, 0, 2, 1], "texture": "#153"},
				"east": {"uv": [0, 0, 2, 1], "texture": "#153"},
				"south": {"uv": [0, 0, 2, 1], "texture": "#153"},
				"west": {"uv": [0, 0, 2, 1], "texture": "#153"},
				"up": {"uv": [0, 0, 2, 1], "rotation": 180, "texture": "#153"},
				"down": {"uv": [0, 0, 2, 1], "rotation": 180, "texture": "#153"}
			}
		},
		{
			"from": [16.48, -3.48, -10.86],
			"to": [17.3, -1.84, -9.22],
			"faces": {
				"north": {"uv": [0, 0, 2, 2], "texture": "#142"},
				"east": {"uv": [0, 0, 2, 2], "texture": "#142"},
				"south": {"uv": [0, 0, 2, 2], "texture": "#142"},
				"west": {"uv": [0, 0, 2, 2], "texture": "#142"},
				"up": {"uv": [0, 0, 2, 2], "rotation": 180, "texture": "#142"},
				"down": {"uv": [0, 0, 2, 2], "rotation": 180, "texture": "#142"}
			}
		},
		{
			"from": [16.48, -3.48, -5.94],
			"to": [17.3, -1.84, -4.3],
			"faces": {
				"north": {"uv": [0, 0, 2, 2], "texture": "#142"},
				"east": {"uv": [0, 0, 2, 2], "texture": "#142"},
				"south": {"uv": [0, 0, 2, 2], "texture": "#142"},
				"west": {"uv": [0, 0, 2, 2], "texture": "#142"},
				"up": {"uv": [0, 0, 2, 2], "rotation": 180, "texture": "#142"},
				"down": {"uv": [0, 0, 2, 2], "rotation": 180, "texture": "#142"}
			}
		}
	],
	"display": {
		"thirdperson_righthand": {
			"scale": [2.5, 2.5, 2.5]
		},
		"head": {
			"scale": [2.05, 2.05, 2.05]
		}
	},
	"groups": [
		0,
		1,
		2,
		3,
		4,
		5,
		6,
		7,
		8,
		9,
		10,
		11,
		12,
		13,
		14,
		15,
		16,
		17,
		18,
		19,
		20,
		21,
		22,
		23,
		24,
		25,
		26,
		27,
		28,
		29,
		30,
		31,
		32,
		33,
		34,
		35,
		36,
		37,
		38,
		39,
		40,
		41,
		42,
		43,
		44,
		45,
		46,
		47,
		48,
		49,
		50,
		51,
		52,
		53,
		{
			"name": "group",
			"origin": [0, 0, 0],
			"color": 0,
			"nbt": "{}",
			"armAnimationEnabled": false,
			"children": [
				{
					"name": "group",
					"origin": [0, 0, 0],
					"color": 0,
					"nbt": "{}",
					"armAnimationEnabled": false,
					"children": [54, 55, 56, 57, 58, 59, 60, 61, 62, 63]
				},
				{
					"name": "group",
					"origin": [0, 0, 0],
					"color": 0,
					"nbt": "{}",
					"armAnimationEnabled": false,
					"children": [64, 65, 66, 67, 68, 69, 70, 71, 72, 73]
				},
				{
					"name": "group",
					"origin": [0, 0, 0],
					"color": 0,
					"nbt": "{}",
					"armAnimationEnabled": false,
					"children": [74, 75, 76, 77, 78, 79, 80, 81, 82, 83]
				},
				{
					"name": "group",
					"origin": [0, 0, 0],
					"color": 0,
					"nbt": "{}",
					"armAnimationEnabled": false,
					"children": [84, 85, 86, 87, 88, 89, 90, 91, 92, 93]
				}
			]
		}
	]
}