{
	"credit": "Copyright © 2021-2099 Ikaho-Onsen Minecraft Server. All rights reserved.",
	"textures": {
		"0": "minecraft:item/pudding01",
		"particle": "minecraft:item/pudding01"
	},
	"elements": [
		{
			"from": [6.75, 9.25, 6.85342],
			"to": [9.25, 17.1, 9.25342],
			"rotation": {"angle": 0, "axis": "y", "origin": [-4.25, 8.25, 3.25342]},
			"faces": {
				"north": {"uv": [6.6, 2, 9.1, 9.85], "texture": "#0"},
				"east": {"uv": [7, 2, 9.4, 9.85], "texture": "#0"},
				"south": {"uv": [0, 2, 2.5, 9.85], "texture": "#0"},
				"west": {"uv": [13.6, 2, 16, 9.85], "texture": "#0"},
				"up": {"uv": [7, 0, 9.5, 2.4], "texture": "#0"},
				"down": {"uv": [8.5, 9, 11, 11.4], "texture": "#0"}
			}
		},
		{
			"from": [7.05, 9.25, 6.25342],
			"to": [8.95, 17.1, 7.25342],
			"rotation": {"angle": 0, "axis": "y", "origin": [-4.25, 8.25, 3.25342]},
			"faces": {
				"north": {"uv": [12.6, 2, 14.5, 9.85], "texture": "#0"},
				"east": {"uv": [6, 2, 7, 9.85], "texture": "#0"},
				"south": {"uv": [7, 2, 8.9, 9.85], "texture": "#0"},
				"west": {"uv": [5, 2, 6, 9.85], "texture": "#0"},
				"up": {"uv": [0, 0, 1.9, 1], "texture": "#0"},
				"down": {"uv": [4.5, 4, 6.4, 5], "texture": "#0"}
			}
		},
		{
			"from": [7.05, 9.25, 8.75342],
			"to": [8.95, 17.1, 9.75342],
			"rotation": {"angle": 0, "axis": "y", "origin": [-4.25, 8.25, 3.25342]},
			"faces": {
				"north": {"uv": [6.6, 2, 8.5, 9.85], "texture": "#0"},
				"east": {"uv": [0, 2, 1, 9.85], "texture": "#0"},
				"south": {"uv": [0, 2, 1.9, 9.85], "texture": "#0"},
				"west": {"uv": [0, 2, 1, 9.85], "texture": "#0"},
				"up": {"uv": [2, 0, 3.9, 1], "texture": "#0"},
				"down": {"uv": [5.5, 4, 7.4, 5], "texture": "#0"}
			}
		},
		{
			"from": [8.75, 9.25, 8.75342],
			"to": [9.25, 17.1, 9.25342],
			"rotation": {"angle": 0, "axis": "y", "origin": [-4.25, 8.25, -2.74658]},
			"faces": {
				"north": {"uv": [0, 2, 0.5, 9.85], "texture": "#0"},
				"east": {"uv": [9, 2, 9.5, 9.85], "texture": "#0"},
				"south": {"uv": [0, 2, 0.5, 9.85], "texture": "#0"},
				"west": {"uv": [0, 2, 0.5, 9.85], "texture": "#0"},
				"up": {"uv": [0, 0, 0.5, 0.5], "texture": "#0"},
				"down": {"uv": [9.5, 8, 10, 8.5], "texture": "#0"}
			}
		},
		{
			"from": [7.3647, 9.25, 9.67678],
			"to": [7.8647, 17.1, 10.17678],
			"rotation": {"angle": -22.5, "axis": "y", "origin": [7.6147, 10.6, 9.92678]},
			"faces": {
				"north": {"uv": [0, 2, 0.5, 9.85], "texture": "#0"},
				"east": {"uv": [0, 2, 0.5, 9.85], "texture": "#0"},
				"south": {"uv": [7, 2, 7.5, 9.85], "texture": "#0"},
				"west": {"uv": [5, 2, 5.5, 9.85], "texture": "#0"},
				"up": {"uv": [2, 0, 2.5, 0.5], "texture": "#0"},
				"down": {"uv": [10.5, 11, 11, 11.5], "texture": "#0"}
			}
		},
		{
			"from": [7.75, 9.25, 9.75342],
			"to": [8.25, 17.1, 10.25342],
			"rotation": {"angle": 0, "axis": "y", "origin": [-4.25, 8.25, -2.74658]},
			"faces": {
				"north": {"uv": [0, 2, 0.5, 9.85], "texture": "#0"},
				"east": {"uv": [5, 2, 5.5, 9.85], "texture": "#0"},
				"south": {"uv": [8, 2, 8.5, 9.85], "texture": "#0"},
				"west": {"uv": [0, 2, 0.5, 9.85], "texture": "#0"},
				"up": {"uv": [3, 0, 3.5, 0.5], "texture": "#0"},
				"down": {"uv": [11.5, 14, 12, 14.5], "texture": "#0"}
			}
		},
		{
			"from": [6.75, 9.25, 8.75342],
			"to": [7.25, 17.1, 9.25342],
			"rotation": {"angle": 0, "axis": "y", "origin": [-4.25, 8.25, -2.74658]},
			"faces": {
				"north": {"uv": [0, 2, 0.5, 9.85], "texture": "#0"},
				"east": {"uv": [4, 2, 4.5, 9.85], "texture": "#0"},
				"south": {"uv": [5, 2, 5.5, 9.85], "texture": "#0"},
				"west": {"uv": [6, 2, 6.5, 9.85], "texture": "#0"},
				"up": {"uv": [0, 0, 0.5, 0.5], "texture": "#0"},
				"down": {"uv": [9.5, 8, 10, 8.5], "texture": "#0"}
			}
		},
		{
			"from": [6.81981, 9.25, 9.13188],
			"to": [7.31981, 17.1, 9.63188],
			"rotation": {"angle": 22.5, "axis": "y", "origin": [7.06981, 10.6, 9.38188]},
			"faces": {
				"north": {"uv": [5, 2, 5.5, 9.85], "texture": "#0"},
				"east": {"uv": [5, 2, 5.5, 9.85], "texture": "#0"},
				"south": {"uv": [6, 2, 6.5, 9.85], "texture": "#0"},
				"west": {"uv": [4, 2, 4.5, 9.85], "texture": "#0"},
				"up": {"uv": [2, 0, 2.5, 0.5], "texture": "#0"},
				"down": {"uv": [13.5, 10, 14, 10.5], "texture": "#0"}
			}
		},
		{
			"from": [7.03806, 9.25, 9.45852],
			"to": [7.53806, 17.1, 9.95852],
			"rotation": {"angle": -45, "axis": "y", "origin": [7.28806, 10.6, 9.70852]},
			"faces": {
				"north": {"uv": [0, 2, 0.5, 9.85], "texture": "#0"},
				"east": {"uv": [0, 2, 0.5, 9.85], "texture": "#0"},
				"south": {"uv": [8, 2, 8.5, 9.85], "texture": "#0"},
				"west": {"uv": [0, 2, 0.5, 9.85], "texture": "#0"},
				"up": {"uv": [3, 0, 5.5, 1.5], "texture": "#0"},
				"down": {"uv": [10.5, 11, 11, 11.5], "texture": "#0"}
			}
		},
		{
			"from": [8.12846, 9.25, 9.68361],
			"to": [8.62846, 17.1, 10.18361],
			"rotation": {"angle": 22.5, "axis": "y", "origin": [8.37846, 10.6, 9.93361]},
			"faces": {
				"north": {"uv": [0, 2, 0.5, 9.85], "texture": "#0"},
				"east": {"uv": [0, 2, 0.5, 9.85], "texture": "#0"},
				"south": {"uv": [7, 2, 7.5, 9.85], "texture": "#0"},
				"west": {"uv": [4, 2, 4.5, 9.85], "texture": "#0"},
				"up": {"uv": [5, 0, 5.5, 0.5], "texture": "#0"},
				"down": {"uv": [9.5, 10, 10, 10.5], "texture": "#0"}
			}
		},
		{
			"from": [8.4551, 9.25, 9.46536],
			"to": [8.9551, 17.1, 9.96536],
			"rotation": {"angle": 45, "axis": "y", "origin": [8.7051, 10.6, 9.71536]},
			"faces": {
				"north": {"uv": [0, 2, 0.5, 9.85], "texture": "#0"},
				"east": {"uv": [6, 3, 6.5, 10.85], "texture": "#0"},
				"south": {"uv": [7, 2, 7.5, 9.85], "texture": "#0"},
				"west": {"uv": [4, 2, 4.5, 9.85], "texture": "#0"},
				"up": {"uv": [0, 0, 0.5, 0.5], "texture": "#0"},
				"down": {"uv": [9.5, 10, 10, 10.5], "texture": "#0"}
			}
		},
		{
			"from": [8.67336, 9.25, 9.13872],
			"to": [9.17336, 17.1, 9.63872],
			"rotation": {"angle": -22.5, "axis": "y", "origin": [8.92336, 10.6, 9.38872]},
			"faces": {
				"north": {"uv": [0, 2, 0.5, 9.85], "texture": "#0"},
				"east": {"uv": [8, 2, 8.5, 9.85], "texture": "#0"},
				"south": {"uv": [0, 2, 0.5, 9.85], "texture": "#0"},
				"west": {"uv": [0, 2, 0.5, 9.85], "texture": "#0"},
				"up": {"uv": [0, 0, 0.5, 0.5], "texture": "#0"},
				"down": {"uv": [9.5, 11, 10, 11.5], "texture": "#0"}
			}
		},
		{
			"from": [8.75, 9.25, 6.75342],
			"to": [9.25, 17.1, 7.25342],
			"rotation": {"angle": 0, "axis": "y", "origin": [-4.25, 8.25, -2.74658]},
			"faces": {
				"north": {"uv": [0, 2, 0.5, 9.85], "texture": "#0"},
				"east": {"uv": [9, 2, 9.5, 9.85], "texture": "#0"},
				"south": {"uv": [0, 2, 0.5, 9.85], "texture": "#0"},
				"west": {"uv": [0, 2, 0.5, 9.85], "texture": "#0"},
				"up": {"uv": [0, 0, 15.5, 2.5], "texture": "#0"},
				"down": {"uv": [10.5, 10, 11, 10.5], "texture": "#0"}
			}
		},
		{
			"from": [6.75, 9.25, 6.75342],
			"to": [7.25, 17.1, 7.25342],
			"rotation": {"angle": 0, "axis": "y", "origin": [-4.25, 8.25, -2.74658]},
			"faces": {
				"north": {"uv": [5, 2, 5.5, 9.85], "texture": "#0"},
				"east": {"uv": [4, 2, 4.5, 9.85], "texture": "#0"},
				"south": {"uv": [4, 2, 4.5, 9.85], "texture": "#0"},
				"west": {"uv": [6, 2, 6.5, 9.85], "texture": "#0"},
				"up": {"uv": [0, 0, 0.5, 0.5], "texture": "#0"},
				"down": {"uv": [8.5, 8, 9, 8.5], "texture": "#0"}
			}
		},
		{
			"from": [6.81297, 9.25, 6.36812],
			"to": [7.31297, 17.1, 6.86812],
			"rotation": {"angle": -22.5, "axis": "y", "origin": [7.06297, 10.6, 6.61812]},
			"faces": {
				"north": {"uv": [6, 2, 6.5, 9.85], "texture": "#0"},
				"east": {"uv": [4, 2, 4.5, 9.85], "texture": "#0"},
				"south": {"uv": [5, 2, 5.5, 9.85], "texture": "#0"},
				"west": {"uv": [15, 2, 15.5, 9.85], "texture": "#0"},
				"up": {"uv": [0, 0, 0.5, 0.5], "texture": "#0"},
				"down": {"uv": [10.5, 9, 11, 9.5], "texture": "#0"}
			}
		},
		{
			"from": [7.03123, 9.25, 6.04148],
			"to": [7.53123, 17.1, 6.54148],
			"rotation": {"angle": 45, "axis": "y", "origin": [7.28123, 10.6, 6.29148]},
			"faces": {
				"north": {"uv": [6, 2, 6.5, 9.85], "texture": "#0"},
				"east": {"uv": [0, 2, 0.5, 9.85], "texture": "#0"},
				"south": {"uv": [0, 2, 0.5, 9.85], "texture": "#0"},
				"west": {"uv": [0, 2, 0.5, 9.85], "texture": "#0"},
				"up": {"uv": [0, 0, 0.5, 0.5], "texture": "#0"},
				"down": {"uv": [9.5, 8, 10, 8.5], "texture": "#0"}
			}
		},
		{
			"from": [7.35787, 9.25, 5.82322],
			"to": [7.85787, 17.1, 6.32322],
			"rotation": {"angle": 22.5, "axis": "y", "origin": [7.60787, 10.6, 6.07322]},
			"faces": {
				"north": {"uv": [7, 2, 7.5, 9.85], "texture": "#0"},
				"east": {"uv": [0, 2, 0.5, 9.85], "texture": "#0"},
				"south": {"uv": [0, 2, 0.5, 9.85], "texture": "#0"},
				"west": {"uv": [0, 2, 0.5, 9.85], "texture": "#0"},
				"up": {"uv": [0, 0, 0.5, 0.5], "texture": "#0"},
				"down": {"uv": [15.5, 10, 16, 10.5], "texture": "#0"}
			}
		},
		{
			"from": [7.74317, 9.25, 5.74658],
			"to": [8.24317, 17.1, 6.24658],
			"rotation": {"angle": 0, "axis": "y", "origin": [-3.25683, 8.25, -2.75342]},
			"faces": {
				"north": {"uv": [7, 2, 7.5, 9.85], "texture": "#0"},
				"east": {"uv": [0, 2, 0.5, 9.85], "texture": "#0"},
				"south": {"uv": [6, 2, 6.5, 9.85], "texture": "#0"},
				"west": {"uv": [0, 2, 0.5, 9.85], "texture": "#0"},
				"up": {"uv": [0, 0, 0.5, 0.5], "texture": "#0"},
				"down": {"uv": [15.5, 10, 16, 10.5], "texture": "#0"}
			}
		},
		{
			"from": [7.66966, 9.25, 6.12979],
			"to": [8.16966, 17.1, 6.62979],
			"rotation": {"angle": -22.5, "axis": "y", "origin": [8.91966, 10.6, 7.37979]},
			"faces": {
				"north": {"uv": [5, 2, 5.5, 9.85], "texture": "#0"},
				"east": {"uv": [0, 2, 0.5, 9.85], "texture": "#0"},
				"south": {"uv": [0, 2, 0.5, 9.85], "texture": "#0"},
				"west": {"uv": [0, 2, 0.5, 9.85], "texture": "#0"},
				"up": {"uv": [0, 0, 0.5, 0.5], "texture": "#0"},
				"down": {"uv": [14.5, 11, 15, 11.5], "texture": "#0"}
			}
		},
		{
			"from": [8.4551, 9.25, 6.04148],
			"to": [8.9551, 17.1, 6.54148],
			"rotation": {"angle": -45, "axis": "y", "origin": [8.7051, 10.6, 6.29148]},
			"faces": {
				"north": {"uv": [8, 2, 8.5, 9.85], "texture": "#0"},
				"east": {"uv": [0, 2, 0.5, 9.85], "texture": "#0"},
				"south": {"uv": [0, 2, 0.5, 9.85], "texture": "#0"},
				"west": {"uv": [0, 2, 0.5, 9.85], "texture": "#0"},
				"up": {"uv": [0, 0, 0.5, 0.5], "texture": "#0"},
				"down": {"uv": [9.5, 9, 10, 9.5], "texture": "#0"}
			}
		},
		{
			"from": [8.67336, 9.25, 6.36812],
			"to": [9.17336, 17.1, 6.86812],
			"rotation": {"angle": 22.5, "axis": "y", "origin": [8.92336, 10.6, 6.61812]},
			"faces": {
				"north": {"uv": [7, 2, 7.5, 9.85], "texture": "#0"},
				"east": {"uv": [8, 2, 8.5, 9.85], "texture": "#0"},
				"south": {"uv": [5, 2, 5.5, 9.85], "texture": "#0"},
				"west": {"uv": [4, 2, 4.5, 9.85], "texture": "#0"},
				"up": {"uv": [0, 0, 0.5, 0.5], "texture": "#0"},
				"down": {"uv": [14.5, 10, 15, 10.5], "texture": "#0"}
			}
		},
		{
			"from": [7.5, 5.5, 7.5],
			"to": [8.5, 9.5, 8.5],
			"rotation": {"angle": 0, "axis": "y", "origin": [7.5, 7.5, 7.5]},
			"faces": {
				"north": {"uv": [3, 12, 4, 16], "texture": "#0"},
				"east": {"uv": [1, 12, 2, 16], "texture": "#0"},
				"south": {"uv": [0, 12, 1, 16], "texture": "#0"},
				"west": {"uv": [2, 12, 3, 16], "texture": "#0"},
				"up": {"uv": [4, 12, 5, 13], "texture": "#0"},
				"down": {"uv": [4, 13, 5, 14], "texture": "#0"}
			}
		}
	],
	"gui_light": "front",
	"display": {
		"thirdperson_righthand": {
			"translation": [-0.25, 2.25, 1]
		},
		"gui": {
			"rotation": [0, -90, 0],
			"translation": [0, -2.75, 0]
		},
		"head": {
			"rotation": [-24, -90, -90],
			"translation": [0, -10, -14]
		},
		"fixed": {
			"rotation": [0, -90, -1],
			"translation": [0, -4, 0]
		}
	},
	"groups": [
		{
			"name": "group",
			"origin": [3.75, 10.25, 11.25342],
			"color": 0,
			"children": [
				{
					"name": "group",
					"origin": [3.75, 10.25, 11.25342],
					"color": 0,
					"children": [0, 1, 2]
				},
				{
					"name": "group",
					"origin": [3.75, 10.25, 11.25342],
					"color": 0,
					"children": [3, 4, 5, 6, 7, 8, 9, 10, 11]
				},
				{
					"name": "group",
					"origin": [2.10245, 18.125, 9.57605],
					"color": 0,
					"children": [12, 13, 14, 15, 16, 17, 18, 19, 20]
				}
			]
		},
		21
	]
}