{
	"credit": "Copyright © 2021-2099 Ikaho-Onsen Minecraft Server. All rights reserved.",
	"textures": {
		"0": "minecraft:item/santa",
		"particle": "minecraft:item/santa"
	},
	"elements": [
		{
			"from": [3.5, 6, 3.5],
			"to": [12.5, 7, 12.5],
			"rotation": {"angle": 0, "axis": "y", "origin": [3.5, 7, 3.5]},
			"faces": {
				"north": {"uv": [8, 0, 16, 1], "texture": "#0"},
				"east": {"uv": [8, 0, 16, 1], "texture": "#0"},
				"south": {"uv": [8, 0, 16, 1], "texture": "#0"},
				"west": {"uv": [8, 0, 16, 1], "texture": "#0"},
				"up": {"uv": [8, 0, 16, 1], "texture": "#0"},
				"down": {"uv": [8, 1, 16, 2], "texture": "#0"}
			}
		},
		{
			"from": [4, 7, 4],
			"to": [12, 9, 12],
			"rotation": {"angle": 0, "axis": "y", "origin": [4, 7, 4]},
			"faces": {
				"north": {"uv": [0, 0, 8, 2], "texture": "#0"},
				"east": {"uv": [0, 0, 8, 2], "texture": "#0"},
				"south": {"uv": [0, 0, 8, 2], "texture": "#0"},
				"west": {"uv": [0, 0, 8, 2], "texture": "#0"},
				"up": {"uv": [0, 0, 8, 8], "texture": "#0"},
				"down": {"uv": [0, 0, 8, 8], "texture": "#0"}
			}
		},
		{
			"from": [4.5, 9, 4.5],
			"to": [11.5, 11, 11.5],
			"rotation": {"angle": 0, "axis": "y", "origin": [4.5, 7, 4.5]},
			"faces": {
				"north": {"uv": [0, 0, 7, 2], "texture": "#0"},
				"east": {"uv": [0, 0, 7, 2], "texture": "#0"},
				"south": {"uv": [0, 0, 7, 2], "texture": "#0"},
				"west": {"uv": [0, 0, 7, 2], "texture": "#0"},
				"up": {"uv": [0, 0, 7, 7], "texture": "#0"},
				"down": {"uv": [0, 0, 7, 7], "texture": "#0"}
			}
		},
		{
			"from": [5, 11, 5],
			"to": [11, 13, 11],
			"rotation": {"angle": 0, "axis": "y", "origin": [5, 7, 5]},
			"faces": {
				"north": {"uv": [0, 0, 6, 2], "texture": "#0"},
				"east": {"uv": [0, 0, 6, 2], "texture": "#0"},
				"south": {"uv": [0, 0, 6, 2], "texture": "#0"},
				"west": {"uv": [0, 0, 6, 2], "texture": "#0"},
				"up": {"uv": [0, 0, 6, 6], "texture": "#0"},
				"down": {"uv": [0, 0, 6, 6], "texture": "#0"}
			}
		},
		{
			"from": [11, 8, 5.7],
			"to": [13, 13, 8.7],
			"rotation": {"angle": 22.5, "axis": "z", "origin": [12, 10.5, 8]},
			"faces": {
				"north": {"uv": [0, 0, 2, 5], "texture": "#0"},
				"east": {"uv": [0, 0, 3, 5], "texture": "#0"},
				"south": {"uv": [0, 0, 2, 5], "texture": "#0"},
				"west": {"uv": [0, 0, 3, 5], "texture": "#0"},
				"up": {"uv": [0, 0, 2, 3], "texture": "#0"},
				"down": {"uv": [0, 0, 2, 3], "texture": "#0"}
			}
		},
		{
			"from": [11, 6, 5.7],
			"to": [13, 7, 8.7],
			"rotation": {"angle": 22.5, "axis": "z", "origin": [12, 10.5, 8]},
			"faces": {
				"north": {"uv": [0, 8, 2, 9], "texture": "#0"},
				"east": {"uv": [0, 8, 3, 9], "texture": "#0"},
				"south": {"uv": [0, 8, 2, 9], "texture": "#0"},
				"west": {"uv": [0, 8, 3, 9], "texture": "#0"},
				"up": {"uv": [0, 8, 3, 10], "rotation": 90, "texture": "#0"},
				"down": {"uv": [0, 8, 3, 10], "rotation": 90, "texture": "#0"}
			}
		},
		{
			"from": [10.8, 7, 5.5],
			"to": [13.2, 8, 8.9],
			"rotation": {"angle": 22.5, "axis": "z", "origin": [12, 10.5, 8]},
			"faces": {
				"north": {"uv": [13.6, 0, 16, 1], "texture": "#0"},
				"east": {"uv": [12.6, 0, 16, 1], "texture": "#0"},
				"south": {"uv": [13.6, 0, 16, 1], "texture": "#0"},
				"west": {"uv": [12.6, 0, 16, 1], "texture": "#0"},
				"up": {"uv": [13.6, 0, 16, 0.4], "texture": "#0"},
				"down": {"uv": [12.6, 0, 16, 0.4], "rotation": 90, "texture": "#0"}
			}
		},
		{
			"from": [3.1, 9.7, 3.2],
			"to": [5.1, 12.7, 9.2],
			"rotation": {"angle": -22.5, "axis": "x", "origin": [4, 10.5, 8]},
			"faces": {
				"north": {"uv": [0, 0, 2, 3], "rotation": 180, "texture": "#0"},
				"east": {"uv": [0, 0, 3, 6], "rotation": 270, "texture": "#0"},
				"south": {"uv": [0, 0, 2, 3], "texture": "#0"},
				"west": {"uv": [0, 0, 3, 6], "rotation": 90, "texture": "#0"},
				"up": {"uv": [0, 0, 2, 6], "rotation": 180, "texture": "#0"},
				"down": {"uv": [0, 0, 2, 6], "texture": "#0"}
			}
		},
		{
			"from": [3.1, 9.7, 1.2],
			"to": [5.1, 12.7, 2.2],
			"rotation": {"angle": -22.5, "axis": "x", "origin": [4, 10.5, 8]},
			"faces": {
				"north": {"uv": [0, 8, 3, 10], "rotation": 90, "texture": "#0"},
				"east": {"uv": [0, 8, 3, 9], "rotation": 270, "texture": "#0"},
				"south": {"uv": [0, 8, 3, 10], "rotation": 90, "texture": "#0"},
				"west": {"uv": [0, 8, 3, 9], "rotation": 90, "texture": "#0"},
				"up": {"uv": [0, 8, 2, 9], "rotation": 180, "texture": "#0"},
				"down": {"uv": [0, 8, 2, 9], "texture": "#0"}
			}
		},
		{
			"from": [2.9, 9.5, 2.2],
			"to": [5.3, 12.9, 3.2],
			"rotation": {"angle": -22.5, "axis": "x", "origin": [4, 10.5, 8]},
			"faces": {
				"north": {"uv": [12.6, 0, 16, 0.4], "rotation": 90, "texture": "#0"},
				"east": {"uv": [12.6, 0, 16, 1], "rotation": 270, "texture": "#0"},
				"south": {"uv": [12.6, 0, 16, 0.4], "rotation": 90, "texture": "#0"},
				"west": {"uv": [12.6, 0, 16, 1], "rotation": 90, "texture": "#0"},
				"up": {"uv": [13.6, 0, 16, 1], "rotation": 180, "texture": "#0"},
				"down": {"uv": [13.6, 0, 16, 1], "texture": "#0"}
			}
		},
		{
			"from": [4.5, 13, 4.5],
			"to": [11.5, 19, 11.5],
			"rotation": {"angle": 0, "axis": "y", "origin": [4.5, 7, 4.5]},
			"faces": {
				"north": {"uv": [0, 8, 7, 14], "texture": "#0"},
				"east": {"uv": [0, 8, 7, 14], "texture": "#0"},
				"south": {"uv": [0, 8, 7, 14], "texture": "#0"},
				"west": {"uv": [0, 8, 7, 14], "texture": "#0"},
				"up": {"uv": [0, 8, 7, 15], "texture": "#0"},
				"down": {"uv": [0, 8, 7, 15], "texture": "#0"}
			}
		},
		{
			"from": [7, 14.5, 3],
			"to": [9, 16.5, 5],
			"rotation": {"angle": 0, "axis": "y", "origin": [7, 7, 7]},
			"faces": {
				"north": {"uv": [0, 8, 2, 10], "texture": "#0"},
				"east": {"uv": [0, 8, 2, 10], "texture": "#0"},
				"south": {"uv": [0, 0, 2, 2], "texture": "#missing"},
				"west": {"uv": [0, 8, 2, 10], "texture": "#0"},
				"up": {"uv": [0, 8, 2, 10], "texture": "#0"},
				"down": {"uv": [0, 8, 2, 10], "texture": "#0"}
			}
		},
		{
			"from": [9, 17.1, 3.5],
			"to": [11, 18.1, 4.5],
			"rotation": {"angle": -22.5, "axis": "z", "origin": [10, 17.6, 4]},
			"faces": {
				"north": {"uv": [14, 1, 16, 2], "texture": "#0"},
				"east": {"uv": [15, 1, 16, 2], "texture": "#0"},
				"south": {"uv": [14, 1, 16, 2], "texture": "#0"},
				"west": {"uv": [15, 1, 16, 2], "texture": "#0"},
				"up": {"uv": [14, 1, 16, 2], "texture": "#0"},
				"down": {"uv": [14, 1, 16, 2], "texture": "#0"}
			}
		},
		{
			"from": [5, 17.1, 3.5],
			"to": [7, 18.1, 4.5],
			"rotation": {"angle": 22.5, "axis": "z", "origin": [6, 17.6, 4]},
			"faces": {
				"north": {"uv": [14, 1, 16, 2], "texture": "#0"},
				"east": {"uv": [15, 1, 16, 2], "texture": "#0"},
				"south": {"uv": [14, 1, 16, 2], "texture": "#0"},
				"west": {"uv": [15, 1, 16, 2], "texture": "#0"},
				"up": {"uv": [14, 1, 16, 2], "texture": "#0"},
				"down": {"uv": [14, 1, 16, 2], "texture": "#0"}
			}
		},
		{
			"from": [5.3, 15.5, 3.9],
			"to": [6.9, 17.8, 4.9],
			"rotation": {"angle": 0, "axis": "z", "origin": [6, 17.6, 4]},
			"faces": {
				"north": {"uv": [13.7, 0, 16, 0.6], "rotation": 90, "texture": "#0"},
				"east": {"uv": [13.7, 0, 16, 1], "rotation": 90, "texture": "#0"},
				"south": {"uv": [13.7, 0, 16, 0.6], "rotation": 90, "texture": "#0"},
				"west": {"uv": [13.7, 0, 16, 1], "rotation": 90, "texture": "#0"},
				"up": {"uv": [14.4, 0, 16, 1], "texture": "#0"},
				"down": {"uv": [14.4, 0, 16, 1], "texture": "#0"}
			}
		},
		{
			"from": [5.8, 15.8, 3.8],
			"to": [6.3, 16.7, 3.9],
			"rotation": {"angle": 0, "axis": "z", "origin": [6, 17.6, 4]},
			"faces": {
				"north": {"uv": [13.7, 15, 16, 15.6], "rotation": 90, "texture": "#0"},
				"east": {"uv": [13.7, 15, 16, 16], "rotation": 90, "texture": "#0"},
				"south": {"uv": [13.7, 15.4, 16, 16], "rotation": 90, "texture": "#0"},
				"west": {"uv": [13.7, 15, 16, 16], "rotation": 90, "texture": "#0"},
				"up": {"uv": [14.4, 15, 16, 16], "texture": "#0"},
				"down": {"uv": [14.4, 15, 16, 16], "texture": "#0"}
			}
		},
		{
			"from": [9.8, 15.8, 3.8],
			"to": [10.3, 16.7, 3.9],
			"rotation": {"angle": 0, "axis": "z", "origin": [6, 17.6, 4]},
			"faces": {
				"north": {"uv": [13.7, 15, 16, 15.6], "rotation": 90, "texture": "#0"},
				"east": {"uv": [13.7, 15, 16, 16], "rotation": 90, "texture": "#0"},
				"south": {"uv": [13.7, 15.4, 16, 16], "rotation": 90, "texture": "#0"},
				"west": {"uv": [13.7, 15, 16, 16], "rotation": 90, "texture": "#0"},
				"up": {"uv": [14.4, 15, 16, 16], "texture": "#0"},
				"down": {"uv": [14.4, 15, 16, 16], "texture": "#0"}
			}
		},
		{
			"from": [9.2, 15.5, 3.9],
			"to": [10.8, 17.8, 4.9],
			"rotation": {"angle": 0, "axis": "z", "origin": [6, 17.6, 4]},
			"faces": {
				"north": {"uv": [13.7, 0, 16, 0.6], "rotation": 90, "texture": "#0"},
				"east": {"uv": [13.7, 0, 16, 1], "rotation": 90, "texture": "#0"},
				"south": {"uv": [13.7, 0, 16, 0.6], "rotation": 90, "texture": "#0"},
				"west": {"uv": [13.7, 0, 16, 1], "rotation": 90, "texture": "#0"},
				"up": {"uv": [14.4, 0, 16, 1], "texture": "#0"},
				"down": {"uv": [14.4, 0, 16, 1], "texture": "#0"}
			}
		},
		{
			"from": [4.4, 13, 3.8],
			"to": [11.6, 15, 5.8],
			"rotation": {"angle": 0, "axis": "y", "origin": [7, 7, 7]},
			"faces": {
				"north": {"uv": [8, 7, 16, 9], "texture": "#0"},
				"east": {"uv": [14, 11, 16, 13], "texture": "#0"},
				"south": {"uv": [8.8, 11, 16, 13], "texture": "#0"},
				"west": {"uv": [14, 11, 16, 13], "texture": "#0"},
				"up": {"uv": [8.8, 11, 16, 13], "texture": "#0"},
				"down": {"uv": [8.8, 11, 16, 13], "texture": "#0"}
			}
		},
		{
			"from": [4.6, 12, 3.9],
			"to": [11.5, 13, 5.9],
			"rotation": {"angle": 0, "axis": "y", "origin": [7, 7, 7]},
			"faces": {
				"north": {"uv": [8, 9, 15.9, 10], "texture": "#0"},
				"east": {"uv": [14, 11, 16, 12], "texture": "#0"},
				"south": {"uv": [9, 12, 15.9, 13], "texture": "#0"},
				"west": {"uv": [14, 11, 16, 12], "texture": "#0"},
				"up": {"uv": [9, 11, 15.9, 13], "texture": "#0"},
				"down": {"uv": [9.1, 11, 16, 13], "texture": "#0"}
			}
		},
		{
			"from": [4.8, 11, 4],
			"to": [11.1, 12, 6],
			"rotation": {"angle": 0, "axis": "y", "origin": [7, 7, 7]},
			"faces": {
				"north": {"uv": [8.7, 9, 16, 10], "texture": "#0"},
				"east": {"uv": [14, 11, 16, 12], "texture": "#0"},
				"south": {"uv": [9.7, 11, 16, 12], "texture": "#0"},
				"west": {"uv": [14, 11, 16, 12], "texture": "#0"},
				"up": {"uv": [9.7, 11, 16, 13], "texture": "#0"},
				"down": {"uv": [9.7, 11, 16, 13], "texture": "#0"}
			}
		},
		{
			"from": [6.05, 10, 4],
			"to": [9.95, 11, 6],
			"rotation": {"angle": 0, "axis": "y", "origin": [7.05, 7, 7]},
			"faces": {
				"north": {"uv": [8, 10, 15.9, 11], "texture": "#0"},
				"east": {"uv": [14, 11, 16, 12], "texture": "#0"},
				"south": {"uv": [12, 11, 15.9, 12], "texture": "#0"},
				"west": {"uv": [14, 11, 16, 12], "texture": "#0"},
				"up": {"uv": [12, 11, 15.9, 13], "texture": "#0"},
				"down": {"uv": [12, 11, 15.9, 13], "texture": "#0"}
			}
		},
		{
			"from": [4.4, 14, 5.2],
			"to": [6.4, 16, 11.5],
			"rotation": {"angle": -22.5, "axis": "x", "origin": [5, 15, 8]},
			"faces": {
				"north": {"uv": [14, 11, 16, 13], "texture": "#0"},
				"east": {"uv": [9.7, 10.7, 16, 12.7], "texture": "#0"},
				"south": {"uv": [14, 11, 16, 13], "texture": "#0"},
				"west": {"uv": [9.7, 11, 16, 13], "texture": "#0"},
				"up": {"uv": [9.7, 11, 16, 13], "rotation": 90, "texture": "#0"},
				"down": {"uv": [9.7, 11, 16, 13], "rotation": 90, "texture": "#0"}
			}
		},
		{
			"from": [9.6, 14, 5.2],
			"to": [11.6, 16, 11.5],
			"rotation": {"angle": -22.5, "axis": "x", "origin": [5, 15, 8]},
			"faces": {
				"north": {"uv": [14, 11, 16, 13], "texture": "#0"},
				"east": {"uv": [9.7, 11, 16, 13], "texture": "#0"},
				"south": {"uv": [14, 11, 16, 13], "texture": "#0"},
				"west": {"uv": [9.7, 11, 16, 13], "texture": "#0"},
				"up": {"uv": [9.7, 11, 16, 13], "rotation": 90, "texture": "#0"},
				"down": {"uv": [9.7, 11, 16, 13], "rotation": 90, "texture": "#0"}
			}
		},
		{
			"from": [8.5, 3, 6.5],
			"to": [11.5, 6, 9.5],
			"rotation": {"angle": 0, "axis": "y", "origin": [7.5, 5, 7.5]},
			"faces": {
				"north": {"uv": [0, 0, 3, 3], "texture": "#0"},
				"east": {"uv": [0, 0, 3, 3], "texture": "#0"},
				"south": {"uv": [0, 0, 3, 3], "texture": "#0"},
				"west": {"uv": [0, 0, 3, 3], "texture": "#0"},
				"up": {"uv": [0, 0, 3, 3], "texture": "#0"},
				"down": {"uv": [0, 0, 3, 3], "texture": "#0"}
			}
		},
		{
			"from": [8.5, 1, 5.5],
			"to": [11.5, 2, 9.5],
			"rotation": {"angle": 0, "axis": "y", "origin": [7.5, 5, 7.5]},
			"faces": {
				"north": {"uv": [13, 4, 16, 5], "texture": "#0"},
				"east": {"uv": [12, 4, 16, 5], "texture": "#0"},
				"south": {"uv": [13, 4, 16, 5], "texture": "#0"},
				"west": {"uv": [12, 4, 16, 5], "texture": "#0"},
				"up": {"uv": [12, 4, 16, 6], "rotation": 90, "texture": "#0"},
				"down": {"uv": [12, 4, 16, 6], "rotation": 90, "texture": "#0"}
			}
		},
		{
			"from": [8.3, 2, 6.3],
			"to": [11.7, 3, 9.7],
			"rotation": {"angle": 0, "axis": "y", "origin": [7.5, 5, 7.5]},
			"faces": {
				"north": {"uv": [12.6, 0, 16, 1], "texture": "#0"},
				"east": {"uv": [12.6, 0, 16, 1], "texture": "#0"},
				"south": {"uv": [12.6, 0, 16, 1], "texture": "#0"},
				"west": {"uv": [12.6, 0, 16, 1], "texture": "#0"},
				"up": {"uv": [12.6, 0, 16, 0.4], "texture": "#0"},
				"down": {"uv": [12.6, 0, 16, 0.4], "texture": "#0"}
			}
		},
		{
			"from": [4.5, 3, 6.5],
			"to": [7.5, 6, 9.5],
			"rotation": {"angle": 0, "axis": "y", "origin": [8.5, 7, 6.5]},
			"faces": {
				"north": {"uv": [0, 0, 3, 3], "texture": "#0"},
				"east": {"uv": [0, 0, 3, 3], "texture": "#0"},
				"south": {"uv": [0, 0, 3, 3], "texture": "#0"},
				"west": {"uv": [0, 0, 3, 3], "texture": "#0"},
				"up": {"uv": [0, 0, 3, 3], "texture": "#0"},
				"down": {"uv": [0, 0, 3, 3], "texture": "#0"}
			}
		},
		{
			"from": [4.5, 1, 5.5],
			"to": [7.5, 2, 9.5],
			"rotation": {"angle": 0, "axis": "y", "origin": [8.5, 7, 6.5]},
			"faces": {
				"north": {"uv": [13, 4, 16, 5], "texture": "#0"},
				"east": {"uv": [12, 4, 16, 5], "texture": "#0"},
				"south": {"uv": [13, 4, 16, 5], "texture": "#0"},
				"west": {"uv": [12, 4, 16, 5], "texture": "#0"},
				"up": {"uv": [12, 4, 16, 6], "rotation": 90, "texture": "#0"},
				"down": {"uv": [12, 4, 16, 6], "rotation": 90, "texture": "#0"}
			}
		},
		{
			"from": [4.3, 2, 6.3],
			"to": [7.7, 3, 9.7],
			"rotation": {"angle": 0, "axis": "y", "origin": [8.5, 7, 6.5]},
			"faces": {
				"north": {"uv": [12.6, 0, 16, 1], "texture": "#0"},
				"east": {"uv": [12.6, 0, 16, 1], "texture": "#0"},
				"south": {"uv": [12.6, 0, 16, 1], "texture": "#0"},
				"west": {"uv": [12.6, 0, 16, 1], "texture": "#0"},
				"up": {"uv": [12.6, 0, 16, 0.4], "texture": "#0"},
				"down": {"uv": [12.6, 0, 16, 0.4], "texture": "#0"}
			}
		},
		{
			"from": [4, 17, 4.3],
			"to": [12, 19, 12.3],
			"rotation": {"angle": 22.5, "axis": "x", "origin": [8, 18, 8]},
			"faces": {
				"north": {"uv": [8, 0, 16, 1], "texture": "#0"},
				"east": {"uv": [8, 0, 16, 1], "texture": "#0"},
				"south": {"uv": [8, 0, 16, 1], "texture": "#0"},
				"west": {"uv": [8, 0, 16, 1], "texture": "#0"},
				"up": {"uv": [8, 0, 16, 1], "texture": "#0"},
				"down": {"uv": [8, 1, 16, 2], "texture": "#0"}
			}
		},
		{
			"from": [4.4, 19, 5],
			"to": [11.6, 20.3, 11.5],
			"rotation": {"angle": 22.5, "axis": "x", "origin": [8, 18, 8]},
			"faces": {
				"north": {"uv": [0, 0, 7.2, 1.3], "texture": "#0"},
				"east": {"uv": [0, 0, 6.5, 1.3], "texture": "#0"},
				"south": {"uv": [0, 0, 7.2, 1.3], "texture": "#0"},
				"west": {"uv": [0, 0, 6.5, 1.3], "texture": "#0"},
				"up": {"uv": [0, 0, 7.2, 6.5], "texture": "#0"},
				"down": {"uv": [0, 0, 7.2, 6.5], "texture": "#0"}
			}
		},
		{
			"from": [5, 19, 7.1],
			"to": [11, 22, 10.2],
			"rotation": {"angle": -22.5, "axis": "x", "origin": [8, 19.8, 9.2]},
			"faces": {
				"north": {"uv": [0, 0, 6, 3], "texture": "#0"},
				"east": {"uv": [0, 0, 3.1, 3], "texture": "#0"},
				"south": {"uv": [0, 0, 6, 3], "texture": "#0"},
				"west": {"uv": [0, 0, 3.1, 3], "texture": "#0"},
				"up": {"uv": [0, 0, 6, 3.1], "texture": "#0"},
				"down": {"uv": [0, 0, 6, 3.1], "texture": "#0"}
			}
		},
		{
			"from": [5.3, 18.95978, 9.33061],
			"to": [10.7, 21.95978, 12.43061],
			"rotation": {"angle": 0, "axis": "x", "origin": [8, 21.55978, 11.88061]},
			"faces": {
				"north": {"uv": [0, 0, 5.4, 3], "texture": "#0"},
				"east": {"uv": [0, 0, 3.1, 3], "texture": "#0"},
				"south": {"uv": [0, 0, 5.4, 3], "texture": "#0"},
				"west": {"uv": [0, 0, 3.1, 3], "texture": "#0"},
				"up": {"uv": [0, 0, 5.4, 3.1], "texture": "#0"},
				"down": {"uv": [0, 0, 5.4, 3.1], "texture": "#0"}
			}
		},
		{
			"from": [5.8, 19.35978, 12.33061],
			"to": [10.4, 21.55978, 13.33061],
			"rotation": {"angle": 0, "axis": "x", "origin": [8, 21.55978, 11.88061]},
			"faces": {
				"north": {"uv": [0, 0, 4.6, 2.2], "texture": "#0"},
				"east": {"uv": [0, 0, 1, 2.2], "texture": "#0"},
				"south": {"uv": [0, 0, 4.6, 2.2], "texture": "#0"},
				"west": {"uv": [0, 0, 1, 2.2], "texture": "#0"},
				"up": {"uv": [0, 0, 4.6, 1], "texture": "#0"},
				"down": {"uv": [0, 0, 4.6, 1], "texture": "#0"}
			}
		},
		{
			"from": [6.5, 19.55978, 13.33061],
			"to": [9.5, 21.15978, 13.93061],
			"rotation": {"angle": 0, "axis": "x", "origin": [7.9, 21.55978, 11.88061]},
			"faces": {
				"north": {"uv": [0, 0, 3, 1.6], "texture": "#0"},
				"east": {"uv": [0, 0, 0.6, 1.6], "texture": "#0"},
				"south": {"uv": [0, 0, 3, 1.6], "texture": "#0"},
				"west": {"uv": [0, 0, 0.6, 1.6], "texture": "#0"},
				"up": {"uv": [0, 0, 3, 0.6], "texture": "#0"},
				"down": {"uv": [0, 0, 3, 0.6], "texture": "#0"}
			}
		},
		{
			"from": [7, 18, 13],
			"to": [9, 20, 15],
			"faces": {
				"north": {"uv": [14, 0, 16, 1], "texture": "#0"},
				"east": {"uv": [14, 0, 16, 1], "texture": "#0"},
				"south": {"uv": [14, 0, 16, 1], "texture": "#0"},
				"west": {"uv": [14, 0, 16, 1], "texture": "#0"},
				"up": {"uv": [14, 0, 16, 1], "texture": "#0"},
				"down": {"uv": [14, 0, 16, 1], "texture": "#0"}
			}
		},
		{
			"from": [3.75, 9.5, -1.55],
			"to": [4.25, 12.5, -1.45],
			"rotation": {"angle": 0, "axis": "y", "origin": [8, 8, 8]},
			"faces": {
				"north": {"uv": [11, 13, 11.5, 16], "texture": "#0"},
				"east": {"uv": [11, 13, 11.1, 16], "texture": "#0"},
				"south": {"uv": [11, 13, 11.5, 16], "texture": "#0"},
				"west": {"uv": [11, 13, 11.1, 16], "texture": "#0"},
				"up": {"uv": [11, 13, 11.5, 13.1], "texture": "#0"},
				"down": {"uv": [11, 13, 11.5, 13.1], "texture": "#0"}
			}
		},
		{
			"from": [3.75, 9.45, -1.5],
			"to": [4.25, 9.55, 1.5],
			"rotation": {"angle": 0, "axis": "x", "origin": [8, 8, 8]},
			"faces": {
				"north": {"uv": [11, 13, 11.5, 13.1], "rotation": 180, "texture": "#0"},
				"east": {"uv": [11, 13, 11.1, 16], "rotation": 270, "texture": "#0"},
				"south": {"uv": [11, 13, 11.5, 13.1], "texture": "#0"},
				"west": {"uv": [11, 13, 11.1, 16], "rotation": 90, "texture": "#0"},
				"up": {"uv": [11, 13, 11.5, 16], "rotation": 180, "texture": "#0"},
				"down": {"uv": [11, 13, 11.5, 16], "texture": "#0"}
			}
		},
		{
			"from": [3.75, 12.45, -1.5],
			"to": [4.25, 12.55, 1.5],
			"rotation": {"angle": 0, "axis": "x", "origin": [8, 8, 8.1]},
			"faces": {
				"north": {"uv": [11, 13, 11.5, 13.1], "rotation": 180, "texture": "#0"},
				"east": {"uv": [11, 13, 11.1, 16], "rotation": 270, "texture": "#0"},
				"south": {"uv": [11, 13, 11.5, 13.1], "texture": "#0"},
				"west": {"uv": [11, 13, 11.1, 16], "rotation": 90, "texture": "#0"},
				"up": {"uv": [11, 13, 11.5, 16], "rotation": 180, "texture": "#0"},
				"down": {"uv": [11, 13, 11.5, 16], "texture": "#0"}
			}
		},
		{
			"from": [2.5, 12.45, -0.25],
			"to": [5.5, 12.55, 0.25],
			"rotation": {"angle": 0, "axis": "y", "origin": [8, 7.9, 8]},
			"faces": {
				"north": {"uv": [11, 13, 11.1, 16], "rotation": 270, "texture": "#0"},
				"east": {"uv": [11, 13, 11.5, 13.1], "texture": "#0"},
				"south": {"uv": [11, 13, 11.1, 16], "rotation": 90, "texture": "#0"},
				"west": {"uv": [11, 13, 11.5, 13.1], "rotation": 180, "texture": "#0"},
				"up": {"uv": [11, 13, 11.5, 16], "rotation": 90, "texture": "#0"},
				"down": {"uv": [11, 13, 11.5, 16], "rotation": 90, "texture": "#0"}
			}
		},
		{
			"from": [3.14853, 12.40147, -0.25],
			"to": [3.84853, 12.60147, 0.25],
			"rotation": {"angle": -22.5, "axis": "z", "origin": [3.59853, 12.70147, 0]},
			"faces": {
				"north": {"uv": [11, 13, 11.1, 16], "rotation": 270, "texture": "#0"},
				"east": {"uv": [11, 13, 11.5, 13.1], "texture": "#0"},
				"south": {"uv": [11, 13, 11.1, 16], "rotation": 90, "texture": "#0"},
				"west": {"uv": [11, 13, 11.5, 13.1], "rotation": 180, "texture": "#0"},
				"up": {"uv": [11, 13, 11.5, 16], "rotation": 90, "texture": "#0"},
				"down": {"uv": [11, 13, 11.5, 16], "rotation": 90, "texture": "#0"}
			}
		},
		{
			"from": [3.28998, 12.68046, -0.25],
			"to": [3.48998, 12.98046, 0.25],
			"rotation": {"angle": 22.5, "axis": "z", "origin": [3.38998, 12.08046, 0]},
			"faces": {
				"north": {"uv": [11, 13, 11.1, 16], "texture": "#0"},
				"east": {"uv": [11, 13, 11.5, 16], "texture": "#0"},
				"south": {"uv": [11, 13, 11.1, 16], "texture": "#0"},
				"west": {"uv": [11, 13, 11.5, 16], "texture": "#0"},
				"up": {"uv": [11, 13, 11.5, 13.1], "rotation": 270, "texture": "#0"},
				"down": {"uv": [11, 13, 11.5, 13.1], "rotation": 90, "texture": "#0"}
			}
		},
		{
			"from": [3.10271, 13.07943, -0.25],
			"to": [3.50271, 13.27943, 0.25],
			"rotation": {"angle": 0, "axis": "z", "origin": [3.45271, 13.07943, 0]},
			"faces": {
				"north": {"uv": [11, 13, 11.1, 16], "rotation": 90, "texture": "#0"},
				"east": {"uv": [11, 13, 11.5, 13.1], "texture": "#0"},
				"south": {"uv": [11, 13, 11.1, 16], "rotation": 270, "texture": "#0"},
				"west": {"uv": [11, 13, 11.5, 13.1], "rotation": 180, "texture": "#0"},
				"up": {"uv": [11, 13, 11.5, 16], "rotation": 270, "texture": "#0"},
				"down": {"uv": [11, 13, 11.5, 16], "rotation": 270, "texture": "#0"}
			}
		},
		{
			"from": [3.00296, 12.82399, -0.25],
			"to": [3.20296, 13.22399, 0.25],
			"rotation": {"angle": -22.5, "axis": "z", "origin": [3.10296, 12.97399, 0]},
			"faces": {
				"north": {"uv": [11, 13, 11.1, 16], "texture": "#0"},
				"east": {"uv": [11, 13, 11.5, 16], "texture": "#0"},
				"south": {"uv": [11, 13, 11.1, 16], "texture": "#0"},
				"west": {"uv": [11, 13, 11.5, 16], "texture": "#0"},
				"up": {"uv": [11, 13, 11.5, 13.1], "rotation": 270, "texture": "#0"},
				"down": {"uv": [11, 13, 11.5, 13.1], "rotation": 90, "texture": "#0"}
			}
		},
		{
			"from": [4.29706, 12.40147, -0.25],
			"to": [4.79706, 12.60147, 0.25],
			"rotation": {"angle": 22.5, "axis": "z", "origin": [4.44706, 12.70147, 0]},
			"faces": {
				"north": {"uv": [11, 13, 11.1, 16], "rotation": 270, "texture": "#0"},
				"east": {"uv": [11, 13, 11.5, 13.1], "texture": "#0"},
				"south": {"uv": [11, 13, 11.1, 16], "rotation": 90, "texture": "#0"},
				"west": {"uv": [11, 13, 11.5, 13.1], "rotation": 180, "texture": "#0"},
				"up": {"uv": [11, 13, 11.5, 16], "rotation": 90, "texture": "#0"},
				"down": {"uv": [11, 13, 11.5, 16], "rotation": 90, "texture": "#0"}
			}
		},
		{
			"from": [4.7885, 12.57749, -0.25],
			"to": [4.9885, 13.07749, 0.25],
			"rotation": {"angle": -22.5, "axis": "z", "origin": [4.8885, 12.82749, 0]},
			"faces": {
				"north": {"uv": [11, 13, 11.1, 16], "texture": "#0"},
				"east": {"uv": [11, 13, 11.5, 16], "texture": "#0"},
				"south": {"uv": [11, 13, 11.1, 16], "texture": "#0"},
				"west": {"uv": [11, 13, 11.5, 16], "texture": "#0"},
				"up": {"uv": [11, 13, 11.5, 13.1], "rotation": 270, "texture": "#0"},
				"down": {"uv": [11, 13, 11.5, 13.1], "rotation": 90, "texture": "#0"}
			}
		},
		{
			"from": [4.72907, 12.87625, -0.25],
			"to": [4.92907, 13.37625, 0.25],
			"rotation": {"angle": 45, "axis": "z", "origin": [4.82907, 13.12625, 0]},
			"faces": {
				"north": {"uv": [11, 13, 11.1, 16], "texture": "#0"},
				"east": {"uv": [11, 13, 11.5, 16], "texture": "#0"},
				"south": {"uv": [11, 13, 11.1, 16], "texture": "#0"},
				"west": {"uv": [11, 13, 11.5, 16], "texture": "#0"},
				"up": {"uv": [11, 13, 11.5, 13.1], "rotation": 270, "texture": "#0"},
				"down": {"uv": [11, 13, 11.5, 13.1], "rotation": 90, "texture": "#0"}
			}
		},
		{
			"from": [4.38031, 13.08568, -0.25],
			"to": [4.78031, 13.28568, 0.25],
			"rotation": {"angle": 22.5, "axis": "z", "origin": [4.53031, 13.18568, 0]},
			"faces": {
				"north": {"uv": [11, 13, 11.1, 16], "rotation": 90, "texture": "#0"},
				"east": {"uv": [11, 13, 11.5, 13.1], "texture": "#0"},
				"south": {"uv": [11, 13, 11.1, 16], "rotation": 270, "texture": "#0"},
				"west": {"uv": [11, 13, 11.5, 13.1], "rotation": 180, "texture": "#0"},
				"up": {"uv": [11, 13, 11.5, 16], "rotation": 270, "texture": "#0"},
				"down": {"uv": [11, 13, 11.5, 16], "rotation": 270, "texture": "#0"}
			}
		},
		{
			"from": [4.16421, 12.49289, -0.25],
			"to": [4.36421, 13.29289, 0.25],
			"rotation": {"angle": -22.5, "axis": "z", "origin": [4.16421, 12.84289, 0]},
			"faces": {
				"north": {"uv": [11, 13, 11.1, 16], "texture": "#0"},
				"east": {"uv": [11, 13, 11.5, 16], "texture": "#0"},
				"south": {"uv": [11, 13, 11.1, 16], "texture": "#0"},
				"west": {"uv": [11, 13, 11.5, 16], "texture": "#0"},
				"up": {"uv": [11, 13, 11.5, 13.1], "rotation": 270, "texture": "#0"},
				"down": {"uv": [11, 13, 11.5, 13.1], "rotation": 90, "texture": "#0"}
			}
		},
		{
			"from": [3.6566, 12.55462, -0.25],
			"to": [3.8566, 13.25462, 0.25],
			"rotation": {"angle": 22.5, "axis": "z", "origin": [4.2566, 12.80462, 0]},
			"faces": {
				"north": {"uv": [11, 13, 11.1, 16], "texture": "#0"},
				"east": {"uv": [11, 13, 11.5, 16], "texture": "#0"},
				"south": {"uv": [11, 13, 11.1, 16], "texture": "#0"},
				"west": {"uv": [11, 13, 11.5, 16], "texture": "#0"},
				"up": {"uv": [11, 13, 11.5, 13.1], "rotation": 270, "texture": "#0"},
				"down": {"uv": [11, 13, 11.5, 13.1], "rotation": 90, "texture": "#0"}
			}
		},
		{
			"from": [3.38807, 13.00265, -0.25],
			"to": [3.68807, 13.20265, 0.25],
			"rotation": {"angle": -45, "axis": "z", "origin": [3.53807, 13.10265, 0]},
			"faces": {
				"north": {"uv": [11, 13, 11.1, 16], "rotation": 90, "texture": "#0"},
				"east": {"uv": [11, 13, 11.5, 13.1], "texture": "#0"},
				"south": {"uv": [11, 13, 11.1, 16], "rotation": 270, "texture": "#0"},
				"west": {"uv": [11, 13, 11.5, 13.1], "rotation": 180, "texture": "#0"},
				"up": {"uv": [11, 13, 11.5, 16], "rotation": 270, "texture": "#0"},
				"down": {"uv": [11, 13, 11.5, 16], "rotation": 270, "texture": "#0"}
			}
		},
		{
			"from": [2.5, 9.45, -0.25],
			"to": [5.5, 9.55, 0.25],
			"rotation": {"angle": 0, "axis": "y", "origin": [8, 12.1, 7.9]},
			"faces": {
				"north": {"uv": [11, 13, 11.1, 16], "rotation": 270, "texture": "#0"},
				"east": {"uv": [11, 13, 11.5, 13.1], "texture": "#0"},
				"south": {"uv": [11, 13, 11.1, 16], "rotation": 90, "texture": "#0"},
				"west": {"uv": [11, 13, 11.5, 13.1], "rotation": 180, "texture": "#0"},
				"up": {"uv": [11, 13, 11.5, 16], "rotation": 90, "texture": "#0"},
				"down": {"uv": [11, 13, 11.5, 16], "rotation": 90, "texture": "#0"}
			}
		},
		{
			"from": [3.75, 9.5, 1.45],
			"to": [4.25, 12.5, 1.55],
			"rotation": {"angle": 0, "axis": "y", "origin": [3.75, -2.5, 5.95]},
			"faces": {
				"north": {"uv": [11, 13, 11.5, 16], "texture": "#0"},
				"east": {"uv": [11, 13, 11.1, 16], "texture": "#0"},
				"south": {"uv": [11, 13, 11.5, 16], "texture": "#0"},
				"west": {"uv": [11, 13, 11.1, 16], "texture": "#0"},
				"up": {"uv": [11, 13, 11.5, 13.1], "texture": "#0"},
				"down": {"uv": [11, 13, 11.5, 13.1], "texture": "#0"}
			}
		},
		{
			"from": [2.45, 9.5, -0.25],
			"to": [2.55, 12.5, 0.25],
			"rotation": {"angle": 0, "axis": "y", "origin": [8, 8, 8]},
			"faces": {
				"north": {"uv": [11, 13, 11.1, 16], "texture": "#0"},
				"east": {"uv": [11, 13, 11.5, 16], "texture": "#0"},
				"south": {"uv": [11, 13, 11.1, 16], "texture": "#0"},
				"west": {"uv": [11, 13, 11.5, 16], "texture": "#0"},
				"up": {"uv": [11, 13, 11.5, 13.1], "rotation": 90, "texture": "#0"},
				"down": {"uv": [11, 13, 11.5, 13.1], "rotation": 270, "texture": "#0"}
			}
		},
		{
			"from": [5.45, 9.5, -0.25],
			"to": [5.55, 12.5, 0.25],
			"rotation": {"angle": 0, "axis": "y", "origin": [8, 8, 8]},
			"faces": {
				"north": {"uv": [11, 13, 11.1, 16], "texture": "#0"},
				"east": {"uv": [11, 13, 11.5, 16], "texture": "#0"},
				"south": {"uv": [11, 13, 11.1, 16], "texture": "#0"},
				"west": {"uv": [11, 13, 11.5, 16], "texture": "#0"},
				"up": {"uv": [11, 13, 11.5, 13.1], "rotation": 90, "texture": "#0"},
				"down": {"uv": [11, 13, 11.5, 13.1], "rotation": 270, "texture": "#0"}
			}
		},
		{
			"from": [2.5, 9.5, -1.5],
			"to": [5.5, 12.5, 1.5],
			"rotation": {"angle": 0, "axis": "y", "origin": [3.8, -2.5, 7.5]},
			"faces": {
				"north": {"uv": [8, 13, 11, 16], "texture": "#0"},
				"east": {"uv": [8, 13, 11, 16], "texture": "#0"},
				"south": {"uv": [8, 13, 11, 16], "texture": "#0"},
				"west": {"uv": [8, 13, 11, 16], "texture": "#0"},
				"up": {"uv": [8, 13, 11, 16], "texture": "#0"},
				"down": {"uv": [8, 13, 11, 16], "texture": "#0"}
			}
		}
	],
	"display": {
		"gui": {
			"rotation": [0, 180, 0]
		},
		"head": {
			"translation": [0, 13, 0]
		},
		"fixed": {
			"rotation": [-90, 0, 0],
			"translation": [0, 0, -29],
			"scale": [4, 4, 4]
		}
	},
	"groups": [
		{
			"name": "group",
			"origin": [8, 8, 8],
			"color": 0,
			"children": [
				{
					"name": "body",
					"origin": [8, 8, 8],
					"color": 0,
					"children": [0, 1, 2, 3]
				},
				{
					"name": "right_hand",
					"origin": [8, 8, 8],
					"color": 0,
					"children": [4, 5, 6]
				},
				{
					"name": "left_hand",
					"origin": [8, 8, 8],
					"color": 0,
					"children": [7, 8, 9]
				},
				{
					"name": "head",
					"origin": [8, 8, 8],
					"color": 0,
					"children": [10, 11, 12, 13, 14, 15, 16, 17, 18, 19, 20, 21, 22, 23]
				},
				{
					"name": "right_leg",
					"origin": [8, 8, 8],
					"color": 0,
					"children": [24, 25, 26]
				},
				{
					"name": "left_lag",
					"origin": [8.5, 7, 6.5],
					"color": 0,
					"children": [27, 28, 29]
				},
				{
					"name": "hat",
					"origin": [8, 8, 8],
					"color": 0,
					"children": [30, 31, 32, 33, 34, 35, 36]
				}
			]
		},
		{
			"name": "gift",
			"origin": [8, 8, 8],
			"color": 0,
			"children": [37, 38, 39, 40, 41, 42, 43, 44, 45, 46, 47, 48, 49, 50, 51, 52, 53, 54, 55, 56]
		}
	]
}