{
	"credit": "Copyright © 2021-2099 Ikaho-Onsen Minecraft Server. All rights reserved.",
	"texture_size": [64, 64],
	"textures": {
		"0": "minecraft:item/clear_item_01",
		"particle": "minecraft:item/clear_item_01"
	},
	"elements": [
		{
			"from": [7, 1, 7],
			"to": [9, 22, 9],
			"rotation": {"angle": 0, "axis": "y", "origin": [8, 8, 8]},
			"faces": {
				"north": {"uv": [1.75, 0, 2.25, 5.25], "texture": "#0"},
				"east": {"uv": [3, 0, 3.5, 5.25], "texture": "#0"},
				"south": {"uv": [2.5, 0, 3, 5.25], "texture": "#0"},
				"west": {"uv": [2, 0, 2.5, 5.25], "texture": "#0"},
				"up": {"uv": [4, 0.75, 3.5, 0.25], "texture": "#0"}
			}
		},
		{
			"from": [4, -1, 6],
			"to": [12, 1, 10],
			"rotation": {"angle": 0, "axis": "y", "origin": [8, 1, 8]},
			"faces": {
				"north": {"uv": [4.25, 6.5, 6.25, 7], "texture": "#0"},
				"east": {"uv": [6.25, 7.5, 7.25, 8], "texture": "#0"},
				"south": {"uv": [4.25, 6.5, 6.25, 7], "texture": "#0"},
				"west": {"uv": [6.25, 7.5, 7.25, 8], "texture": "#0"},
				"up": {"uv": [3.75, 8, 1.75, 7], "texture": "#0"},
				"down": {"uv": [3.75, 7, 1.75, 8], "texture": "#0"}
			}
		},
		{
			"from": [4, -5, 7],
			"to": [12, -1, 9],
			"rotation": {"angle": 0, "axis": "y", "origin": [8, 1, 8]},
			"faces": {
				"north": {"uv": [3.75, 7, 5.75, 8], "texture": "#0"},
				"east": {"uv": [5.75, 7, 6.25, 8], "texture": "#0"},
				"south": {"uv": [3.75, 7, 5.75, 8], "texture": "#0"},
				"west": {"uv": [5.75, 7, 6.25, 8], "texture": "#0"},
				"down": {"uv": [6.25, 6, 4.25, 6.5], "texture": "#0"}
			}
		}
	],
	"gui_light": "front",
	"display": {
		"thirdperson_righthand": {
			"rotation": [69, 0, -5],
			"translation": [-1.25, 1.25, 0]
		},
		"thirdperson_lefthand": {
			"rotation": [69, 0, -5],
			"translation": [-1.25, 1.25, 0]
		},
		"firstperson_righthand": {
			"rotation": [0, 90, 0],
			"translation": [1.88, 2.7, 2.13],
			"scale": [0.5, 0.5, 0.5]
		},
		"firstperson_lefthand": {
			"rotation": [0, 90, 0],
			"translation": [1.88, 2.7, 2.13],
			"scale": [0.5, 0.5, 0.5]
		},
		"ground": {
			"rotation": [30, 0, 0],
			"translation": [0, 3.5, 0],
			"scale": [0.5, 0.5, 0.5]
		},
		"gui": {
			"rotation": [33, 180, 33],
			"translation": [0, 0.25, 0],
			"scale": [0.67, 0.67, 0.67]
		},
		"head": {
			"rotation": [180, 0, 90],
			"translation": [7.25, 2.75, 0],
			"scale": [1.5, 1.5, 1.5]
		},
		"fixed": {
			"rotation": [-61, 0, 0],
			"translation": [0, -1.25, -23.75],
			"scale": [2, 2, 2]
		}
	},
	"groups": [
		{
			"name": "group",
			"origin": [-0.5, 0, 0.5],
			"color": 0,
			"nbt": "{}",
			"armAnimationEnabled": false,
			"children": [0, 1, 2]
		}
	]
}