{
	"credit": "Copyright © 2021-2099 Ikaho-Onsen Minecraft Server. All rights reserved.",
	"texture_size": [32, 32],
	"textures": {
		"0": "minecraft:item/cit/mask_05_texture",
		"particle": "minecraft:item/cit/mask_05_texture"
	},
	"elements": [
		{
			"from": [2, 4, 2],
			"to": [14, 13, 4],
			"rotation": {"angle": 0, "axis": "y", "origin": [0, -21.5, 5]},
			"faces": {
				"north": {"uv": [0, 0, 6, 4.5], "texture": "#0"},
				"east": {"uv": [6, 6.5, 7, 11], "texture": "#0"},
				"south": {"uv": [0, 3.5, 6, 8], "texture": "#0"},
				"west": {"uv": [7, 6.5, 8, 11], "texture": "#0"},
				"up": {"uv": [12, 1, 6, 0], "texture": "#0"},
				"down": {"uv": [12, 1, 6, 2], "texture": "#0"}
			}
		},
		{
			"from": [3, 2, 2],
			"to": [13, 4, 4],
			"rotation": {"angle": 0, "axis": "y", "origin": [0, -21.5, 5]},
			"faces": {
				"north": {"uv": [6, 2, 11, 3], "texture": "#0"},
				"east": {"uv": [11, 10.5, 12, 11.5], "texture": "#0"},
				"south": {"uv": [6, 3, 11, 4], "texture": "#0"},
				"west": {"uv": [0, 11.5, 1, 12.5], "texture": "#0"},
				"down": {"uv": [11, 4, 6, 5], "texture": "#0"}
			}
		},
		{
			"from": [5, 1, 2],
			"to": [11, 2, 4],
			"rotation": {"angle": 0, "axis": "y", "origin": [0, -21.5, 5]},
			"faces": {
				"north": {"uv": [9.5, 8, 12.5, 8.5], "texture": "#0"},
				"east": {"uv": [13, 1, 14, 1.5], "texture": "#0"},
				"south": {"uv": [11, 2, 14, 2.5], "texture": "#0"},
				"west": {"uv": [13, 1.5, 14, 2], "texture": "#0"},
				"down": {"uv": [7, 10.5, 4, 11.5], "texture": "#0"}
			}
		},
		{
			"from": [5, 2, 1],
			"to": [11, 6, 2],
			"rotation": {"angle": 0, "axis": "y", "origin": [0, -25.5, 3]},
			"faces": {
				"north": {"uv": [6, 4.5, 9, 6.5], "texture": "#0"},
				"east": {"uv": [10, 10, 10.5, 12], "texture": "#0"},
				"west": {"uv": [10, 10, 10.5, 12], "texture": "#0"},
				"up": {"uv": [12.5, 8, 9.5, 7.5], "texture": "#0"},
				"down": {"uv": [11, 9.5, 8, 10], "texture": "#0"}
			}
		},
		{
			"from": [-1, 3, 3],
			"to": [5, 7, 3],
			"rotation": {"angle": 0, "axis": "y", "origin": [0, -25.5, 3]},
			"faces": {
				"north": {"uv": [13, 14, 16, 16], "texture": "#0"},
				"east": {"uv": [0, 0, 0, 0], "texture": "#0"},
				"south": {"uv": [16, 14, 13, 16], "texture": "#0"},
				"west": {"uv": [0, 0, 0, 0], "texture": "#0"},
				"up": {"uv": [0, 0, 0, 0], "texture": "#0"}
			}
		},
		{
			"from": [11, 3, 3],
			"to": [17, 7, 3],
			"rotation": {"angle": 0, "axis": "y", "origin": [16, -25.5, 3]},
			"faces": {
				"north": {"uv": [16, 14, 13, 16], "texture": "#0"},
				"east": {"uv": [0, 0, 0, 0], "texture": "#0"},
				"south": {"uv": [13, 14, 16, 16], "texture": "#0"},
				"west": {"uv": [0, 0, 0, 0], "texture": "#0"},
				"up": {"uv": [0, 0, 0, 0], "texture": "#0"}
			}
		},
		{
			"from": [13, 7.3, 2.9],
			"to": [19, 11.3, 2.9],
			"rotation": {"angle": 22.5, "axis": "z", "origin": [15, 9.3, 3]},
			"faces": {
				"north": {"uv": [13, 14, 10, 16], "texture": "#0"},
				"east": {"uv": [0, 0, 0, 0], "texture": "#0"},
				"south": {"uv": [10, 14, 13, 16], "texture": "#0"},
				"west": {"uv": [0, 0, 0, 0], "texture": "#0"},
				"up": {"uv": [0, 0, 0, 0], "texture": "#0"}
			}
		},
		{
			"from": [5, 13, 2],
			"to": [11, 15, 4],
			"rotation": {"angle": 0, "axis": "y", "origin": [0, -19.5, 5]},
			"faces": {
				"north": {"uv": [8, 8.5, 11, 9.5], "texture": "#0"},
				"east": {"uv": [11, 8.5, 12, 9.5], "texture": "#0"},
				"south": {"uv": [9, 5, 12, 6], "texture": "#0"},
				"west": {"uv": [11, 9.5, 12, 10.5], "texture": "#0"},
				"up": {"uv": [12.5, 7, 9.5, 6], "texture": "#0"}
			}
		},
		{
			"from": [11, 13, 2],
			"to": [13, 14, 3],
			"rotation": {"angle": 0, "axis": "y", "origin": [6, -19.5, 5]},
			"faces": {
				"north": {"uv": [12.5, 7.5, 13.5, 8], "texture": "#0"},
				"east": {"uv": [9, 6, 9.5, 6.5], "texture": "#0"},
				"south": {"uv": [12.5, 8, 13.5, 8.5], "texture": "#0"},
				"up": {"uv": [12, 13, 11, 12.5], "texture": "#0"}
			}
		},
		{
			"from": [3, 13, 2],
			"to": [5, 14, 3],
			"rotation": {"angle": 0, "axis": "y", "origin": [-2, -19.5, 5]},
			"faces": {
				"north": {"uv": [12, 12.5, 13, 13], "texture": "#0"},
				"south": {"uv": [13, 0, 14, 0.5], "texture": "#0"},
				"west": {"uv": [11.5, 4.5, 12, 5], "texture": "#0"},
				"up": {"uv": [14, 1, 13, 0.5], "texture": "#0"}
			}
		},
		{
			"from": [6.99, 12.23, 3.02],
			"to": [8.99, 18.23, 4.02],
			"rotation": {"angle": -22.5, "axis": "z", "origin": [6.99467, 11.23463, 2.99]},
			"faces": {
				"north": {"uv": [2, 8, 3, 11], "texture": "#0"},
				"east": {"uv": [8, 10.5, 8.5, 13.5], "texture": "#0"},
				"south": {"uv": [3, 8, 4, 11], "texture": "#0"},
				"west": {"uv": [8.5, 10.5, 9, 13.5], "texture": "#0"},
				"up": {"uv": [13.5, 4.5, 12.5, 4], "texture": "#0"},
				"down": {"uv": [13.5, 6, 12.5, 6.5], "texture": "#0"}
			}
		},
		{
			"from": [9.2, 12, 3],
			"to": [12.2, 16, 4.04],
			"rotation": {"angle": 0, "axis": "y", "origin": [14.2, 12, 3]},
			"faces": {
				"north": {"uv": [4, 8, 5.5, 10], "texture": "#0"},
				"south": {"uv": [8, 6.5, 9.5, 8.5], "texture": "#0"}
			}
		},
		{
			"from": [12.2, 12.1, 3.01],
			"to": [14, 19, 4.01],
			"rotation": {"angle": 22.5, "axis": "z", "origin": [14.2, 12, 3]},
			"faces": {
				"north": {"uv": [0, 8, 1, 11.5], "texture": "#0"},
				"east": {"uv": [7, 10.5, 7.5, 14], "texture": "#0"},
				"south": {"uv": [1, 8, 2, 11.5], "texture": "#0"},
				"west": {"uv": [7.5, 10.5, 8, 14], "texture": "#0"},
				"up": {"uv": [13.5, 7, 12.5, 6.5], "texture": "#0"},
				"down": {"uv": [13.5, 7, 12.5, 7.5], "texture": "#0"}
			}
		},
		{
			"from": [7.01, 12.23, 3.02],
			"to": [9.01, 18.23, 4.03],
			"rotation": {"angle": 22.5, "axis": "z", "origin": [9.00533, 11.23463, 2.99]},
			"faces": {
				"north": {"uv": [3, 8, 2, 11], "texture": "#0"},
				"east": {"uv": [9, 10.5, 8.5, 13.5], "texture": "#0"},
				"south": {"uv": [4, 8, 3, 11], "texture": "#0"},
				"west": {"uv": [8.5, 10.5, 8, 13.5], "texture": "#0"},
				"up": {"uv": [12.5, 4.5, 13.5, 4], "texture": "#0"},
				"down": {"uv": [12.5, 6, 13.5, 6.5], "texture": "#0"}
			}
		},
		{
			"from": [3.8, 12, 3],
			"to": [6.8, 16, 4.04],
			"rotation": {"angle": 0, "axis": "y", "origin": [1.8, 12, 3]},
			"faces": {
				"north": {"uv": [5.5, 8, 4, 10], "texture": "#0"},
				"south": {"uv": [9.5, 6.5, 8, 8.5], "texture": "#0"}
			}
		},
		{
			"from": [2, 12.1, 3.01],
			"to": [3.8, 19, 4.01],
			"rotation": {"angle": -22.5, "axis": "z", "origin": [1.8, 12, 3]},
			"faces": {
				"north": {"uv": [1, 8, 0, 11.5], "texture": "#0"},
				"east": {"uv": [8, 10.5, 7.5, 14], "texture": "#0"},
				"south": {"uv": [2, 8, 1, 11.5], "texture": "#0"},
				"west": {"uv": [7.5, 10.5, 7, 14], "texture": "#0"},
				"up": {"uv": [12.5, 7, 13.5, 6.5], "texture": "#0"},
				"down": {"uv": [12.5, 7, 13.5, 7.5], "texture": "#0"}
			}
		},
		{
			"from": [14, 8, 2],
			"to": [16, 10, 4],
			"rotation": {"angle": 0, "axis": "y", "origin": [0, -2, 0]},
			"faces": {
				"north": {"uv": [1, 11.5, 2, 12.5], "texture": "#0"},
				"east": {"uv": [11.5, 2.5, 12.5, 3.5], "texture": "#0"},
				"south": {"uv": [11.5, 3.5, 12.5, 4.5], "texture": "#0"},
				"up": {"uv": [5, 12.5, 4, 11.5], "texture": "#0"},
				"down": {"uv": [6, 11.5, 5, 12.5], "texture": "#0"}
			}
		},
		{
			"from": [15, 7, 3],
			"to": [17, 9, 5],
			"rotation": {"angle": 0, "axis": "y", "origin": [0, -2, 0]},
			"faces": {
				"north": {"uv": [9, 12, 10, 13], "texture": "#0"},
				"east": {"uv": [12, 9.5, 13, 10.5], "texture": "#0"},
				"south": {"uv": [10, 12, 11, 13], "texture": "#0"},
				"west": {"uv": [12, 10.5, 13, 11.5], "texture": "#0"},
				"up": {"uv": [13, 12.5, 12, 11.5], "texture": "#0"},
				"down": {"uv": [1, 12.5, 0, 13.5], "texture": "#0"}
			}
		},
		{
			"from": [14, 6, 1],
			"to": [16, 8, 3],
			"rotation": {"angle": 0, "axis": "y", "origin": [0, -2, 0]},
			"faces": {
				"north": {"uv": [6, 11.5, 7, 12.5], "texture": "#0"},
				"east": {"uv": [11, 11.5, 12, 12.5], "texture": "#0"},
				"south": {"uv": [12, 0, 13, 1], "texture": "#0"},
				"west": {"uv": [12, 1, 13, 2], "texture": "#0"},
				"up": {"uv": [13, 5.5, 12, 4.5], "texture": "#0"},
				"down": {"uv": [13, 8.5, 12, 9.5], "texture": "#0"}
			}
		},
		{
			"from": [14, 1, 2.5],
			"to": [15, 6, 2.5],
			"rotation": {"angle": 0, "axis": "y", "origin": [0, -2, 0]},
			"faces": {
				"north": {"uv": [5.5, 8, 6, 10.5], "texture": "#0"},
				"south": {"uv": [2, 11, 2.5, 13.5], "texture": "#0"}
			}
		},
		{
			"from": [14, 0, 2],
			"to": [15, 3, 3],
			"rotation": {"angle": 0, "axis": "y", "origin": [0, -2, 0]},
			"faces": {
				"north": {"uv": [1, 12.5, 1.5, 14], "texture": "#0"},
				"east": {"uv": [1.5, 12.5, 2, 14], "texture": "#0"},
				"south": {"uv": [12.5, 2.5, 13, 4], "texture": "#0"},
				"west": {"uv": [4, 12.5, 4.5, 14], "texture": "#0"},
				"up": {"uv": [7, 13, 6.5, 12.5], "texture": "#0"},
				"down": {"uv": [13.5, 2.5, 13, 3], "texture": "#0"}
			}
		},
		{
			"from": [15.5, 2, 4.1],
			"to": [16.5, 7, 4.1],
			"rotation": {"angle": 0, "axis": "y", "origin": [0, -2, 0]},
			"faces": {
				"north": {"uv": [5.5, 8, 6, 10.5], "texture": "#0"},
				"south": {"uv": [2, 11, 2.5, 13.5], "texture": "#0"}
			}
		},
		{
			"from": [15.5, 1, 3.6],
			"to": [16.5, 4, 4.6],
			"rotation": {"angle": 0, "axis": "y", "origin": [0, -2, 0]},
			"faces": {
				"north": {"uv": [1, 12.5, 1.5, 14], "texture": "#0"},
				"east": {"uv": [1.5, 12.5, 2, 14], "texture": "#0"},
				"south": {"uv": [12.5, 2.5, 13, 4], "texture": "#0"},
				"west": {"uv": [4, 12.5, 4.5, 14], "texture": "#0"},
				"up": {"uv": [7, 13, 6.5, 12.5], "texture": "#0"},
				"down": {"uv": [13.5, 2.5, 13, 3], "texture": "#0"}
			}
		}
	],
	"gui_light": "front",
	"display": {
		"thirdperson_righthand": {
			"rotation": [50, 0, 0],
			"translation": [0, -1.75, 2.25],
			"scale": [0.75, 0.75, 0.75]
		},
		"thirdperson_lefthand": {
			"rotation": [50, 0, 0],
			"translation": [0, -1.75, 2.25],
			"scale": [0.75, 0.75, 0.75]
		},
		"firstperson_righthand": {
			"translation": [0.75, 2.25, 4.5],
			"scale": [0.5, 0.5, 0.5]
		},
		"firstperson_lefthand": {
			"translation": [0.75, 2.25, 4.5],
			"scale": [0.5, 0.5, 0.5]
		},
		"ground": {
			"rotation": [35, 0, 0],
			"translation": [0, 3, 2.75],
			"scale": [0.5, 0.5, 0.5]
		},
		"gui": {
			"rotation": [0, 135, 0],
			"translation": [3.25, -1.5, 0],
			"scale": [0.88, 0.88, 0.88]
		},
		"head": {
			"rotation": [45, 45, -45],
			"translation": [-3.5, 2.5, -3.5]
		},
		"fixed": {
			"rotation": [-10, 0, 0],
			"translation": [0, 1.25, 6.75],
			"scale": [2, 2, 2]
		}
	},
	"groups": [
		{
			"name": "mask05",
			"origin": [0, -21.5, 4],
			"color": 0,
			"nbt": "{}",
			"armAnimationEnabled": false,
			"children": [
				0,
				1,
				2,
				3,
				4,
				5,
				6,
				7,
				8,
				9,
				{
					"name": "ear",
					"origin": [14, 14, 3],
					"color": 0,
					"nbt": "{}",
					"armAnimationEnabled": false,
					"children": [10, 11, 12]
				},
				{
					"name": "ear",
					"origin": [14, 14, 3],
					"color": 0,
					"nbt": "{}",
					"armAnimationEnabled": false,
					"children": [13, 14, 15]
				},
				{
					"name": "line",
					"origin": [8, 8, 8],
					"color": 0,
					"nbt": "{}",
					"armAnimationEnabled": false,
					"children": [16, 17, 18]
				},
				{
					"name": "group",
					"origin": [0, 0, 0],
					"color": 0,
					"nbt": "{}",
					"armAnimationEnabled": false,
					"children": [19, 20, 21, 22]
				}
			]
		}
	]
}