{
	"credit": "Copyright © 2021-2099 Ikaho-Onsen Minecraft Server. All rights reserved.",
	"texture_size": [32, 32],
	"textures": {
		"1": "minecraft:item/custom_food/summar_food/ice_08",
		"particle": "minecraft:item/custom_food/summar_food/ice_08"
	},
	"elements": [
		{
			"from": [6.5, -2, 8],
			"to": [9.5, 4, 9],
			"rotation": {"angle": 0, "axis": "y", "origin": [8, 10.75, 8.5]},
			"faces": {
				"north": {"uv": [7, 9.5, 8.5, 12.5], "texture": "#1"},
				"east": {"uv": [10, 1, 10.5, 4], "texture": "#1"},
				"south": {"uv": [8.5, 9.5, 10, 12.5], "texture": "#1"},
				"west": {"uv": [10, 4, 10.5, 7], "texture": "#1"},
				"down": {"uv": [11.5, 7, 10, 7.5], "texture": "#1"}
			}
		},
		{
			"from": [3, 4, 7],
			"to": [13, 20, 10],
			"rotation": {"angle": 0, "axis": "y", "origin": [8, 10.75, 8.5]},
			"faces": {
				"north": {"uv": [0, 0, 5, 8], "texture": "#1"},
				"east": {"uv": [0, 8, 1.5, 16], "texture": "#1"},
				"south": {"uv": [5, 0, 10, 8], "texture": "#1"},
				"west": {"uv": [1.5, 8, 3, 16], "texture": "#1"},
				"up": {"uv": [8, 9.5, 3, 8], "texture": "#1"},
				"down": {"uv": [13, 8, 8, 9.5], "texture": "#1"}
			}
		},
		{
			"from": [4, 20, 7],
			"to": [12, 21, 10],
			"rotation": {"angle": 0, "axis": "y", "origin": [8, 10.75, 8.5]},
			"faces": {
				"north": {"uv": [10, 0, 14, 0.5], "texture": "#1"},
				"east": {"uv": [10, 7.5, 11.5, 8], "texture": "#1"},
				"south": {"uv": [10, 0.5, 14, 1], "texture": "#1"},
				"west": {"uv": [10, 9.5, 11.5, 10], "texture": "#1"},
				"up": {"uv": [7, 11, 3, 9.5], "texture": "#1"}
			}
		}
	],
	"gui_light": "front",
	"display": {
		"thirdperson_righthand": {
			"rotation": [0, 90, 0],
			"translation": [0, 5.25, -0.5],
			"scale": [0.85, 0.85, 0.85]
		},
		"thirdperson_lefthand": {
			"rotation": [0, 90, 0],
			"translation": [0, 5.25, -0.5],
			"scale": [0.85, 0.85, 0.85]
		},
		"firstperson_righthand": {
			"rotation": [0, 90, 0],
			"translation": [1.13, 1.7, 1.13],
			"scale": [0.5, 0.5, 0.5]
		},
		"firstperson_lefthand": {
			"rotation": [0, 90, 0],
			"translation": [1.13, 1.7, 1.13],
			"scale": [0.5, 0.5, 0.5]
		},
		"ground": {
			"rotation": [0, 0, -25],
			"translation": [0, 3.5, 0],
			"scale": [0.7, 0.7, 0.7]
		},
		"gui": {
			"rotation": [33, 135, 0],
			"translation": [0, -1.5, 0],
			"scale": [0.7, 0.7, 0.7]
		},
		"head": {
			"rotation": [0, 0, -150],
			"translation": [-10.25, 15.75, 0]
		},
		"fixed": {
			"translation": [0, -2, -3],
			"scale": [1.5, 1.5, 1.5]
		}
	},
	"groups": [
		{
			"name": "ice_08",
			"origin": [8, 8, 8],
			"color": 0,
			"nbt": "{}",
			"armAnimationEnabled": false,
			"children": [0, 1, 2]
		}
	]
}