{
	"credit": "Copyright © 2021-2099 Ikaho-Onsen Minecraft Server. All rights reserved.",
	"texture_size": [64, 64],
	"textures": {
		"0": "minecraft:item/witch_hat_01",
		"1": "minecraft:item/witch_hat_01_layer",
		"particle": "minecraft:item/witch_hat_01"
	},
	"elements": [
		{
			"from": [0, 7, 0],
			"to": [16, 8, 16],
			"rotation": {"angle": 0, "axis": "y", "origin": [8, 7.5, 8]},
			"faces": {
				"up": {"uv": [4, 4, 0, 8], "texture": "#0"},
				"down": {"uv": [4, 4, 0, 0], "texture": "#0"}
			}
		},
		{
			"from": [3, 8, 3],
			"to": [13, 12, 13],
			"rotation": {"angle": 0, "axis": "x", "origin": [8, 7.5, 8]},
			"faces": {
				"north": {"uv": [9, 7.5, 6.5, 8.5], "texture": "#0"},
				"east": {"uv": [6.5, 7.5, 4, 8.5], "texture": "#0"},
				"south": {"uv": [9, 4.75, 6.5, 5.75], "texture": "#0"},
				"west": {"uv": [4, 7.5, 6.5, 8.5], "texture": "#0"},
				"up": {"uv": [6.5, 0, 4, 2.5], "texture": "#0"}
			}
		},
		{
			"from": [2.9, 8, 2.9],
			"to": [13.1, 14, 13.1],
			"rotation": {"angle": 0, "axis": "y", "origin": [8, 7.5, 8]},
			"faces": {
				"north": {"uv": [8.5, 2.5, 6, 4], "texture": "#0"},
				"east": {"uv": [6.5, 4.5, 4, 6], "texture": "#0"},
				"west": {"uv": [4, 4.5, 6.5, 6], "texture": "#0"}
			}
		},
		{
			"from": [4, 10, 4],
			"to": [12, 16, 12],
			"rotation": {"angle": 22.5, "axis": "x", "origin": [8, 12, 8]},
			"faces": {
				"north": {"uv": [8.5, 0, 6.5, 1.5], "texture": "#0"},
				"east": {"uv": [8, 6, 6, 7.5], "texture": "#0"},
				"south": {"uv": [6, 6, 4, 7.5], "texture": "#0"},
				"west": {"uv": [6, 6, 8, 7.5], "texture": "#0"},
				"up": {"uv": [6, 2.5, 4, 4.5], "texture": "#0"}
			}
		},
		{
			"from": [6, 15, 5],
			"to": [10, 20, 9],
			"rotation": {"angle": 45, "axis": "x", "origin": [8, 12, 8]},
			"faces": {
				"north": {"uv": [3, 8, 2, 9.25], "texture": "#0"},
				"east": {"uv": [2, 8, 1, 9.25], "texture": "#0"},
				"south": {"uv": [1, 8, 0, 9.25], "texture": "#0"},
				"west": {"uv": [1, 8, 2, 9.25], "texture": "#0"},
				"up": {"uv": [4, 8, 3, 9], "texture": "#0"}
			}
		},
		{
			"from": [0, 7, -3],
			"to": [16, 8, 0],
			"rotation": {"angle": 0, "axis": "y", "origin": [4.25, 7.5, -4.21783]},
			"faces": {
				"north": {"uv": [14.5, 1.5, 10.5, 2], "texture": "#0"},
				"east": {"uv": [11.25, 2, 10.5, 2.5], "texture": "#0"},
				"west": {"uv": [12, 2, 11.25, 2.5], "texture": "#0"},
				"up": {"uv": [8, 8.5, 4, 9.25], "texture": "#0"},
				"down": {"uv": [10.5, 4.75, 6.5, 4], "texture": "#0"}
			}
		},
		{
			"from": [-3, 7, 0],
			"to": [0, 8, 16],
			"rotation": {"angle": 0, "axis": "y", "origin": [8, 7.5, 8]},
			"faces": {
				"north": {"uv": [11.25, 2, 10.5, 2.5], "texture": "#0"},
				"south": {"uv": [12, 2, 11.25, 2.5], "texture": "#0"},
				"west": {"uv": [14.5, 1.5, 10.5, 2], "texture": "#0"},
				"up": {"uv": [8, 8.5, 4, 9.25], "rotation": 270, "texture": "#0"},
				"down": {"uv": [10.5, 4.75, 6.5, 4], "rotation": 90, "texture": "#0"}
			}
		},
		{
			"from": [0, 7, 16],
			"to": [16, 8, 19],
			"rotation": {"angle": 0, "axis": "y", "origin": [8, 7.5, 8]},
			"faces": {
				"east": {"uv": [12, 2, 11.25, 2.5], "texture": "#0"},
				"south": {"uv": [14.5, 1.5, 10.5, 2], "texture": "#0"},
				"west": {"uv": [11.25, 2, 10.5, 2.5], "texture": "#0"},
				"up": {"uv": [8, 8.5, 4, 9.25], "rotation": 180, "texture": "#0"},
				"down": {"uv": [10.5, 4.75, 6.5, 4], "rotation": 180, "texture": "#0"}
			}
		},
		{
			"from": [16, 7, 0],
			"to": [19, 8, 16],
			"rotation": {"angle": 0, "axis": "y", "origin": [8, 7.5, 8]},
			"faces": {
				"north": {"uv": [12, 2, 11.25, 2.5], "texture": "#0"},
				"east": {"uv": [14.5, 1.5, 10.5, 2], "texture": "#0"},
				"south": {"uv": [11.25, 2, 10.5, 2.5], "texture": "#0"},
				"up": {"uv": [8, 8.5, 4, 9.25], "rotation": 90, "texture": "#0"},
				"down": {"uv": [10.5, 4.75, 6.5, 4], "rotation": 270, "texture": "#0"}
			}
		},
		{
			"from": [16, 7, -2],
			"to": [18, 8, 0],
			"rotation": {"angle": 0, "axis": "y", "origin": [8, 7.5, 8]},
			"faces": {
				"north": {"uv": [8.5, 5.75, 9, 6.25], "texture": "#0"},
				"east": {"uv": [8, 6.25, 8.5, 6.75], "texture": "#0"},
				"up": {"uv": [6, 4, 6.5, 4.5], "texture": "#0"},
				"down": {"uv": [8, 6.25, 8.5, 5.75], "texture": "#0"}
			}
		},
		{
			"from": [-2, 7, -2],
			"to": [0, 8, 0],
			"rotation": {"angle": 0, "axis": "y", "origin": [8, 7.5, 8]},
			"faces": {
				"north": {"uv": [8, 6.25, 8.5, 6.75], "texture": "#0"},
				"west": {"uv": [8.5, 5.75, 9, 6.25], "texture": "#0"},
				"up": {"uv": [6, 4, 6.5, 4.5], "rotation": 270, "texture": "#0"},
				"down": {"uv": [8, 6.25, 8.5, 5.75], "rotation": 90, "texture": "#0"}
			}
		},
		{
			"from": [-2, 7, 16],
			"to": [0, 8, 18],
			"rotation": {"angle": 0, "axis": "y", "origin": [8, 7.5, 8]},
			"faces": {
				"south": {"uv": [8.5, 5.75, 9, 6.25], "texture": "#0"},
				"west": {"uv": [8, 6.25, 8.5, 6.75], "texture": "#0"},
				"up": {"uv": [6, 4, 6.5, 4.5], "rotation": 180, "texture": "#0"},
				"down": {"uv": [8, 6.25, 8.5, 5.75], "rotation": 180, "texture": "#0"}
			}
		},
		{
			"from": [16, 7, 16],
			"to": [18, 8, 18],
			"rotation": {"angle": 0, "axis": "y", "origin": [8, 7.5, 8]},
			"faces": {
				"east": {"uv": [8.5, 5.75, 9, 6.25], "texture": "#0"},
				"south": {"uv": [8, 6.25, 8.5, 6.75], "texture": "#0"},
				"up": {"uv": [6, 4, 6.5, 4.5], "rotation": 90, "texture": "#0"},
				"down": {"uv": [8, 6.25, 8.5, 5.75], "rotation": 270, "texture": "#0"}
			}
		},
		{
			"from": [16, 8, 2],
			"to": [17, 8, 14],
			"rotation": {"angle": 0, "axis": "y", "origin": [8, 7.5, 8]},
			"faces": {
				"up": {"uv": [7, 9, 1, 9.5], "rotation": 90, "texture": "#1", "tintindex": 0}
			}
		},
		{
			"from": [0, 8, 0],
			"to": [16, 8, 16],
			"rotation": {"angle": 0, "axis": "y", "origin": [8, 7.5, 8]},
			"faces": {
				"up": {"uv": [8, 0, 0, 8], "texture": "#1", "tintindex": 0}
			}
		},
		{
			"from": [2, 8, -1],
			"to": [14, 8, 0],
			"rotation": {"angle": 0, "axis": "y", "origin": [4.25, 7.5, -4.21783]},
			"faces": {
				"up": {"uv": [7, 9, 1, 9.5], "texture": "#1", "tintindex": 0}
			}
		},
		{
			"from": [-1, 8, 2],
			"to": [0, 8, 14],
			"rotation": {"angle": 0, "axis": "y", "origin": [8, 7.5, 8]},
			"faces": {
				"up": {"uv": [7, 9, 1, 9.5], "rotation": 270, "texture": "#1", "tintindex": 0}
			}
		},
		{
			"from": [2, 8, 16],
			"to": [14, 8, 17],
			"rotation": {"angle": 0, "axis": "y", "origin": [4.25, 7.5, 20.21783]},
			"faces": {
				"up": {"uv": [7, 9.5, 1, 9], "texture": "#1", "tintindex": 0}
			}
		}
	],
	"gui_light": "front",
	"display": {
		"thirdperson_righthand": {
			"rotation": [75, 45, 0],
			"translation": [0, 2.5, 0],
			"scale": [0.375, 0.375, 0.375]
		},
		"thirdperson_lefthand": {
			"rotation": [75, 45, 0],
			"translation": [0, 2.5, 0],
			"scale": [0.375, 0.375, 0.375]
		},
		"firstperson_righthand": {
			"rotation": [0, 45, 0],
			"translation": [2.5, 0, 0],
			"scale": [0.4, 0.4, 0.4]
		},
		"firstperson_lefthand": {
			"rotation": [0, 45, 0],
			"translation": [2.5, 0, 0],
			"scale": [0.4, 0.4, 0.4]
		},
		"ground": {
			"translation": [0, 2, 0],
			"scale": [0.5, 0.5, 0.5]
		},
		"gui": {
			"rotation": [33, 135, 0],
			"translation": [0, -0.75, 0],
			"scale": [0.55, 0.55, 0.55]
		},
		"head": {
			"rotation": [22.5, 0, 0],
			"translation": [0, 4.75, 0.5],
			"scale": [1.5, 1.5, 1.5]
		},
		"fixed": {
			"rotation": [-90, 0, 0],
			"translation": [0, 0, -1]
		}
	},
	"groups": [
		{
			"name": "witch_hat",
			"origin": [8, 8, 8],
			"color": 0,
			"nbt": "{}",
			"armAnimationEnabled": false,
			"children": [
				0,
				1,
				2,
				3,
				4,
				5,
				6,
				7,
				8,
				9,
				10,
				11,
				12,
				{
					"name": "layer",
					"origin": [4.25, 7.5, 20.21783],
					"color": 0,
					"nbt": "{}",
					"armAnimationEnabled": false,
					"children": [13, 14, 15, 16, 17]
				}
			]
		}
	]
}