{
	"credit": "Copyright © 2021-2099 Ikaho-Onsen Minecraft Server. All rights reserved.",
	"texture_size": [32, 32],
	"textures": {
		"0": "minecraft:item/weapon/dagger",
		"particle": "minecraft:item/weapon/dagger"
	},
	"elements": [
		{
			"from": [12.7323, 10.89961, 7.5],
			"to": [13.7323, 14.14961, 8.5],
			"rotation": {"angle": 45, "axis": "z", "origin": [8, 8, 8]},
			"faces": {
				"north": {"uv": [2.5, 3, 3, 4.5], "texture": "#0"},
				"east": {"uv": [3, 3, 3.5, 4.5], "texture": "#0"},
				"south": {"uv": [2.5, 4.5, 3, 6], "texture": "#0"},
				"west": {"uv": [3, 4.5, 3.5, 6], "texture": "#0"},
				"up": {"uv": [4.5, 3, 4, 2.5], "texture": "#0"},
				"down": {"uv": [5, 0.5, 4.5, 1], "texture": "#0"}
			}
		},
		{
			"from": [6.99959, -11.9, 7.505],
			"to": [9.99959, 14.1, 8.495],
			"rotation": {"angle": 0, "axis": "y", "origin": [8, 8, 8]},
			"faces": {
				"north": {"uv": [0, 0, 1.5, 13], "texture": "#0"},
				"east": {"uv": [1.5, 0, 2, 13], "texture": "#0"},
				"south": {"uv": [1.5, 0, 0, 13], "texture": "#0"},
				"west": {"uv": [2, 0, 2.5, 13], "texture": "#0"},
				"up": {"uv": [5, 3.5, 3.5, 3], "texture": "#0"},
				"down": {"uv": [5, 3.5, 3.5, 4], "texture": "#0"}
			}
		},
		{
			"from": [6.99959, 14.1, 7.505],
			"to": [7.99959, 15.7, 8.495],
			"rotation": {"angle": 0, "axis": "y", "origin": [8, 8, 8]},
			"faces": {
				"north": {"uv": [4, 0.5, 4.5, 1.5], "texture": "#0"},
				"east": {"uv": [4, 1.5, 4.5, 2.5], "texture": "#0"},
				"south": {"uv": [3.5, 5.5, 4, 6.5], "texture": "#0"},
				"west": {"uv": [4, 5.5, 4.5, 6.5], "texture": "#0"},
				"up": {"uv": [5, 1.5, 4.5, 1], "texture": "#0"},
				"down": {"uv": [5, 1.5, 4.5, 2], "texture": "#0"}
			}
		},
		{
			"from": [7.99959, 14.1, 7.505],
			"to": [8.99959, 15.1, 8.495],
			"rotation": {"angle": 0, "axis": "y", "origin": [8, 8, 8]},
			"faces": {
				"north": {"uv": [4.5, 2, 5, 2.5], "texture": "#0"},
				"east": {"uv": [4.5, 2.5, 5, 3], "texture": "#0"},
				"south": {"uv": [2.5, 6, 3, 6.5], "texture": "#0"},
				"west": {"uv": [3, 6, 3.5, 6.5], "texture": "#0"},
				"up": {"uv": [5, 6, 4.5, 5.5], "texture": "#0"},
				"down": {"uv": [5, 6, 4.5, 6.5], "texture": "#0"}
			}
		}
	],
	"gui_light": "front",
	"display": {
		"thirdperson_righthand": {
			"rotation": [0, 90, 0],
			"translation": [0, 6.25, 1.25],
			"scale": [0.6, 0.6, 0.6]
		},
		"thirdperson_lefthand": {
			"rotation": [0, -90, -180],
			"translation": [0, -10.25, 1],
			"scale": [0.6, 0.6, 0.6]
		},
		"firstperson_righthand": {
			"rotation": [121, 55, -128],
			"translation": [3.5, 2, 0],
			"scale": [0.7, 0.7, 0.7]
		},
		"firstperson_lefthand": {
			"rotation": [-121, -55, -88],
			"translation": [3.5, 2, 0],
			"scale": [0.7, 0.7, 0.7]
		},
		"ground": {
			"rotation": [90, 0, 0],
			"translation": [0, 0, 6.5]
		},
		"gui": {
			"rotation": [-30, 180, 40],
			"translation": [2.75, 3, 0],
			"scale": [-0.7, 0.7, 0.7]
		},
		"head": {
			"rotation": [90, 0, -90],
			"translation": [6.75, -6.75, -7.5]
		},
		"fixed": {
			"rotation": [0, 180, 0],
			"translation": [0, 5.25, -1.25]
		}
	},
	"groups": [
		{
			"name": "katana",
			"origin": [7.99959, -2.9, 8.5],
			"color": 1,
			"children": [
				{
					"name": "blade",
					"origin": [-0.00041, -10.9, 0.5],
					"color": 1,
					"children": [0, 1, 2, 3]
				},
				{
					"name": "hold",
					"origin": [-0.00041, -10.9, 0.5],
					"color": 1,
					"children": []
				}
			]
		}
	]
}