{
	"credit": "Copyright © 2021-2099 Ikaho-Onsen Minecraft Server. All rights reserved.",
	"textures": {
		"1": "minecraft:item/shuriken",
		"particle": "minecraft:item/shuriken"
	},
	"elements": [
		{
			"from": [5.04635, 7.525, 2.71628],
			"to": [6.04635, 8.475, 7.71628],
			"rotation": {"angle": -22.5, "axis": "y", "origin": [8, 8, 8]},
			"faces": {
				"west": {"uv": [8, 0, 9, 5], "rotation": 270, "texture": "#1"},
				"up": {"uv": [1, 8, 0, 13], "texture": "#1"},
				"down": {"uv": [0, 8, 1, 13], "rotation": 180, "texture": "#1"}
			}
		},
		{
			"from": [9.94992, 7.5, 2.71627],
			"to": [10.94992, 8.5, 7.71627],
			"rotation": {"angle": 22.5, "axis": "y", "origin": [8, 8, 8]},
			"faces": {
				"east": {"uv": [9, 0, 8, 5], "rotation": 90, "texture": "#1"},
				"up": {"uv": [0, 8, 1, 13], "texture": "#1"},
				"down": {"uv": [1, 8, 0, 13], "rotation": 180, "texture": "#1"}
			}
		},
		{
			"from": [11.75, 7.475, 3.25],
			"to": [12.75, 8.525, 4.25],
			"rotation": {"angle": 45, "axis": "y", "origin": [8, 8, 8]},
			"faces": {
				"north": {"uv": [4, 9, 3, 8], "rotation": 180, "texture": "#1"},
				"east": {"uv": [2, 8, 3, 9], "rotation": 90, "texture": "#1"},
				"up": {"uv": [2, 8, 1, 9], "texture": "#1"},
				"down": {"uv": [1, 8, 2, 9], "rotation": 180, "texture": "#1"}
			}
		},
		{
			"from": [2.71627, 7.525, 9.95366],
			"to": [7.71627, 8.475, 10.95366],
			"rotation": {"angle": -22.5, "axis": "y", "origin": [8, 8, 8]},
			"faces": {
				"south": {"uv": [8, 0, 9, 5], "rotation": 270, "texture": "#1"},
				"up": {"uv": [1, 8, 0, 13], "rotation": 270, "texture": "#1"},
				"down": {"uv": [0, 8, 1, 13], "rotation": 270, "texture": "#1"}
			}
		},
		{
			"from": [2.71627, 7.5, 5.05008],
			"to": [7.71627, 8.5, 6.05008],
			"rotation": {"angle": 22.5, "axis": "y", "origin": [8, 8, 8]},
			"faces": {
				"north": {"uv": [9, 0, 8, 5], "rotation": 90, "texture": "#1"},
				"up": {"uv": [0, 8, 1, 13], "rotation": 270, "texture": "#1"},
				"down": {"uv": [1, 8, 0, 13], "rotation": 270, "texture": "#1"}
			}
		},
		{
			"from": [3.25, 7.475, 3.25],
			"to": [4.25, 8.525, 4.25],
			"rotation": {"angle": 45, "axis": "y", "origin": [8, 8, 8]},
			"faces": {
				"north": {"uv": [2, 8, 3, 9], "rotation": 90, "texture": "#1"},
				"west": {"uv": [4, 9, 3, 8], "rotation": 180, "texture": "#1"},
				"up": {"uv": [2, 8, 1, 9], "rotation": 270, "texture": "#1"},
				"down": {"uv": [1, 8, 2, 9], "rotation": 270, "texture": "#1"}
			}
		},
		{
			"from": [9.95365, 7.525, 8.28373],
			"to": [10.95365, 8.475, 13.28373],
			"rotation": {"angle": -22.5, "axis": "y", "origin": [8, 8, 8]},
			"faces": {
				"east": {"uv": [8, 0, 9, 5], "rotation": 270, "texture": "#1"},
				"up": {"uv": [1, 8, 0, 13], "rotation": 180, "texture": "#1"},
				"down": {"uv": [0, 8, 1, 13], "texture": "#1"}
			}
		},
		{
			"from": [5.05008, 7.5, 8.28373],
			"to": [6.05008, 8.5, 13.28373],
			"rotation": {"angle": 22.5, "axis": "y", "origin": [8, 8, 8]},
			"faces": {
				"west": {"uv": [9, 0, 8, 5], "rotation": 90, "texture": "#1"},
				"up": {"uv": [0, 8, 1, 13], "rotation": 180, "texture": "#1"},
				"down": {"uv": [1, 8, 0, 13], "texture": "#1"}
			}
		},
		{
			"from": [3.25, 7.475, 11.75],
			"to": [4.25, 8.525, 12.75],
			"rotation": {"angle": 45, "axis": "y", "origin": [8, 8, 8]},
			"faces": {
				"south": {"uv": [4, 9, 3, 8], "rotation": 180, "texture": "#1"},
				"west": {"uv": [2, 8, 3, 9], "rotation": 90, "texture": "#1"},
				"up": {"uv": [2, 8, 1, 9], "rotation": 180, "texture": "#1"},
				"down": {"uv": [1, 8, 2, 9], "texture": "#1"}
			}
		},
		{
			"from": [8.28373, 7.525, 5.04635],
			"to": [13.28373, 8.475, 6.04635],
			"rotation": {"angle": -22.5, "axis": "y", "origin": [8, 8, 8]},
			"faces": {
				"north": {"uv": [8, 0, 9, 5], "rotation": 270, "texture": "#1"},
				"up": {"uv": [1, 8, 0, 13], "rotation": 90, "texture": "#1"},
				"down": {"uv": [0, 8, 1, 13], "rotation": 90, "texture": "#1"}
			}
		},
		{
			"from": [8.28373, 7.5, 9.94992],
			"to": [13.28373, 8.5, 10.94992],
			"rotation": {"angle": 22.5, "axis": "y", "origin": [8, 8, 8]},
			"faces": {
				"south": {"uv": [9, 0, 8, 5], "rotation": 90, "texture": "#1"},
				"up": {"uv": [0, 8, 1, 13], "rotation": 90, "texture": "#1"},
				"down": {"uv": [1, 8, 0, 13], "rotation": 90, "texture": "#1"}
			}
		},
		{
			"from": [11.75, 7.475, 11.75],
			"to": [12.75, 8.525, 12.75],
			"rotation": {"angle": 45, "axis": "y", "origin": [8, 8, 8]},
			"faces": {
				"east": {"uv": [4, 9, 3, 8], "rotation": 180, "texture": "#1"},
				"south": {"uv": [2, 8, 3, 9], "rotation": 90, "texture": "#1"},
				"up": {"uv": [2, 8, 1, 9], "rotation": 90, "texture": "#1"},
				"down": {"uv": [1, 8, 2, 9], "rotation": 90, "texture": "#1"}
			}
		},
		{
			"from": [4, 7.45, 4],
			"to": [12, 8.55, 12],
			"rotation": {"angle": -45, "axis": "y", "origin": [8, 8, 8]},
			"faces": {
				"up": {"uv": [7, 7, 15, 15], "rotation": 90, "texture": "#1"},
				"down": {"uv": [7, 7, 15, 15], "rotation": 180, "texture": "#1"}
			}
		},
		{
			"name": "cube inverted",
			"from": [12, 8.55, 12],
			"to": [4, 7.45, 4],
			"rotation": {"angle": -45, "axis": "y", "origin": [8, 8, 8]},
			"faces": {
				"up": {"uv": [15, 7, 7, 15], "rotation": 180, "texture": "#1"},
				"down": {"uv": [7, 15, 15, 7], "rotation": 90, "texture": "#1"}
			}
		}
	],
	"gui_light": "front",
	"display": {
		"thirdperson_righthand": {
			"rotation": [29, 0, 79],
			"translation": [0, 0, -2.5],
			"scale": [0.5, 0.5, 0.5]
		},
		"thirdperson_lefthand": {
			"rotation": [29, 0, 79],
			"translation": [0, 0, -2.5],
			"scale": [0.5, 0.5, 0.5]
		},
		"firstperson_righthand": {
			"rotation": [0, 0, 70],
			"translation": [1.13, 1.45, 1.13],
			"scale": [0.5, 0.5, 0.5]
		},
		"firstperson_lefthand": {
			"rotation": [0, 0, 70],
			"translation": [1.13, 1.45, 1.13],
			"scale": [0.5, 0.5, 0.5]
		},
		"ground": {
			"rotation": [30, 0, 0],
			"translation": [0, 1, 0],
			"scale": [0.5, 0.5, 0.5]
		},
		"gui": {
			"rotation": [90, -33, 37],
			"scale": [0.75, 0.75, 0.75]
		},
		"head": {
			"rotation": [-42, -19, 30],
			"translation": [8.75, 7, -4.75],
			"scale": [0.55, 0.55, 0.55]
		},
		"fixed": {
			"rotation": [-3, -9, 29],
			"translation": [0, 0, -5.25]
		}
	},
	"groups": [
		{
			"name": "group",
			"origin": [8, 8, 15.5],
			"color": 0,
			"nbt": "{}",
			"armAnimationEnabled": false,
			"children": [0, 1, 2, 3, 4, 5, 6, 7, 8, 9, 10, 11, 12, 13]
		}
	]
}