{
	"credit": "Copyright © 2021-2099 Ikaho-Onsen Minecraft Server. All rights reserved.",
	"texture_size": [64, 64],
	"textures": {
		"0": "minecraft:item/cit/mask_08_texture",
		"particle": "minecraft:item/cit/mask_08_texture"
	},
	"elements": [
		{
			"from": [3, 5, 2],
			"to": [13, 13, 4],
			"rotation": {"angle": 0, "axis": "y", "origin": [0, -17.5, 5]},
			"faces": {
				"north": {"uv": [0, 0.25, 2.5, 2.25], "texture": "#0"},
				"east": {"uv": [0, 6.25, 0.5, 8.25], "texture": "#0"},
				"south": {"uv": [0, 2.5, 2.5, 4.5], "texture": "#0"},
				"west": {"uv": [0.5, 6.25, 1, 8.25], "texture": "#0"},
				"up": {"uv": [3.5, 4, 1, 3.5], "texture": "#0"},
				"down": {"uv": [0, 0, 0, 0], "texture": "#0"}
			}
		},
		{
			"from": [6, 7, 0],
			"to": [10, 12.2, 2],
			"rotation": {"angle": 0, "axis": "y", "origin": [0, -17.5, 5]},
			"faces": {
				"north": {"uv": [5.5, 1, 6.5, 2.25], "texture": "#0"},
				"east": {"uv": [6.5, 1, 7, 2.25], "texture": "#0"},
				"south": {"uv": [0, 2.25, 2.5, 4.5], "texture": "#0"},
				"west": {"uv": [2, 7, 2.5, 8.25], "texture": "#0"},
				"up": {"uv": [3.5, 4, 1, 3.5], "texture": "#0"},
				"down": {"uv": [0, 0, 0, 0], "texture": "#0"}
			}
		},
		{
			"from": [2, 10.8, 1.5],
			"to": [14, 14.8, 5.5],
			"rotation": {"angle": 45, "axis": "x", "origin": [8, 13.44645, 2.23223]},
			"faces": {
				"north": {"uv": [2.5, 3, 5.5, 4], "texture": "#0"},
				"east": {"uv": [2.5, 6, 3.5, 7], "texture": "#0"},
				"south": {"uv": [2.5, 4, 5.5, 5], "texture": "#0"},
				"west": {"uv": [3.5, 6, 4.5, 7], "texture": "#0"},
				"up": {"uv": [3, 6, 0, 5], "texture": "#0"},
				"down": {"uv": [6, 5, 3, 6], "texture": "#0"}
			}
		},
		{
			"from": [7, 12.95359, -5.44597],
			"to": [9, 14.95359, 1.55403],
			"rotation": {"angle": 22.5, "axis": "x", "origin": [8.2, 14.25359, -1.84597]},
			"faces": {
				"north": {"uv": [4, 7, 4.5, 7.5], "texture": "#0"},
				"east": {"uv": [0, 4.5, 1.75, 5], "texture": "#0"},
				"south": {"uv": [4, 2.75, 6.5, 3.25], "texture": "#0"},
				"west": {"uv": [5.25, 6.25, 7, 6.75], "texture": "#0"},
				"up": {"uv": [1.5, 8.5, 1, 6.75], "texture": "#0"},
				"down": {"uv": [2, 6.75, 1.5, 8.5], "texture": "#0"}
			}
		},
		{
			"from": [3.4, 1.9, 1],
			"to": [5, 3.9, 6],
			"rotation": {"angle": 22.5, "axis": "x", "origin": [8, 14.64645, 2.23223]},
			"faces": {
				"north": {"uv": [2, 4.5, 2.5, 5], "texture": "#0"},
				"east": {"uv": [6.75, 5.5, 8, 6], "texture": "#0"},
				"south": {"uv": [4, 2.75, 6.5, 3.25], "texture": "#0"},
				"west": {"uv": [6.25, 6.75, 7.5, 7.25], "texture": "#0"},
				"up": {"uv": [5.25, 7.25, 4.75, 6], "texture": "#0"},
				"down": {"uv": [6.75, 5, 6.25, 6.25], "texture": "#0"}
			}
		},
		{
			"from": [11, 1.9, 1],
			"to": [12.6, 3.9, 6],
			"rotation": {"angle": 22.5, "axis": "x", "origin": [8, 14.64645, 2.23223]},
			"faces": {
				"north": {"uv": [2.5, 4.5, 2, 5], "texture": "#0"},
				"east": {"uv": [7.5, 6.75, 6.25, 7.25], "texture": "#0"},
				"south": {"uv": [6.5, 2.75, 4, 3.25], "texture": "#0"},
				"west": {"uv": [8, 5.5, 6.75, 6], "texture": "#0"},
				"up": {"uv": [4.75, 7.25, 5.25, 6], "texture": "#0"},
				"down": {"uv": [6.25, 5, 6.75, 6.25], "texture": "#0"}
			}
		},
		{
			"from": [2, 5, -1],
			"to": [14, 8, 1],
			"rotation": {"angle": 45, "axis": "x", "origin": [8, 3.41421, 0.23223]},
			"faces": {
				"north": {"uv": [5.5, 0, 8.5, 0.75], "texture": "#0"},
				"east": {"uv": [7, 0.75, 7.5, 1.5], "texture": "#0"},
				"south": {"uv": [5, 0, 7, 0.5], "texture": "#0"},
				"west": {"uv": [7, 1.5, 7.5, 2.25], "texture": "#0"},
				"up": {"uv": [8.5, 2.75, 5.5, 2.25], "texture": "#0"},
				"down": {"uv": [8.5, 2.75, 5.5, 3.25], "texture": "#0"}
			}
		},
		{
			"from": [5, 6.3, -2],
			"to": [11, 8.3, 1],
			"rotation": {"angle": 22.5, "axis": "x", "origin": [8, 3.41421, 0.23223]},
			"faces": {
				"north": {"uv": [6.75, 5, 8.25, 5.5], "texture": "#0"},
				"east": {"uv": [2.5, 7, 3.25, 7.5], "texture": "#0"},
				"south": {"uv": [5, 0, 7, 0.5], "texture": "#0"},
				"west": {"uv": [3.25, 7, 4, 7.5], "texture": "#0"},
				"up": {"uv": [7, 5, 5.5, 4.25], "texture": "#0"},
				"down": {"uv": [2.5, 6, 1, 6.75], "texture": "#0"}
			}
		},
		{
			"from": [2, 2, 1],
			"to": [14, 8, 3],
			"rotation": {"angle": 45, "axis": "x", "origin": [8, 3.41421, 0.23223]},
			"faces": {
				"north": {"uv": [2.5, 0, 5.5, 1.5], "texture": "#0"},
				"east": {"uv": [5.25, 6.75, 5.75, 8.25], "texture": "#0"},
				"south": {"uv": [2.5, 1.5, 5.5, 3], "texture": "#0"},
				"west": {"uv": [5.75, 6.75, 6.25, 8.25], "texture": "#0"},
				"up": {"uv": [8.5, 3.75, 5.5, 3.25], "texture": "#0"},
				"down": {"uv": [8.5, 3.75, 5.5, 4.25], "texture": "#0"}
			}
		},
		{
			"from": [5, 0, 6.4],
			"to": [11, 3, 7.6],
			"rotation": {"angle": 22.5, "axis": "x", "origin": [5.5574, 17, 8]},
			"faces": {
				"north": {"uv": [0, 8.5, 1.5, 9.5], "texture": "#0", "tintindex": 0},
				"east": {"uv": [1.25, 9.5, 1.5, 10.5], "texture": "#0"},
				"south": {"uv": [0, 0, 0, 0], "texture": "#0"},
				"west": {"uv": [1.5, 8.5, 1.75, 9.5], "texture": "#0"},
				"up": {"uv": [0, 0, 0, 0], "rotation": 90, "texture": "#0", "tintindex": 0},
				"down": {"uv": [0, 0, 0, 0], "rotation": 270, "texture": "#0"}
			}
		}
	],
	"gui_light": "front",
	"display": {
		"thirdperson_righthand": {
			"rotation": [50, 0, 0],
			"translation": [0, -1.75, 2.25],
			"scale": [0.75, 0.75, 0.75]
		},
		"thirdperson_lefthand": {
			"rotation": [50, 0, 0],
			"translation": [0, -1.75, 2.25],
			"scale": [0.75, 0.75, 0.75]
		},
		"firstperson_righthand": {
			"translation": [0.75, 2.25, 4.5],
			"scale": [0.5, 0.5, 0.5]
		},
		"firstperson_lefthand": {
			"translation": [0.75, 2.25, 4.5],
			"scale": [0.5, 0.5, 0.5]
		},
		"ground": {
			"rotation": [35, 0, 0],
			"translation": [0, 3, 2.75],
			"scale": [0.5, 0.5, 0.5]
		},
		"gui": {
			"rotation": [0, 135, 0],
			"translation": [4.25, 0, 0]
		},
		"head": {
			"scale": [1.5, 1.5, 1.5]
		},
		"fixed": {
			"rotation": [-10, 0, 0],
			"translation": [0, 1.25, 6.75],
			"scale": [2, 2, 2]
		}
	},
	"groups": [
		{
			"name": "mask_08a",
			"origin": [0, -21.5, 4],
			"color": 0,
			"nbt": "{}",
			"armAnimationEnabled": false,
			"children": [0, 1, 2, 3, 4, 5, 6, 7, 8, 9]
		}
	]
}