{
	"credit": "Copyright © 2021-2099 Ikaho-Onsen Minecraft Server. All rights reserved.",
	"ambientocclusion": false,
	"textures": {
		"0": "minecraft:item/bread/bread_05",
		"1": "minecraft:item/bread/bread_05_layer1",
		"particle": "minecraft:item/bread/bread_05"
	},
	"elements": [
		{
			"from": [4, 0, 7],
			"to": [7, 2, 9],
			"faces": {
				"east": {"uv": [4, 10, 6, 12], "texture": "#0"},
				"west": {"uv": [3, 8, 5, 10], "texture": "#0"},
				"up": {"uv": [0, 3, 3, 5], "texture": "#0"},
				"down": {"uv": [13, 3, 16, 5], "texture": "#0"}
			}
		},
		{
			"from": [4, 0, 5],
			"to": [12, 2, 7],
			"faces": {
				"north": {"uv": [0, 8, 8, 10], "texture": "#0"},
				"east": {"uv": [5, 8, 7, 10], "texture": "#0"},
				"south": {"uv": [0, 10, 8, 12], "texture": "#0"},
				"west": {"uv": [1, 8, 3, 10], "texture": "#0"},
				"up": {"uv": [0, 1, 8, 3], "texture": "#0"},
				"down": {"uv": [8, 1, 16, 3], "texture": "#0"}
			}
		},
		{
			"from": [4, 0, 9],
			"to": [12, 2, 11],
			"faces": {
				"north": {"uv": [0, 10, 8, 12], "texture": "#0"},
				"east": {"uv": [1, 8, 3, 10], "texture": "#0"},
				"south": {"uv": [0, 8, 8, 10], "texture": "#0"},
				"west": {"uv": [5, 8, 7, 10], "texture": "#0"},
				"up": {"uv": [0, 5, 8, 7], "texture": "#0"},
				"down": {"uv": [8, 5, 16, 7], "texture": "#0"}
			}
		},
		{
			"from": [5, 0, 11],
			"to": [11, 2, 12],
			"faces": {
				"east": {"uv": [0, 8, 1, 10], "texture": "#0"},
				"south": {"uv": [1, 8, 7, 10], "texture": "#0"},
				"west": {"uv": [7, 8, 8, 10], "texture": "#0"},
				"up": {"uv": [1, 7, 7, 8], "texture": "#0"},
				"down": {"uv": [9, 7, 15, 8], "texture": "#0"}
			}
		},
		{
			"from": [5, 0, 4],
			"to": [11, 2, 5],
			"faces": {
				"north": {"uv": [1, 8, 7, 10], "texture": "#0"},
				"east": {"uv": [7, 8, 8, 10], "texture": "#0"},
				"west": {"uv": [0, 8, 1, 10], "texture": "#0"},
				"up": {"uv": [1, 0, 7, 1], "texture": "#0"},
				"down": {"uv": [9, 0, 15, 1], "texture": "#0"}
			}
		},
		{
			"from": [9, 0, 7],
			"to": [12, 2, 9],
			"faces": {
				"east": {"uv": [3, 8, 5, 10], "texture": "#0"},
				"west": {"uv": [3, 10, 5, 12], "texture": "#0"},
				"up": {"uv": [5, 3, 8, 5], "texture": "#0"},
				"down": {"uv": [8, 3, 11, 5], "texture": "#0"}
			}
		},
		{
			"from": [4, 2.1, 4],
			"to": [12, 2.1, 12],
			"faces": {
				"up": {"uv": [0, 0, 8, 8], "texture": "#1"}
			}
		}
	],
	"gui_light": "front",
	"display": {
		"thirdperson_righthand": {
			"rotation": [90, 45, 0],
			"translation": [0, 3.25, 7],
			"scale": [0.9, 0.9, 0.9]
		},
		"thirdperson_lefthand": {
			"rotation": [90, 45, 0],
			"translation": [0, 3.25, 7],
			"scale": [0.9, 0.9, 0.9]
		},
		"firstperson_righthand": {
			"rotation": [88, 0, 65],
			"translation": [2.5, 0, 0],
			"scale": [0.9, 0.9, 0.9]
		},
		"firstperson_lefthand": {
			"rotation": [88, 0, 65],
			"translation": [2.5, 0, 0],
			"scale": [0.9, 0.9, 0.9]
		},
		"ground": {
			"rotation": [35, 0, 0],
			"translation": [0, 3, 1.75],
			"scale": [0.5, 0.5, 0.5]
		},
		"gui": {
			"rotation": [33, 135, 0],
			"translation": [0, 7, 0],
			"scale": [1.25, 1.25, 1.25]
		},
		"head": {
			"rotation": [-30, 45, 0],
			"translation": [0, -1.75, -12.75]
		},
		"fixed": {
			"rotation": [-90, 0, 0],
			"translation": [0, 0, -15.75],
			"scale": [2, 2, 2]
		}
	},
	"groups": [
		{
			"name": "bread_05",
			"origin": [0, 0, 0],
			"color": 0,
			"nbt": "{}",
			"armAnimationEnabled": false,
			"children": [0, 1, 2, 3, 4, 5, 6]
		}
	]
}