{
	"credit": "Copyright © 2021-2099 Ikaho-Onsen Minecraft Server. All rights reserved.",
	"texture_size": [32, 32],
	"textures": {
		"0": "minecraft:item/jp_chief_hat",
		"particle": "minecraft:item/jp_chief_hat"
	},
	"elements": [
		{
			"from": [3, 9, 3],
			"to": [13, 14, 13],
			"rotation": {"angle": 0, "axis": "y", "origin": [8, 13, 8]},
			"faces": {
				"north": {"uv": [5, 0.5, 10, 3], "texture": "#0", "tintindex": 0},
				"east": {"uv": [5, 3.5, 10, 6], "texture": "#0", "tintindex": 0},
				"south": {"uv": [5, 6.5, 10, 9], "texture": "#0", "tintindex": 0},
				"west": {"uv": [5, 9.5, 10, 12], "texture": "#0", "tintindex": 0},
				"down": {"uv": [5, 5, 0, 10], "texture": "#0", "tintindex": 0}
			}
		},
		{
			"from": [3, 9, 3],
			"to": [13, 13, 13],
			"rotation": {"angle": 0, "axis": "y", "origin": [8, 13, 8]},
			"faces": {
				"up": {"uv": [0, 0, 5, 5], "texture": "#0", "tintindex": 0}
			}
		},
		{
			"name": "cube inverted",
			"from": [13, 14, 13],
			"to": [3, 9, 3],
			"rotation": {"angle": 0, "axis": "y", "origin": [8, 13, 8]},
			"faces": {
				"north": {"uv": [5, 9, 10, 6.5], "texture": "#0", "tintindex": 0},
				"east": {"uv": [5, 12, 10, 9.5], "texture": "#0", "tintindex": 0},
				"south": {"uv": [5, 3, 10, 0.5], "texture": "#0", "tintindex": 0},
				"west": {"uv": [5, 6, 10, 3.5], "texture": "#0", "tintindex": 0},
				"up": {"uv": [0, 5, 5, 10], "texture": "#0", "tintindex": 0}
			}
		}
	],
	"gui_light": "front",
	"display": {
		"thirdperson_righthand": {
			"rotation": [75, 45, 0],
			"translation": [0, 2.5, 0],
			"scale": [0.375, 0.375, 0.375]
		},
		"thirdperson_lefthand": {
			"rotation": [75, 45, 0],
			"translation": [0, 2.5, 0],
			"scale": [0.375, 0.375, 0.375]
		},
		"firstperson_righthand": {
			"rotation": [0, 45, 0],
			"translation": [2.5, 0, 0],
			"scale": [0.4, 0.4, 0.4]
		},
		"firstperson_lefthand": {
			"rotation": [0, 45, 0],
			"translation": [2.5, 0, 0],
			"scale": [0.4, 0.4, 0.4]
		},
		"ground": {
			"translation": [0, 2, 0],
			"scale": [0.5, 0.5, 0.5]
		},
		"gui": {
			"rotation": [33, 135, 0],
			"translation": [0, -3, 0],
			"scale": [0.91, 0.91, 0.91]
		},
		"head": {
			"scale": [1.5, 1.5, 1.5]
		},
		"fixed": {
			"rotation": [-90, 0, 0],
			"translation": [0, 0, 2],
			"scale": [2, 2, 2]
		}
	}
}