{
	"credit": "Made with Blockbench",
	"texture_size": [32, 32],
	"textures": {
		"0": "item/build_tool_03",
		"particle": "item/build_tool_03"
	},
	"elements": [
		{
			"from": [7, 2, 7],
			"to": [9, 11, 9],
			"rotation": {"angle": 0, "axis": "y", "origin": [7, 0, 9]},
			"faces": {
				"north": {"uv": [6, 4.5, 5, 9], "texture": "#0"},
				"east": {"uv": [6, 0, 5, 4.5], "texture": "#0"},
				"south": {"uv": [5, 4, 4, 8.5], "texture": "#0"},
				"west": {"uv": [7, 0, 6, 4.5], "texture": "#0"},
				"down": {"uv": [10, 5, 9, 4], "texture": "#0"}
			}
		},
		{
			"from": [6.9, 3, 6.8],
			"to": [9.1, 5, 9.2],
			"rotation": {"angle": 0, "axis": "y", "origin": [7, 0, 9]},
			"faces": {
				"north": {"uv": [4, 9, 3, 10], "texture": "#0"},
				"east": {"uv": [10, 2, 9, 3], "texture": "#0"},
				"south": {"uv": [10, 1, 9, 2], "texture": "#0"},
				"west": {"uv": [10, 3, 9, 4], "texture": "#0"}
			}
		},
		{
			"from": [6, 11, 3],
			"to": [10, 15, 13],
			"rotation": {"angle": 0, "axis": "y", "origin": [8, 13, 8]},
			"faces": {
				"north": {"uv": [8, 6.5, 6, 8.5], "texture": "#0"},
				"east": {"uv": [5, 0, 0, 2], "texture": "#0"},
				"south": {"uv": [8, 4.5, 6, 6.5], "texture": "#0"},
				"west": {"uv": [5, 2, 0, 4], "texture": "#0"},
				"up": {"uv": [2, 4, 0, 9], "texture": "#0"},
				"down": {"uv": [4, 9, 2, 4], "texture": "#0"}
			}
		},
		{
			"from": [10, 11, 6.70711],
			"to": [11, 14, 9.70711],
			"rotation": {"angle": 45, "axis": "x", "origin": [12, 13, 8.70711]},
			"faces": {
				"north": {"uv": [1.5, 10, 1, 11.5], "texture": "#0"},
				"east": {"uv": [3, 11.5, 1.5, 13], "texture": "#0"},
				"south": {"uv": [3, 10, 2.5, 11.5], "texture": "#0"},
				"west": {"uv": [1.5, 11.5, 0, 13], "texture": "#0"},
				"up": {"uv": [2, 10, 1.5, 11.5], "texture": "#0"},
				"down": {"uv": [2.5, 11.5, 2, 10], "texture": "#0"}
			}
		},
		{
			"from": [5, 11, 6.70711],
			"to": [6, 14, 9.70711],
			"rotation": {"angle": 45, "axis": "x", "origin": [4, 13, 8.70711]},
			"faces": {
				"north": {"uv": [1, 10, 1.5, 11.5], "texture": "#0"},
				"east": {"uv": [0, 11.5, 1.5, 13], "texture": "#0"},
				"south": {"uv": [2.5, 10, 3, 11.5], "texture": "#0"},
				"west": {"uv": [1.5, 11.5, 3, 13], "texture": "#0"},
				"up": {"uv": [1.5, 10, 2, 11.5], "texture": "#0"},
				"down": {"uv": [2, 11.5, 2.5, 10], "texture": "#0"}
			}
		},
		{
			"from": [5.8, 10.8, 4.1],
			"to": [10.2, 15.2, 5.9],
			"rotation": {"angle": 0, "axis": "y", "origin": [8, 13, 5]},
			"faces": {
				"east": {"uv": [9, 4, 8, 6], "texture": "#0"},
				"west": {"uv": [9, 6, 8, 8], "texture": "#0"},
				"up": {"uv": [10, 8, 8, 9], "texture": "#0"},
				"down": {"uv": [8, 9.5, 6, 8.5], "texture": "#0"}
			}
		},
		{
			"from": [5.8, 10.8, 10.1],
			"to": [10.2, 15.2, 11.9],
			"rotation": {"angle": 0, "axis": "y", "origin": [8, 13, 11]},
			"faces": {
				"east": {"uv": [9, 4, 8, 6], "texture": "#0"},
				"west": {"uv": [9, 6, 8, 8], "texture": "#0"},
				"up": {"uv": [10, 8, 8, 9], "texture": "#0"},
				"down": {"uv": [8, 9.5, 6, 8.5], "texture": "#0"}
			}
		},
		{
			"name": "cube inverted",
			"from": [9.1, 5, 9.2],
			"to": [6.9, 3, 6.8],
			"rotation": {"angle": 0, "axis": "y", "origin": [7, 0, 9]},
			"faces": {
				"north": {"uv": [10, 2, 9, 1], "texture": "#0"},
				"east": {"uv": [10, 4, 9, 3], "texture": "#0"},
				"south": {"uv": [4, 10, 3, 9], "texture": "#0"},
				"west": {"uv": [10, 3, 9, 2], "texture": "#0"}
			}
		},
		{
			"name": "cube inverted",
			"from": [10.2, 15.2, 5.9],
			"to": [5.8, 10.8, 4.1],
			"rotation": {"angle": 0, "axis": "y", "origin": [8, 13, 5]},
			"faces": {
				"east": {"uv": [9, 8, 8, 6], "texture": "#0"},
				"west": {"uv": [9, 6, 8, 4], "texture": "#0"},
				"up": {"uv": [6, 9.5, 8, 8.5], "texture": "#0"},
				"down": {"uv": [8, 8, 10, 9], "texture": "#0"}
			}
		},
		{
			"name": "cube inverted",
			"from": [10.2, 15.2, 11.9],
			"to": [5.8, 10.8, 10.1],
			"rotation": {"angle": 0, "axis": "y", "origin": [8, 13, 11]},
			"faces": {
				"east": {"uv": [9, 8, 8, 6], "texture": "#0"},
				"west": {"uv": [9, 6, 8, 4], "texture": "#0"},
				"up": {"uv": [6, 9.5, 8, 8.5], "texture": "#0"},
				"down": {"uv": [8, 8, 10, 9], "texture": "#0"}
			}
		}
	],
	"gui_light": "front",
	"display": {
		"thirdperson_righthand": {
			"translation": [0, -1.5, 0]
		},
		"thirdperson_lefthand": {
			"translation": [0, -1.5, 0]
		},
		"firstperson_righthand": {
			"translation": [2.5, 0, 0],
			"scale": [0.5, 0.5, 0.5]
		},
		"firstperson_lefthand": {
			"translation": [2.5, 0, 0],
			"scale": [0.5, 0.5, 0.5]
		},
		"ground": {
			"translation": [0, 2, 0],
			"scale": [0.5, 0.5, 0.5]
		},
		"gui": {
			"rotation": [33, 125, -45],
			"translation": [1.25, -1.25, 0]
		},
		"fixed": {
			"rotation": [0, 90, 0],
			"translation": [0, -4, -4.5],
			"scale": [2, 2, 2]
		}
	}
}