{
	"credit": "Made with Blockbench",
	"textures": {
		"0": "item/build_tool_05",
		"particle": "item/build_tool_05"
	},
	"elements": [
		{
			"from": [7, 5, 8],
			"to": [9, 10, 10],
			"rotation": {"angle": 0, "axis": "y", "origin": [7, 0, 10]},
			"faces": {
				"north": {"uv": [6, 0, 8, 5], "texture": "#0"},
				"east": {"uv": [8, 8, 6, 13], "texture": "#0"},
				"south": {"uv": [8, 0, 10, 5], "texture": "#0"},
				"west": {"uv": [6, 8, 8, 13], "texture": "#0"},
				"down": {"uv": [14, 0, 12, 2], "texture": "#0"}
			}
		},
		{
			"from": [6.9, 2.8, 5.6],
			"to": [9.1, 4.8, 8],
			"rotation": {"angle": 22.5, "axis": "x", "origin": [7, 0, 5.8]},
			"faces": {
				"north": {"uv": [14, 4, 12, 6], "texture": "#0"},
				"east": {"uv": [12, 6, 14, 8], "texture": "#0"},
				"south": {"uv": [14, 2, 12, 4], "texture": "#0"},
				"west": {"uv": [14, 6, 12, 8], "texture": "#0"}
			}
		},
		{
			"from": [7, 0.7612, 4.17317],
			"to": [9, 5.7612, 6.17317],
			"rotation": {"angle": 22.5, "axis": "x", "origin": [7, -4.2388, 6.17317]},
			"faces": {
				"north": {"uv": [6, 0, 8, 4], "texture": "#0"},
				"east": {"uv": [8, 8, 6, 12], "texture": "#0"},
				"south": {"uv": [8, 0, 10, 4], "texture": "#0"},
				"west": {"uv": [6, 8, 8, 12], "texture": "#0"},
				"down": {"uv": [14, 0, 12, 2], "texture": "#0"}
			}
		},
		{
			"from": [7, 10, 5],
			"to": [9, 12, 11],
			"rotation": {"angle": 0, "axis": "y", "origin": [7, 10, 7]},
			"faces": {
				"north": {"uv": [10, 6, 12, 8], "texture": "#0"},
				"east": {"uv": [14, 8, 8, 10], "texture": "#0"},
				"south": {"uv": [10, 10, 12, 12], "texture": "#0"},
				"west": {"uv": [8, 8, 14, 10], "texture": "#0"},
				"up": {"uv": [12, 6, 10, 0], "texture": "#0"},
				"down": {"uv": [10, 10, 8, 16], "texture": "#0"}
			}
		},
		{
			"from": [8, 12, 5],
			"to": [8, 27, 11],
			"rotation": {"angle": 0, "axis": "y", "origin": [7, 12, 7]},
			"faces": {
				"north": {"uv": [0, 0, 0, 15], "texture": "#0"},
				"east": {"uv": [6, 0, 0, 15], "texture": "#0"},
				"south": {"uv": [0, 0, 0, 15], "texture": "#0"},
				"west": {"uv": [0, 0, 6, 15], "texture": "#0"},
				"up": {"uv": [0, 6, 0, 0], "texture": "#0"},
				"down": {"uv": [0, 0, 0, 6], "texture": "#0"}
			}
		}
	],
	"gui_light": "front",
	"display": {
		"thirdperson_righthand": {
			"translation": [0, -1.25, 0]
		},
		"firstperson_righthand": {
			"translation": [3.25, -3, 0],
			"scale": [0.5, 0.5, 0.5]
		},
		"firstperson_lefthand": {
			"translation": [3.25, -3, 0],
			"scale": [0.5, 0.5, 0.5]
		},
		"ground": {
			"translation": [0, 2, 0],
			"scale": [0.5, 0.5, 0.5]
		},
		"gui": {
			"rotation": [33, 125, -45],
			"translation": [1.5, -3.25, 0],
			"scale": [0.6, 0.6, 0.6]
		}
	}
}