{
	"credit": "Copyright © 2021-2099 Ikaho-Onsen Minecraft Server. All rights reserved.",
	"textures": {
		"0": "minecraft:item/tabasuko",
		"particle": "minecraft:item/tabasuko"
	},
	"elements": [
		{
			"from": [7.5, 0, 7.5],
			"to": [8.5, 16, 8.5],
			"faces": {
				"north": {"uv": [0, 0, 1, 16], "texture": "#0"},
				"east": {"uv": [0, 0, 1, 16], "texture": "#0"},
				"south": {"uv": [0, 0, 1, 16], "texture": "#0"},
				"west": {"uv": [0, 0, 1, 16], "texture": "#0"},
				"up": {"uv": [0, 0, 1, 1], "texture": "#0"},
				"down": {"uv": [0, 0, 1, 1], "texture": "#0"}
			}
		},
		{
			"from": [7.5, 16, 7.5],
			"to": [8.5, 32, 8.5],
			"faces": {
				"north": {"uv": [0, 0, 1, 16], "texture": "#0"},
				"east": {"uv": [0, 0, 1, 16], "texture": "#0"},
				"south": {"uv": [0, 0, 1, 16], "texture": "#0"},
				"west": {"uv": [0, 0, 1, 16], "texture": "#0"},
				"up": {"uv": [0, 0, 1, 1], "texture": "#0"},
				"down": {"uv": [0, 0, 1, 1], "texture": "#0"}
			}
		},
		{
			"from": [4, 22.5, 6],
			"to": [12, 24.5, 10],
			"faces": {
				"north": {"uv": [8, 0, 16, 2], "texture": "#0"},
				"east": {"uv": [8, 0, 12, 2], "texture": "#0"},
				"south": {"uv": [8, 0, 16, 2], "texture": "#0"},
				"west": {"uv": [8, 0, 12, 2], "texture": "#0"},
				"up": {"uv": [8, 0, 16, 4], "texture": "#0"},
				"down": {"uv": [8, 0, 16, 4], "texture": "#0"}
			}
		},
		{
			"from": [6, 22.5, 4],
			"to": [10, 24.5, 12],
			"faces": {
				"north": {"uv": [8, 0, 12, 2], "texture": "#0"},
				"east": {"uv": [8, 0, 16, 2], "texture": "#0"},
				"south": {"uv": [8, 0, 12, 2], "texture": "#0"},
				"west": {"uv": [8, 0, 16, 2], "texture": "#0"},
				"up": {"uv": [8, 0, 12, 8], "texture": "#0"},
				"down": {"uv": [8, 0, 12, 8], "texture": "#0"}
			}
		},
		{
			"from": [5, 22.5, 5],
			"to": [11, 24.5, 11],
			"faces": {
				"north": {"uv": [8, 0, 14, 2], "texture": "#0"},
				"east": {"uv": [8, 0, 14, 2], "texture": "#0"},
				"south": {"uv": [8, 0, 14, 2], "texture": "#0"},
				"west": {"uv": [8, 0, 14, 2], "texture": "#0"},
				"up": {"uv": [8, 0, 14, 6], "texture": "#0"},
				"down": {"uv": [8, 0, 14, 6], "texture": "#0"}
			}
		},
		{
			"from": [6, 25.5, 5],
			"to": [10, 26.5, 11],
			"faces": {
				"north": {"uv": [8, 0, 12, 1], "texture": "#0"},
				"east": {"uv": [8, 0, 14, 1], "texture": "#0"},
				"south": {"uv": [8, 0, 12, 1], "texture": "#0"},
				"west": {"uv": [8, 0, 14, 1], "texture": "#0"},
				"up": {"uv": [8, 0, 12, 6], "texture": "#0"},
				"down": {"uv": [8, 0, 12, 6], "texture": "#0"}
			}
		},
		{
			"from": [5, 25.5, 6],
			"to": [11, 26.5, 10],
			"faces": {
				"north": {"uv": [8, 0, 14, 1], "texture": "#0"},
				"east": {"uv": [8, 0, 12, 1], "texture": "#0"},
				"south": {"uv": [8, 0, 14, 1], "texture": "#0"},
				"west": {"uv": [8, 0, 12, 1], "texture": "#0"},
				"up": {"uv": [8, 0, 14, 4], "texture": "#0"},
				"down": {"uv": [8, 0, 14, 4], "texture": "#0"}
			}
		},
		{
			"from": [6, 26.5, 7],
			"to": [10, 27.5, 9],
			"faces": {
				"north": {"uv": [8, 0, 12, 1], "texture": "#0"},
				"east": {"uv": [8, 0, 10, 1], "texture": "#0"},
				"south": {"uv": [8, 0, 12, 1], "texture": "#0"},
				"west": {"uv": [8, 0, 10, 1], "texture": "#0"},
				"up": {"uv": [8, 0, 12, 2], "texture": "#0"},
				"down": {"uv": [8, 0, 12, 2], "texture": "#0"}
			}
		},
		{
			"from": [7, 26.5, 6],
			"to": [9, 27.5, 10],
			"faces": {
				"north": {"uv": [8, 0, 10, 1], "texture": "#0"},
				"east": {"uv": [8, 0, 12, 1], "texture": "#0"},
				"south": {"uv": [8, 0, 10, 1], "texture": "#0"},
				"west": {"uv": [8, 0, 12, 1], "texture": "#0"},
				"up": {"uv": [8, 0, 10, 4], "texture": "#0"},
				"down": {"uv": [8, 0, 10, 4], "texture": "#0"}
			}
		},
		{
			"from": [5, 24.5, 5],
			"to": [11, 25.5, 11],
			"faces": {
				"north": {"uv": [8, 0, 14, 1], "texture": "#0"},
				"east": {"uv": [8, 0, 14, 1], "texture": "#0"},
				"south": {"uv": [8, 0, 14, 1], "texture": "#0"},
				"west": {"uv": [8, 0, 14, 1], "texture": "#0"},
				"up": {"uv": [8, 0, 14, 6], "texture": "#0"},
				"down": {"uv": [8, 0, 14, 6], "texture": "#0"}
			}
		},
		{
			"from": [7, 24.5, 4],
			"to": [9, 25.5, 12],
			"faces": {
				"north": {"uv": [8, 0, 10, 1], "texture": "#0"},
				"east": {"uv": [8, 0, 16, 1], "texture": "#0"},
				"south": {"uv": [8, 0, 10, 1], "texture": "#0"},
				"west": {"uv": [8, 0, 16, 1], "texture": "#0"},
				"up": {"uv": [8, 0, 10, 8], "texture": "#0"},
				"down": {"uv": [8, 0, 10, 8], "texture": "#0"}
			}
		},
		{
			"from": [4, 24.5, 7],
			"to": [12, 25.5, 9],
			"faces": {
				"north": {"uv": [8, 0, 16, 1], "texture": "#0"},
				"east": {"uv": [8, 0, 10, 1], "texture": "#0"},
				"south": {"uv": [8, 0, 16, 1], "texture": "#0"},
				"west": {"uv": [8, 0, 10, 1], "texture": "#0"},
				"up": {"uv": [8, 0, 16, 2], "texture": "#0"},
				"down": {"uv": [8, 0, 16, 2], "texture": "#0"}
			}
		},
		{
			"from": [4, 21.5, 7],
			"to": [12, 22.5, 9],
			"faces": {
				"north": {"uv": [8, 0, 16, 1], "texture": "#0"},
				"east": {"uv": [8, 0, 10, 1], "texture": "#0"},
				"south": {"uv": [8, 0, 16, 1], "texture": "#0"},
				"west": {"uv": [8, 0, 10, 1], "texture": "#0"},
				"up": {"uv": [8, 0, 16, 2], "texture": "#0"},
				"down": {"uv": [8, 0, 16, 2], "texture": "#0"}
			}
		},
		{
			"from": [7, 21.5, 4],
			"to": [9, 22.5, 12],
			"faces": {
				"north": {"uv": [8, 0, 10, 1], "texture": "#0"},
				"east": {"uv": [8, 0, 16, 1], "texture": "#0"},
				"south": {"uv": [8, 0, 10, 1], "texture": "#0"},
				"west": {"uv": [8, 0, 16, 1], "texture": "#0"},
				"up": {"uv": [8, 0, 10, 8], "texture": "#0"},
				"down": {"uv": [8, 0, 10, 8], "texture": "#0"}
			}
		},
		{
			"from": [5, 21.5, 5],
			"to": [11, 22.5, 11],
			"faces": {
				"north": {"uv": [8, 0, 14, 1], "texture": "#0"},
				"east": {"uv": [8, 0, 14, 1], "texture": "#0"},
				"south": {"uv": [8, 0, 14, 1], "texture": "#0"},
				"west": {"uv": [8, 0, 14, 1], "texture": "#0"},
				"up": {"uv": [8, 0, 14, 6], "texture": "#0"},
				"down": {"uv": [8, 0, 14, 6], "texture": "#0"}
			}
		},
		{
			"from": [5, 20.5, 6],
			"to": [11, 21.5, 10],
			"faces": {
				"north": {"uv": [8, 0, 14, 1], "texture": "#0"},
				"east": {"uv": [8, 0, 12, 1], "texture": "#0"},
				"south": {"uv": [8, 0, 14, 1], "texture": "#0"},
				"west": {"uv": [8, 0, 12, 1], "texture": "#0"},
				"up": {"uv": [8, 0, 14, 4], "texture": "#0"},
				"down": {"uv": [8, 0, 14, 4], "texture": "#0"}
			}
		},
		{
			"from": [6, 20.5, 5],
			"to": [10, 21.5, 11],
			"faces": {
				"north": {"uv": [8, 0, 12, 1], "texture": "#0"},
				"east": {"uv": [8, 0, 14, 1], "texture": "#0"},
				"south": {"uv": [8, 0, 12, 1], "texture": "#0"},
				"west": {"uv": [8, 0, 14, 1], "texture": "#0"},
				"up": {"uv": [8, 0, 12, 6], "texture": "#0"},
				"down": {"uv": [8, 0, 12, 6], "texture": "#0"}
			}
		},
		{
			"from": [6, 19.5, 7],
			"to": [10, 20.5, 9],
			"faces": {
				"north": {"uv": [8, 0, 12, 1], "texture": "#0"},
				"east": {"uv": [8, 0, 10, 1], "texture": "#0"},
				"south": {"uv": [8, 0, 12, 1], "texture": "#0"},
				"west": {"uv": [8, 0, 10, 1], "texture": "#0"},
				"up": {"uv": [8, 0, 12, 2], "texture": "#0"},
				"down": {"uv": [8, 0, 12, 2], "texture": "#0"}
			}
		},
		{
			"from": [7, 19.5, 6],
			"to": [9, 20.5, 10],
			"faces": {
				"north": {"uv": [8, 0, 10, 1], "texture": "#0"},
				"east": {"uv": [8, 0, 12, 1], "texture": "#0"},
				"south": {"uv": [8, 0, 10, 1], "texture": "#0"},
				"west": {"uv": [8, 0, 12, 1], "texture": "#0"},
				"up": {"uv": [8, 0, 10, 4], "texture": "#0"},
				"down": {"uv": [8, 0, 10, 4], "texture": "#0"}
			}
		},
		{
			"from": [4, 15.5, 6],
			"to": [12, 17.5, 10],
			"faces": {
				"north": {"uv": [8, 0, 16, 2], "texture": "#0"},
				"east": {"uv": [8, 0, 12, 2], "texture": "#0"},
				"south": {"uv": [8, 0, 16, 2], "texture": "#0"},
				"west": {"uv": [8, 0, 12, 2], "texture": "#0"},
				"up": {"uv": [8, 0, 16, 4], "texture": "#0"},
				"down": {"uv": [8, 0, 16, 4], "texture": "#0"}
			}
		},
		{
			"from": [6, 15.5, 4],
			"to": [10, 17.5, 12],
			"faces": {
				"north": {"uv": [8, 0, 12, 2], "texture": "#0"},
				"east": {"uv": [8, 0, 16, 2], "texture": "#0"},
				"south": {"uv": [8, 0, 12, 2], "texture": "#0"},
				"west": {"uv": [8, 0, 16, 2], "texture": "#0"},
				"up": {"uv": [8, 0, 12, 8], "texture": "#0"},
				"down": {"uv": [8, 0, 12, 8], "texture": "#0"}
			}
		},
		{
			"from": [5, 15.5, 5],
			"to": [11, 17.5, 11],
			"faces": {
				"north": {"uv": [8, 0, 14, 2], "texture": "#0"},
				"east": {"uv": [8, 0, 14, 2], "texture": "#0"},
				"south": {"uv": [8, 0, 14, 2], "texture": "#0"},
				"west": {"uv": [8, 0, 14, 2], "texture": "#0"},
				"up": {"uv": [8, 0, 14, 6], "texture": "#0"},
				"down": {"uv": [8, 0, 14, 6], "texture": "#0"}
			}
		},
		{
			"from": [6, 18.5, 5],
			"to": [10, 19.5, 11],
			"faces": {
				"north": {"uv": [8, 0, 12, 1], "texture": "#0"},
				"east": {"uv": [8, 0, 14, 1], "texture": "#0"},
				"south": {"uv": [8, 0, 12, 1], "texture": "#0"},
				"west": {"uv": [8, 0, 14, 1], "texture": "#0"},
				"up": {"uv": [8, 0, 12, 6], "texture": "#0"},
				"down": {"uv": [8, 0, 12, 6], "texture": "#0"}
			}
		},
		{
			"from": [5, 18.5, 6],
			"to": [11, 19.5, 10],
			"faces": {
				"north": {"uv": [8, 0, 14, 1], "texture": "#0"},
				"east": {"uv": [8, 0, 12, 1], "texture": "#0"},
				"south": {"uv": [8, 0, 14, 1], "texture": "#0"},
				"west": {"uv": [8, 0, 12, 1], "texture": "#0"},
				"up": {"uv": [8, 0, 14, 4], "texture": "#0"},
				"down": {"uv": [8, 0, 14, 4], "texture": "#0"}
			}
		},
		{
			"from": [5, 17.5, 5],
			"to": [11, 18.5, 11],
			"faces": {
				"north": {"uv": [8, 0, 14, 1], "texture": "#0"},
				"east": {"uv": [8, 0, 14, 1], "texture": "#0"},
				"south": {"uv": [8, 0, 14, 1], "texture": "#0"},
				"west": {"uv": [8, 0, 14, 1], "texture": "#0"},
				"up": {"uv": [8, 0, 14, 6], "texture": "#0"},
				"down": {"uv": [8, 0, 14, 6], "texture": "#0"}
			}
		},
		{
			"from": [7, 17.5, 4],
			"to": [9, 18.5, 12],
			"faces": {
				"north": {"uv": [8, 0, 10, 1], "texture": "#0"},
				"east": {"uv": [8, 0, 16, 1], "texture": "#0"},
				"south": {"uv": [8, 0, 10, 1], "texture": "#0"},
				"west": {"uv": [8, 0, 16, 1], "texture": "#0"},
				"up": {"uv": [8, 0, 10, 8], "texture": "#0"},
				"down": {"uv": [8, 0, 10, 8], "texture": "#0"}
			}
		},
		{
			"from": [4, 17.5, 7],
			"to": [12, 18.5, 9],
			"faces": {
				"north": {"uv": [8, 0, 16, 1], "texture": "#0"},
				"east": {"uv": [8, 0, 10, 1], "texture": "#0"},
				"south": {"uv": [8, 0, 16, 1], "texture": "#0"},
				"west": {"uv": [8, 0, 10, 1], "texture": "#0"},
				"up": {"uv": [8, 0, 16, 2], "texture": "#0"},
				"down": {"uv": [8, 0, 16, 2], "texture": "#0"}
			}
		},
		{
			"from": [4, 14.5, 7],
			"to": [12, 15.5, 9],
			"faces": {
				"north": {"uv": [8, 0, 16, 1], "texture": "#0"},
				"east": {"uv": [8, 0, 10, 1], "texture": "#0"},
				"south": {"uv": [8, 0, 16, 1], "texture": "#0"},
				"west": {"uv": [8, 0, 10, 1], "texture": "#0"},
				"up": {"uv": [8, 0, 16, 2], "texture": "#0"},
				"down": {"uv": [8, 0, 16, 2], "texture": "#0"}
			}
		},
		{
			"from": [7, 14.5, 4],
			"to": [9, 15.5, 12],
			"faces": {
				"north": {"uv": [8, 0, 10, 1], "texture": "#0"},
				"east": {"uv": [8, 0, 16, 1], "texture": "#0"},
				"south": {"uv": [8, 0, 10, 1], "texture": "#0"},
				"west": {"uv": [8, 0, 16, 1], "texture": "#0"},
				"up": {"uv": [8, 0, 10, 8], "texture": "#0"},
				"down": {"uv": [8, 0, 10, 8], "texture": "#0"}
			}
		},
		{
			"from": [5, 14.5, 5],
			"to": [11, 15.5, 11],
			"faces": {
				"north": {"uv": [8, 0, 14, 1], "texture": "#0"},
				"east": {"uv": [8, 0, 14, 1], "texture": "#0"},
				"south": {"uv": [8, 0, 14, 1], "texture": "#0"},
				"west": {"uv": [8, 0, 14, 1], "texture": "#0"},
				"up": {"uv": [8, 0, 14, 6], "texture": "#0"},
				"down": {"uv": [8, 0, 14, 6], "texture": "#0"}
			}
		},
		{
			"from": [5, 13.5, 6],
			"to": [11, 14.5, 10],
			"faces": {
				"north": {"uv": [8, 0, 14, 1], "texture": "#0"},
				"east": {"uv": [8, 0, 12, 1], "texture": "#0"},
				"south": {"uv": [8, 0, 14, 1], "texture": "#0"},
				"west": {"uv": [8, 0, 12, 1], "texture": "#0"},
				"up": {"uv": [8, 0, 14, 4], "texture": "#0"},
				"down": {"uv": [8, 0, 14, 4], "texture": "#0"}
			}
		},
		{
			"from": [6, 13.5, 5],
			"to": [10, 14.5, 11],
			"faces": {
				"north": {"uv": [8, 0, 12, 1], "texture": "#0"},
				"east": {"uv": [8, 0, 14, 1], "texture": "#0"},
				"south": {"uv": [8, 0, 12, 1], "texture": "#0"},
				"west": {"uv": [8, 0, 14, 1], "texture": "#0"},
				"up": {"uv": [8, 0, 12, 6], "texture": "#0"},
				"down": {"uv": [8, 0, 12, 6], "texture": "#0"}
			}
		},
		{
			"from": [6, 12.5, 7],
			"to": [10, 13.5, 9],
			"faces": {
				"north": {"uv": [8, 0, 12, 1], "texture": "#0"},
				"east": {"uv": [8, 0, 10, 1], "texture": "#0"},
				"south": {"uv": [8, 0, 12, 1], "texture": "#0"},
				"west": {"uv": [8, 0, 10, 1], "texture": "#0"},
				"up": {"uv": [8, 0, 12, 2], "texture": "#0"},
				"down": {"uv": [8, 0, 12, 2], "texture": "#0"}
			}
		},
		{
			"from": [7, 12.5, 6],
			"to": [9, 13.5, 10],
			"faces": {
				"north": {"uv": [8, 0, 10, 1], "texture": "#0"},
				"east": {"uv": [8, 0, 12, 1], "texture": "#0"},
				"south": {"uv": [8, 0, 10, 1], "texture": "#0"},
				"west": {"uv": [8, 0, 12, 1], "texture": "#0"},
				"up": {"uv": [8, 0, 10, 4], "texture": "#0"},
				"down": {"uv": [8, 0, 10, 4], "texture": "#0"}
			}
		}
	],
	"display": {
		"firstperson_righthand": {
			"rotation": [-22, 15, -5],
			"translation": [2.75, 1.5, 1.25],
			"scale": [0.5, 0.5, 0.5]
		},
		"firstperson_lefthand": {
			"rotation": [-22, 15, -5],
			"translation": [2.75, 1.5, 1.25],
			"scale": [0.5, 0.5, 0.5]
		},
		"ground": {
			"translation": [0, 2, 0],
			"scale": [0.7, 0.7, 0.7]
		},
		"gui": {
			"rotation": [0, 10, 45],
			"translation": [4.25, -4, 0],
			"scale": [0.7, 0.7, 0.7]
		},
		"head": {
			"rotation": [0, 0, 90],
			"translation": [5.75, -4.5, -7.5],
			"scale": [0.5, 0.5, 0.5]
		},
		"fixed": {
			"rotation": [-12, 17, 45],
			"translation": [6.5, -7.5, -2.75]
		}
	},
	"groups": [
		0,
		1,
		{
			"name": "group",
			"origin": [0, 0, 0],
			"color": 0,
			"children": [2, 3, 4, 5, 6, 7, 8, 9, 10, 11, 12, 13, 14, 15, 16, 17, 18]
		},
		{
			"name": "group",
			"origin": [0, 0, 0],
			"color": 0,
			"children": [19, 20, 21, 22, 23, 24, 25, 26, 27, 28, 29, 30, 31, 32, 33]
		}
	]
}