{
	"credit": "Copyright © 2021-2099 Ikaho-Onsen Minecraft Server. All rights reserved.",
	"textures": {
		"0": "minecraft:item/snow",
		"particle": "minecraft:item/snow"
	},
	"elements": [
		{
			"from": [5, 6, 1],
			"to": [11, 7, 15],
			"rotation": {"angle": 0, "axis": "y", "origin": [8, 7, 8]},
			"faces": {
				"north": {"uv": [0, 0, 6, 1], "texture": "#0"},
				"east": {"uv": [0, 0, 14, 1], "texture": "#0"},
				"south": {"uv": [0, 0, 6, 1], "texture": "#0"},
				"west": {"uv": [0, 0, 14, 1], "texture": "#0"},
				"up": {"uv": [0, 0, 6, 14], "texture": "#0"},
				"down": {"uv": [0, 0, 6, 14], "texture": "#0"}
			}
		},
		{
			"from": [1, 6, 5],
			"to": [15, 7, 11],
			"rotation": {"angle": 0, "axis": "y", "origin": [8, 7, 8]},
			"faces": {
				"north": {"uv": [0, 0, 14, 1], "texture": "#0"},
				"east": {"uv": [0, 0, 6, 1], "texture": "#0"},
				"south": {"uv": [0, 0, 14, 1], "texture": "#0"},
				"west": {"uv": [0, 0, 6, 1], "texture": "#0"},
				"up": {"uv": [0, 0, 14, 6], "texture": "#0"},
				"down": {"uv": [0, 0, 14, 6], "texture": "#0"}
			}
		},
		{
			"from": [3, 6, 3],
			"to": [13, 7, 13],
			"rotation": {"angle": 0, "axis": "y", "origin": [8, 7, 8]},
			"faces": {
				"north": {"uv": [0, 0, 10, 1], "texture": "#0"},
				"east": {"uv": [0, 0, 10, 1], "texture": "#0"},
				"south": {"uv": [0, 0, 10, 1], "texture": "#0"},
				"west": {"uv": [0, 0, 10, 1], "texture": "#0"},
				"up": {"uv": [0, 0, 10, 10], "texture": "#0"},
				"down": {"uv": [0, 0, 10, 10], "texture": "#0"}
			}
		},
		{
			"from": [2, 6, 4],
			"to": [14, 7, 12],
			"rotation": {"angle": 0, "axis": "y", "origin": [8, 7, 8]},
			"faces": {
				"north": {"uv": [0, 0, 12, 1], "texture": "#0"},
				"east": {"uv": [0, 0, 8, 1], "texture": "#0"},
				"south": {"uv": [0, 0, 12, 1], "texture": "#0"},
				"west": {"uv": [0, 0, 8, 1], "texture": "#0"},
				"up": {"uv": [0, 0, 12, 8], "texture": "#0"},
				"down": {"uv": [0, 0, 12, 8], "texture": "#0"}
			}
		},
		{
			"from": [4, 6, 2],
			"to": [12, 7, 14],
			"rotation": {"angle": 0, "axis": "y", "origin": [8, 7, 8]},
			"faces": {
				"north": {"uv": [0, 0, 8, 1], "texture": "#0"},
				"east": {"uv": [0, 0, 12, 1], "texture": "#0"},
				"south": {"uv": [0, 0, 8, 1], "texture": "#0"},
				"west": {"uv": [0, 0, 12, 1], "texture": "#0"},
				"up": {"uv": [0, 0, 8, 12], "texture": "#0"},
				"down": {"uv": [0, 0, 8, 12], "texture": "#0"}
			}
		},
		{
			"from": [3, 5, 3],
			"to": [13, 6, 13],
			"rotation": {"angle": 0, "axis": "y", "origin": [8, 7, 8]},
			"faces": {
				"north": {"uv": [0, 0, 10, 1], "texture": "#0"},
				"east": {"uv": [0, 0, 10, 1], "texture": "#0"},
				"south": {"uv": [0, 0, 10, 1], "texture": "#0"},
				"west": {"uv": [0, 0, 10, 1], "texture": "#0"},
				"up": {"uv": [0, 0, 10, 10], "texture": "#0"},
				"down": {"uv": [0, 0, 10, 10], "texture": "#0"}
			}
		},
		{
			"from": [6, 5, 1],
			"to": [10, 6, 15],
			"rotation": {"angle": 0, "axis": "y", "origin": [8, 7, 8]},
			"faces": {
				"north": {"uv": [0, 0, 4, 1], "texture": "#0"},
				"east": {"uv": [0, 0, 14, 1], "texture": "#0"},
				"south": {"uv": [0, 0, 4, 1], "texture": "#0"},
				"west": {"uv": [0, 0, 14, 1], "texture": "#0"},
				"up": {"uv": [0, 0, 4, 14], "texture": "#0"},
				"down": {"uv": [0, 0, 4, 14], "texture": "#0"}
			}
		},
		{
			"from": [1, 5, 6],
			"to": [15, 6, 10],
			"rotation": {"angle": 0, "axis": "y", "origin": [8, 7, 8]},
			"faces": {
				"north": {"uv": [0, 0, 14, 1], "texture": "#0"},
				"east": {"uv": [0, 0, 4, 1], "texture": "#0"},
				"south": {"uv": [0, 0, 14, 1], "texture": "#0"},
				"west": {"uv": [0, 0, 4, 1], "texture": "#0"},
				"up": {"uv": [0, 0, 14, 4], "texture": "#0"},
				"down": {"uv": [0, 0, 14, 4], "texture": "#0"}
			}
		},
		{
			"from": [2, 5, 4],
			"to": [14, 6, 12],
			"rotation": {"angle": 0, "axis": "y", "origin": [8, 7, 8]},
			"faces": {
				"north": {"uv": [0, 0, 12, 1], "texture": "#0"},
				"east": {"uv": [0, 0, 8, 1], "texture": "#0"},
				"south": {"uv": [0, 0, 12, 1], "texture": "#0"},
				"west": {"uv": [0, 0, 8, 1], "texture": "#0"},
				"up": {"uv": [0, 0, 12, 8], "texture": "#0"},
				"down": {"uv": [0, 0, 12, 8], "texture": "#0"}
			}
		},
		{
			"from": [4, 5, 2],
			"to": [12, 6, 14],
			"rotation": {"angle": 0, "axis": "y", "origin": [8, 7, 8]},
			"faces": {
				"north": {"uv": [0, 0, 8, 1], "texture": "#0"},
				"east": {"uv": [0, 0, 12, 1], "texture": "#0"},
				"south": {"uv": [0, 0, 8, 1], "texture": "#0"},
				"west": {"uv": [0, 0, 12, 1], "texture": "#0"},
				"up": {"uv": [0, 0, 8, 12], "texture": "#0"},
				"down": {"uv": [0, 0, 8, 12], "texture": "#0"}
			}
		},
		{
			"from": [7, 4, 1],
			"to": [9, 5, 15],
			"rotation": {"angle": 0, "axis": "y", "origin": [8, 7, 8]},
			"faces": {
				"north": {"uv": [0, 0, 2, 1], "texture": "#0"},
				"east": {"uv": [0, 0, 14, 1], "texture": "#0"},
				"south": {"uv": [0, 0, 2, 1], "texture": "#0"},
				"west": {"uv": [0, 0, 14, 1], "texture": "#0"},
				"up": {"uv": [0, 0, 2, 14], "texture": "#0"},
				"down": {"uv": [0, 0, 2, 14], "texture": "#0"}
			}
		},
		{
			"from": [1, 4, 7],
			"to": [15, 5, 9],
			"rotation": {"angle": 0, "axis": "y", "origin": [8, 7, 8]},
			"faces": {
				"north": {"uv": [0, 0, 14, 1], "texture": "#0"},
				"east": {"uv": [0, 0, 2, 1], "texture": "#0"},
				"south": {"uv": [0, 0, 14, 1], "texture": "#0"},
				"west": {"uv": [0, 0, 2, 1], "texture": "#0"},
				"up": {"uv": [0, 0, 14, 2], "texture": "#0"},
				"down": {"uv": [0, 0, 14, 2], "texture": "#0"}
			}
		},
		{
			"from": [2, 4, 5],
			"to": [14, 5, 11],
			"rotation": {"angle": 0, "axis": "y", "origin": [8, 7, 8]},
			"faces": {
				"north": {"uv": [0, 0, 12, 1], "texture": "#0"},
				"east": {"uv": [0, 0, 6, 1], "texture": "#0"},
				"south": {"uv": [0, 0, 12, 1], "texture": "#0"},
				"west": {"uv": [0, 0, 6, 1], "texture": "#0"},
				"up": {"uv": [0, 0, 12, 6], "texture": "#0"},
				"down": {"uv": [0, 0, 12, 6], "texture": "#0"}
			}
		},
		{
			"from": [5, 4, 2],
			"to": [11, 5, 14],
			"rotation": {"angle": 0, "axis": "y", "origin": [8, 7, 8]},
			"faces": {
				"north": {"uv": [0, 0, 6, 1], "texture": "#0"},
				"east": {"uv": [0, 0, 12, 1], "texture": "#0"},
				"south": {"uv": [0, 0, 6, 1], "texture": "#0"},
				"west": {"uv": [0, 0, 12, 1], "texture": "#0"},
				"up": {"uv": [0, 0, 6, 12], "texture": "#0"},
				"down": {"uv": [0, 0, 6, 12], "texture": "#0"}
			}
		},
		{
			"from": [3, 4, 3],
			"to": [13, 5, 13],
			"rotation": {"angle": 0, "axis": "y", "origin": [8, 7, 8]},
			"faces": {
				"north": {"uv": [0, 0, 10, 1], "texture": "#0"},
				"east": {"uv": [0, 0, 10, 1], "texture": "#0"},
				"south": {"uv": [0, 0, 10, 1], "texture": "#0"},
				"west": {"uv": [0, 0, 10, 1], "texture": "#0"},
				"up": {"uv": [0, 0, 10, 10], "texture": "#0"},
				"down": {"uv": [0, 0, 10, 10], "texture": "#0"}
			}
		},
		{
			"from": [6, 3, 2],
			"to": [10, 4, 14],
			"rotation": {"angle": 0, "axis": "y", "origin": [8, 7, 8]},
			"faces": {
				"north": {"uv": [0, 0, 4, 1], "texture": "#0"},
				"east": {"uv": [0, 0, 12, 1], "texture": "#0"},
				"south": {"uv": [0, 0, 4, 1], "texture": "#0"},
				"west": {"uv": [0, 0, 12, 1], "texture": "#0"},
				"up": {"uv": [0, 0, 4, 12], "texture": "#0"},
				"down": {"uv": [0, 0, 4, 12], "texture": "#0"}
			}
		},
		{
			"from": [2, 3, 6],
			"to": [14, 4, 10],
			"rotation": {"angle": 0, "axis": "y", "origin": [8, 7, 8]},
			"faces": {
				"north": {"uv": [0, 0, 12, 1], "texture": "#0"},
				"east": {"uv": [0, 0, 4, 1], "texture": "#0"},
				"south": {"uv": [0, 0, 12, 1], "texture": "#0"},
				"west": {"uv": [0, 0, 4, 1], "texture": "#0"},
				"up": {"uv": [0, 0, 12, 4], "texture": "#0"},
				"down": {"uv": [0, 0, 12, 4], "texture": "#0"}
			}
		},
		{
			"from": [3, 3, 4],
			"to": [13, 4, 12],
			"rotation": {"angle": 0, "axis": "y", "origin": [8, 7, 8]},
			"faces": {
				"north": {"uv": [0, 0, 10, 1], "texture": "#0"},
				"east": {"uv": [0, 0, 8, 1], "texture": "#0"},
				"south": {"uv": [0, 0, 10, 1], "texture": "#0"},
				"west": {"uv": [0, 0, 8, 1], "texture": "#0"},
				"up": {"uv": [0, 0, 10, 8], "texture": "#0"},
				"down": {"uv": [0, 0, 10, 8], "texture": "#0"}
			}
		},
		{
			"from": [4, 3, 3],
			"to": [12, 4, 13],
			"rotation": {"angle": 0, "axis": "y", "origin": [8, 7, 8]},
			"faces": {
				"north": {"uv": [0, 0, 8, 1], "texture": "#0"},
				"east": {"uv": [0, 0, 10, 1], "texture": "#0"},
				"south": {"uv": [0, 0, 8, 1], "texture": "#0"},
				"west": {"uv": [0, 0, 10, 1], "texture": "#0"},
				"up": {"uv": [0, 0, 8, 10], "texture": "#0"},
				"down": {"uv": [0, 0, 8, 10], "texture": "#0"}
			}
		},
		{
			"from": [3, 2, 5],
			"to": [13, 3, 11],
			"rotation": {"angle": 0, "axis": "y", "origin": [8, 7, 8]},
			"faces": {
				"north": {"uv": [0, 0, 10, 1], "texture": "#0"},
				"east": {"uv": [0, 0, 6, 1], "texture": "#0"},
				"south": {"uv": [0, 0, 10, 1], "texture": "#0"},
				"west": {"uv": [0, 0, 6, 1], "texture": "#0"},
				"up": {"uv": [0, 0, 10, 6], "texture": "#0"},
				"down": {"uv": [0, 0, 10, 6], "texture": "#0"}
			}
		},
		{
			"from": [5, 2, 3],
			"to": [11, 3, 13],
			"rotation": {"angle": 0, "axis": "y", "origin": [8, 7, 8]},
			"faces": {
				"north": {"uv": [0, 0, 6, 1], "texture": "#0"},
				"east": {"uv": [0, 0, 10, 1], "texture": "#0"},
				"south": {"uv": [0, 0, 6, 1], "texture": "#0"},
				"west": {"uv": [0, 0, 10, 1], "texture": "#0"},
				"up": {"uv": [0, 0, 6, 10], "texture": "#0"},
				"down": {"uv": [0, 0, 6, 10], "texture": "#0"}
			}
		},
		{
			"from": [4, 2, 4],
			"to": [12, 3, 12],
			"rotation": {"angle": 0, "axis": "y", "origin": [8, 7, 8]},
			"faces": {
				"north": {"uv": [0, 0, 8, 1], "texture": "#0"},
				"east": {"uv": [0, 0, 8, 1], "texture": "#0"},
				"south": {"uv": [0, 0, 8, 1], "texture": "#0"},
				"west": {"uv": [0, 0, 8, 1], "texture": "#0"},
				"up": {"uv": [0, 0, 8, 8], "texture": "#0"},
				"down": {"uv": [0, 0, 8, 8], "texture": "#0"}
			}
		},
		{
			"from": [6, 1, 4],
			"to": [10, 2, 12],
			"rotation": {"angle": 0, "axis": "y", "origin": [8, 7, 8]},
			"faces": {
				"north": {"uv": [0, 0, 4, 1], "texture": "#0"},
				"east": {"uv": [0, 0, 8, 1], "texture": "#0"},
				"south": {"uv": [0, 0, 4, 1], "texture": "#0"},
				"west": {"uv": [0, 0, 8, 1], "texture": "#0"},
				"up": {"uv": [0, 0, 4, 8], "texture": "#0"},
				"down": {"uv": [0, 0, 4, 8], "texture": "#0"}
			}
		},
		{
			"from": [5, 1, 5],
			"to": [11, 2, 11],
			"rotation": {"angle": 0, "axis": "y", "origin": [8, 7, 8]},
			"faces": {
				"north": {"uv": [0, 0, 6, 1], "texture": "#0"},
				"east": {"uv": [0, 0, 6, 1], "texture": "#0"},
				"south": {"uv": [0, 0, 6, 1], "texture": "#0"},
				"west": {"uv": [0, 0, 6, 1], "texture": "#0"},
				"up": {"uv": [0, 0, 6, 6], "texture": "#0"},
				"down": {"uv": [0, 0, 6, 6], "texture": "#0"}
			}
		},
		{
			"from": [4, 1, 6],
			"to": [12, 2, 10],
			"rotation": {"angle": 0, "axis": "y", "origin": [8, 7, 8]},
			"faces": {
				"north": {"uv": [0, 0, 8, 1], "texture": "#0"},
				"east": {"uv": [0, 0, 4, 1], "texture": "#0"},
				"south": {"uv": [0, 0, 8, 1], "texture": "#0"},
				"west": {"uv": [0, 0, 4, 1], "texture": "#0"},
				"up": {"uv": [0, 0, 8, 4], "texture": "#0"},
				"down": {"uv": [0, 0, 8, 4], "texture": "#0"}
			}
		},
		{
			"from": [5, 0, 7],
			"to": [11, 1, 9],
			"rotation": {"angle": 0, "axis": "y", "origin": [8, 7, 8]},
			"faces": {
				"north": {"uv": [0, 0, 6, 1], "texture": "#0"},
				"east": {"uv": [0, 0, 2, 1], "texture": "#0"},
				"south": {"uv": [0, 0, 6, 1], "texture": "#0"},
				"west": {"uv": [0, 0, 2, 1], "texture": "#0"},
				"up": {"uv": [0, 0, 6, 2], "texture": "#0"},
				"down": {"uv": [0, 0, 6, 2], "texture": "#0"}
			}
		},
		{
			"from": [7, 0, 5],
			"to": [9, 1, 11],
			"rotation": {"angle": 0, "axis": "y", "origin": [8, 7, 8]},
			"faces": {
				"north": {"uv": [0, 0, 2, 1], "texture": "#0"},
				"east": {"uv": [0, 0, 6, 1], "texture": "#0"},
				"south": {"uv": [0, 0, 2, 1], "texture": "#0"},
				"west": {"uv": [0, 0, 6, 1], "texture": "#0"},
				"up": {"uv": [0, 0, 2, 6], "texture": "#0"},
				"down": {"uv": [0, 0, 2, 6], "texture": "#0"}
			}
		},
		{
			"from": [6, 0, 6],
			"to": [10, 1, 10],
			"rotation": {"angle": 0, "axis": "y", "origin": [8, 7, 8]},
			"faces": {
				"north": {"uv": [0, 0, 4, 1], "texture": "#0"},
				"east": {"uv": [0, 0, 4, 1], "texture": "#0"},
				"south": {"uv": [0, 0, 4, 1], "texture": "#0"},
				"west": {"uv": [0, 0, 4, 1], "texture": "#0"},
				"up": {"uv": [0, 0, 4, 4], "texture": "#0"},
				"down": {"uv": [0, 0, 4, 4], "texture": "#0"}
			}
		},
		{
			"from": [3, 8, 3],
			"to": [13, 9, 13],
			"rotation": {"angle": 0, "axis": "x", "origin": [8, 7, 8]},
			"faces": {
				"north": {"uv": [0, 0, 10, 1], "rotation": 180, "texture": "#0"},
				"east": {"uv": [0, 0, 10, 1], "rotation": 180, "texture": "#0"},
				"south": {"uv": [0, 0, 10, 1], "rotation": 180, "texture": "#0"},
				"west": {"uv": [0, 0, 10, 1], "rotation": 180, "texture": "#0"},
				"up": {"uv": [0, 0, 10, 10], "texture": "#0"},
				"down": {"uv": [0, 0, 10, 10], "texture": "#0"}
			}
		},
		{
			"from": [6, 8, 1],
			"to": [10, 9, 15],
			"rotation": {"angle": 0, "axis": "x", "origin": [8, 7, 8]},
			"faces": {
				"north": {"uv": [0, 0, 4, 1], "rotation": 180, "texture": "#0"},
				"east": {"uv": [0, 0, 14, 1], "rotation": 180, "texture": "#0"},
				"south": {"uv": [0, 0, 4, 1], "rotation": 180, "texture": "#0"},
				"west": {"uv": [0, 0, 14, 1], "rotation": 180, "texture": "#0"},
				"up": {"uv": [0, 0, 4, 14], "texture": "#0"},
				"down": {"uv": [0, 0, 4, 14], "texture": "#0"}
			}
		},
		{
			"from": [1, 8, 6],
			"to": [15, 9, 10],
			"rotation": {"angle": 0, "axis": "x", "origin": [8, 7, 8]},
			"faces": {
				"north": {"uv": [0, 0, 14, 1], "rotation": 180, "texture": "#0"},
				"east": {"uv": [0, 0, 4, 1], "rotation": 180, "texture": "#0"},
				"south": {"uv": [0, 0, 14, 1], "rotation": 180, "texture": "#0"},
				"west": {"uv": [0, 0, 4, 1], "rotation": 180, "texture": "#0"},
				"up": {"uv": [0, 0, 14, 4], "texture": "#0"},
				"down": {"uv": [0, 0, 14, 4], "texture": "#0"}
			}
		},
		{
			"from": [2, 8, 4],
			"to": [14, 9, 12],
			"rotation": {"angle": 0, "axis": "x", "origin": [8, 7, 8]},
			"faces": {
				"north": {"uv": [0, 0, 12, 1], "rotation": 180, "texture": "#0"},
				"east": {"uv": [0, 0, 8, 1], "rotation": 180, "texture": "#0"},
				"south": {"uv": [0, 0, 12, 1], "rotation": 180, "texture": "#0"},
				"west": {"uv": [0, 0, 8, 1], "rotation": 180, "texture": "#0"},
				"up": {"uv": [0, 0, 12, 8], "texture": "#0"},
				"down": {"uv": [0, 0, 12, 8], "texture": "#0"}
			}
		},
		{
			"from": [4, 8, 2],
			"to": [12, 9, 14],
			"rotation": {"angle": 0, "axis": "x", "origin": [8, 7, 8]},
			"faces": {
				"north": {"uv": [0, 0, 8, 1], "rotation": 180, "texture": "#0"},
				"east": {"uv": [0, 0, 12, 1], "rotation": 180, "texture": "#0"},
				"south": {"uv": [0, 0, 8, 1], "rotation": 180, "texture": "#0"},
				"west": {"uv": [0, 0, 12, 1], "rotation": 180, "texture": "#0"},
				"up": {"uv": [0, 0, 8, 12], "texture": "#0"},
				"down": {"uv": [0, 0, 8, 12], "texture": "#0"}
			}
		},
		{
			"from": [7, 9, 1],
			"to": [9, 10, 15],
			"rotation": {"angle": 0, "axis": "x", "origin": [8, 7, 8]},
			"faces": {
				"north": {"uv": [0, 0, 2, 1], "rotation": 180, "texture": "#0"},
				"east": {"uv": [0, 0, 14, 1], "rotation": 180, "texture": "#0"},
				"south": {"uv": [0, 0, 2, 1], "rotation": 180, "texture": "#0"},
				"west": {"uv": [0, 0, 14, 1], "rotation": 180, "texture": "#0"},
				"up": {"uv": [0, 0, 2, 14], "texture": "#0"},
				"down": {"uv": [0, 0, 2, 14], "texture": "#0"}
			}
		},
		{
			"from": [1, 9, 7],
			"to": [15, 10, 9],
			"rotation": {"angle": 0, "axis": "x", "origin": [8, 7, 8]},
			"faces": {
				"north": {"uv": [0, 0, 14, 1], "rotation": 180, "texture": "#0"},
				"east": {"uv": [0, 0, 2, 1], "rotation": 180, "texture": "#0"},
				"south": {"uv": [0, 0, 14, 1], "rotation": 180, "texture": "#0"},
				"west": {"uv": [0, 0, 2, 1], "rotation": 180, "texture": "#0"},
				"up": {"uv": [0, 0, 14, 2], "texture": "#0"},
				"down": {"uv": [0, 0, 14, 2], "texture": "#0"}
			}
		},
		{
			"from": [2, 9, 5],
			"to": [14, 10, 11],
			"rotation": {"angle": 0, "axis": "x", "origin": [8, 7, 8]},
			"faces": {
				"north": {"uv": [0, 0, 12, 1], "rotation": 180, "texture": "#0"},
				"east": {"uv": [0, 0, 6, 1], "rotation": 180, "texture": "#0"},
				"south": {"uv": [0, 0, 12, 1], "rotation": 180, "texture": "#0"},
				"west": {"uv": [0, 0, 6, 1], "rotation": 180, "texture": "#0"},
				"up": {"uv": [0, 0, 12, 6], "texture": "#0"},
				"down": {"uv": [0, 0, 12, 6], "texture": "#0"}
			}
		},
		{
			"from": [5, 9, 2],
			"to": [11, 10, 14],
			"rotation": {"angle": 0, "axis": "x", "origin": [8, 7, 8]},
			"faces": {
				"north": {"uv": [0, 0, 6, 1], "rotation": 180, "texture": "#0"},
				"east": {"uv": [0, 0, 12, 1], "rotation": 180, "texture": "#0"},
				"south": {"uv": [0, 0, 6, 1], "rotation": 180, "texture": "#0"},
				"west": {"uv": [0, 0, 12, 1], "rotation": 180, "texture": "#0"},
				"up": {"uv": [0, 0, 6, 12], "texture": "#0"},
				"down": {"uv": [0, 0, 6, 12], "texture": "#0"}
			}
		},
		{
			"from": [3, 9, 3],
			"to": [13, 10, 13],
			"rotation": {"angle": 0, "axis": "x", "origin": [8, 7, 8]},
			"faces": {
				"north": {"uv": [0, 0, 10, 1], "rotation": 180, "texture": "#0"},
				"east": {"uv": [0, 0, 10, 1], "rotation": 180, "texture": "#0"},
				"south": {"uv": [0, 0, 10, 1], "rotation": 180, "texture": "#0"},
				"west": {"uv": [0, 0, 10, 1], "rotation": 180, "texture": "#0"},
				"up": {"uv": [0, 0, 10, 10], "texture": "#0"},
				"down": {"uv": [0, 0, 10, 10], "texture": "#0"}
			}
		},
		{
			"from": [6, 10, 2],
			"to": [10, 11, 14],
			"rotation": {"angle": 0, "axis": "x", "origin": [8, 7, 8]},
			"faces": {
				"north": {"uv": [0, 0, 4, 1], "rotation": 180, "texture": "#0"},
				"east": {"uv": [0, 0, 12, 1], "rotation": 180, "texture": "#0"},
				"south": {"uv": [0, 0, 4, 1], "rotation": 180, "texture": "#0"},
				"west": {"uv": [0, 0, 12, 1], "rotation": 180, "texture": "#0"},
				"up": {"uv": [0, 0, 4, 12], "texture": "#0"},
				"down": {"uv": [0, 0, 4, 12], "texture": "#0"}
			}
		},
		{
			"from": [2, 10, 6],
			"to": [14, 11, 10],
			"rotation": {"angle": 0, "axis": "x", "origin": [8, 7, 8]},
			"faces": {
				"north": {"uv": [0, 0, 12, 1], "rotation": 180, "texture": "#0"},
				"east": {"uv": [0, 0, 4, 1], "rotation": 180, "texture": "#0"},
				"south": {"uv": [0, 0, 12, 1], "rotation": 180, "texture": "#0"},
				"west": {"uv": [0, 0, 4, 1], "rotation": 180, "texture": "#0"},
				"up": {"uv": [0, 0, 12, 4], "texture": "#0"},
				"down": {"uv": [0, 0, 12, 4], "texture": "#0"}
			}
		},
		{
			"from": [3, 10, 4],
			"to": [13, 11, 12],
			"rotation": {"angle": 0, "axis": "x", "origin": [8, 7, 8]},
			"faces": {
				"north": {"uv": [0, 0, 10, 1], "rotation": 180, "texture": "#0"},
				"east": {"uv": [0, 0, 8, 1], "rotation": 180, "texture": "#0"},
				"south": {"uv": [0, 0, 10, 1], "rotation": 180, "texture": "#0"},
				"west": {"uv": [0, 0, 8, 1], "rotation": 180, "texture": "#0"},
				"up": {"uv": [0, 0, 10, 8], "texture": "#0"},
				"down": {"uv": [0, 0, 10, 8], "texture": "#0"}
			}
		},
		{
			"from": [4, 10, 3],
			"to": [12, 11, 13],
			"rotation": {"angle": 0, "axis": "x", "origin": [8, 7, 8]},
			"faces": {
				"north": {"uv": [0, 0, 8, 1], "rotation": 180, "texture": "#0"},
				"east": {"uv": [0, 0, 10, 1], "rotation": 180, "texture": "#0"},
				"south": {"uv": [0, 0, 8, 1], "rotation": 180, "texture": "#0"},
				"west": {"uv": [0, 0, 10, 1], "rotation": 180, "texture": "#0"},
				"up": {"uv": [0, 0, 8, 10], "texture": "#0"},
				"down": {"uv": [0, 0, 8, 10], "texture": "#0"}
			}
		},
		{
			"from": [3, 11, 5],
			"to": [13, 12, 11],
			"rotation": {"angle": 0, "axis": "x", "origin": [8, 7, 8]},
			"faces": {
				"north": {"uv": [0, 0, 10, 1], "rotation": 180, "texture": "#0"},
				"east": {"uv": [0, 0, 6, 1], "rotation": 180, "texture": "#0"},
				"south": {"uv": [0, 0, 10, 1], "rotation": 180, "texture": "#0"},
				"west": {"uv": [0, 0, 6, 1], "rotation": 180, "texture": "#0"},
				"up": {"uv": [0, 0, 10, 6], "texture": "#0"},
				"down": {"uv": [0, 0, 10, 6], "texture": "#0"}
			}
		},
		{
			"from": [5, 11, 3],
			"to": [11, 12, 13],
			"rotation": {"angle": 0, "axis": "x", "origin": [8, 7, 8]},
			"faces": {
				"north": {"uv": [0, 0, 6, 1], "rotation": 180, "texture": "#0"},
				"east": {"uv": [0, 0, 10, 1], "rotation": 180, "texture": "#0"},
				"south": {"uv": [0, 0, 6, 1], "rotation": 180, "texture": "#0"},
				"west": {"uv": [0, 0, 10, 1], "rotation": 180, "texture": "#0"},
				"up": {"uv": [0, 0, 6, 10], "texture": "#0"},
				"down": {"uv": [0, 0, 6, 10], "texture": "#0"}
			}
		},
		{
			"from": [4, 11, 4],
			"to": [12, 12, 12],
			"rotation": {"angle": 0, "axis": "x", "origin": [8, 7, 8]},
			"faces": {
				"north": {"uv": [0, 0, 8, 1], "rotation": 180, "texture": "#0"},
				"east": {"uv": [0, 0, 8, 1], "rotation": 180, "texture": "#0"},
				"south": {"uv": [0, 0, 8, 1], "rotation": 180, "texture": "#0"},
				"west": {"uv": [0, 0, 8, 1], "rotation": 180, "texture": "#0"},
				"up": {"uv": [0, 0, 8, 8], "texture": "#0"},
				"down": {"uv": [0, 0, 8, 8], "texture": "#0"}
			}
		},
		{
			"from": [6, 12, 4],
			"to": [10, 13, 12],
			"rotation": {"angle": 0, "axis": "x", "origin": [8, 7, 8]},
			"faces": {
				"north": {"uv": [0, 0, 4, 1], "rotation": 180, "texture": "#0"},
				"east": {"uv": [0, 0, 8, 1], "rotation": 180, "texture": "#0"},
				"south": {"uv": [0, 0, 4, 1], "rotation": 180, "texture": "#0"},
				"west": {"uv": [0, 0, 8, 1], "rotation": 180, "texture": "#0"},
				"up": {"uv": [0, 0, 4, 8], "texture": "#0"},
				"down": {"uv": [0, 0, 4, 8], "texture": "#0"}
			}
		},
		{
			"from": [5, 12, 5],
			"to": [11, 13, 11],
			"rotation": {"angle": 0, "axis": "x", "origin": [8, 7, 8]},
			"faces": {
				"north": {"uv": [0, 0, 6, 1], "rotation": 180, "texture": "#0"},
				"east": {"uv": [0, 0, 6, 1], "rotation": 180, "texture": "#0"},
				"south": {"uv": [0, 0, 6, 1], "rotation": 180, "texture": "#0"},
				"west": {"uv": [0, 0, 6, 1], "rotation": 180, "texture": "#0"},
				"up": {"uv": [0, 0, 6, 6], "texture": "#0"},
				"down": {"uv": [0, 0, 6, 6], "texture": "#0"}
			}
		},
		{
			"from": [4, 12, 6],
			"to": [12, 13, 10],
			"rotation": {"angle": 0, "axis": "x", "origin": [8, 7, 8]},
			"faces": {
				"north": {"uv": [0, 0, 8, 1], "rotation": 180, "texture": "#0"},
				"east": {"uv": [0, 0, 4, 1], "rotation": 180, "texture": "#0"},
				"south": {"uv": [0, 0, 8, 1], "rotation": 180, "texture": "#0"},
				"west": {"uv": [0, 0, 4, 1], "rotation": 180, "texture": "#0"},
				"up": {"uv": [0, 0, 8, 4], "texture": "#0"},
				"down": {"uv": [0, 0, 8, 4], "texture": "#0"}
			}
		},
		{
			"from": [5, 13, 7],
			"to": [11, 14, 9],
			"rotation": {"angle": 0, "axis": "x", "origin": [8, 7, 8]},
			"faces": {
				"north": {"uv": [0, 0, 6, 1], "rotation": 180, "texture": "#0"},
				"east": {"uv": [0, 0, 2, 1], "rotation": 180, "texture": "#0"},
				"south": {"uv": [0, 0, 6, 1], "rotation": 180, "texture": "#0"},
				"west": {"uv": [0, 0, 2, 1], "rotation": 180, "texture": "#0"},
				"up": {"uv": [0, 0, 6, 2], "texture": "#0"},
				"down": {"uv": [0, 0, 6, 2], "texture": "#0"}
			}
		},
		{
			"from": [7, 13, 5],
			"to": [9, 14, 11],
			"rotation": {"angle": 0, "axis": "x", "origin": [8, 7, 8]},
			"faces": {
				"north": {"uv": [0, 0, 2, 1], "rotation": 180, "texture": "#0"},
				"east": {"uv": [0, 0, 6, 1], "rotation": 180, "texture": "#0"},
				"south": {"uv": [0, 0, 2, 1], "rotation": 180, "texture": "#0"},
				"west": {"uv": [0, 0, 6, 1], "rotation": 180, "texture": "#0"},
				"up": {"uv": [0, 0, 2, 6], "texture": "#0"},
				"down": {"uv": [0, 0, 2, 6], "texture": "#0"}
			}
		},
		{
			"from": [6, 13, 6],
			"to": [10, 14, 10],
			"rotation": {"angle": 0, "axis": "x", "origin": [8, 7, 8]},
			"faces": {
				"north": {"uv": [0, 0, 4, 1], "rotation": 180, "texture": "#0"},
				"east": {"uv": [0, 0, 4, 1], "rotation": 180, "texture": "#0"},
				"south": {"uv": [0, 0, 4, 1], "rotation": 180, "texture": "#0"},
				"west": {"uv": [0, 0, 4, 1], "rotation": 180, "texture": "#0"},
				"up": {"uv": [0, 0, 4, 4], "texture": "#0"},
				"down": {"uv": [0, 0, 4, 4], "texture": "#0"}
			}
		},
		{
			"from": [5, 7, 1],
			"to": [11, 8, 15],
			"rotation": {"angle": 0, "axis": "x", "origin": [8, 7, 8]},
			"faces": {
				"north": {"uv": [0, 0, 6, 1], "rotation": 180, "texture": "#0"},
				"east": {"uv": [0, 0, 14, 1], "rotation": 180, "texture": "#0"},
				"south": {"uv": [0, 0, 6, 1], "rotation": 180, "texture": "#0"},
				"west": {"uv": [0, 0, 14, 1], "rotation": 180, "texture": "#0"},
				"up": {"uv": [0, 0, 6, 14], "texture": "#0"},
				"down": {"uv": [0, 0, 6, 14], "texture": "#0"}
			}
		},
		{
			"from": [1, 7, 5],
			"to": [15, 8, 11],
			"rotation": {"angle": 0, "axis": "x", "origin": [8, 7, 8]},
			"faces": {
				"north": {"uv": [0, 0, 14, 1], "rotation": 180, "texture": "#0"},
				"east": {"uv": [0, 0, 6, 1], "rotation": 180, "texture": "#0"},
				"south": {"uv": [0, 0, 14, 1], "rotation": 180, "texture": "#0"},
				"west": {"uv": [0, 0, 6, 1], "rotation": 180, "texture": "#0"},
				"up": {"uv": [0, 0, 14, 6], "texture": "#0"},
				"down": {"uv": [0, 0, 14, 6], "texture": "#0"}
			}
		},
		{
			"from": [3, 7, 3],
			"to": [13, 8, 13],
			"rotation": {"angle": 0, "axis": "x", "origin": [8, 7, 8]},
			"faces": {
				"north": {"uv": [0, 0, 10, 1], "rotation": 180, "texture": "#0"},
				"east": {"uv": [0, 0, 10, 1], "rotation": 180, "texture": "#0"},
				"south": {"uv": [0, 0, 10, 1], "rotation": 180, "texture": "#0"},
				"west": {"uv": [0, 0, 10, 1], "rotation": 180, "texture": "#0"},
				"up": {"uv": [0, 0, 10, 10], "texture": "#0"},
				"down": {"uv": [0, 0, 10, 10], "texture": "#0"}
			}
		},
		{
			"from": [2, 7, 4],
			"to": [14, 8, 12],
			"rotation": {"angle": 0, "axis": "x", "origin": [8, 7, 8]},
			"faces": {
				"north": {"uv": [0, 0, 12, 1], "rotation": 180, "texture": "#0"},
				"east": {"uv": [0, 0, 8, 1], "rotation": 180, "texture": "#0"},
				"south": {"uv": [0, 0, 12, 1], "rotation": 180, "texture": "#0"},
				"west": {"uv": [0, 0, 8, 1], "rotation": 180, "texture": "#0"},
				"up": {"uv": [0, 0, 12, 8], "texture": "#0"},
				"down": {"uv": [0, 0, 12, 8], "texture": "#0"}
			}
		},
		{
			"from": [4, 7, 2],
			"to": [12, 8, 14],
			"rotation": {"angle": 0, "axis": "x", "origin": [8, 7, 8]},
			"faces": {
				"north": {"uv": [0, 0, 8, 1], "rotation": 180, "texture": "#0"},
				"east": {"uv": [0, 0, 12, 1], "rotation": 180, "texture": "#0"},
				"south": {"uv": [0, 0, 8, 1], "rotation": 180, "texture": "#0"},
				"west": {"uv": [0, 0, 12, 1], "rotation": 180, "texture": "#0"},
				"up": {"uv": [0, 0, 8, 12], "texture": "#0"},
				"down": {"uv": [0, 0, 8, 12], "texture": "#0"}
			}
		},
		{
			"from": [5, 17, 1],
			"to": [11, 18, 15],
			"rotation": {"angle": 0, "axis": "y", "origin": [8, 7, 8]},
			"faces": {
				"north": {"uv": [0, 0, 6, 1], "texture": "#0"},
				"east": {"uv": [0, 0, 14, 1], "texture": "#0"},
				"south": {"uv": [0, 0, 6, 1], "texture": "#0"},
				"west": {"uv": [0, 0, 14, 1], "texture": "#0"},
				"up": {"uv": [0, 0, 6, 14], "texture": "#0"},
				"down": {"uv": [0, 0, 6, 14], "texture": "#0"}
			}
		},
		{
			"from": [1, 17, 5],
			"to": [15, 18, 11],
			"rotation": {"angle": 0, "axis": "y", "origin": [8, 7, 8]},
			"faces": {
				"north": {"uv": [0, 0, 14, 1], "texture": "#0"},
				"east": {"uv": [0, 0, 6, 1], "texture": "#0"},
				"south": {"uv": [0, 0, 14, 1], "texture": "#0"},
				"west": {"uv": [0, 0, 6, 1], "texture": "#0"},
				"up": {"uv": [0, 0, 14, 6], "texture": "#0"},
				"down": {"uv": [0, 0, 14, 6], "texture": "#0"}
			}
		},
		{
			"from": [3, 17, 3],
			"to": [13, 18, 13],
			"rotation": {"angle": 0, "axis": "y", "origin": [8, 7, 8]},
			"faces": {
				"north": {"uv": [0, 0, 10, 1], "texture": "#0"},
				"east": {"uv": [0, 0, 10, 1], "texture": "#0"},
				"south": {"uv": [0, 0, 10, 1], "texture": "#0"},
				"west": {"uv": [0, 0, 10, 1], "texture": "#0"},
				"up": {"uv": [0, 0, 10, 10], "texture": "#0"},
				"down": {"uv": [0, 0, 10, 10], "texture": "#0"}
			}
		},
		{
			"from": [2, 17, 4],
			"to": [14, 18, 12],
			"rotation": {"angle": 0, "axis": "y", "origin": [8, 7, 8]},
			"faces": {
				"north": {"uv": [0, 0, 12, 1], "texture": "#0"},
				"east": {"uv": [0, 0, 8, 1], "texture": "#0"},
				"south": {"uv": [0, 0, 12, 1], "texture": "#0"},
				"west": {"uv": [0, 0, 8, 1], "texture": "#0"},
				"up": {"uv": [0, 0, 12, 8], "texture": "#0"},
				"down": {"uv": [0, 0, 12, 8], "texture": "#0"}
			}
		},
		{
			"from": [4, 17, 2],
			"to": [12, 18, 14],
			"rotation": {"angle": 0, "axis": "y", "origin": [8, 7, 8]},
			"faces": {
				"north": {"uv": [0, 0, 8, 1], "texture": "#0"},
				"east": {"uv": [0, 0, 12, 1], "texture": "#0"},
				"south": {"uv": [0, 0, 8, 1], "texture": "#0"},
				"west": {"uv": [0, 0, 12, 1], "texture": "#0"},
				"up": {"uv": [0, 0, 8, 12], "texture": "#0"},
				"down": {"uv": [0, 0, 8, 12], "texture": "#0"}
			}
		},
		{
			"from": [3, 16, 3],
			"to": [13, 17, 13],
			"rotation": {"angle": 0, "axis": "y", "origin": [8, 7, 8]},
			"faces": {
				"north": {"uv": [0, 0, 10, 1], "texture": "#0"},
				"east": {"uv": [0, 0, 10, 1], "texture": "#0"},
				"south": {"uv": [0, 0, 10, 1], "texture": "#0"},
				"west": {"uv": [0, 0, 10, 1], "texture": "#0"},
				"up": {"uv": [0, 0, 10, 10], "texture": "#0"},
				"down": {"uv": [0, 0, 10, 10], "texture": "#0"}
			}
		},
		{
			"from": [6, 16, 1],
			"to": [10, 17, 15],
			"rotation": {"angle": 0, "axis": "y", "origin": [8, 7, 8]},
			"faces": {
				"north": {"uv": [0, 0, 4, 1], "texture": "#0"},
				"east": {"uv": [0, 0, 14, 1], "texture": "#0"},
				"south": {"uv": [0, 0, 4, 1], "texture": "#0"},
				"west": {"uv": [0, 0, 14, 1], "texture": "#0"},
				"up": {"uv": [0, 0, 4, 14], "texture": "#0"},
				"down": {"uv": [0, 0, 4, 14], "texture": "#0"}
			}
		},
		{
			"from": [1, 16, 6],
			"to": [15, 17, 10],
			"rotation": {"angle": 0, "axis": "y", "origin": [8, 7, 8]},
			"faces": {
				"north": {"uv": [0, 0, 14, 1], "texture": "#0"},
				"east": {"uv": [0, 0, 4, 1], "texture": "#0"},
				"south": {"uv": [0, 0, 14, 1], "texture": "#0"},
				"west": {"uv": [0, 0, 4, 1], "texture": "#0"},
				"up": {"uv": [0, 0, 14, 4], "texture": "#0"},
				"down": {"uv": [0, 0, 14, 4], "texture": "#0"}
			}
		},
		{
			"from": [2, 16, 4],
			"to": [14, 17, 12],
			"rotation": {"angle": 0, "axis": "y", "origin": [8, 7, 8]},
			"faces": {
				"north": {"uv": [0, 0, 12, 1], "texture": "#0"},
				"east": {"uv": [0, 0, 8, 1], "texture": "#0"},
				"south": {"uv": [0, 0, 12, 1], "texture": "#0"},
				"west": {"uv": [0, 0, 8, 1], "texture": "#0"},
				"up": {"uv": [0, 0, 12, 8], "texture": "#0"},
				"down": {"uv": [0, 0, 12, 8], "texture": "#0"}
			}
		},
		{
			"from": [4, 16, 2],
			"to": [12, 17, 14],
			"rotation": {"angle": 0, "axis": "y", "origin": [8, 7, 8]},
			"faces": {
				"north": {"uv": [0, 0, 8, 1], "texture": "#0"},
				"east": {"uv": [0, 0, 12, 1], "texture": "#0"},
				"south": {"uv": [0, 0, 8, 1], "texture": "#0"},
				"west": {"uv": [0, 0, 12, 1], "texture": "#0"},
				"up": {"uv": [0, 0, 8, 12], "texture": "#0"},
				"down": {"uv": [0, 0, 8, 12], "texture": "#0"}
			}
		},
		{
			"from": [7, 15, 1],
			"to": [9, 16, 15],
			"rotation": {"angle": 0, "axis": "y", "origin": [8, 7, 8]},
			"faces": {
				"north": {"uv": [0, 0, 2, 1], "texture": "#0"},
				"east": {"uv": [0, 0, 14, 1], "texture": "#0"},
				"south": {"uv": [0, 0, 2, 1], "texture": "#0"},
				"west": {"uv": [0, 0, 14, 1], "texture": "#0"},
				"up": {"uv": [0, 0, 2, 14], "texture": "#0"},
				"down": {"uv": [0, 0, 2, 14], "texture": "#0"}
			}
		},
		{
			"from": [1, 15, 7],
			"to": [15, 16, 9],
			"rotation": {"angle": 0, "axis": "y", "origin": [8, 7, 8]},
			"faces": {
				"north": {"uv": [0, 0, 14, 1], "texture": "#0"},
				"east": {"uv": [0, 0, 2, 1], "texture": "#0"},
				"south": {"uv": [0, 0, 14, 1], "texture": "#0"},
				"west": {"uv": [0, 0, 2, 1], "texture": "#0"},
				"up": {"uv": [0, 0, 14, 2], "texture": "#0"},
				"down": {"uv": [0, 0, 14, 2], "texture": "#0"}
			}
		},
		{
			"from": [2, 15, 5],
			"to": [14, 16, 11],
			"rotation": {"angle": 0, "axis": "y", "origin": [8, 7, 8]},
			"faces": {
				"north": {"uv": [0, 0, 12, 1], "texture": "#0"},
				"east": {"uv": [0, 0, 6, 1], "texture": "#0"},
				"south": {"uv": [0, 0, 12, 1], "texture": "#0"},
				"west": {"uv": [0, 0, 6, 1], "texture": "#0"},
				"up": {"uv": [0, 0, 12, 6], "texture": "#0"},
				"down": {"uv": [0, 0, 12, 6], "texture": "#0"}
			}
		},
		{
			"from": [5, 15, 2],
			"to": [11, 16, 14],
			"rotation": {"angle": 0, "axis": "y", "origin": [8, 7, 8]},
			"faces": {
				"north": {"uv": [0, 0, 6, 1], "texture": "#0"},
				"east": {"uv": [0, 0, 12, 1], "texture": "#0"},
				"south": {"uv": [0, 0, 6, 1], "texture": "#0"},
				"west": {"uv": [0, 0, 12, 1], "texture": "#0"},
				"up": {"uv": [0, 0, 6, 12], "texture": "#0"},
				"down": {"uv": [0, 0, 6, 12], "texture": "#0"}
			}
		},
		{
			"from": [3, 15, 3],
			"to": [13, 16, 13],
			"rotation": {"angle": 0, "axis": "y", "origin": [8, 7, 8]},
			"faces": {
				"north": {"uv": [0, 0, 10, 1], "texture": "#0"},
				"east": {"uv": [0, 0, 10, 1], "texture": "#0"},
				"south": {"uv": [0, 0, 10, 1], "texture": "#0"},
				"west": {"uv": [0, 0, 10, 1], "texture": "#0"},
				"up": {"uv": [0, 0, 10, 10], "texture": "#0"},
				"down": {"uv": [0, 0, 10, 10], "texture": "#0"}
			}
		},
		{
			"from": [6, 14, 2],
			"to": [10, 15, 14],
			"rotation": {"angle": 0, "axis": "y", "origin": [8, 7, 8]},
			"faces": {
				"north": {"uv": [0, 0, 4, 1], "texture": "#0"},
				"east": {"uv": [0, 0, 12, 1], "texture": "#0"},
				"south": {"uv": [0, 0, 4, 1], "texture": "#0"},
				"west": {"uv": [0, 0, 12, 1], "texture": "#0"},
				"up": {"uv": [0, 0, 4, 12], "texture": "#0"},
				"down": {"uv": [0, 0, 4, 12], "texture": "#0"}
			}
		},
		{
			"from": [2, 14, 6],
			"to": [14, 15, 10],
			"rotation": {"angle": 0, "axis": "y", "origin": [8, 7, 8]},
			"faces": {
				"north": {"uv": [0, 0, 12, 1], "texture": "#0"},
				"east": {"uv": [0, 0, 4, 1], "texture": "#0"},
				"south": {"uv": [0, 0, 12, 1], "texture": "#0"},
				"west": {"uv": [0, 0, 4, 1], "texture": "#0"},
				"up": {"uv": [0, 0, 12, 4], "texture": "#0"},
				"down": {"uv": [0, 0, 12, 4], "texture": "#0"}
			}
		},
		{
			"from": [3, 14, 4],
			"to": [13, 15, 12],
			"rotation": {"angle": 0, "axis": "y", "origin": [8, 7, 8]},
			"faces": {
				"north": {"uv": [0, 0, 10, 1], "texture": "#0"},
				"east": {"uv": [0, 0, 8, 1], "texture": "#0"},
				"south": {"uv": [0, 0, 10, 1], "texture": "#0"},
				"west": {"uv": [0, 0, 8, 1], "texture": "#0"},
				"up": {"uv": [0, 0, 10, 8], "texture": "#0"},
				"down": {"uv": [0, 0, 10, 8], "texture": "#0"}
			}
		},
		{
			"from": [4, 14, 3],
			"to": [12, 15, 13],
			"rotation": {"angle": 0, "axis": "y", "origin": [8, 7, 8]},
			"faces": {
				"north": {"uv": [0, 0, 8, 1], "texture": "#0"},
				"east": {"uv": [0, 0, 10, 1], "texture": "#0"},
				"south": {"uv": [0, 0, 8, 1], "texture": "#0"},
				"west": {"uv": [0, 0, 10, 1], "texture": "#0"},
				"up": {"uv": [0, 0, 8, 10], "texture": "#0"},
				"down": {"uv": [0, 0, 8, 10], "texture": "#0"}
			}
		},
		{
			"from": [3, 13, 5],
			"to": [13, 14, 11],
			"rotation": {"angle": 0, "axis": "y", "origin": [8, 7, 8]},
			"faces": {
				"north": {"uv": [0, 0, 10, 1], "texture": "#0"},
				"east": {"uv": [0, 0, 6, 1], "texture": "#0"},
				"south": {"uv": [0, 0, 10, 1], "texture": "#0"},
				"west": {"uv": [0, 0, 6, 1], "texture": "#0"},
				"up": {"uv": [0, 0, 10, 6], "texture": "#0"},
				"down": {"uv": [0, 0, 10, 6], "texture": "#0"}
			}
		},
		{
			"from": [5, 13, 3],
			"to": [11, 14, 13],
			"rotation": {"angle": 0, "axis": "y", "origin": [8, 7, 8]},
			"faces": {
				"north": {"uv": [0, 0, 6, 1], "texture": "#0"},
				"east": {"uv": [0, 0, 10, 1], "texture": "#0"},
				"south": {"uv": [0, 0, 6, 1], "texture": "#0"},
				"west": {"uv": [0, 0, 10, 1], "texture": "#0"},
				"up": {"uv": [0, 0, 6, 10], "texture": "#0"},
				"down": {"uv": [0, 0, 6, 10], "texture": "#0"}
			}
		},
		{
			"from": [4, 13, 4],
			"to": [12, 14, 12],
			"rotation": {"angle": 0, "axis": "y", "origin": [8, 7, 8]},
			"faces": {
				"north": {"uv": [0, 0, 8, 1], "texture": "#0"},
				"east": {"uv": [0, 0, 8, 1], "texture": "#0"},
				"south": {"uv": [0, 0, 8, 1], "texture": "#0"},
				"west": {"uv": [0, 0, 8, 1], "texture": "#0"},
				"up": {"uv": [0, 0, 8, 8], "texture": "#0"},
				"down": {"uv": [0, 0, 8, 8], "texture": "#0"}
			}
		},
		{
			"from": [5, 11, 7],
			"to": [11, 12, 9],
			"rotation": {"angle": 0, "axis": "y", "origin": [8, 7, 8]},
			"faces": {
				"north": {"uv": [0, 0, 6, 1], "texture": "#0"},
				"east": {"uv": [0, 0, 2, 1], "texture": "#0"},
				"south": {"uv": [0, 0, 6, 1], "texture": "#0"},
				"west": {"uv": [0, 0, 2, 1], "texture": "#0"},
				"up": {"uv": [0, 0, 6, 2], "texture": "#0"},
				"down": {"uv": [0, 0, 6, 2], "texture": "#0"}
			}
		},
		{
			"from": [7, 11, 5],
			"to": [9, 12, 11],
			"rotation": {"angle": 0, "axis": "y", "origin": [8, 7, 8]},
			"faces": {
				"north": {"uv": [0, 0, 2, 1], "texture": "#0"},
				"east": {"uv": [0, 0, 6, 1], "texture": "#0"},
				"south": {"uv": [0, 0, 2, 1], "texture": "#0"},
				"west": {"uv": [0, 0, 6, 1], "texture": "#0"},
				"up": {"uv": [0, 0, 2, 6], "texture": "#0"},
				"down": {"uv": [0, 0, 2, 6], "texture": "#0"}
			}
		},
		{
			"from": [6, 11, 6],
			"to": [10, 12, 10],
			"rotation": {"angle": 0, "axis": "y", "origin": [8, 7, 8]},
			"faces": {
				"north": {"uv": [0, 0, 4, 1], "texture": "#0"},
				"east": {"uv": [0, 0, 4, 1], "texture": "#0"},
				"south": {"uv": [0, 0, 4, 1], "texture": "#0"},
				"west": {"uv": [0, 0, 4, 1], "texture": "#0"},
				"up": {"uv": [0, 0, 4, 4], "texture": "#0"},
				"down": {"uv": [0, 0, 4, 4], "texture": "#0"}
			}
		},
		{
			"from": [3, 19, 3],
			"to": [13, 20, 13],
			"rotation": {"angle": 0, "axis": "y", "origin": [8, 7, 8]},
			"faces": {
				"north": {"uv": [0, 0, 10, 1], "rotation": 180, "texture": "#0"},
				"east": {"uv": [0, 0, 10, 1], "rotation": 180, "texture": "#0"},
				"south": {"uv": [0, 0, 10, 1], "rotation": 180, "texture": "#0"},
				"west": {"uv": [0, 0, 10, 1], "rotation": 180, "texture": "#0"},
				"up": {"uv": [0, 0, 10, 10], "texture": "#0"},
				"down": {"uv": [0, 0, 10, 10], "texture": "#0"}
			}
		},
		{
			"from": [6, 19, 1],
			"to": [10, 20, 15],
			"rotation": {"angle": 0, "axis": "y", "origin": [8, 7, 8]},
			"faces": {
				"north": {"uv": [0, 0, 4, 1], "rotation": 180, "texture": "#0"},
				"east": {"uv": [0, 0, 14, 1], "rotation": 180, "texture": "#0"},
				"south": {"uv": [0, 0, 4, 1], "rotation": 180, "texture": "#0"},
				"west": {"uv": [0, 0, 14, 1], "rotation": 180, "texture": "#0"},
				"up": {"uv": [0, 0, 4, 14], "texture": "#0"},
				"down": {"uv": [0, 0, 4, 14], "texture": "#0"}
			}
		},
		{
			"from": [1, 19, 6],
			"to": [15, 20, 10],
			"rotation": {"angle": 0, "axis": "y", "origin": [8, 7, 8]},
			"faces": {
				"north": {"uv": [0, 0, 14, 1], "rotation": 180, "texture": "#0"},
				"east": {"uv": [0, 0, 4, 1], "rotation": 180, "texture": "#0"},
				"south": {"uv": [0, 0, 14, 1], "rotation": 180, "texture": "#0"},
				"west": {"uv": [0, 0, 4, 1], "rotation": 180, "texture": "#0"},
				"up": {"uv": [0, 0, 14, 4], "texture": "#0"},
				"down": {"uv": [0, 0, 14, 4], "texture": "#0"}
			}
		},
		{
			"from": [2, 19, 4],
			"to": [14, 20, 12],
			"rotation": {"angle": 0, "axis": "y", "origin": [8, 7, 8]},
			"faces": {
				"north": {"uv": [0, 0, 12, 1], "rotation": 180, "texture": "#0"},
				"east": {"uv": [0, 0, 8, 1], "rotation": 180, "texture": "#0"},
				"south": {"uv": [0, 0, 12, 1], "rotation": 180, "texture": "#0"},
				"west": {"uv": [0, 0, 8, 1], "rotation": 180, "texture": "#0"},
				"up": {"uv": [0, 0, 12, 8], "texture": "#0"},
				"down": {"uv": [0, 0, 12, 8], "texture": "#0"}
			}
		},
		{
			"from": [4, 19, 2],
			"to": [12, 20, 14],
			"rotation": {"angle": 0, "axis": "y", "origin": [8, 7, 8]},
			"faces": {
				"north": {"uv": [0, 0, 8, 1], "rotation": 180, "texture": "#0"},
				"east": {"uv": [0, 0, 12, 1], "rotation": 180, "texture": "#0"},
				"south": {"uv": [0, 0, 8, 1], "rotation": 180, "texture": "#0"},
				"west": {"uv": [0, 0, 12, 1], "rotation": 180, "texture": "#0"},
				"up": {"uv": [0, 0, 8, 12], "texture": "#0"},
				"down": {"uv": [0, 0, 8, 12], "texture": "#0"}
			}
		},
		{
			"from": [7, 20, 1],
			"to": [9, 21, 15],
			"rotation": {"angle": 0, "axis": "y", "origin": [8, 7, 8]},
			"faces": {
				"north": {"uv": [0, 0, 2, 1], "rotation": 180, "texture": "#0"},
				"east": {"uv": [0, 0, 14, 1], "rotation": 180, "texture": "#0"},
				"south": {"uv": [0, 0, 2, 1], "rotation": 180, "texture": "#0"},
				"west": {"uv": [0, 0, 14, 1], "rotation": 180, "texture": "#0"},
				"up": {"uv": [0, 0, 2, 14], "texture": "#0"},
				"down": {"uv": [0, 0, 2, 14], "texture": "#0"}
			}
		},
		{
			"from": [1, 20, 7],
			"to": [15, 21, 9],
			"rotation": {"angle": 0, "axis": "y", "origin": [8, 7, 8]},
			"faces": {
				"north": {"uv": [0, 0, 14, 1], "rotation": 180, "texture": "#0"},
				"east": {"uv": [0, 0, 2, 1], "rotation": 180, "texture": "#0"},
				"south": {"uv": [0, 0, 14, 1], "rotation": 180, "texture": "#0"},
				"west": {"uv": [0, 0, 2, 1], "rotation": 180, "texture": "#0"},
				"up": {"uv": [0, 0, 14, 2], "texture": "#0"},
				"down": {"uv": [0, 0, 14, 2], "texture": "#0"}
			}
		},
		{
			"from": [2, 20, 5],
			"to": [14, 21, 11],
			"rotation": {"angle": 0, "axis": "y", "origin": [8, 7, 8]},
			"faces": {
				"north": {"uv": [0, 0, 12, 1], "rotation": 180, "texture": "#0"},
				"east": {"uv": [0, 0, 6, 1], "rotation": 180, "texture": "#0"},
				"south": {"uv": [0, 0, 12, 1], "rotation": 180, "texture": "#0"},
				"west": {"uv": [0, 0, 6, 1], "rotation": 180, "texture": "#0"},
				"up": {"uv": [0, 0, 12, 6], "texture": "#0"},
				"down": {"uv": [0, 0, 12, 6], "texture": "#0"}
			}
		},
		{
			"from": [5, 20, 2],
			"to": [11, 21, 14],
			"rotation": {"angle": 0, "axis": "y", "origin": [8, 7, 8]},
			"faces": {
				"north": {"uv": [0, 0, 6, 1], "rotation": 180, "texture": "#0"},
				"east": {"uv": [0, 0, 12, 1], "rotation": 180, "texture": "#0"},
				"south": {"uv": [0, 0, 6, 1], "rotation": 180, "texture": "#0"},
				"west": {"uv": [0, 0, 12, 1], "rotation": 180, "texture": "#0"},
				"up": {"uv": [0, 0, 6, 12], "texture": "#0"},
				"down": {"uv": [0, 0, 6, 12], "texture": "#0"}
			}
		},
		{
			"from": [3, 20, 3],
			"to": [13, 21, 13],
			"rotation": {"angle": 0, "axis": "y", "origin": [8, 7, 8]},
			"faces": {
				"north": {"uv": [0, 0, 10, 1], "rotation": 180, "texture": "#0"},
				"east": {"uv": [0, 0, 10, 1], "rotation": 180, "texture": "#0"},
				"south": {"uv": [0, 0, 10, 1], "rotation": 180, "texture": "#0"},
				"west": {"uv": [0, 0, 10, 1], "rotation": 180, "texture": "#0"},
				"up": {"uv": [0, 0, 10, 10], "texture": "#0"},
				"down": {"uv": [0, 0, 10, 10], "texture": "#0"}
			}
		},
		{
			"from": [6, 21, 2],
			"to": [10, 22, 14],
			"rotation": {"angle": 0, "axis": "y", "origin": [8, 7, 8]},
			"faces": {
				"north": {"uv": [0, 0, 4, 1], "rotation": 180, "texture": "#0"},
				"east": {"uv": [0, 0, 12, 1], "rotation": 180, "texture": "#0"},
				"south": {"uv": [0, 0, 4, 1], "rotation": 180, "texture": "#0"},
				"west": {"uv": [0, 0, 12, 1], "rotation": 180, "texture": "#0"},
				"up": {"uv": [0, 0, 4, 12], "texture": "#0"},
				"down": {"uv": [0, 0, 4, 12], "texture": "#0"}
			}
		},
		{
			"from": [2, 21, 6],
			"to": [14, 22, 10],
			"rotation": {"angle": 0, "axis": "y", "origin": [8, 7, 8]},
			"faces": {
				"north": {"uv": [0, 0, 12, 1], "rotation": 180, "texture": "#0"},
				"east": {"uv": [0, 0, 4, 1], "rotation": 180, "texture": "#0"},
				"south": {"uv": [0, 0, 12, 1], "rotation": 180, "texture": "#0"},
				"west": {"uv": [0, 0, 4, 1], "rotation": 180, "texture": "#0"},
				"up": {"uv": [0, 0, 12, 4], "texture": "#0"},
				"down": {"uv": [0, 0, 12, 4], "texture": "#0"}
			}
		},
		{
			"from": [3, 21, 4],
			"to": [13, 22, 12],
			"rotation": {"angle": 0, "axis": "y", "origin": [8, 7, 8]},
			"faces": {
				"north": {"uv": [0, 0, 10, 1], "rotation": 180, "texture": "#0"},
				"east": {"uv": [0, 0, 8, 1], "rotation": 180, "texture": "#0"},
				"south": {"uv": [0, 0, 10, 1], "rotation": 180, "texture": "#0"},
				"west": {"uv": [0, 0, 8, 1], "rotation": 180, "texture": "#0"},
				"up": {"uv": [0, 0, 10, 8], "texture": "#0"},
				"down": {"uv": [0, 0, 10, 8], "texture": "#0"}
			}
		},
		{
			"from": [4, 21, 3],
			"to": [12, 22, 13],
			"rotation": {"angle": 0, "axis": "y", "origin": [8, 7, 8]},
			"faces": {
				"north": {"uv": [0, 0, 8, 1], "rotation": 180, "texture": "#0"},
				"east": {"uv": [0, 0, 10, 1], "rotation": 180, "texture": "#0"},
				"south": {"uv": [0, 0, 8, 1], "rotation": 180, "texture": "#0"},
				"west": {"uv": [0, 0, 10, 1], "rotation": 180, "texture": "#0"},
				"up": {"uv": [0, 0, 8, 10], "texture": "#0"},
				"down": {"uv": [0, 0, 8, 10], "texture": "#0"}
			}
		},
		{
			"from": [3, 22, 5],
			"to": [13, 23, 11],
			"rotation": {"angle": 0, "axis": "y", "origin": [8, 7, 8]},
			"faces": {
				"north": {"uv": [0, 0, 10, 1], "rotation": 180, "texture": "#0"},
				"east": {"uv": [0, 0, 6, 1], "rotation": 180, "texture": "#0"},
				"south": {"uv": [0, 0, 10, 1], "rotation": 180, "texture": "#0"},
				"west": {"uv": [0, 0, 6, 1], "rotation": 180, "texture": "#0"},
				"up": {"uv": [0, 0, 10, 6], "texture": "#0"},
				"down": {"uv": [0, 0, 10, 6], "texture": "#0"}
			}
		},
		{
			"from": [5, 22, 3],
			"to": [11, 23, 13],
			"rotation": {"angle": 0, "axis": "y", "origin": [8, 7, 8]},
			"faces": {
				"north": {"uv": [0, 0, 6, 1], "rotation": 180, "texture": "#0"},
				"east": {"uv": [0, 0, 10, 1], "rotation": 180, "texture": "#0"},
				"south": {"uv": [0, 0, 6, 1], "rotation": 180, "texture": "#0"},
				"west": {"uv": [0, 0, 10, 1], "rotation": 180, "texture": "#0"},
				"up": {"uv": [0, 0, 6, 10], "texture": "#0"},
				"down": {"uv": [0, 0, 6, 10], "texture": "#0"}
			}
		},
		{
			"from": [4, 22, 4],
			"to": [12, 23, 12],
			"rotation": {"angle": 0, "axis": "y", "origin": [8, 7, 8]},
			"faces": {
				"north": {"uv": [0, 0, 8, 1], "rotation": 180, "texture": "#0"},
				"east": {"uv": [0, 0, 8, 1], "rotation": 180, "texture": "#0"},
				"south": {"uv": [0, 0, 8, 1], "rotation": 180, "texture": "#0"},
				"west": {"uv": [0, 0, 8, 1], "rotation": 180, "texture": "#0"},
				"up": {"uv": [0, 0, 8, 8], "texture": "#0"},
				"down": {"uv": [0, 0, 8, 8], "texture": "#0"}
			}
		},
		{
			"from": [6, 23, 4],
			"to": [10, 24, 12],
			"rotation": {"angle": 0, "axis": "y", "origin": [8, 7, 8]},
			"faces": {
				"north": {"uv": [0, 0, 4, 1], "rotation": 180, "texture": "#0"},
				"east": {"uv": [0, 0, 8, 1], "rotation": 180, "texture": "#0"},
				"south": {"uv": [0, 0, 4, 1], "rotation": 180, "texture": "#0"},
				"west": {"uv": [0, 0, 8, 1], "rotation": 180, "texture": "#0"},
				"up": {"uv": [0, 0, 4, 8], "texture": "#0"},
				"down": {"uv": [0, 0, 4, 8], "texture": "#0"}
			}
		},
		{
			"from": [5, 23, 5],
			"to": [11, 24, 11],
			"rotation": {"angle": 0, "axis": "y", "origin": [8, 7, 8]},
			"faces": {
				"north": {"uv": [0, 0, 6, 1], "rotation": 180, "texture": "#0"},
				"east": {"uv": [0, 0, 6, 1], "rotation": 180, "texture": "#0"},
				"south": {"uv": [0, 0, 6, 1], "rotation": 180, "texture": "#0"},
				"west": {"uv": [0, 0, 6, 1], "rotation": 180, "texture": "#0"},
				"up": {"uv": [0, 0, 6, 6], "texture": "#0"},
				"down": {"uv": [0, 0, 6, 6], "texture": "#0"}
			}
		},
		{
			"from": [4, 23, 6],
			"to": [12, 24, 10],
			"rotation": {"angle": 0, "axis": "y", "origin": [8, 7, 8]},
			"faces": {
				"north": {"uv": [0, 0, 8, 1], "rotation": 180, "texture": "#0"},
				"east": {"uv": [0, 0, 4, 1], "rotation": 180, "texture": "#0"},
				"south": {"uv": [0, 0, 8, 1], "rotation": 180, "texture": "#0"},
				"west": {"uv": [0, 0, 4, 1], "rotation": 180, "texture": "#0"},
				"up": {"uv": [0, 0, 8, 4], "texture": "#0"},
				"down": {"uv": [0, 0, 8, 4], "texture": "#0"}
			}
		},
		{
			"from": [5, 24, 7],
			"to": [11, 25, 9],
			"rotation": {"angle": 0, "axis": "y", "origin": [8, 7, 8]},
			"faces": {
				"north": {"uv": [0, 0, 6, 1], "rotation": 180, "texture": "#0"},
				"east": {"uv": [0, 0, 2, 1], "rotation": 180, "texture": "#0"},
				"south": {"uv": [0, 0, 6, 1], "rotation": 180, "texture": "#0"},
				"west": {"uv": [0, 0, 2, 1], "rotation": 180, "texture": "#0"},
				"up": {"uv": [0, 0, 6, 2], "texture": "#0"},
				"down": {"uv": [0, 0, 6, 2], "texture": "#0"}
			}
		},
		{
			"from": [7, 24, 5],
			"to": [9, 25, 11],
			"rotation": {"angle": 0, "axis": "y", "origin": [8, 7, 8]},
			"faces": {
				"north": {"uv": [0, 0, 2, 1], "rotation": 180, "texture": "#0"},
				"east": {"uv": [0, 0, 6, 1], "rotation": 180, "texture": "#0"},
				"south": {"uv": [0, 0, 2, 1], "rotation": 180, "texture": "#0"},
				"west": {"uv": [0, 0, 6, 1], "rotation": 180, "texture": "#0"},
				"up": {"uv": [0, 0, 2, 6], "texture": "#0"},
				"down": {"uv": [0, 0, 2, 6], "texture": "#0"}
			}
		},
		{
			"from": [6, 24, 6],
			"to": [10, 25, 10],
			"rotation": {"angle": 0, "axis": "y", "origin": [8, 7, 8]},
			"faces": {
				"north": {"uv": [0, 0, 4, 1], "rotation": 180, "texture": "#0"},
				"east": {"uv": [0, 0, 4, 1], "rotation": 180, "texture": "#0"},
				"south": {"uv": [0, 0, 4, 1], "rotation": 180, "texture": "#0"},
				"west": {"uv": [0, 0, 4, 1], "rotation": 180, "texture": "#0"},
				"up": {"uv": [0, 0, 4, 4], "texture": "#0"},
				"down": {"uv": [0, 0, 4, 4], "texture": "#0"}
			}
		},
		{
			"from": [5, 18, 1],
			"to": [11, 19, 15],
			"rotation": {"angle": 0, "axis": "y", "origin": [8, 7, 8]},
			"faces": {
				"north": {"uv": [0, 0, 6, 1], "rotation": 180, "texture": "#0"},
				"east": {"uv": [0, 0, 14, 1], "rotation": 180, "texture": "#0"},
				"south": {"uv": [0, 0, 6, 1], "rotation": 180, "texture": "#0"},
				"west": {"uv": [0, 0, 14, 1], "rotation": 180, "texture": "#0"},
				"up": {"uv": [0, 0, 6, 14], "texture": "#0"},
				"down": {"uv": [0, 0, 6, 14], "texture": "#0"}
			}
		},
		{
			"from": [1, 18, 5],
			"to": [15, 19, 11],
			"rotation": {"angle": 0, "axis": "y", "origin": [8, 7, 8]},
			"faces": {
				"north": {"uv": [0, 0, 14, 1], "rotation": 180, "texture": "#0"},
				"east": {"uv": [0, 0, 6, 1], "rotation": 180, "texture": "#0"},
				"south": {"uv": [0, 0, 14, 1], "rotation": 180, "texture": "#0"},
				"west": {"uv": [0, 0, 6, 1], "rotation": 180, "texture": "#0"},
				"up": {"uv": [0, 0, 14, 6], "texture": "#0"},
				"down": {"uv": [0, 0, 14, 6], "texture": "#0"}
			}
		},
		{
			"from": [3, 18, 3],
			"to": [13, 19, 13],
			"rotation": {"angle": 0, "axis": "y", "origin": [8, 7, 8]},
			"faces": {
				"north": {"uv": [0, 0, 10, 1], "rotation": 180, "texture": "#0"},
				"east": {"uv": [0, 0, 10, 1], "rotation": 180, "texture": "#0"},
				"south": {"uv": [0, 0, 10, 1], "rotation": 180, "texture": "#0"},
				"west": {"uv": [0, 0, 10, 1], "rotation": 180, "texture": "#0"},
				"up": {"uv": [0, 0, 10, 10], "texture": "#0"},
				"down": {"uv": [0, 0, 10, 10], "texture": "#0"}
			}
		},
		{
			"from": [2, 18, 4],
			"to": [14, 19, 12],
			"rotation": {"angle": 0, "axis": "y", "origin": [8, 7, 8]},
			"faces": {
				"north": {"uv": [0, 0, 12, 1], "rotation": 180, "texture": "#0"},
				"east": {"uv": [0, 0, 8, 1], "rotation": 180, "texture": "#0"},
				"south": {"uv": [0, 0, 12, 1], "rotation": 180, "texture": "#0"},
				"west": {"uv": [0, 0, 8, 1], "rotation": 180, "texture": "#0"},
				"up": {"uv": [0, 0, 12, 8], "texture": "#0"},
				"down": {"uv": [0, 0, 12, 8], "texture": "#0"}
			}
		},
		{
			"from": [4, 18, 2],
			"to": [12, 19, 14],
			"rotation": {"angle": 0, "axis": "y", "origin": [8, 7, 8]},
			"faces": {
				"north": {"uv": [0, 0, 8, 1], "rotation": 180, "texture": "#0"},
				"east": {"uv": [0, 0, 12, 1], "rotation": 180, "texture": "#0"},
				"south": {"uv": [0, 0, 8, 1], "rotation": 180, "texture": "#0"},
				"west": {"uv": [0, 0, 12, 1], "rotation": 180, "texture": "#0"},
				"up": {"uv": [0, 0, 8, 12], "texture": "#0"},
				"down": {"uv": [0, 0, 8, 12], "texture": "#0"}
			}
		},
		{
			"from": [3, 23, 3],
			"to": [13, 24, 13],
			"rotation": {"angle": 0, "axis": "y", "origin": [8, 7, 8]},
			"faces": {
				"north": {"uv": [13.5, 15.75, 16, 16], "texture": "#0"},
				"east": {"uv": [13.5, 15.75, 16, 16], "texture": "#0"},
				"south": {"uv": [13.5, 15.75, 16, 16], "texture": "#0"},
				"west": {"uv": [13.5, 15.75, 16, 16], "texture": "#0"},
				"up": {"uv": [13.5, 13.5, 16, 16], "texture": "#0"},
				"down": {"uv": [13.5, 13.5, 16, 16], "texture": "#0"}
			}
		},
		{
			"from": [6, 23, 1],
			"to": [10, 24, 15],
			"rotation": {"angle": 0, "axis": "y", "origin": [8, 7, 8]},
			"faces": {
				"north": {"uv": [15, 15.75, 16, 16], "texture": "#0"},
				"east": {"uv": [12.5, 15.75, 16, 16], "texture": "#0"},
				"south": {"uv": [15, 15.75, 16, 16], "texture": "#0"},
				"west": {"uv": [12.5, 15.75, 16, 16], "texture": "#0"},
				"up": {"uv": [15, 12.5, 16, 16], "texture": "#0"},
				"down": {"uv": [15, 12.5, 16, 16], "texture": "#0"}
			}
		},
		{
			"from": [1, 23, 6],
			"to": [15, 24, 10],
			"rotation": {"angle": 0, "axis": "y", "origin": [8, 7, 8]},
			"faces": {
				"north": {"uv": [12.5, 15.75, 16, 16], "texture": "#0"},
				"east": {"uv": [15, 15.75, 16, 16], "texture": "#0"},
				"south": {"uv": [12.5, 15.75, 16, 16], "texture": "#0"},
				"west": {"uv": [15, 15.75, 16, 16], "texture": "#0"},
				"up": {"uv": [12.5, 15, 16, 16], "texture": "#0"},
				"down": {"uv": [12.5, 15, 16, 16], "texture": "#0"}
			}
		},
		{
			"from": [2, 23, 4],
			"to": [14, 24, 12],
			"rotation": {"angle": 0, "axis": "y", "origin": [8, 7, 8]},
			"faces": {
				"north": {"uv": [13, 15.75, 16, 16], "texture": "#0"},
				"east": {"uv": [14.25, 15.75, 16, 16], "texture": "#0"},
				"south": {"uv": [13, 15.75, 16, 16], "texture": "#0"},
				"west": {"uv": [14.25, 15.75, 16, 16], "texture": "#0"},
				"up": {"uv": [13, 14, 16, 16], "texture": "#0"},
				"down": {"uv": [13, 14, 16, 16], "texture": "#0"}
			}
		},
		{
			"from": [4, 23, 2],
			"to": [12, 24, 14],
			"rotation": {"angle": 0, "axis": "y", "origin": [8, 7, 8]},
			"faces": {
				"north": {"uv": [14, 15.75, 16, 16], "texture": "#0"},
				"east": {"uv": [13, 15.75, 16, 16], "texture": "#0"},
				"south": {"uv": [14, 15.75, 16, 16], "texture": "#0"},
				"west": {"uv": [13, 15.75, 16, 16], "texture": "#0"},
				"up": {"uv": [13, 14, 16, 16], "texture": "#0"},
				"down": {"uv": [13, 14, 16, 16], "texture": "#0"}
			}
		},
		{
			"from": [7, 17, -1],
			"to": [9, 19, 1],
			"faces": {
				"north": {"uv": [14, 10, 16, 12], "texture": "#0"},
				"east": {"uv": [14, 10, 16, 12], "texture": "#0"},
				"south": {"uv": [14, 10, 16, 12], "texture": "#0"},
				"west": {"uv": [14, 10, 16, 12], "texture": "#0"},
				"up": {"uv": [14, 10, 16, 12], "texture": "#0"},
				"down": {"uv": [14, 10, 16, 12], "texture": "#0"}
			}
		},
		{
			"from": [7.25, 17.25, -3],
			"to": [8.75, 18.75, -1],
			"faces": {
				"north": {"uv": [14, 10, 15.5, 11.5], "texture": "#0"},
				"east": {"uv": [14, 10, 16, 11.5], "texture": "#0"},
				"south": {"uv": [14, 10, 15.5, 11.5], "texture": "#0"},
				"west": {"uv": [14, 10, 16, 11.5], "texture": "#0"},
				"up": {"uv": [14, 10, 15.5, 12], "texture": "#0"},
				"down": {"uv": [14, 10, 15.5, 12], "texture": "#0"}
			}
		},
		{
			"from": [7.5, 17.5, -5],
			"to": [8.5, 18.5, -3],
			"faces": {
				"north": {"uv": [14, 10, 15, 11], "texture": "#0"},
				"east": {"uv": [14, 10, 16, 11], "texture": "#0"},
				"south": {"uv": [14, 10, 15, 11], "texture": "#0"},
				"west": {"uv": [14, 10, 16, 11], "texture": "#0"},
				"up": {"uv": [14, 10, 15, 12], "texture": "#0"},
				"down": {"uv": [14, 10, 15, 12], "texture": "#0"}
			}
		},
		{
			"from": [4.5, 19.5, 0.5],
			"to": [6.5, 21.5, 2.5],
			"faces": {
				"north": {"uv": [14, 14, 16, 16], "texture": "#0"},
				"east": {"uv": [14, 14, 16, 16], "texture": "#0"},
				"south": {"uv": [14, 14, 16, 16], "texture": "#0"},
				"west": {"uv": [14, 14, 16, 16], "texture": "#0"},
				"up": {"uv": [14, 14, 16, 16], "texture": "#0"},
				"down": {"uv": [14, 14, 16, 16], "texture": "#0"}
			}
		},
		{
			"from": [9.5, 19.5, 0.5],
			"to": [11.5, 21.5, 2.5],
			"faces": {
				"north": {"uv": [14, 14, 16, 16], "texture": "#0"},
				"east": {"uv": [14, 14, 16, 16], "texture": "#0"},
				"south": {"uv": [14, 14, 16, 16], "texture": "#0"},
				"west": {"uv": [14, 14, 16, 16], "texture": "#0"},
				"up": {"uv": [14, 14, 16, 16], "texture": "#0"},
				"down": {"uv": [14, 14, 16, 16], "texture": "#0"}
			}
		},
		{
			"from": [6, 30, 4],
			"to": [10, 31, 12],
			"rotation": {"angle": 0, "axis": "y", "origin": [8, 7, 8]},
			"faces": {
				"north": {"uv": [15, 15.75, 16, 16], "texture": "#0"},
				"east": {"uv": [14, 15.75, 16, 16], "texture": "#0"},
				"south": {"uv": [15, 15.75, 16, 16], "texture": "#0"},
				"west": {"uv": [14, 15.75, 16, 16], "texture": "#0"},
				"up": {"uv": [15, 14, 16, 16], "texture": "#0"},
				"down": {"uv": [15, 14, 16, 16], "texture": "#0"}
			}
		},
		{
			"from": [5, 30, 5],
			"to": [11, 31, 11],
			"rotation": {"angle": 0, "axis": "y", "origin": [8, 7, 8]},
			"faces": {
				"north": {"uv": [14.5, 15.75, 16, 16], "texture": "#0"},
				"east": {"uv": [14.5, 15.75, 16, 16], "texture": "#0"},
				"south": {"uv": [14.5, 15.75, 16, 16], "texture": "#0"},
				"west": {"uv": [14.5, 15.75, 16, 16], "texture": "#0"},
				"up": {"uv": [14.5, 14.5, 16, 16], "texture": "#0"},
				"down": {"uv": [14.5, 14.5, 16, 16], "texture": "#0"}
			}
		},
		{
			"from": [4, 30, 6],
			"to": [12, 31, 10],
			"rotation": {"angle": 0, "axis": "y", "origin": [8, 7, 8]},
			"faces": {
				"north": {"uv": [14, 15.75, 16, 16], "texture": "#0"},
				"east": {"uv": [15, 15.75, 16, 16], "texture": "#0"},
				"south": {"uv": [14, 15.75, 16, 16], "texture": "#0"},
				"west": {"uv": [15, 15.75, 16, 16], "texture": "#0"},
				"up": {"uv": [14, 15, 16, 16], "texture": "#0"},
				"down": {"uv": [14, 15, 16, 16], "texture": "#0"}
			}
		},
		{
			"from": [3, 24, 5],
			"to": [13, 25, 11],
			"rotation": {"angle": 0, "axis": "y", "origin": [8, 7, 8]},
			"faces": {
				"north": {"uv": [13.5, 15.75, 16, 16], "texture": "#0"},
				"east": {"uv": [14.5, 15.75, 16, 16], "texture": "#0"},
				"south": {"uv": [13.5, 15.75, 16, 16], "texture": "#0"},
				"west": {"uv": [14.5, 15.75, 16, 16], "texture": "#0"},
				"up": {"uv": [13.5, 14.5, 16, 16], "texture": "#0"},
				"down": {"uv": [13.5, 14.5, 16, 16], "texture": "#0"}
			}
		},
		{
			"from": [5, 24, 3],
			"to": [11, 25, 13],
			"rotation": {"angle": 0, "axis": "y", "origin": [8, 7, 8]},
			"faces": {
				"north": {"uv": [14.5, 15.75, 16, 16], "texture": "#0"},
				"east": {"uv": [13.5, 15.75, 16, 16], "texture": "#0"},
				"south": {"uv": [14.5, 15.75, 16, 16], "texture": "#0"},
				"west": {"uv": [13.5, 15.75, 16, 16], "texture": "#0"},
				"up": {"uv": [14.5, 13.5, 16, 16], "texture": "#0"},
				"down": {"uv": [14.5, 13.5, 16, 16], "texture": "#0"}
			}
		},
		{
			"from": [4, 24, 4],
			"to": [12, 25, 12],
			"rotation": {"angle": 0, "axis": "y", "origin": [8, 7, 8]},
			"faces": {
				"north": {"uv": [14, 15.75, 16, 16], "texture": "#0"},
				"east": {"uv": [14, 15.75, 16, 16], "texture": "#0"},
				"south": {"uv": [14, 15.75, 16, 16], "texture": "#0"},
				"west": {"uv": [14, 15.75, 16, 16], "texture": "#0"},
				"up": {"uv": [14, 14, 16, 16], "texture": "#0"},
				"down": {"uv": [14, 14, 16, 16], "texture": "#0"}
			}
		},
		{
			"from": [3, 25, 5],
			"to": [13, 26, 11],
			"rotation": {"angle": 0, "axis": "y", "origin": [8, 7, 8]},
			"faces": {
				"north": {"uv": [9.5, 15.75, 12, 16], "texture": "#0"},
				"east": {"uv": [10.5, 15.75, 12, 16], "texture": "#0"},
				"south": {"uv": [9.5, 15.75, 12, 16], "texture": "#0"},
				"west": {"uv": [10.5, 15.75, 12, 16], "texture": "#0"},
				"up": {"uv": [9.5, 14.5, 12, 16], "texture": "#0"},
				"down": {"uv": [9.5, 14.5, 12, 16], "texture": "#0"}
			}
		},
		{
			"from": [5, 25, 3],
			"to": [11, 26, 13],
			"rotation": {"angle": 0, "axis": "y", "origin": [8, 7, 8]},
			"faces": {
				"north": {"uv": [10.5, 15.75, 12, 16], "texture": "#0"},
				"east": {"uv": [9.5, 15.75, 12, 16], "texture": "#0"},
				"south": {"uv": [10.5, 15.75, 12, 16], "texture": "#0"},
				"west": {"uv": [9.5, 15.75, 12, 16], "texture": "#0"},
				"up": {"uv": [10.5, 13.75, 12, 16], "texture": "#0"},
				"down": {"uv": [10.5, 13.75, 12, 16], "texture": "#0"}
			}
		},
		{
			"from": [4, 25, 4],
			"to": [12, 26, 12],
			"rotation": {"angle": 0, "axis": "y", "origin": [8, 7, 8]},
			"faces": {
				"north": {"uv": [10, 15.75, 12, 16], "texture": "#0"},
				"east": {"uv": [10, 15.75, 12, 16], "texture": "#0"},
				"south": {"uv": [10, 15.75, 12, 16], "texture": "#0"},
				"west": {"uv": [10, 15.75, 12, 16], "texture": "#0"},
				"up": {"uv": [10, 14, 12, 16], "texture": "#0"},
				"down": {"uv": [10, 14, 12, 16], "texture": "#0"}
			}
		},
		{
			"from": [3, 26, 5],
			"to": [13, 30, 11],
			"rotation": {"angle": 0, "axis": "y", "origin": [8, 7, 8]},
			"faces": {
				"north": {"uv": [13.5, 15, 16, 16], "texture": "#0"},
				"east": {"uv": [14.5, 15, 16, 16], "texture": "#0"},
				"south": {"uv": [13.5, 15, 16, 16], "texture": "#0"},
				"west": {"uv": [14.5, 15, 16, 16], "texture": "#0"},
				"up": {"uv": [13.5, 14.5, 16, 16], "texture": "#0"},
				"down": {"uv": [13.5, 14.5, 16, 16], "texture": "#0"}
			}
		},
		{
			"from": [5, 26, 3],
			"to": [11, 30, 13],
			"rotation": {"angle": 0, "axis": "y", "origin": [8, 7, 8]},
			"faces": {
				"north": {"uv": [13.5, 15, 16, 16], "texture": "#0"},
				"east": {"uv": [14.5, 15, 16, 16], "texture": "#0"},
				"south": {"uv": [13.5, 15, 16, 16], "texture": "#0"},
				"west": {"uv": [14.5, 15, 16, 16], "texture": "#0"},
				"up": {"uv": [14.5, 13.5, 16, 16], "texture": "#0"},
				"down": {"uv": [14.5, 13.5, 16, 16], "texture": "#0"}
			}
		},
		{
			"from": [4, 26, 4],
			"to": [12, 30, 12],
			"rotation": {"angle": 0, "axis": "y", "origin": [8, 7, 8]},
			"faces": {
				"north": {"uv": [14, 15, 16, 16], "texture": "#0"},
				"east": {"uv": [14, 15, 16, 16], "texture": "#0"},
				"south": {"uv": [14, 15, 16, 16], "texture": "#0"},
				"west": {"uv": [14, 15, 16, 16], "texture": "#0"},
				"up": {"uv": [14, 14, 16, 16], "texture": "#0"},
				"down": {"uv": [14, 14, 16, 16], "texture": "#0"}
			}
		},
		{
			"from": [7.5, 7, 5.5],
			"to": [8.5, 19, 6.5],
			"rotation": {"angle": 45, "axis": "z", "origin": [8, 6, 6]},
			"faces": {
				"north": {"uv": [14.75, 2, 15.25, 8], "texture": "#0"},
				"east": {"uv": [14.75, 2, 15.25, 8], "texture": "#0"},
				"south": {"uv": [14.75, 2, 15.25, 8], "texture": "#0"},
				"west": {"uv": [14.75, 2, 15.25, 8], "texture": "#0"},
				"up": {"uv": [15.5, 6.5, 16, 7], "texture": "#0"},
				"down": {"uv": [15.5, 6.5, 16, 7], "texture": "#0"}
			}
		},
		{
			"from": [7.5, 7, 5.5],
			"to": [8.5, 19, 6.5],
			"rotation": {"angle": -45, "axis": "z", "origin": [8, 6, 6]},
			"faces": {
				"north": {"uv": [14.75, 2, 15.25, 8], "texture": "#0"},
				"east": {"uv": [14.75, 2, 15.25, 8], "texture": "#0"},
				"south": {"uv": [14.75, 2, 15.25, 8], "texture": "#0"},
				"west": {"uv": [14.75, 2, 15.25, 8], "texture": "#0"},
				"up": {"uv": [15.5, 6.5, 16, 7], "texture": "#0"},
				"down": {"uv": [15.5, 6.5, 16, 7], "texture": "#0"}
			}
		}
	],
	"display": {
		"thirdperson_righthand": {
			"translation": [0, -4, 0],
			"scale": [0.5, 0.5, 0.5]
		},
		"thirdperson_lefthand": {
			"translation": [0, -4, 0],
			"scale": [0.5, 0.5, 0.5]
		},
		"firstperson_righthand": {
			"rotation": [0, 135, -10],
			"translation": [1.5, 0, 0.25],
			"scale": [0.5, 0.5, 0.5]
		},
		"firstperson_lefthand": {
			"rotation": [0, 135, -10],
			"translation": [1.5, 0, 0.25],
			"scale": [0.5, 0.5, 0.5]
		},
		"ground": {
			"rotation": [15, 0, -30],
			"scale": [0.5, 0.5, 0.5]
		},
		"gui": {
			"rotation": [10, 170, 0],
			"translation": [0.25, -4.25, 0],
			"scale": [0.7, 0.7, 0.7]
		},
		"head": {
			"translation": [0, 6, 0],
			"scale": [0.7, 0.7, 0.7]
		},
		"fixed": {
			"rotation": [-90, 0, 0],
			"translation": [0, 0, -13],
			"scale": [2.5, 2.5, 2.5]
		}
	},
	"groups": [
		{
			"name": "group",
			"origin": [8, 8, 8],
			"color": 0,
			"children": [
				{
					"name": "group",
					"origin": [0, 0, 0],
					"color": 0,
					"children": [0, 1, 2, 3, 4]
				},
				{
					"name": "group",
					"origin": [0, 0, 0],
					"color": 0,
					"children": [5, 6, 7, 8, 9]
				},
				{
					"name": "group",
					"origin": [0, 0, 0],
					"color": 0,
					"children": [10, 11, 12, 13, 14]
				},
				{
					"name": "group",
					"origin": [0, 0, 0],
					"color": 0,
					"children": [15, 16, 17, 18]
				},
				{
					"name": "group",
					"origin": [0, 0, 0],
					"color": 0,
					"children": [19, 20, 21]
				},
				{
					"name": "group",
					"origin": [0, 0, 0],
					"color": 0,
					"children": [22, 23, 24]
				},
				{
					"name": "group",
					"origin": [0, 0, 0],
					"color": 0,
					"children": [25, 26, 27]
				},
				{
					"name": "group",
					"origin": [0, 0, 0],
					"color": 0,
					"children": [28, 29, 30, 31, 32]
				},
				{
					"name": "group",
					"origin": [0, 0, 0],
					"color": 0,
					"children": [33, 34, 35, 36, 37]
				},
				{
					"name": "group",
					"origin": [0, 0, 0],
					"color": 0,
					"children": [38, 39, 40, 41]
				},
				{
					"name": "group",
					"origin": [0, 0, 0],
					"color": 0,
					"children": [42, 43, 44]
				},
				{
					"name": "group",
					"origin": [0, 0, 0],
					"color": 0,
					"children": [45, 46, 47]
				},
				{
					"name": "group",
					"origin": [0, 0, 0],
					"color": 0,
					"children": [48, 49, 50]
				},
				{
					"name": "group",
					"origin": [0, 0, 0],
					"color": 0,
					"children": [51, 52, 53, 54, 55]
				}
			]
		},
		{
			"name": "group",
			"origin": [8, 8, 8],
			"color": 0,
			"children": [
				{
					"name": "group",
					"origin": [0, 0, 0],
					"color": 0,
					"children": [56, 57, 58, 59, 60]
				},
				{
					"name": "group",
					"origin": [0, 0, 0],
					"color": 0,
					"children": [61, 62, 63, 64, 65]
				},
				{
					"name": "group",
					"origin": [0, 0, 0],
					"color": 0,
					"children": [66, 67, 68, 69, 70]
				},
				{
					"name": "group",
					"origin": [0, 0, 0],
					"color": 0,
					"children": [71, 72, 73, 74]
				},
				{
					"name": "group",
					"origin": [0, 0, 0],
					"color": 0,
					"children": [75, 76, 77]
				},
				{
					"name": "group",
					"origin": [0, 0, 0],
					"color": 0,
					"children": [78, 79, 80]
				},
				{
					"name": "group",
					"origin": [0, 0, 0],
					"color": 0,
					"children": [81, 82, 83, 84, 85]
				},
				{
					"name": "group",
					"origin": [0, 0, 0],
					"color": 0,
					"children": [86, 87, 88, 89, 90]
				},
				{
					"name": "group",
					"origin": [0, 0, 0],
					"color": 0,
					"children": [91, 92, 93, 94]
				},
				{
					"name": "group",
					"origin": [0, 0, 0],
					"color": 0,
					"children": [95, 96, 97]
				},
				{
					"name": "group",
					"origin": [0, 0, 0],
					"color": 0,
					"children": [98, 99, 100]
				},
				{
					"name": "group",
					"origin": [0, 0, 0],
					"color": 0,
					"children": [101, 102, 103]
				},
				{
					"name": "group",
					"origin": [0, 0, 0],
					"color": 0,
					"children": [104, 105, 106, 107, 108]
				}
			]
		},
		{
			"name": "group",
			"origin": [0, 0, 0],
			"color": 0,
			"children": [109, 110, 111, 112, 113]
		},
		{
			"name": "group",
			"origin": [0, 0, 0],
			"color": 0,
			"children": [114, 115, 116, 117, 118]
		},
		{
			"name": "group",
			"origin": [0, 0, 0],
			"color": 0,
			"children": [119, 120, 121]
		},
		{
			"name": "group",
			"origin": [0, 0, 0],
			"color": 0,
			"children": [122, 123, 124]
		},
		{
			"name": "group",
			"origin": [0, 0, 0],
			"color": 0,
			"children": [125, 126, 127]
		},
		{
			"name": "group",
			"origin": [0, 0, 0],
			"color": 0,
			"children": [128, 129, 130]
		},
		{
			"name": "group",
			"origin": [8, 6, 6],
			"color": 0,
			"children": [131, 132]
		}
	]
}