{
	"credit": "Made with Blockbench",
	"textures": {
		"2": "item/rabbit_dango_01"
	},
	"elements": [
		{
			"from": [7.5, -3.1, 7.5],
			"to": [8.5, 11.9, 8.5],
			"rotation": {"angle": 0, "axis": "y", "origin": [8, 2.9, 8]},
			"faces": {
				"north": {"uv": [15, 0, 16, 15], "texture": "#2"},
				"east": {"uv": [14, 0, 15, 15], "texture": "#2"},
				"south": {"uv": [14, 0, 15, 15], "texture": "#2"},
				"west": {"uv": [15, 0, 16, 15], "texture": "#2"},
				"down": {"uv": [15, 14, 14, 15], "texture": "#2"}
			}
		},
		{
			"from": [6.62743, 16.07286, 7],
			"to": [7.62743, 18.07286, 8],
			"rotation": {"angle": 22.5, "axis": "z", "origin": [7.87659, 15.84641, 7.75]},
			"faces": {
				"north": {"uv": [4, 0, 5, 2], "texture": "#2"},
				"east": {"uv": [4, 0, 5, 2], "texture": "#2"},
				"south": {"uv": [4, 0, 5, 2], "texture": "#2"},
				"west": {"uv": [4, 0, 5, 2], "texture": "#2"},
				"up": {"uv": [5, 1, 4, 0], "texture": "#2"}
			}
		},
		{
			"from": [8.37257, 16.07286, 7],
			"to": [9.37257, 18.07286, 8],
			"rotation": {"angle": -22.5, "axis": "z", "origin": [8.12341, 15.84641, 7.75]},
			"faces": {
				"north": {"uv": [5, 0, 4, 2], "texture": "#2"},
				"east": {"uv": [5, 0, 4, 2], "texture": "#2"},
				"south": {"uv": [5, 0, 4, 2], "texture": "#2"},
				"west": {"uv": [5, 0, 4, 2], "texture": "#2"},
				"up": {"uv": [4, 1, 5, 0], "texture": "#2"}
			}
		},
		{
			"from": [6, 12, 6],
			"to": [10, 16, 10],
			"rotation": {"angle": 0, "axis": "z", "origin": [7.87659, 15.34641, 7.75]},
			"faces": {
				"north": {"uv": [0, 8, 4, 12], "texture": "#2"},
				"east": {"uv": [4, 8, 8, 12], "texture": "#2"},
				"south": {"uv": [4, 4, 8, 8], "texture": "#2"},
				"west": {"uv": [8, 8, 4, 12], "texture": "#2"},
				"up": {"uv": [4, 4, 0, 0], "texture": "#2"},
				"down": {"uv": [4, 4, 0, 8], "texture": "#2"}
			}
		},
		{
			"from": [5.9, 11.9, 5.9],
			"to": [10.1, 16.1, 10.1],
			"rotation": {"angle": 0, "axis": "z", "origin": [7.87659, 15.34641, 7.75]},
			"faces": {
				"north": {"uv": [9, 8, 13, 12], "texture": "#2"},
				"east": {"uv": [13, 4, 9, 8], "texture": "#2"},
				"south": {"uv": [9, 0, 13, 4], "texture": "#2"},
				"west": {"uv": [13, 4, 9, 8], "texture": "#2"},
				"up": {"uv": [13, 16, 9, 12], "texture": "#2"},
				"down": {"uv": [9, 0, 5, 4], "texture": "#2"}
			}
		},
		{
			"from": [5.9, 7.5, 5.9],
			"to": [10.1, 11.7, 10.1],
			"rotation": {"angle": 0, "axis": "z", "origin": [7.87659, 10.94641, 7.75]},
			"faces": {
				"north": {"uv": [9, 8, 13, 12], "texture": "#2"},
				"east": {"uv": [13, 4, 9, 8], "texture": "#2"},
				"south": {"uv": [9, 0, 13, 4], "texture": "#2"},
				"west": {"uv": [13, 4, 9, 8], "texture": "#2"},
				"up": {"uv": [13, 16, 9, 12], "texture": "#2"},
				"down": {"uv": [9, 0, 5, 4], "texture": "#2"}
			}
		},
		{
			"from": [6, 7.6, 6],
			"to": [10, 11.6, 10],
			"rotation": {"angle": 0, "axis": "z", "origin": [7.87659, 10.94641, 7.75]},
			"faces": {
				"north": {"uv": [0, 8, 4, 12], "texture": "#2"},
				"east": {"uv": [4, 8, 8, 12], "texture": "#2"},
				"south": {"uv": [4, 4, 8, 8], "texture": "#2"},
				"west": {"uv": [8, 8, 4, 12], "texture": "#2"},
				"up": {"uv": [4, 4, 0, 0], "texture": "#2"},
				"down": {"uv": [4, 4, 0, 8], "texture": "#2"}
			}
		},
		{
			"from": [5.9, 3.1, 5.9],
			"to": [10.1, 7.3, 10.1],
			"rotation": {"angle": 0, "axis": "z", "origin": [7.87659, 6.54641, 7.75]},
			"faces": {
				"north": {"uv": [9, 8, 13, 12], "texture": "#2"},
				"east": {"uv": [13, 4, 9, 8], "texture": "#2"},
				"south": {"uv": [9, 0, 13, 4], "texture": "#2"},
				"west": {"uv": [13, 4, 9, 8], "texture": "#2"},
				"up": {"uv": [13, 16, 9, 12], "texture": "#2"},
				"down": {"uv": [9, 0, 5, 4], "texture": "#2"}
			}
		},
		{
			"from": [6, 3.2, 6],
			"to": [10, 7.2, 10],
			"rotation": {"angle": 0, "axis": "z", "origin": [7.87659, 6.54641, 7.75]},
			"faces": {
				"north": {"uv": [0, 8, 4, 12], "texture": "#2"},
				"east": {"uv": [4, 8, 8, 12], "texture": "#2"},
				"south": {"uv": [4, 4, 8, 8], "texture": "#2"},
				"west": {"uv": [8, 8, 4, 12], "texture": "#2"},
				"up": {"uv": [4, 4, 0, 0], "texture": "#2"},
				"down": {"uv": [4, 4, 0, 8], "texture": "#2"}
			}
		}
	],
	"gui_light": "front",
	"display": {
		"thirdperson_righthand": {
			"translation": [0, 6, 0.5]
		},
		"thirdperson_lefthand": {
			"translation": [0, 6, 0.5]
		},
		"firstperson_righthand": {
			"translation": [2.5, 0, 0],
			"scale": [0.7, 0.7, 0.7]
		},
		"firstperson_lefthand": {
			"translation": [2.5, 0, 0],
			"scale": [0.7, 0.7, 0.7]
		},
		"ground": {
			"rotation": [35, 0, 0],
			"translation": [0, 3, 0],
			"scale": [0.5, 0.5, 0.5]
		},
		"gui": {
			"rotation": [33, 180, 39],
			"translation": [0.25, 0.25, 0],
			"scale": [0.85, 0.85, 0.85]
		},
		"head": {
			"rotation": [0, 0, 90],
			"translation": [1.25, -7, -7.25]
		},
		"fixed": {
			"translation": [0, 0, -4],
			"scale": [2, 2, 2]
		}
	},
	"groups": [
		0,
		{
			"name": "group",
			"origin": [7.87659, 12.34641, 7.75],
			"color": 0,
			"nbt": "{}",
			"armAnimationEnabled": false,
			"children": [1, 2, 3, 4, 5, 6, 7, 8]
		}
	]
}