{
  "parent": "minecraft:item/handheld",
  "textures": {
    "layer0": "minecraft:item/stick"
  },
	"overrides": [
{"predicate": {"custom_model_data":1}, "model": "minecraft:item/narsqojawapwxpgowvqqizzidqwrugdr"},
{"predicate": {"custom_model_data":2}, "model": "minecraft:item/kuqpjphqpmmehslnyjcywyixfcdzrxce"},
{"predicate": {"custom_model_data":3}, "model": "minecraft:item/xrxtmielcjumwoegzuvqafbunjraoxdv"},
{"predicate": {"custom_model_data":4}, "model": "minecraft:item/jnszuteoikwpnbgfwvclrkklzsgokdea"},
{"predicate": {"custom_model_data":5}, "model": "minecraft:item/jmonjtbmmcwxiqoqcofmjrkgmavkwlcz"},
{"predicate": {"custom_model_data":6}, "model": "minecraft:item/roulxfrgzpaxmphlianewezccxcllmju"},
{"predicate": {"custom_model_data":7}, "model": "minecraft:item/qpobipoiiozbssbuvylcexolhejnjoqm"},
{"predicate": {"custom_model_data":8}, "model": "minecraft:item/nhrroovfftrnqbrgouaztxsopoqbjcsr"},
{"predicate": {"custom_model_data":9}, "model": "minecraft:item/kpawrzgvahhnohuddvmjbmjcipzjxyua"},
{"predicate": {"custom_model_data":10}, "model": "minecraft:item/zjbmgessnqjxraeafyfadyttotetojvh"},
{"predicate": {"custom_model_data":11}, "model": "minecraft:item/afqjvfxsuplqfiupexybsdkjsamjpxjp"},
{"predicate": {"custom_model_data":12}, "model": "minecraft:item/soxaawayipszwvrravbzfvgbuixwaujs"},
{"predicate": {"custom_model_data":13}, "model": "minecraft:item/nbwvhhctphzputlpjcmdnykwltiqoilx"},
{"predicate": {"custom_model_data":14}, "model": "minecraft:item/bfrannigqhzcohptxbiilcrjxlgzfqjr"},

{"predicate": {"custom_model_data": 32},"model": "minecraft:item/qeggwwvwmwpxiurahxdnhsathddnlbjg"},
{"predicate": {"custom_model_data": 33},"model": "minecraft:item/xidzywgemlicmhcxhwesqxoohxgdnxcs"},
{"predicate": {"custom_model_data": 44},"model": "minecraft:item/lbikuhnlaawvascgstvytbednmzrjjsr"},
{"predicate": {"custom_model_data": 45},"model": "minecraft:item/uuxhrncagwwkgqrdiluihzpuiogsyiwk"},
{"predicate": {"custom_model_data": 46},"model": "minecraft:item/fhmlrmwafuaofkaomhpuwosudrclxroi"},
{"predicate": {"custom_model_data": 121},"model": "minecraft:item/wyxmwekbqvbbnmmkhssqhigpjdbedmbv"},
{"predicate": {"custom_model_data": 122},"model": "minecraft:item/ukyqegufoifwavouuzovgfidwrhqbsjk"},
{"predicate": {"custom_model_data": 123},"model": "minecraft:item/idjgtyrtrmrnvavgeuqauffxlphgjihi"},
{"predicate": {"custom_model_data": 124},"model": "minecraft:item/eenypatmzflkadbrppkobritqkfkesfy"},
{"predicate": {"custom_model_data": 125},"model": "minecraft:item/zeofcznlqzefnpmzpyurwofdqebxpkkb"	},
{"predicate": {"custom_model_data": 126},"model": "minecraft:item/puhyzznqpmindbzcyzidywxzfqeyeyue"	},
{"predicate": {"custom_model_data": 127},"model": "minecraft:item/wfnfojsljevaaorlpmduphuqyxcporxn"},
{"predicate": {"custom_model_data": 128},"model": "minecraft:item/kvnjdiasbopqhrtmayqolnoiphrltcxv"},
{"predicate": {"custom_model_data": 129},"model": "minecraft:item/qmzptrjvtardyioqkaruqelmslmkhbhu"},
{"predicate": {"custom_model_data": 130},"model": "minecraft:item/hquacaqizsiwxiwkugencnrxrrhapxhi"},
{"predicate": {"custom_model_data": 133},"model": "minecraft:item/cghauymfqeswypwmrozfcblveykpwcdy"},
{"predicate": {"custom_model_data": 134},"model": "minecraft:item/cyozdbxtzretjvawnrjyhrhqwxnoiatz"},
{"predicate": {"custom_model_data": 135},"model": "minecraft:item/ytapyalhjpfnvwyyjzbgirfmeubahyqo"},
{"predicate": {"custom_model_data": 136},"model": "minecraft:item/ldlwagzpuspoigsdpbctxqnzukybjiwe"},

{"predicate": {"custom_model_data":325}, "model": "minecraft:item/tphbxnonoytrgqxolsbpxcfypylfnbxi"},
{"predicate": {"custom_model_data":326}, "model": "minecraft:item/dtalrsadlftutzkupabljdlpnvtgqwrh"}

]
}