{
	"credit": "Copyright © 2021-2099 Ikaho-Onsen Minecraft Server. All rights reserved.",
	"textures": {
		"0": "minecraft:item/bread/bread_05",
		"particle": "minecraft:item/bread/bread_05",
		"1": "minecraft:item/bread/bread_05_layer1",
		"2": "item/bread/stripped_oak_log",
		"3": "item/bread/plaid_red"
	},
	"elements": [
		{
			"from": [6, 1, 7],
			"to": [9, 3, 9],
			"rotation": {"angle": -22.5, "axis": "y", "origin": [10, 2.55, 8]},
			"faces": {
				"east": {"uv": [4, 10, 6, 12], "texture": "#0"},
				"west": {"uv": [3, 8, 5, 10], "texture": "#0"},
				"up": {"uv": [0, 3, 3, 5], "texture": "#0"},
				"down": {"uv": [13, 3, 16, 5], "texture": "#0"}
			}
		},
		{
			"from": [6, 1, 5],
			"to": [14, 3, 7],
			"rotation": {"angle": -22.5, "axis": "y", "origin": [10, 2.55, 8]},
			"faces": {
				"north": {"uv": [0, 8, 8, 10], "texture": "#0"},
				"east": {"uv": [5, 8, 7, 10], "texture": "#0"},
				"south": {"uv": [0, 10, 8, 12], "texture": "#0"},
				"west": {"uv": [1, 8, 3, 10], "texture": "#0"},
				"up": {"uv": [0, 1, 8, 3], "texture": "#0"},
				"down": {"uv": [8, 1, 16, 3], "texture": "#0"}
			}
		},
		{
			"from": [6, 1, 9],
			"to": [14, 3, 11],
			"rotation": {"angle": -22.5, "axis": "y", "origin": [10, 2.55, 8]},
			"faces": {
				"north": {"uv": [0, 10, 8, 12], "texture": "#0"},
				"east": {"uv": [1, 8, 3, 10], "texture": "#0"},
				"south": {"uv": [0, 8, 8, 10], "texture": "#0"},
				"west": {"uv": [5, 8, 7, 10], "texture": "#0"},
				"up": {"uv": [0, 5, 8, 7], "texture": "#0"},
				"down": {"uv": [8, 5, 16, 7], "texture": "#0"}
			}
		},
		{
			"from": [7, 1, 11],
			"to": [13, 3, 12],
			"rotation": {"angle": -22.5, "axis": "y", "origin": [10, 2.55, 8]},
			"faces": {
				"east": {"uv": [0, 8, 1, 10], "texture": "#0"},
				"south": {"uv": [1, 8, 7, 10], "texture": "#0"},
				"west": {"uv": [7, 8, 8, 10], "texture": "#0"},
				"up": {"uv": [1, 7, 7, 8], "texture": "#0"},
				"down": {"uv": [9, 7, 15, 8], "texture": "#0"}
			}
		},
		{
			"from": [7, 1, 4],
			"to": [13, 3, 5],
			"rotation": {"angle": -22.5, "axis": "y", "origin": [10, 2.55, 8]},
			"faces": {
				"north": {"uv": [1, 8, 7, 10], "texture": "#0"},
				"east": {"uv": [7, 8, 8, 10], "texture": "#0"},
				"west": {"uv": [0, 8, 1, 10], "texture": "#0"},
				"up": {"uv": [1, 0, 7, 1], "texture": "#0"},
				"down": {"uv": [9, 0, 15, 1], "texture": "#0"}
			}
		},
		{
			"from": [11, 1, 7],
			"to": [14, 3, 9],
			"rotation": {"angle": -22.5, "axis": "y", "origin": [10, 2.55, 8]},
			"faces": {
				"east": {"uv": [3, 8, 5, 10], "texture": "#0"},
				"west": {"uv": [3, 10, 5, 12], "texture": "#0"},
				"up": {"uv": [5, 3, 8, 5], "texture": "#0"},
				"down": {"uv": [8, 3, 11, 5], "texture": "#0"}
			}
		},
		{
			"from": [6, 3.1, 4],
			"to": [14, 3.1, 12],
			"rotation": {"angle": -22.5, "axis": "y", "origin": [10, 2.55, 8]},
			"faces": {
				"up": {"uv": [0, 0, 8, 8], "texture": "#1"}
			}
		},
		{
			"from": [14, 0, 4],
			"to": [15, 1, 12],
			"rotation": {"angle": 0, "axis": "y", "origin": [7.95424, 2.6272, 7.99654]},
			"faces": {
				"north": {"uv": [0.06, 0.06, 0.94, 0.94], "texture": "#2"},
				"east": {"uv": [0.06, 0.06, 7.94, 0.94], "texture": "#2"},
				"south": {"uv": [4.06, 3.06, 4.94, 3.94], "texture": "#2"},
				"west": {"uv": [3.06, 0.06, 10.94, 0.94], "texture": "#2"},
				"up": {"uv": [6.94, 11.94, 6.06, 4.06], "texture": "#2"},
				"down": {"uv": [6.94, 10.94, 6.06, 3.06], "texture": "#2"}
			}
		},
		{
			"from": [1, 0, 4],
			"to": [2, 1, 12],
			"rotation": {"angle": 0, "axis": "y", "origin": [7.95424, 2.6272, 7.99654]},
			"faces": {
				"north": {"uv": [7.06, 4.06, 7.94, 4.94], "texture": "#2"},
				"south": {"uv": [7.06, 4.06, 7.94, 4.94], "texture": "#2"},
				"west": {"uv": [4.06, 7.06, 11.94, 7.94], "texture": "#2"},
				"up": {"uv": [7.94, 11.94, 7.06, 4.06], "texture": "#2"},
				"down": {"uv": [7.94, 11.94, 7.06, 4.06], "texture": "#2"}
			}
		},
		{
			"from": [2, 0, 4],
			"to": [14, 1, 5],
			"rotation": {"angle": 0, "axis": "y", "origin": [7.95424, 2.6272, 7.99654]},
			"faces": {
				"north": {"uv": [0.06, 0.06, 11.94, 0.94], "texture": "#2"},
				"south": {"uv": [0.06, 0.06, 11.94, 0.94], "texture": "#2"},
				"up": {"uv": [13.94, 9.94, 2.06, 9.06], "texture": "#2"},
				"down": {"uv": [11.94, 0.94, 0.06, 0.06], "texture": "#2"}
			}
		},
		{
			"from": [2, 0, 5],
			"to": [14, 0.75, 6],
			"rotation": {"angle": 0, "axis": "y", "origin": [7.95424, 2.6272, 7.99654]},
			"faces": {
				"up": {"uv": [0.94, 13.94, 0.06, 2.06], "rotation": 90, "texture": "#2"},
				"down": {"uv": [14.94, 8.94, 3.06, 8.06], "texture": "#2"}
			}
		},
		{
			"from": [2, 0, 10],
			"to": [14, 0.75, 11],
			"rotation": {"angle": 0, "axis": "y", "origin": [7.95424, 2.6272, 7.99654]},
			"faces": {
				"up": {"uv": [0.94, 13.94, 0.06, 2.06], "rotation": 90, "texture": "#2"},
				"down": {"uv": [14.94, 6.94, 3.06, 6.06], "texture": "#2"}
			}
		},
		{
			"from": [2, 0, 6],
			"to": [3, 0.75, 10],
			"rotation": {"angle": 0, "axis": "y", "origin": [7.95424, 2.6272, 7.99654]},
			"faces": {
				"up": {"uv": [0.94, 7.94, 0.06, 4.06], "texture": "#2"},
				"down": {"uv": [6.94, 8.94, 6.06, 5.06], "texture": "#2"}
			}
		},
		{
			"from": [13, 0, 6],
			"to": [14, 0.75, 10],
			"rotation": {"angle": 0, "axis": "y", "origin": [7.95424, 2.6272, 7.99654]},
			"faces": {
				"up": {"uv": [0.94, 10.94, 0.06, 7.06], "texture": "#2"},
				"down": {"uv": [7.94, 9.94, 7.06, 6.06], "texture": "#2"}
			}
		},
		{
			"from": [2, 0, 11],
			"to": [14, 1, 12],
			"rotation": {"angle": 0, "axis": "y", "origin": [7.95424, 2.6272, 7.99654]},
			"faces": {
				"north": {"uv": [2.06, 4.06, 13.94, 4.94], "texture": "#2"},
				"south": {"uv": [2.06, 4.06, 13.94, 4.94], "texture": "#2"},
				"up": {"uv": [14.94, 3.94, 3.06, 3.06], "texture": "#2"},
				"down": {"uv": [13.94, 4.94, 2.06, 4.06], "texture": "#2"}
			}
		},
		{
			"from": [3, 0, 6],
			"to": [13, 1, 10],
			"rotation": {"angle": 0, "axis": "y", "origin": [7.95424, 2.6272, 7.99654]},
			"faces": {
				"north": {"uv": [4.06, 4.06, 13.94, 4.94], "texture": "#2"},
				"east": {"uv": [0.06, 0.06, 3.94, 0.94], "texture": "#2"},
				"south": {"uv": [0.06, 0.06, 9.94, 0.94], "texture": "#2"},
				"west": {"uv": [0.06, 0.06, 3.94, 0.94], "texture": "#2"},
				"up": {"uv": [12.94, 13.94, 3.06, 10.06], "texture": "#2"},
				"down": {"uv": [12.94, 13.94, 3.06, 10.06], "texture": "#2"}
			}
		},
		{
			"from": [2.84522, 1.05, 5.73322],
			"to": [8.84522, 1.05, 11.73322],
			"rotation": {"angle": -22.5, "axis": "y", "origin": [7.95424, 2.6272, 7.99654]},
			"faces": {
				"up": {"uv": [15, 14, 1, 0], "rotation": 90, "texture": "#3"}
			}
		},
		{
			"from": [1, 2, 7],
			"to": [4, 4, 9],
			"rotation": {"angle": 22.5, "axis": "z", "origin": [5, 3.55, 8]},
			"faces": {
				"east": {"uv": [4, 10, 6, 12], "texture": "#0"},
				"west": {"uv": [3, 8, 5, 10], "texture": "#0"},
				"up": {"uv": [0, 3, 3, 5], "texture": "#0"},
				"down": {"uv": [13, 3, 16, 5], "texture": "#0"}
			}
		},
		{
			"from": [1, 2, 5],
			"to": [9, 4, 7],
			"rotation": {"angle": 22.5, "axis": "z", "origin": [5, 3.55, 8]},
			"faces": {
				"north": {"uv": [0, 8, 8, 10], "texture": "#0"},
				"east": {"uv": [5, 8, 7, 10], "texture": "#0"},
				"south": {"uv": [0, 10, 8, 12], "texture": "#0"},
				"west": {"uv": [1, 8, 3, 10], "texture": "#0"},
				"up": {"uv": [0, 1, 8, 3], "texture": "#0"},
				"down": {"uv": [8, 1, 16, 3], "texture": "#0"}
			}
		},
		{
			"from": [1, 2, 9],
			"to": [9, 4, 11],
			"rotation": {"angle": 22.5, "axis": "z", "origin": [5, 3.55, 8]},
			"faces": {
				"north": {"uv": [0, 10, 8, 12], "texture": "#0"},
				"east": {"uv": [1, 8, 3, 10], "texture": "#0"},
				"south": {"uv": [0, 8, 8, 10], "texture": "#0"},
				"west": {"uv": [5, 8, 7, 10], "texture": "#0"},
				"up": {"uv": [0, 5, 8, 7], "texture": "#0"},
				"down": {"uv": [8, 5, 16, 7], "texture": "#0"}
			}
		},
		{
			"from": [2, 2, 11],
			"to": [8, 4, 12],
			"rotation": {"angle": 22.5, "axis": "z", "origin": [5, 3.55, 8]},
			"faces": {
				"east": {"uv": [0, 8, 1, 10], "texture": "#0"},
				"south": {"uv": [1, 8, 7, 10], "texture": "#0"},
				"west": {"uv": [7, 8, 8, 10], "texture": "#0"},
				"up": {"uv": [1, 7, 7, 8], "texture": "#0"},
				"down": {"uv": [9, 7, 15, 8], "texture": "#0"}
			}
		},
		{
			"from": [2, 2, 4],
			"to": [8, 4, 5],
			"rotation": {"angle": 22.5, "axis": "z", "origin": [5, 3.55, 8]},
			"faces": {
				"north": {"uv": [1, 8, 7, 10], "texture": "#0"},
				"east": {"uv": [7, 8, 8, 10], "texture": "#0"},
				"west": {"uv": [0, 8, 1, 10], "texture": "#0"},
				"up": {"uv": [1, 0, 7, 1], "texture": "#0"},
				"down": {"uv": [9, 0, 15, 1], "texture": "#0"}
			}
		},
		{
			"from": [6, 2, 7],
			"to": [9, 4, 9],
			"rotation": {"angle": 22.5, "axis": "z", "origin": [5, 3.55, 8]},
			"faces": {
				"east": {"uv": [3, 8, 5, 10], "texture": "#0"},
				"west": {"uv": [3, 10, 5, 12], "texture": "#0"},
				"up": {"uv": [5, 3, 8, 5], "texture": "#0"},
				"down": {"uv": [8, 3, 11, 5], "texture": "#0"}
			}
		},
		{
			"from": [1, 4.1, 4],
			"to": [9, 4.1, 12],
			"rotation": {"angle": 22.5, "axis": "z", "origin": [5, 3.55, 8]},
			"faces": {
				"up": {"uv": [0, 0, 8, 8], "texture": "#1"}
			}
		}
	],
	"gui_light": "front",
	"display": {
		"thirdperson_righthand": {
			"rotation": [70, 0, 0],
			"translation": [-5.5, 5.5, 6.5],
			"scale": [0.99, 0.99, 0.99]
		},
		"thirdperson_lefthand": {
			"rotation": [70, 0, 0],
			"translation": [-5.5, 5.5, 6.5],
			"scale": [0.99, 0.99, 0.99]
		},
		"firstperson_righthand": {
			"translation": [-8.75, 5.25, 0]
		},
		"firstperson_lefthand": {
			"translation": [-8.75, 5.25, 0]
		},
		"ground": {
			"translation": [0, 3, 0],
			"scale": [0.8, 0.8, 0.8]
		},
		"gui": {
			"rotation": [33, 135, 0],
			"translation": [0, 5.25, 0],
			"scale": [0.95, 0.95, 0.95]
		},
		"head": {
			"translation": [0, 18.5, 0],
			"scale": [1.5, 1.5, 1.5]
		},
		"fixed": {
			"rotation": [-90, 0, 0],
			"translation": [0, 0, -15.7],
			"scale": [2, 2, 2]
		}
	},
	"groups": [
		{
			"name": "bread_05",
			"origin": [0, 0, 0],
			"color": 0,
			"nbt": "{}",
			"armAnimationEnabled": false,
			"children": [0, 1, 2, 3, 4, 5, 6]
		},
		{
			"name": "breadboard_0",
			"origin": [8, 8, 8],
			"color": 0,
			"nbt": "{}",
			"armAnimationEnabled": false,
			"children": [
				{
					"name": "beardboard_0",
					"origin": [0, 0, 0],
					"color": 0,
					"nbt": "{}",
					"armAnimationEnabled": false,
					"children": [
						{
							"name": "group",
							"origin": [0, 0, 0],
							"color": 0,
							"nbt": "{}",
							"armAnimationEnabled": false,
							"children": [7, 8, 9, 10, 11, 12, 13, 14, 15]
						},
						16
					]
				}
			]
		},
		{
			"name": "bread_05",
			"origin": [0, 0, 0],
			"color": 0,
			"nbt": "{}",
			"armAnimationEnabled": false,
			"children": [17, 18, 19, 20, 21, 22, 23]
		}
	]
}