{
	"credit": "Copyright © 2021-2099 Ikaho-Onsen Minecraft Server. All rights reserved.",
	"elements": [
		{
			"from": [2, 9.98324, 4.30029],
			"to": [14, 17.98324, 16.30029],
			"rotation": {"angle": 22.5, "axis": "x", "origin": [8, 15.48324, 8.30029]},
			"color": 4,
			"faces": {
				"north": {"uv": [0, 0, 12, 8], "texture": "#missing"},
				"east": {"uv": [0, 0, 12, 8], "texture": "#missing"},
				"south": {"uv": [0, 0, 12, 8], "texture": "#missing"},
				"west": {"uv": [0, 0, 12, 8], "texture": "#missing"},
				"up": {"uv": [0, 0, 12, 12], "texture": "#missing"},
				"down": {"uv": [0, 0, 12, 12], "texture": "#missing"}
			}
		},
		{
			"from": [4, 17.98324, 6.30029],
			"to": [12, 19.98324, 14.30029],
			"rotation": {"angle": 22.5, "axis": "x", "origin": [8, 15.48324, 8.30029]},
			"color": 4,
			"faces": {
				"north": {"uv": [0, 0, 8, 2], "texture": "#missing"},
				"east": {"uv": [0, 0, 8, 2], "texture": "#missing"},
				"south": {"uv": [0, 0, 8, 2], "texture": "#missing"},
				"west": {"uv": [0, 0, 8, 2], "texture": "#missing"},
				"up": {"uv": [0, 0, 8, 8], "texture": "#missing"},
				"down": {"uv": [0, 0, 8, 8], "texture": "#missing"}
			}
		},
		{
			"from": [5, 7.98324, 4.00029],
			"to": [11, 14.98324, 4.00029],
			"rotation": {"angle": 45, "axis": "x", "origin": [8, 15.48324, 8.30029]},
			"color": 4,
			"faces": {
				"north": {"uv": [0, 0, 6, 15], "texture": "#missing"},
				"east": {"uv": [0, 0, 0, 15], "texture": "#missing"},
				"south": {"uv": [0, 0, 6, 15], "texture": "#missing"},
				"west": {"uv": [0, 0, 0, 15], "texture": "#missing"},
				"up": {"uv": [0, 0, 6, 0], "texture": "#missing"},
				"down": {"uv": [0, 0, 6, 0], "texture": "#missing"}
			}
		},
		{
			"from": [5, 11.4975, -5.70065],
			"to": [11, 11.4975, 0.29935],
			"rotation": {"angle": -22.5, "axis": "x", "origin": [8, 11.4975, -4.20065]},
			"color": 4,
			"faces": {
				"north": {"uv": [0, 0, 6, 0], "rotation": 180, "texture": "#missing"},
				"east": {"uv": [0, 0, 0, 15], "rotation": 270, "texture": "#missing"},
				"south": {"uv": [0, 0, 6, 0], "texture": "#missing"},
				"west": {"uv": [0, 0, 0, 15], "rotation": 90, "texture": "#missing"},
				"up": {"uv": [0, 0, 6, 15], "rotation": 180, "texture": "#missing"},
				"down": {"uv": [0, 0, 6, 15], "texture": "#missing"}
			}
		},
		{
			"from": [2, 0.23464, 3],
			"to": [14, 5.23464, 15],
			"rotation": {"angle": -22.5, "axis": "x", "origin": [8, 2.73464, 9]},
			"color": 4,
			"faces": {
				"north": {"uv": [0, 0, 12, 5], "texture": "#missing"},
				"east": {"uv": [0, 0, 12, 5], "texture": "#missing"},
				"south": {"uv": [0, 0, 12, 5], "texture": "#missing"},
				"west": {"uv": [0, 0, 12, 5], "texture": "#missing"},
				"up": {"uv": [0, 0, 12, 12], "texture": "#missing"},
				"down": {"uv": [0, 0, 12, 12], "texture": "#missing"}
			}
		},
		{
			"from": [3, 2.32389, 1.66181],
			"to": [13, 4.32389, 13.66181],
			"rotation": {"angle": -22.5, "axis": "x", "origin": [8, 2.62935, 4.02793]},
			"color": 4,
			"faces": {
				"north": {"uv": [0, 0, 12, 5], "texture": "#missing"},
				"east": {"uv": [0, 0, 12, 5], "texture": "#missing"},
				"south": {"uv": [0, 0, 12, 5], "texture": "#missing"},
				"west": {"uv": [0, 0, 12, 5], "texture": "#missing"},
				"up": {"uv": [0, 0, 12, 12], "texture": "#missing"},
				"down": {"uv": [0, 0, 12, 12], "texture": "#missing"}
			}
		},
		{
			"from": [4, -2.73787, 0.61541],
			"to": [12, 2.26213, 2.61541],
			"rotation": {"angle": 22.5, "axis": "x", "origin": [7, 1.32279, 3.48673]},
			"color": 4,
			"faces": {
				"north": {"uv": [0, 0, 12, 12], "rotation": 180, "texture": "#missing"},
				"east": {"uv": [0, 0, 12, 5], "rotation": 90, "texture": "#missing"},
				"south": {"uv": [0, 0, 12, 12], "texture": "#missing"},
				"west": {"uv": [0, 0, 12, 5], "rotation": 270, "texture": "#missing"},
				"up": {"uv": [0, 0, 12, 5], "texture": "#missing"},
				"down": {"uv": [0, 0, 12, 5], "rotation": 180, "texture": "#missing"}
			}
		},
		{
			"from": [4, -1, 4.84776],
			"to": [12, 1, 12.84776],
			"rotation": {"angle": -22.5, "axis": "x", "origin": [6, 3.5, 10.84776]},
			"color": 4,
			"faces": {
				"north": {"uv": [0, 0, 8, 2], "texture": "#missing"},
				"east": {"uv": [0, 0, 8, 2], "texture": "#missing"},
				"south": {"uv": [0, 0, 8, 2], "texture": "#missing"},
				"west": {"uv": [0, 0, 8, 2], "texture": "#missing"},
				"up": {"uv": [0, 0, 8, 8], "texture": "#missing"},
				"down": {"uv": [0, 0, 8, 8], "texture": "#missing"}
			}
		}
	],
	"display": {
		"head": {
			"translation": [0, -2.25, -0.5],
			"scale": [1.5, 1.5, 1.5]
		}
	}
}