{
	"credit": "Made with Blockbench",
	"textures": {
		"0": "item/bunny_ear_01",
		"particle": "item/bunny_ear_01"
	},
	"elements": [
		{
			"from": [4, 9, 7.5],
			"to": [7, 19, 9.5],
			"rotation": {"angle": 0, "axis": "x", "origin": [5.5, 13.75, 8]},
			"faces": {
				"north": {"uv": [0, 1, 3, 11], "texture": "#0", "tintindex": 0},
				"east": {"uv": [6, 1, 8, 11], "texture": "#0", "tintindex": 0},
				"south": {"uv": [3, 1, 6, 11], "texture": "#0", "tintindex": 0},
				"west": {"uv": [8, 1, 10, 11], "texture": "#0", "tintindex": 0},
				"up": {"uv": [13, 11, 10, 9], "texture": "#0", "tintindex": 0},
				"down": {"uv": [3, 9, 0, 11], "texture": "#0", "tintindex": 0}
			}
		},
		{
			"from": [5, 19, 7.5],
			"to": [7, 20, 9.5],
			"rotation": {"angle": 0, "axis": "x", "origin": [5.5, 13.75, 8]},
			"faces": {
				"north": {"uv": [0, 0, 2, 1], "texture": "#0", "tintindex": 0},
				"east": {"uv": [6, 0, 8, 1], "texture": "#0", "tintindex": 0},
				"south": {"uv": [3, 0, 5, 1], "texture": "#0", "tintindex": 0},
				"west": {"uv": [8, 0, 10, 1], "texture": "#0", "tintindex": 0},
				"up": {"uv": [13, 11, 10, 9], "texture": "#0", "tintindex": 0},
				"down": {"uv": [3, 9, 0, 11], "texture": "#0", "tintindex": 0}
			}
		},
		{
			"from": [4, 8, 7],
			"to": [12, 9, 10],
			"rotation": {"angle": 0, "axis": "x", "origin": [5.5, 13.75, 8]},
			"faces": {
				"north": {"uv": [3, 9, 6, 10], "texture": "#0", "tintindex": 0},
				"east": {"uv": [3, 9, 6, 10], "texture": "#0", "tintindex": 0},
				"south": {"uv": [3, 9, 6, 10], "texture": "#0", "tintindex": 0},
				"west": {"uv": [3, 9, 6, 10], "texture": "#0", "tintindex": 0},
				"up": {"uv": [5, 8, 3, 7], "texture": "#0", "tintindex": 0},
				"down": {"uv": [6, 10, 3, 11], "texture": "#0", "tintindex": 0}
			}
		},
		{
			"from": [5, 9, 7.5],
			"to": [6, 17, 7.5],
			"rotation": {"angle": 0, "axis": "x", "origin": [5.5, 13.75, 8]},
			"faces": {
				"north": {"uv": [10, 0, 11, 8], "texture": "#0"}
			}
		},
		{
			"from": [1, 5, 8],
			"to": [4, 8, 11],
			"rotation": {"angle": -22.5, "axis": "y", "origin": [2.5, 6.5, 9.5]},
			"faces": {
				"north": {"uv": [11, 0, 14, 3], "texture": "#0"},
				"east": {"uv": [6, 13, 3, 16], "texture": "#0"},
				"south": {"uv": [11, 0, 14, 3], "texture": "#0"},
				"west": {"uv": [6, 13, 3, 16], "texture": "#0"},
				"up": {"uv": [11, 6, 14, 9], "rotation": 270, "texture": "#0"},
				"down": {"uv": [11, 3, 14, 6], "rotation": 90, "texture": "#0"}
			}
		},
		{
			"from": [0.7, 6, 7.7],
			"to": [4.3, 7, 11.3],
			"rotation": {"angle": -22.5, "axis": "y", "origin": [2.5, 6.5, 9.5]},
			"faces": {
				"north": {"uv": [3, 11, 6, 12], "texture": "#0"},
				"east": {"uv": [6, 12, 3, 13], "texture": "#0"},
				"south": {"uv": [3, 11, 6, 12], "texture": "#0"},
				"west": {"uv": [6, 12, 3, 13], "texture": "#0"},
				"up": {"uv": [0, 13, 3, 16], "rotation": 270, "texture": "#0"},
				"down": {"uv": [0, 16, 3, 13], "rotation": 90, "texture": "#0"}
			}
		},
		{
			"from": [1, 6.6, 6],
			"to": [4, 9.6, 9],
			"rotation": {"angle": -22.5, "axis": "z", "origin": [2.5, 8.1, 7.5]},
			"faces": {
				"north": {"uv": [6, 13, 3, 16], "texture": "#0"},
				"east": {"uv": [11, 0, 14, 3], "texture": "#0"},
				"south": {"uv": [6, 13, 3, 16], "texture": "#0"},
				"west": {"uv": [11, 0, 14, 3], "texture": "#0"},
				"up": {"uv": [11, 6, 14, 9], "texture": "#0"},
				"down": {"uv": [11, 3, 14, 6], "texture": "#0"}
			}
		},
		{
			"from": [0.7, 7.6, 5.7],
			"to": [4.3, 8.6, 9.3],
			"rotation": {"angle": -22.5, "axis": "z", "origin": [2.5, 8.1, 7.5]},
			"faces": {
				"north": {"uv": [6, 12, 3, 13], "texture": "#0"},
				"east": {"uv": [3, 11, 6, 12], "texture": "#0"},
				"south": {"uv": [6, 12, 3, 13], "texture": "#0"},
				"west": {"uv": [3, 11, 6, 12], "texture": "#0"},
				"up": {"uv": [0, 13, 3, 16], "texture": "#0"},
				"down": {"uv": [0, 16, 3, 13], "texture": "#0"}
			}
		},
		{
			"from": [2.7, -0.3, 7],
			"to": [2.7, 8.7, 10],
			"rotation": {"angle": -22.5, "axis": "x", "origin": [2.7, 5.2, 7.5]},
			"faces": {
				"east": {"uv": [6, 14, 15, 11], "rotation": 270, "texture": "#0"},
				"west": {"uv": [6, 11, 15, 14], "rotation": 270, "texture": "#0"}
			}
		},
		{
			"from": [3, -0.78925, 5.93492],
			"to": [3, 8.21075, 8.93492],
			"rotation": {"angle": 0, "axis": "x", "origin": [3, 6.4, 7.9]},
			"faces": {
				"east": {"uv": [6, 14, 15, 11], "rotation": 270, "texture": "#0"},
				"west": {"uv": [6, 11, 15, 14], "rotation": 270, "texture": "#0"}
			}
		},
		{
			"from": [9, 9, 7.5],
			"to": [12, 19, 9.5],
			"rotation": {"angle": 0, "axis": "x", "origin": [10.5, 13.75, 8]},
			"faces": {
				"north": {"uv": [3, 1, 0, 11], "texture": "#0", "tintindex": 0},
				"east": {"uv": [10, 1, 8, 11], "texture": "#0", "tintindex": 0},
				"south": {"uv": [6, 1, 3, 11], "texture": "#0", "tintindex": 0},
				"west": {"uv": [8, 1, 6, 11], "texture": "#0", "tintindex": 0},
				"up": {"uv": [10, 11, 13, 9], "texture": "#0", "tintindex": 0},
				"down": {"uv": [0, 9, 3, 11], "texture": "#0", "tintindex": 0}
			}
		},
		{
			"from": [9, 19, 7.5],
			"to": [11, 20, 9.5],
			"rotation": {"angle": 0, "axis": "x", "origin": [10.5, 13.75, 8]},
			"faces": {
				"north": {"uv": [2, 0, 0, 1], "texture": "#0", "tintindex": 0},
				"east": {"uv": [10, 0, 8, 1], "texture": "#0", "tintindex": 0},
				"south": {"uv": [5, 0, 3, 1], "texture": "#0", "tintindex": 0},
				"west": {"uv": [8, 0, 6, 1], "texture": "#0", "tintindex": 0},
				"up": {"uv": [10, 11, 13, 9], "texture": "#0", "tintindex": 0},
				"down": {"uv": [0, 9, 3, 11], "texture": "#0", "tintindex": 0}
			}
		},
		{
			"from": [10, 9, 7.5],
			"to": [11, 17, 7.5],
			"rotation": {"angle": 0, "axis": "x", "origin": [10.5, 13.75, 8]},
			"faces": {
				"north": {"uv": [11, 0, 10, 8], "texture": "#0"}
			}
		},
		{
			"from": [12, 5, 8],
			"to": [15, 8, 11],
			"rotation": {"angle": 22.5, "axis": "y", "origin": [13.5, 6.5, 9.5]},
			"faces": {
				"north": {"uv": [14, 0, 11, 3], "texture": "#0"},
				"east": {"uv": [3, 13, 6, 16], "texture": "#0"},
				"south": {"uv": [14, 0, 11, 3], "texture": "#0"},
				"west": {"uv": [3, 13, 6, 16], "texture": "#0"},
				"up": {"uv": [11, 9, 14, 6], "rotation": 270, "texture": "#0"},
				"down": {"uv": [11, 6, 14, 3], "rotation": 90, "texture": "#0"}
			}
		},
		{
			"from": [11.7, 6, 7.7],
			"to": [15.3, 7, 11.3],
			"rotation": {"angle": 22.5, "axis": "y", "origin": [13.5, 6.5, 9.5]},
			"faces": {
				"north": {"uv": [6, 11, 3, 12], "texture": "#0"},
				"east": {"uv": [3, 12, 6, 13], "texture": "#0"},
				"south": {"uv": [6, 11, 3, 12], "texture": "#0"},
				"west": {"uv": [3, 12, 6, 13], "texture": "#0"},
				"up": {"uv": [0, 16, 3, 13], "rotation": 270, "texture": "#0"},
				"down": {"uv": [0, 13, 3, 16], "rotation": 90, "texture": "#0"}
			}
		},
		{
			"from": [12, 6.6, 6],
			"to": [15, 9.6, 9],
			"rotation": {"angle": 22.5, "axis": "z", "origin": [13.5, 8.1, 7.5]},
			"faces": {
				"north": {"uv": [3, 13, 6, 16], "texture": "#0"},
				"east": {"uv": [14, 0, 11, 3], "texture": "#0"},
				"south": {"uv": [3, 13, 6, 16], "texture": "#0"},
				"west": {"uv": [14, 0, 11, 3], "texture": "#0"},
				"up": {"uv": [14, 6, 11, 9], "texture": "#0"},
				"down": {"uv": [14, 3, 11, 6], "texture": "#0"}
			}
		},
		{
			"from": [11.7, 7.6, 5.7],
			"to": [15.3, 8.6, 9.3],
			"rotation": {"angle": 22.5, "axis": "z", "origin": [13.5, 8.1, 7.5]},
			"faces": {
				"north": {"uv": [3, 12, 6, 13], "texture": "#0"},
				"east": {"uv": [6, 11, 3, 12], "texture": "#0"},
				"south": {"uv": [3, 12, 6, 13], "texture": "#0"},
				"west": {"uv": [6, 11, 3, 12], "texture": "#0"},
				"up": {"uv": [3, 13, 0, 16], "texture": "#0"},
				"down": {"uv": [3, 16, 0, 13], "texture": "#0"}
			}
		},
		{
			"from": [13.3, -0.3, 7],
			"to": [13.3, 8.7, 10],
			"rotation": {"angle": -22.5, "axis": "x", "origin": [13.3, 5.2, 7.5]},
			"faces": {
				"east": {"uv": [6, 14, 15, 11], "rotation": 270, "texture": "#0"},
				"west": {"uv": [6, 11, 15, 14], "rotation": 270, "texture": "#0"}
			}
		},
		{
			"from": [13, -0.78925, 5.93492],
			"to": [13, 8.21075, 8.93492],
			"rotation": {"angle": 0, "axis": "x", "origin": [13, 6.4, 7.9]},
			"faces": {
				"east": {"uv": [6, 14, 15, 11], "rotation": 270, "texture": "#0"},
				"west": {"uv": [6, 11, 15, 14], "rotation": 270, "texture": "#0"}
			}
		}
	],
	"gui_light": "front",
	"display": {
		"thirdperson_righthand": {
			"rotation": [75, 45, 0],
			"translation": [0, 2.5, 0],
			"scale": [0.375, 0.375, 0.375]
		},
		"thirdperson_lefthand": {
			"rotation": [75, 45, 0],
			"translation": [0, 2.5, 0],
			"scale": [0.375, 0.375, 0.375]
		},
		"firstperson_righthand": {
			"rotation": [0, 25, 0],
			"translation": [2.5, 0, 0],
			"scale": [0.4, 0.4, 0.4]
		},
		"firstperson_lefthand": {
			"rotation": [0, 25, 0],
			"translation": [2.5, 0, 0],
			"scale": [0.4, 0.4, 0.4]
		},
		"ground": {
			"translation": [0, 2, 0],
			"scale": [0.5, 0.5, 0.5]
		},
		"gui": {
			"rotation": [33, 135, 0],
			"translation": [0, -0.25, 0],
			"scale": [0.65, 0.65, 0.65]
		},
		"head": {
			"translation": [0, 5.5, 0],
			"scale": [1.5, 1.5, 1.5]
		},
		"fixed": {
			"rotation": [-90, 0, 0],
			"translation": [0, 0, 1],
			"scale": [2, 2, 2]
		}
	},
	"groups": [
		{
			"name": "ear",
			"origin": [8, 12.75, 8],
			"color": 0,
			"children": [
				0,
				1,
				2,
				3,
				{
					"name": "ball",
					"origin": [8, 12.75, 8],
					"color": 0,
					"children": [4, 5]
				},
				{
					"name": "ball",
					"origin": [8, 12.75, 8],
					"color": 0,
					"children": [6, 7]
				},
				8,
				9
			]
		},
		{
			"name": "ear",
			"origin": [8, 12.75, 8],
			"color": 0,
			"children": [
				10,
				11,
				12,
				{
					"name": "ball",
					"origin": [8, 12.75, 8],
					"color": 0,
					"children": [13, 14]
				},
				{
					"name": "ball",
					"origin": [8, 12.75, 8],
					"color": 0,
					"children": [15, 16]
				},
				17,
				18
			]
		}
	]
}