{
	"credit": "Copyright © 2021-2099 Ikaho-Onsen Minecraft Server. All rights reserved.",
	"texture_size": [48, 48],
	"textures": {
		"0": "minecraft:item/weapon/naginata",
		"particle": "minecraft:item/weapon/naginata"
	},
	"elements": [
		{
			"from": [23.24902, 21.39769, 7.47678],
			"to": [24.24902, 24.64769, 8.47678],
			"rotation": {"angle": 45, "axis": "z", "origin": [7.51536, 8.1625, 7.99419]},
			"faces": {
				"north": {"uv": [4, 1.33333, 4.33333, 2.33333], "texture": "#0"},
				"east": {"uv": [4, 2.33333, 4.33333, 3.33333], "texture": "#0"},
				"south": {"uv": [4, 1.33333, 4.33333, 2.33333], "texture": "#0"},
				"west": {"uv": [4.33333, 2.33333, 4.66667, 3.33333], "texture": "#0"},
				"up": {"uv": [5.33333, 2.33333, 5, 2], "texture": "#0"},
				"down": {"uv": [5.33333, 2.33333, 5, 2.66667], "texture": "#0"}
			}
		},
		{
			"from": [20.08472, 21.49613, 7.49771],
			"to": [21.08472, 22.74613, 8.45771],
			"rotation": {"angle": 45, "axis": "z", "origin": [7.51536, 8.1625, 7.99419]},
			"faces": {
				"north": {"uv": [2.66667, 5, 3, 5.33333], "texture": "#0"},
				"east": {"uv": [3, 5, 3.33333, 5.33333], "texture": "#0"},
				"south": {"uv": [3.33333, 5, 3.66667, 5.33333], "texture": "#0"},
				"west": {"uv": [3.66667, 5, 4, 5.33333], "texture": "#0"},
				"up": {"uv": [5.33333, 4.33333, 5, 4], "texture": "#0"},
				"down": {"uv": [5.33333, 4.33333, 5, 4.66667], "texture": "#0"}
			}
		},
		{
			"from": [6.98572, 20.35, 7.48178],
			"to": [9.98572, 29.35, 8.47178],
			"rotation": {"angle": 0, "axis": "y", "origin": [7.51536, 8.1625, 7.99419]},
			"faces": {
				"north": {"uv": [1.66667, 0, 0.66667, 3], "texture": "#0"},
				"east": {"uv": [2, 3.33333, 2.33333, 6.66667], "texture": "#0"},
				"south": {"uv": [0.66667, 0, 1.66667, 3], "texture": "#0"},
				"west": {"uv": [2.33333, 3.33333, 2.66667, 6.66667], "texture": "#0"},
				"up": {"uv": [3.66667, 4.66667, 2.66667, 4.33333], "texture": "#0"},
				"down": {"uv": [4.66667, 4.33333, 3.66667, 4.66667], "texture": "#0"}
			}
		},
		{
			"from": [6.08572, 29.35, 7.48178],
			"to": [7.98572, 31, 8.47178],
			"rotation": {"angle": 0, "axis": "y", "origin": [7.51536, 8.1625, 7.99419]},
			"faces": {
				"north": {"uv": [4, 0, 4.66667, 0.66667], "texture": "#0"},
				"east": {"uv": [4.66667, 1.33333, 5, 2], "texture": "#0"},
				"south": {"uv": [4, 0, 4.66667, 0.66667], "texture": "#0"},
				"west": {"uv": [4.66667, 2, 5, 2.66667], "texture": "#0"},
				"up": {"uv": [3.33333, 5, 2.66667, 4.66667], "texture": "#0"},
				"down": {"uv": [5.33333, 2.66667, 4.66667, 3], "texture": "#0"}
			}
		},
		{
			"from": [6.08572, 31, 7.48178],
			"to": [7.68572, 31.65, 8.47178],
			"rotation": {"angle": 0, "axis": "y", "origin": [7.51536, 8.1625, 7.99419]},
			"faces": {
				"north": {"uv": [4.66667, 3, 5.33333, 3.33333], "texture": "#0"},
				"east": {"uv": [5, 4.66667, 5.33333, 5], "texture": "#0"},
				"south": {"uv": [3.33333, 4.66667, 4, 5], "texture": "#0"},
				"west": {"uv": [5, 5, 5.33333, 5.33333], "texture": "#0"},
				"up": {"uv": [5.33333, 3.66667, 4.66667, 3.33333], "texture": "#0"},
				"down": {"uv": [5.33333, 3.66667, 4.66667, 4], "texture": "#0"}
			}
		},
		{
			"from": [7.98572, 29.35, 7.48178],
			"to": [8.98572, 30.35, 8.47178],
			"rotation": {"angle": 0, "axis": "y", "origin": [7.51536, 8.1625, 7.99419]},
			"faces": {
				"north": {"uv": [5.33333, 2, 5.66667, 2.33333], "texture": "#0"},
				"east": {"uv": [5.33333, 2.33333, 5.66667, 2.66667], "texture": "#0"},
				"south": {"uv": [2.66667, 5.33333, 3, 5.66667], "texture": "#0"},
				"west": {"uv": [5.33333, 2.66667, 5.66667, 3], "texture": "#0"},
				"up": {"uv": [3.33333, 5.66667, 3, 5.33333], "texture": "#0"},
				"down": {"uv": [5.66667, 3, 5.33333, 3.33333], "texture": "#0"}
			}
		},
		{
			"from": [6.08572, 27.35, 7.48178],
			"to": [6.98572, 29.35, 8.47178],
			"rotation": {"angle": 0, "axis": "y", "origin": [7.51536, 8.1625, 7.99419]},
			"faces": {
				"north": {"uv": [4, 4.66667, 4.33333, 5.33333], "texture": "#0"},
				"east": {"uv": [4.66667, 4, 5, 4.66667], "texture": "#0"},
				"south": {"uv": [4.33333, 4.66667, 4.66667, 5.33333], "texture": "#0"},
				"west": {"uv": [4.66667, 4.66667, 5, 5.33333], "texture": "#0"},
				"up": {"uv": [3.66667, 5.66667, 3.33333, 5.33333], "texture": "#0"},
				"down": {"uv": [5.66667, 3.33333, 5.33333, 3.66667], "texture": "#0"}
			}
		},
		{
			"from": [6.95714, 19.35, 6.51161],
			"to": [9.95714, 20.35, 9.51161],
			"rotation": {"angle": -45, "axis": "y", "origin": [8.45714, 19.85, 8.01161]},
			"faces": {
				"north": {"uv": [2, 0, 3, 0.33333], "texture": "#0"},
				"east": {"uv": [2, 0.33333, 3, 0.66667], "texture": "#0"},
				"south": {"uv": [2, 0.66667, 3, 1], "texture": "#0"},
				"west": {"uv": [2, 1, 3, 1.33333], "texture": "#0"},
				"up": {"uv": [3.66667, 4.33333, 2.66667, 3.33333], "texture": "#0"},
				"down": {"uv": [4.66667, 3.33333, 3.66667, 4.33333], "texture": "#0"}
			}
		},
		{
			"from": [7.48572, -14.65, 7.47678],
			"to": [9.48572, 20.35, 8.47678],
			"rotation": {"angle": 0, "axis": "y", "origin": [7.51536, 8.1625, 7.99419]},
			"faces": {
				"north": {"uv": [0, 0, 0.66667, 11.66667], "texture": "#0"},
				"east": {"uv": [1.66667, 0, 2, 11.66667], "texture": "#0"},
				"south": {"uv": [0, 0, 0.66667, 11.66667], "texture": "#0"},
				"west": {"uv": [1.66667, 0, 2, 11.66667], "texture": "#0"},
				"up": {"uv": [5.66667, 1.66667, 5, 1.33333], "texture": "#0"},
				"down": {"uv": [5.66667, 1.66667, 5, 2], "texture": "#0"}
			}
		},
		{
			"from": [7.755, -15.5, 7.63],
			"to": [9.235, -14.5, 8.37],
			"rotation": {"angle": 0, "axis": "y", "origin": [7.51536, 8.1625, 7.99419]},
			"faces": {
				"north": {"uv": [3.66667, 5.33333, 4, 5.66667], "texture": "#0"},
				"east": {"uv": [5.33333, 3.66667, 5.58, 4], "texture": "#0"},
				"south": {"uv": [4, 5.33333, 4.33333, 5.66667], "texture": "#0"},
				"west": {"uv": [5.33333, 4, 5.58, 4.33333], "texture": "#0"},
				"up": {"uv": [4.66667, 5.66667, 4.33333, 5.33333], "texture": "#0"},
				"down": {"uv": [5.82667, 4.33333, 5.33333, 4.58], "texture": "#0"}
			}
		}
	],
	"gui_light": "front",
	"display": {
		"thirdperson_righthand": {
			"rotation": [0, 90, 0],
			"translation": [-0.25, 4, 1.5]
		},
		"thirdperson_lefthand": {
			"rotation": [0, -90, 0],
			"translation": [-0.25, 4, 1.5]
		},
		"firstperson_righthand": {
			"rotation": [121, 55, -128],
			"translation": [0, 2, 0],
			"scale": [0.7, 0.7, 0.7]
		},
		"firstperson_lefthand": {
			"rotation": [-121, -55, -88],
			"translation": [0, 2, 0],
			"scale": [0.7, 0.7, 0.7]
		},
		"ground": {
			"rotation": [90, 0, 0]
		},
		"gui": {
			"rotation": [-30, 180, 40],
			"translation": [0.75, 0.25, 0],
			"scale": [-0.45, 0.45, 0.45]
		},
		"head": {
			"rotation": [0, 0, -35],
			"translation": [3.25, -15, 5.75],
			"scale": [1.5, -1.5, 1.5]
		},
		"fixed": {
			"translation": [0, 0, -3.25],
			"scale": [2, 2, 2]
		}
	},
	"groups": [
		{
			"name": "naginata",
			"origin": [7.98572, 7.35, 8.47678],
			"color": 1,
			"children": [
				{
					"name": "blade",
					"origin": [-0.01428, -0.65, 0.47678],
					"color": 1,
					"children": [0, 1, 2, 3, 4, 5, 6]
				},
				{
					"name": "hold",
					"origin": [-0.01428, -0.65, 0.47678],
					"color": 1,
					"children": [7, 8, 9]
				}
			]
		}
	]
}