{
	"credit": "Copyright © 2021-2099 Ikaho-Onsen Minecraft Server. All rights reserved.",
	"textures": {
		"0": "minecraft:item/cookie_fk",
		"particle": "minecraft:item/cookie_fk"
	},
	"elements": [
		{
			"from": [6.5, 12.5, 7.5],
			"to": [9.5, 13.3, 8.5],
			"rotation": {"angle": 0, "axis": "y", "origin": [6.5, 6, 7.5]},
			"faces": {
				"north": {"uv": [0, 0, 3, 0.8], "texture": "#0"},
				"east": {"uv": [0, 0, 1, 0.8], "texture": "#0"},
				"south": {"uv": [0, 0, 3, 0.8], "texture": "#0"},
				"west": {"uv": [0, 0, 1, 0.8], "texture": "#0"},
				"up": {"uv": [0, 0, 3, 1], "texture": "#0"},
				"down": {"uv": [0, 0, 3, 1], "texture": "#0"}
			}
		},
		{
			"from": [6.5, 17.7, 7.5],
			"to": [9.5, 18.5, 8.5],
			"rotation": {"angle": 0, "axis": "y", "origin": [6.5, 6, 7.5]},
			"faces": {
				"north": {"uv": [0, 0, 3, 0.8], "texture": "#0"},
				"east": {"uv": [0, 0, 1, 0.8], "texture": "#0"},
				"south": {"uv": [0, 0, 3, 0.8], "texture": "#0"},
				"west": {"uv": [0, 0, 1, 0.8], "texture": "#0"},
				"up": {"uv": [0, 0, 3, 1], "texture": "#0"},
				"down": {"uv": [0, 0, 3, 1], "texture": "#0"}
			}
		},
		{
			"from": [10.2, 14, 7.5],
			"to": [11, 17, 8.5],
			"rotation": {"angle": 0, "axis": "y", "origin": [6, 6.5, 7.5]},
			"faces": {
				"north": {"uv": [0, 0, 0.8, 3], "texture": "#0"},
				"east": {"uv": [0, 0, 1, 3], "texture": "#0"},
				"south": {"uv": [0, 0, 0.8, 3], "texture": "#0"},
				"west": {"uv": [0, 0, 1, 3], "texture": "#0"},
				"up": {"uv": [0, 0, 0.8, 1], "texture": "#0"},
				"down": {"uv": [0, 0, 0.8, 1], "texture": "#0"}
			}
		},
		{
			"from": [5, 14, 7.5],
			"to": [5.8, 17, 8.5],
			"rotation": {"angle": 0, "axis": "y", "origin": [6, 6.5, 7.5]},
			"faces": {
				"north": {"uv": [0, 0, 0.8, 3], "texture": "#0"},
				"east": {"uv": [0, 0, 1, 3], "texture": "#0"},
				"south": {"uv": [0, 0, 0.8, 3], "texture": "#0"},
				"west": {"uv": [0, 0, 1, 3], "texture": "#0"},
				"up": {"uv": [0, 0, 0.8, 1], "texture": "#0"},
				"down": {"uv": [0, 0, 0.8, 1], "texture": "#0"}
			}
		},
		{
			"from": [5.75, 13.25, 7.5],
			"to": [10.25, 17.75, 8.5],
			"rotation": {"angle": 0, "axis": "y", "origin": [5.75, 5.75, 7.5]},
			"faces": {
				"north": {"uv": [0, 0, 4.5, 4.5], "texture": "#0"},
				"east": {"uv": [0, 0, 1, 4.5], "texture": "#0"},
				"south": {"uv": [0, 0, 4.5, 4.5], "texture": "#0"},
				"west": {"uv": [0, 0, 1, 4.5], "texture": "#0"},
				"up": {"uv": [0, 0, 4.5, 1], "texture": "#0"},
				"down": {"uv": [0, 0, 4.5, 1], "texture": "#0"}
			}
		},
		{
			"from": [6.5, 5.1, 7.5],
			"to": [9.5, 13.3, 8.5],
			"rotation": {"angle": 0, "axis": "y", "origin": [6.5, 6, 7.5]},
			"faces": {
				"north": {"uv": [0, 0, 3, 8.2], "texture": "#0"},
				"east": {"uv": [0, 0, 1, 8.2], "texture": "#0"},
				"south": {"uv": [0, 0, 3, 8.2], "texture": "#0"},
				"west": {"uv": [0, 0, 1, 8.2], "texture": "#0"},
				"up": {"uv": [0, 0, 3, 1], "texture": "#0"},
				"down": {"uv": [0, 0, 3, 1], "texture": "#0"}
			}
		},
		{
			"from": [5.5, 2.8, 7.5],
			"to": [6.5, 12.6, 8.5],
			"rotation": {"angle": 0, "axis": "y", "origin": [6.5, 6, 7.5]},
			"faces": {
				"north": {"uv": [0, 0, 1, 9.8], "texture": "#0"},
				"east": {"uv": [0, 0, 1, 9.8], "texture": "#0"},
				"south": {"uv": [0, 0, 1, 9.8], "texture": "#0"},
				"west": {"uv": [0, 0, 1, 9.8], "texture": "#0"},
				"up": {"uv": [0, 0, 1, 1], "texture": "#0"},
				"down": {"uv": [0, 0, 1, 1], "texture": "#0"}
			}
		},
		{
			"from": [4.5, 9.9, 7.5],
			"to": [5.5, 12.9, 8.5],
			"rotation": {"angle": 0, "axis": "y", "origin": [6.5, 6, 7.5]},
			"faces": {
				"north": {"uv": [0, 0, 1, 3], "texture": "#0"},
				"east": {"uv": [0, 0, 1, 3], "texture": "#0"},
				"south": {"uv": [0, 0, 1, 3], "texture": "#0"},
				"west": {"uv": [0, 0, 1, 3], "texture": "#0"},
				"up": {"uv": [0, 0, 1, 1], "texture": "#0"},
				"down": {"uv": [0, 0, 1, 1], "texture": "#0"}
			}
		},
		{
			"from": [10.5, 9.9, 7.5],
			"to": [11.5, 12.9, 8.5],
			"rotation": {"angle": 0, "axis": "y", "origin": [6.5, 6, 7.5]},
			"faces": {
				"north": {"uv": [0, 0, 1, 3], "texture": "#0"},
				"east": {"uv": [0, 0, 1, 3], "texture": "#0"},
				"south": {"uv": [0, 0, 1, 3], "texture": "#0"},
				"west": {"uv": [0, 0, 1, 3], "texture": "#0"},
				"up": {"uv": [0, 0, 1, 1], "texture": "#0"},
				"down": {"uv": [0, 0, 1, 1], "texture": "#0"}
			}
		},
		{
			"from": [3.5, 10, 7.5],
			"to": [4.5, 13, 8.5],
			"rotation": {"angle": 0, "axis": "y", "origin": [6.5, 6, 7.5]},
			"faces": {
				"north": {"uv": [0, 0, 1, 3], "texture": "#0"},
				"east": {"uv": [0, 0, 1, 3], "texture": "#0"},
				"south": {"uv": [0, 0, 1, 3], "texture": "#0"},
				"west": {"uv": [0, 0, 1, 3], "texture": "#0"},
				"up": {"uv": [0, 0, 1, 1], "texture": "#0"},
				"down": {"uv": [0, 0, 1, 1], "texture": "#0"}
			}
		},
		{
			"from": [11.5, 10, 7.5],
			"to": [12.5, 13, 8.5],
			"rotation": {"angle": 0, "axis": "y", "origin": [6.5, 6, 7.5]},
			"faces": {
				"north": {"uv": [0, 0, 1, 3], "texture": "#0"},
				"east": {"uv": [0, 0, 1, 3], "texture": "#0"},
				"south": {"uv": [0, 0, 1, 3], "texture": "#0"},
				"west": {"uv": [0, 0, 1, 3], "texture": "#0"},
				"up": {"uv": [0, 0, 1, 1], "texture": "#0"},
				"down": {"uv": [0, 0, 1, 1], "texture": "#0"}
			}
		},
		{
			"from": [2.5, 10.2, 7.5],
			"to": [3.5, 13.2, 8.5],
			"rotation": {"angle": 0, "axis": "y", "origin": [6.5, 6, 7.5]},
			"faces": {
				"north": {"uv": [0, 0, 1, 3], "texture": "#0"},
				"east": {"uv": [0, 0, 1, 3], "texture": "#0"},
				"south": {"uv": [0, 0, 1, 3], "texture": "#0"},
				"west": {"uv": [0, 0, 1, 3], "texture": "#0"},
				"up": {"uv": [0, 0, 1, 1], "texture": "#0"},
				"down": {"uv": [0, 0, 1, 1], "texture": "#0"}
			}
		},
		{
			"from": [12.5, 10.2, 7.5],
			"to": [13.5, 13.2, 8.5],
			"rotation": {"angle": 0, "axis": "y", "origin": [6.5, 6, 7.5]},
			"faces": {
				"north": {"uv": [0, 0, 1, 3], "texture": "#0"},
				"east": {"uv": [0, 0, 1, 3], "texture": "#0"},
				"south": {"uv": [0, 0, 1, 3], "texture": "#0"},
				"west": {"uv": [0, 0, 1, 3], "texture": "#0"},
				"up": {"uv": [0, 0, 1, 1], "texture": "#0"},
				"down": {"uv": [0, 0, 1, 1], "texture": "#0"}
			}
		},
		{
			"from": [1.5, 10.4, 7.5],
			"to": [2.5, 13, 8.5],
			"rotation": {"angle": 0, "axis": "y", "origin": [6.5, 6, 7.5]},
			"faces": {
				"north": {"uv": [0, 0, 1, 2.6], "texture": "#0"},
				"east": {"uv": [0, 0, 1, 2.6], "texture": "#0"},
				"south": {"uv": [0, 0, 1, 2.6], "texture": "#0"},
				"west": {"uv": [0, 0, 1, 2.6], "texture": "#0"},
				"up": {"uv": [0, 0, 1, 1], "texture": "#0"},
				"down": {"uv": [0, 0, 1, 1], "texture": "#0"}
			}
		},
		{
			"from": [13.5, 10.4, 7.5],
			"to": [14.5, 13, 8.5],
			"rotation": {"angle": 0, "axis": "y", "origin": [6.5, 6, 7.5]},
			"faces": {
				"north": {"uv": [0, 0, 1, 2.6], "texture": "#0"},
				"east": {"uv": [0, 0, 1, 2.6], "texture": "#0"},
				"south": {"uv": [0, 0, 1, 2.6], "texture": "#0"},
				"west": {"uv": [0, 0, 1, 2.6], "texture": "#0"},
				"up": {"uv": [0, 0, 1, 1], "texture": "#0"},
				"down": {"uv": [0, 0, 1, 1], "texture": "#0"}
			}
		},
		{
			"from": [1, 10.9, 7.5],
			"to": [1.5, 12.6, 8.5],
			"rotation": {"angle": 0, "axis": "y", "origin": [6.5, 6, 7.5]},
			"faces": {
				"north": {"uv": [0, 0, 0.5, 1.7], "texture": "#0"},
				"east": {"uv": [0, 0, 1, 1.7], "texture": "#0"},
				"south": {"uv": [0, 0, 0.5, 1.7], "texture": "#0"},
				"west": {"uv": [0, 0, 1, 1.7], "texture": "#0"},
				"up": {"uv": [0, 0, 0.5, 1], "texture": "#0"},
				"down": {"uv": [0, 0, 0.5, 1], "texture": "#0"}
			}
		},
		{
			"from": [14.5, 10.9, 7.5],
			"to": [15, 12.6, 8.5],
			"rotation": {"angle": 0, "axis": "y", "origin": [6.5, 6, 7.5]},
			"faces": {
				"north": {"uv": [0, 0, 0.5, 1.7], "texture": "#0"},
				"east": {"uv": [0, 0, 1, 1.7], "texture": "#0"},
				"south": {"uv": [0, 0, 0.5, 1.7], "texture": "#0"},
				"west": {"uv": [0, 0, 1, 1.7], "texture": "#0"},
				"up": {"uv": [0, 0, 0.5, 1], "texture": "#0"},
				"down": {"uv": [0, 0, 0.5, 1], "texture": "#0"}
			}
		},
		{
			"from": [9.5, 2.8, 7.5],
			"to": [10.5, 12.6, 8.5],
			"rotation": {"angle": 0, "axis": "y", "origin": [6.5, 6, 7.5]},
			"faces": {
				"north": {"uv": [0, 0, 1, 9.8], "texture": "#0"},
				"east": {"uv": [0, 0, 1, 9.8], "texture": "#0"},
				"south": {"uv": [0, 0, 1, 9.8], "texture": "#0"},
				"west": {"uv": [0, 0, 1, 9.8], "texture": "#0"},
				"up": {"uv": [0, 0, 1, 1], "texture": "#0"},
				"down": {"uv": [0, 0, 1, 1], "texture": "#0"}
			}
		},
		{
			"from": [8.5, 3.2, 7.5],
			"to": [9.5, 5.1, 8.5],
			"rotation": {"angle": 0, "axis": "y", "origin": [6.5, 6, 7.5]},
			"faces": {
				"north": {"uv": [0, 0, 1, 1.9], "texture": "#0"},
				"east": {"uv": [0, 0, 1, 1.9], "texture": "#0"},
				"south": {"uv": [0, 0, 1, 1.9], "texture": "#0"},
				"west": {"uv": [0, 0, 1, 1.9], "texture": "#0"},
				"up": {"uv": [0, 0, 1, 1], "texture": "#0"},
				"down": {"uv": [0, 0, 1, 1], "texture": "#0"}
			}
		},
		{
			"from": [6.5, 3.2, 7.5],
			"to": [7.5, 5.1, 8.5],
			"rotation": {"angle": 0, "axis": "y", "origin": [6.5, 6, 7.5]},
			"faces": {
				"north": {"uv": [0, 0, 1, 1.9], "texture": "#0"},
				"east": {"uv": [0, 0, 1, 1.9], "texture": "#0"},
				"south": {"uv": [0, 0, 1, 1.9], "texture": "#0"},
				"west": {"uv": [0, 0, 1, 1.9], "texture": "#0"},
				"up": {"uv": [0, 0, 1, 1], "texture": "#0"},
				"down": {"uv": [0, 0, 1, 1], "texture": "#0"}
			}
		},
		{
			"from": [7.5, 3.8, 7.5],
			"to": [8.5, 5.1, 8.5],
			"rotation": {"angle": 0, "axis": "y", "origin": [6.5, 6, 7.5]},
			"faces": {
				"north": {"uv": [0, 0, 1, 1.3], "texture": "#0"},
				"east": {"uv": [0, 0, 1, 1.3], "texture": "#0"},
				"south": {"uv": [0, 0, 1, 1.3], "texture": "#0"},
				"west": {"uv": [0, 0, 1, 1.3], "texture": "#0"},
				"up": {"uv": [0, 0, 1, 1], "texture": "#0"},
				"down": {"uv": [0, 0, 1, 1], "texture": "#0"}
			}
		},
		{
			"from": [10.5, 1.8, 7.5],
			"to": [11.5, 5.2, 8.5],
			"rotation": {"angle": 0, "axis": "y", "origin": [6.5, 6, 7.5]},
			"faces": {
				"north": {"uv": [0, 0, 1, 3.4], "texture": "#0"},
				"east": {"uv": [0, 0, 1, 3.4], "texture": "#0"},
				"south": {"uv": [0, 0, 1, 3.4], "texture": "#0"},
				"west": {"uv": [0, 0, 1, 3.4], "texture": "#0"},
				"up": {"uv": [0, 0, 1, 1], "texture": "#0"},
				"down": {"uv": [0, 0, 1, 1], "texture": "#0"}
			}
		},
		{
			"from": [4.5, 1.8, 7.5],
			"to": [5.5, 5.2, 8.5],
			"rotation": {"angle": 0, "axis": "y", "origin": [6.5, 6, 7.5]},
			"faces": {
				"north": {"uv": [0, 0, 1, 3.4], "texture": "#0"},
				"east": {"uv": [0, 0, 1, 3.4], "texture": "#0"},
				"south": {"uv": [0, 0, 1, 3.4], "texture": "#0"},
				"west": {"uv": [0, 0, 1, 3.4], "texture": "#0"},
				"up": {"uv": [0, 0, 1, 1], "texture": "#0"},
				"down": {"uv": [0, 0, 1, 1], "texture": "#0"}
			}
		},
		{
			"from": [11.5, 1.5, 7.5],
			"to": [12.5, 4.7, 8.5],
			"rotation": {"angle": 0, "axis": "y", "origin": [6.5, 6, 7.5]},
			"faces": {
				"north": {"uv": [0, 0, 1, 3.2], "texture": "#0"},
				"east": {"uv": [0, 0, 1, 3.2], "texture": "#0"},
				"south": {"uv": [0, 0, 1, 3.2], "texture": "#0"},
				"west": {"uv": [0, 0, 1, 3.2], "texture": "#0"},
				"up": {"uv": [0, 0, 1, 1], "texture": "#0"},
				"down": {"uv": [0, 0, 1, 1], "texture": "#0"}
			}
		},
		{
			"from": [3.5, 1.5, 7.5],
			"to": [4.5, 4.7, 8.5],
			"rotation": {"angle": 0, "axis": "y", "origin": [6.5, 6, 7.5]},
			"faces": {
				"north": {"uv": [0, 0, 1, 3.2], "texture": "#0"},
				"east": {"uv": [0, 0, 1, 3.2], "texture": "#0"},
				"south": {"uv": [0, 0, 1, 3.2], "texture": "#0"},
				"west": {"uv": [0, 0, 1, 3.2], "texture": "#0"},
				"up": {"uv": [0, 0, 1, 1], "texture": "#0"},
				"down": {"uv": [0, 0, 1, 1], "texture": "#0"}
			}
		},
		{
			"from": [12.5, 1.1, 7.5],
			"to": [13.5, 4, 8.5],
			"rotation": {"angle": 0, "axis": "y", "origin": [6.5, 6, 7.5]},
			"faces": {
				"north": {"uv": [0, 0, 1, 2.9], "texture": "#0"},
				"east": {"uv": [0, 0, 1, 2.9], "texture": "#0"},
				"south": {"uv": [0, 0, 1, 2.9], "texture": "#0"},
				"west": {"uv": [0, 0, 1, 2.9], "texture": "#0"},
				"up": {"uv": [0, 0, 1, 1], "texture": "#0"},
				"down": {"uv": [0, 0, 1, 1], "texture": "#0"}
			}
		},
		{
			"from": [13.5, 1.5, 7.5],
			"to": [14.5, 3.6, 8.5],
			"rotation": {"angle": 0, "axis": "y", "origin": [6.5, 6, 7.5]},
			"faces": {
				"north": {"uv": [0, 0, 1, 2.1], "texture": "#0"},
				"east": {"uv": [0, 0, 1, 2.1], "texture": "#0"},
				"south": {"uv": [0, 0, 1, 2.1], "texture": "#0"},
				"west": {"uv": [0, 0, 1, 2.1], "texture": "#0"},
				"up": {"uv": [0, 0, 1, 1], "texture": "#0"},
				"down": {"uv": [0, 0, 1, 1], "texture": "#0"}
			}
		},
		{
			"from": [1.5, 1.5, 7.5],
			"to": [2.5, 3.6, 8.5],
			"rotation": {"angle": 0, "axis": "y", "origin": [6.5, 6, 7.5]},
			"faces": {
				"north": {"uv": [0, 0, 1, 2.1], "texture": "#0"},
				"east": {"uv": [0, 0, 1, 2.1], "texture": "#0"},
				"south": {"uv": [0, 0, 1, 2.1], "texture": "#0"},
				"west": {"uv": [0, 0, 1, 2.1], "texture": "#0"},
				"up": {"uv": [0, 0, 1, 1], "texture": "#0"},
				"down": {"uv": [0, 0, 1, 1], "texture": "#0"}
			}
		},
		{
			"from": [2.5, 1.1, 7.5],
			"to": [3.5, 4, 8.5],
			"rotation": {"angle": 0, "axis": "y", "origin": [6.5, 6, 7.5]},
			"faces": {
				"north": {"uv": [0, 0, 1, 2.9], "texture": "#0"},
				"east": {"uv": [0, 0, 1, 2.9], "texture": "#0"},
				"south": {"uv": [0, 0, 1, 2.9], "texture": "#0"},
				"west": {"uv": [0, 0, 1, 2.9], "texture": "#0"},
				"up": {"uv": [0, 0, 1, 1], "texture": "#0"},
				"down": {"uv": [0, 0, 1, 1], "texture": "#0"}
			}
		},
		{
			"from": [8.5, 15.9, 7.4],
			"to": [9.5, 16.9, 8.6],
			"rotation": {"angle": 0, "axis": "y", "origin": [7.5, 7.5, 7.5]},
			"faces": {
				"north": {"uv": [12, 0, 13, 1], "texture": "#0"},
				"east": {"uv": [14.8, 0, 16, 1], "texture": "#0"},
				"south": {"uv": [12, 0, 13, 1], "texture": "#0"},
				"west": {"uv": [14.8, 0, 16, 1], "texture": "#0"},
				"up": {"uv": [12, 0, 13, 1.2], "texture": "#0"},
				"down": {"uv": [12, 0, 13, 1.2], "texture": "#0"}
			}
		},
		{
			"from": [9.1, 14.4, 7.4],
			"to": [9.6, 14.9, 8.6],
			"rotation": {"angle": 0, "axis": "y", "origin": [7.5, 7.5, 7.5]},
			"faces": {
				"north": {"uv": [12, 0, 12.5, 0.5], "texture": "#0"},
				"east": {"uv": [14.8, 0, 16, 0.5], "texture": "#0"},
				"south": {"uv": [12, 0, 12.5, 0.5], "texture": "#0"},
				"west": {"uv": [14.8, 0, 16, 0.5], "texture": "#0"},
				"up": {"uv": [12, 0, 12.5, 1.2], "texture": "#0"},
				"down": {"uv": [12, 0, 12.5, 1.2], "texture": "#0"}
			}
		},
		{
			"from": [6.5, 14.4, 7.4],
			"to": [7, 14.9, 8.6],
			"rotation": {"angle": 0, "axis": "y", "origin": [7.5, 7.5, 7.5]},
			"faces": {
				"north": {"uv": [12, 0, 12.5, 0.5], "texture": "#0"},
				"east": {"uv": [14.8, 0, 16, 0.5], "texture": "#0"},
				"south": {"uv": [12, 0, 12.5, 0.5], "texture": "#0"},
				"west": {"uv": [14.8, 0, 16, 0.5], "texture": "#0"},
				"up": {"uv": [12, 0, 12.5, 1.2], "texture": "#0"},
				"down": {"uv": [12, 0, 12.5, 1.2], "texture": "#0"}
			}
		},
		{
			"from": [6.8, 13.9, 7.4],
			"to": [7.3, 14.4, 8.6],
			"rotation": {"angle": 0, "axis": "y", "origin": [7.5, 7.5, 7.5]},
			"faces": {
				"north": {"uv": [12, 0, 12.5, 0.5], "texture": "#0"},
				"east": {"uv": [14.8, 0, 16, 0.5], "texture": "#0"},
				"south": {"uv": [12, 0, 12.5, 0.5], "texture": "#0"},
				"west": {"uv": [14.8, 0, 16, 0.5], "texture": "#0"},
				"up": {"uv": [12, 0, 12.5, 1.2], "texture": "#0"},
				"down": {"uv": [12, 0, 12.5, 1.2], "texture": "#0"}
			}
		},
		{
			"from": [8.8, 13.9, 7.4],
			"to": [9.3, 14.4, 8.6],
			"rotation": {"angle": 0, "axis": "y", "origin": [7.5, 7.5, 7.5]},
			"faces": {
				"north": {"uv": [12, 0, 12.5, 0.5], "texture": "#0"},
				"east": {"uv": [14.8, 0, 16, 0.5], "texture": "#0"},
				"south": {"uv": [12, 0, 12.5, 0.5], "texture": "#0"},
				"west": {"uv": [14.8, 0, 16, 0.5], "texture": "#0"},
				"up": {"uv": [12, 0, 12.5, 1.2], "texture": "#0"},
				"down": {"uv": [12, 0, 12.5, 1.2], "texture": "#0"}
			}
		},
		{
			"from": [8.3, 13.7, 7.4],
			"to": [8.8, 14.2, 8.6],
			"rotation": {"angle": 0, "axis": "y", "origin": [7.5, 7.5, 7.5]},
			"faces": {
				"north": {"uv": [12, 0, 12.5, 0.5], "texture": "#0"},
				"east": {"uv": [14.8, 0, 16, 0.5], "texture": "#0"},
				"south": {"uv": [12, 0, 12.5, 0.5], "texture": "#0"},
				"west": {"uv": [14.8, 0, 16, 0.5], "texture": "#0"},
				"up": {"uv": [12, 0, 12.5, 1.2], "texture": "#0"},
				"down": {"uv": [12, 0, 12.5, 1.2], "texture": "#0"}
			}
		},
		{
			"from": [7.3, 13.7, 7.4],
			"to": [7.8, 14.2, 8.6],
			"rotation": {"angle": 0, "axis": "y", "origin": [7.5, 7.5, 7.5]},
			"faces": {
				"north": {"uv": [12, 0, 12.5, 0.5], "texture": "#0"},
				"east": {"uv": [14.8, 0, 16, 0.5], "texture": "#0"},
				"south": {"uv": [12, 0, 12.5, 0.5], "texture": "#0"},
				"west": {"uv": [14.8, 0, 16, 0.5], "texture": "#0"},
				"up": {"uv": [12, 0, 12.5, 1.2], "texture": "#0"},
				"down": {"uv": [12, 0, 12.5, 1.2], "texture": "#0"}
			}
		},
		{
			"from": [7.8, 13.7, 7.4],
			"to": [8.3, 14.2, 8.6],
			"rotation": {"angle": 0, "axis": "y", "origin": [7.5, 7.5, 7.5]},
			"faces": {
				"north": {"uv": [12, 0, 12.5, 0.5], "texture": "#0"},
				"east": {"uv": [14.8, 0, 16, 0.5], "texture": "#0"},
				"south": {"uv": [12, 0, 12.5, 0.5], "texture": "#0"},
				"west": {"uv": [14.8, 0, 16, 0.5], "texture": "#0"},
				"up": {"uv": [12, 0, 12.5, 1.2], "texture": "#0"},
				"down": {"uv": [12, 0, 12.5, 1.2], "texture": "#0"}
			}
		},
		{
			"from": [6.5, 15.9, 7.4],
			"to": [7.5, 16.9, 8.6],
			"rotation": {"angle": 0, "axis": "y", "origin": [7.5, 7.5, 7.5]},
			"faces": {
				"north": {"uv": [12, 0, 13, 1], "texture": "#0"},
				"east": {"uv": [14.8, 0, 16, 1], "texture": "#0"},
				"south": {"uv": [12, 0, 13, 1], "texture": "#0"},
				"west": {"uv": [14.8, 0, 16, 1], "texture": "#0"},
				"up": {"uv": [12, 0, 13, 1.2], "texture": "#0"},
				"down": {"uv": [12, 0, 13, 1.2], "texture": "#0"}
			}
		},
		{
			"from": [12.5, 10, 7.4],
			"to": [13.5, 13.3, 8.6],
			"rotation": {"angle": 22.5, "axis": "z", "origin": [13, 11.6, 8]},
			"faces": {
				"north": {"uv": [12, 0, 13, 3.2], "texture": "#0"},
				"east": {"uv": [14.8, 0, 16, 3.2], "texture": "#0"},
				"south": {"uv": [12, 0, 13, 3.2], "texture": "#0"},
				"west": {"uv": [14.8, 0, 16, 3.2], "texture": "#0"},
				"up": {"uv": [12, 0, 13, 1.2], "texture": "#0"},
				"down": {"uv": [12, 0, 13, 1.2], "texture": "#0"}
			}
		},
		{
			"from": [2.5, 10.2, 7.4],
			"to": [3.5, 13.3, 8.6],
			"rotation": {"angle": -22.5, "axis": "z", "origin": [3, 11.7, 8]},
			"faces": {
				"north": {"uv": [12, 0, 13, 3], "texture": "#0"},
				"east": {"uv": [14.8, 0, 16, 3], "texture": "#0"},
				"south": {"uv": [12, 0, 13, 3], "texture": "#0"},
				"west": {"uv": [14.8, 0, 16, 3], "texture": "#0"},
				"up": {"uv": [12, 0, 13, 1.2], "texture": "#0"},
				"down": {"uv": [12, 0, 13, 1.2], "texture": "#0"}
			}
		},
		{
			"from": [6, 12.3, 7.4],
			"to": [10, 13.3, 8.6],
			"rotation": {"angle": 0, "axis": "y", "origin": [8.6, -0.9, 7.5]},
			"faces": {
				"north": {"uv": [12, 15, 16, 16], "texture": "#0"},
				"east": {"uv": [10.8, 15, 12, 16], "texture": "#0"},
				"south": {"uv": [12, 15, 16, 16], "texture": "#0"},
				"west": {"uv": [10.8, 15, 12, 16], "texture": "#0"},
				"up": {"uv": [12, 14.8, 16, 16], "texture": "#0"},
				"down": {"uv": [12, 14.8, 16, 16], "texture": "#0"}
			}
		},
		{
			"from": [7.5, 10.3, 7.4],
			"to": [8.5, 11.3, 8.6],
			"rotation": {"angle": 0, "axis": "y", "origin": [8.5, -0.9, 7.5]},
			"faces": {
				"north": {"uv": [15, 7, 16, 8], "texture": "#0"},
				"east": {"uv": [14.8, 7, 16, 8], "texture": "#0"},
				"south": {"uv": [15, 7, 16, 8], "texture": "#0"},
				"west": {"uv": [14.8, 7, 16, 8], "texture": "#0"},
				"up": {"uv": [15, 7, 16, 8.2], "texture": "#0"},
				"down": {"uv": [15, 7, 16, 8.2], "texture": "#0"}
			}
		},
		{
			"from": [5.6, 10.8, 7.4],
			"to": [6.6, 12.6, 8.6],
			"rotation": {"angle": -22.5, "axis": "z", "origin": [6, 11.8, 8]},
			"faces": {
				"north": {"uv": [13.2, 14, 15, 15], "rotation": 90, "texture": "#0"},
				"east": {"uv": [14.2, 14, 16, 15.2], "rotation": 90, "texture": "#0"},
				"south": {"uv": [14.2, 14.2, 16, 15.2], "rotation": 90, "texture": "#0"},
				"west": {"uv": [13.2, 14.2, 15, 15.4], "rotation": 90, "texture": "#0"},
				"up": {"uv": [14.8, 14, 16, 15], "rotation": 90, "texture": "#0"},
				"down": {"uv": [13, 14, 14, 15.2], "texture": "#0"}
			}
		},
		{
			"from": [7.5, 8.3, 7.4],
			"to": [8.5, 9.3, 8.6],
			"rotation": {"angle": 0, "axis": "y", "origin": [8.5, -0.9, 7.5]},
			"faces": {
				"north": {"uv": [15, 7, 16, 8], "texture": "#0"},
				"east": {"uv": [14.8, 7, 16, 8], "texture": "#0"},
				"south": {"uv": [15, 7, 16, 8], "texture": "#0"},
				"west": {"uv": [14.8, 7, 16, 8], "texture": "#0"},
				"up": {"uv": [15, 7, 16, 8.2], "texture": "#0"},
				"down": {"uv": [15, 7, 16, 8.2], "texture": "#0"}
			}
		},
		{
			"from": [7.5, 6.3, 7.4],
			"to": [8.5, 7.3, 8.6],
			"rotation": {"angle": 0, "axis": "y", "origin": [8.5, -0.9, 7.5]},
			"faces": {
				"north": {"uv": [15, 7, 16, 8], "texture": "#0"},
				"east": {"uv": [14.8, 7, 16, 8], "texture": "#0"},
				"south": {"uv": [15, 7, 16, 8], "texture": "#0"},
				"west": {"uv": [14.8, 7, 16, 8], "texture": "#0"},
				"up": {"uv": [15, 7, 16, 8.2], "texture": "#0"},
				"down": {"uv": [15, 7, 16, 8.2], "texture": "#0"}
			}
		},
		{
			"from": [3.4, 1.5, 7.4],
			"to": [4.4, 4.8, 8.6],
			"rotation": {"angle": 22.5, "axis": "z", "origin": [3.9, 3.1, 8]},
			"faces": {
				"north": {"uv": [12, 0, 13, 3.2], "texture": "#0"},
				"east": {"uv": [14.8, 0, 16, 3.2], "texture": "#0"},
				"south": {"uv": [12, 0, 13, 3.2], "texture": "#0"},
				"west": {"uv": [14.8, 0, 16, 3.2], "texture": "#0"},
				"up": {"uv": [12, 0, 13, 1.2], "texture": "#0"},
				"down": {"uv": [12, 0, 13, 1.2], "texture": "#0"}
			}
		},
		{
			"from": [11.5, 1.5, 7.4],
			"to": [12.5, 4.8, 8.6],
			"rotation": {"angle": -22.5, "axis": "z", "origin": [12, 3.1, 8]},
			"faces": {
				"north": {"uv": [12, 0, 13, 3.2], "texture": "#0"},
				"east": {"uv": [14.8, 0, 16, 3.2], "texture": "#0"},
				"south": {"uv": [12, 0, 13, 3.2], "texture": "#0"},
				"west": {"uv": [14.8, 0, 16, 3.2], "texture": "#0"},
				"up": {"uv": [12, 0, 13, 1.2], "texture": "#0"},
				"down": {"uv": [12, 0, 13, 1.2], "texture": "#0"}
			}
		}
	],
	"display": {
		"thirdperson_righthand": {
			"translation": [0, -2, -0.5],
			"scale": [0.3, 0.3, 1]
		},
		"thirdperson_lefthand": {
			"translation": [0, -2.25, -0.5],
			"scale": [0.3, 0.3, 1]
		},
		"firstperson_righthand": {
			"translation": [2.25, -3.25, 0]
		},
		"firstperson_lefthand": {
			"translation": [2, -4.25, 0]
		},
		"ground": {
			"translation": [0, 1.25, 0],
			"scale": [0.3, 0.3, 1]
		},
		"gui": {
			"translation": [0, -1, 2.5],
			"scale": [0.8, 0.8, 1]
		},
		"head": {
			"translation": [0, 9.5, 0],
			"scale": [0.3, 0.3, 1]
		},
		"fixed": {
			"translation": [0, -0.75, -1.25]
		}
	},
	"groups": [
		{
			"name": "group",
			"origin": [8, 8, 8],
			"color": 0,
			"children": [0, 1, 2, 3, 4]
		},
		{
			"name": "group",
			"origin": [8, 8, 8],
			"color": 0,
			"children": [5, 6, 7, 8, 9, 10, 11, 12, 13, 14, 15, 16, 17, 18, 19, 20, 21, 22, 23, 24, 25, 26, 27, 28]
		},
		{
			"name": "group",
			"origin": [0, 0, 0],
			"color": 0,
			"children": [29, 30, 31, 32, 33, 34, 35, 36, 37, 38, 39, 40, 41, 42, 43, 44, 45, 46]
		}
	]
}