{
	"credit": "Copyright © 2021-2099 Ikaho-Onsen Minecraft Server. All rights reserved.",
	"texture_size": [32, 32],
	"textures": {
		"2": "item/cit/stand",
		"particle": "minecraft:item/cit/stand"
	},
	"elements": [
		{
			"from": [3, -0.1, 3],
			"to": [13, 2, 13],
			"rotation": {"angle": 0, "axis": "y", "origin": [8, 7.75, 8]},
			"faces": {
				"north": {"uv": [9, 0, 14, 1], "texture": "#2"},
				"east": {"uv": [9, 1, 14, 2], "texture": "#2"},
				"south": {"uv": [9, 2, 14, 3], "texture": "#2"},
				"west": {"uv": [9, 3, 14, 4], "texture": "#2"},
				"up": {"uv": [5, 5, 0, 0], "texture": "#2"},
				"down": {"uv": [5, 5, 0, 10], "texture": "#2"}
			}
		},
		{
			"from": [7, 2, 7],
			"to": [9, 32, 9],
			"rotation": {"angle": 0, "axis": "y", "origin": [8, 7.75, 8]},
			"faces": {
				"north": {"uv": [5, 0, 6, 15], "texture": "#2"},
				"east": {"uv": [6, 0, 7, 15], "texture": "#2"},
				"south": {"uv": [7, 0, 8, 15], "texture": "#2"},
				"west": {"uv": [8, 0, 9, 15], "texture": "#2"},
				"up": {"uv": [10, 5, 9, 4], "texture": "#2"}
			}
		}
	],
	"display": {
		"thirdperson_righthand": {
			"rotation": [-180, 0, 0],
			"translation": [0, 17.5, 1]
		},
		"thirdperson_lefthand": {
			"rotation": [-180, 0, 0],
			"translation": [0, 17.5, 1]
		},
		"firstperson_righthand": {
			"rotation": [-180, -45, 0],
			"translation": [0, 4.5, 1.75],
			"scale": [0.5, 0.5, 0.5]
		},
		"firstperson_lefthand": {
			"rotation": [-180, -45, 0],
			"translation": [0, 4.5, 1.75],
			"scale": [0.5, 0.5, 0.5]
		},
		"ground": {
			"translation": [0, 0.5, 0],
			"scale": [0.5, 0.5, 0.5]
		},
		"gui": {
			"rotation": [15, -36, 0],
			"scale": [0.8, 0.8, 0.8]
		},
		"head": {
			"rotation": [-44, 0, 0],
			"translation": [0, 5.5, -6.5]
		},
		"fixed": {
			"rotation": [-90, 0, 0],
			"translation": [0, 0, -16],
			"scale": [2, 2, 2]
		}
	},
	"groups": [
		{
			"name": "sign",
			"origin": [8, 8, 8],
			"color": 0,
			"nbt": "{}",
			"armAnimationEnabled": false,
			"children": [0, 1]
		}
	]
}