{
	"credit": "Copyright © 2021-2099 Ikaho-Onsen Minecraft Server. All rights reserved.",
	"textures": {
		"1": "minecraft:item/mosquito_coil_01",
		"2": "item/mosquito_coil_01_overlay",
		"particle": "minecraft:item/mosquito_coil_01"
	},
	"elements": [
		{
			"from": [3, 0, 4],
			"to": [5, 1, 6],
			"rotation": {"angle": 0, "axis": "z", "origin": [4, 0.5, 5]},
			"faces": {
				"north": {"uv": [6, 11, 7, 11.5], "texture": "#1"},
				"east": {"uv": [6, 11, 7, 11.5], "texture": "#1"},
				"south": {"uv": [6, 11, 7, 11.5], "texture": "#1"},
				"west": {"uv": [6, 11, 7, 11.5], "texture": "#1"},
				"down": {"uv": [1, 15, 0, 16], "texture": "#1"}
			}
		},
		{
			"from": [11, 0, 4],
			"to": [13, 1, 6],
			"rotation": {"angle": 0, "axis": "z", "origin": [12, 0.5, 5]},
			"faces": {
				"north": {"uv": [7, 11, 6, 11.5], "texture": "#1"},
				"east": {"uv": [7, 11, 6, 11.5], "texture": "#1"},
				"south": {"uv": [7, 11, 6, 11.5], "texture": "#1"},
				"west": {"uv": [7, 11, 6, 11.5], "texture": "#1"},
				"down": {"uv": [0, 15, 1, 16], "texture": "#1"}
			}
		},
		{
			"from": [11, 0, 11],
			"to": [13, 1, 13],
			"rotation": {"angle": 0, "axis": "z", "origin": [12, 0.5, 5]},
			"faces": {
				"north": {"uv": [7, 11, 6, 11.5], "texture": "#1"},
				"east": {"uv": [7, 11, 6, 11.5], "texture": "#1"},
				"south": {"uv": [7, 11, 6, 11.5], "texture": "#1"},
				"west": {"uv": [7, 11, 6, 11.5], "texture": "#1"},
				"down": {"uv": [0, 15, 1, 16], "texture": "#1"}
			}
		},
		{
			"from": [3, 0, 11],
			"to": [5, 1, 13],
			"rotation": {"angle": 0, "axis": "z", "origin": [4, 0.5, 5]},
			"faces": {
				"north": {"uv": [6, 11, 7, 11.5], "texture": "#1"},
				"east": {"uv": [6, 11, 7, 11.5], "texture": "#1"},
				"south": {"uv": [6, 11, 7, 11.5], "texture": "#1"},
				"west": {"uv": [6, 11, 7, 11.5], "texture": "#1"},
				"down": {"uv": [1, 15, 0, 16], "texture": "#1"}
			}
		},
		{
			"from": [3, 9.5, 4],
			"to": [6, 12.5, 6.025],
			"rotation": {"angle": 0, "axis": "y", "origin": [5, 1.5, 16]},
			"faces": {
				"north": {"uv": [7, 9.5, 8.5, 11], "texture": "#1"},
				"south": {"uv": [7, 8, 8.5, 9.5], "texture": "#1"}
			}
		},
		{
			"from": [4.21367, 11.61313, 4],
			"to": [4.96367, 12.38813, 6],
			"rotation": {"angle": -45, "axis": "z", "origin": [4.71367, 12.11313, 5]},
			"faces": {
				"north": {"uv": [5, 13.5, 5.5, 14], "texture": "#1"},
				"south": {"uv": [5, 14, 5.5, 14.5], "texture": "#1"},
				"west": {"uv": [9, 10.5, 10, 11], "texture": "#1"},
				"up": {"uv": [6, 14.5, 5.5, 13.5], "texture": "#1"}
			}
		},
		{
			"from": [4.69699, 9.05364, 4],
			"to": [5.69699, 12.05364, 6],
			"rotation": {"angle": 22.5, "axis": "z", "origin": [5.19699, 10.55364, 5]},
			"faces": {
				"north": {"uv": [12, 1.5, 12.5, 3], "texture": "#1"},
				"east": {"uv": [9, 11.5, 10, 13], "texture": "#1"},
				"south": {"uv": [10.5, 12.5, 11, 14], "texture": "#1"},
				"west": {"uv": [12, 0, 13, 1.5], "texture": "#1"}
			}
		},
		{
			"from": [3.39448, 9.43596, 4],
			"to": [4.39448, 12.03596, 6],
			"rotation": {"angle": -22.5, "axis": "z", "origin": [3.89448, 10.53596, 5]},
			"faces": {
				"north": {"uv": [9, 13, 9.5, 14.5], "texture": "#1"},
				"east": {"uv": [6, 8, 7, 9.5], "texture": "#1"},
				"south": {"uv": [9.5, 13, 10, 14.5], "texture": "#1"},
				"west": {"uv": [6, 9.5, 7, 11], "texture": "#1"}
			}
		},
		{
			"from": [10, 2, 1],
			"to": [11, 7, 2],
			"rotation": {"angle": 0, "axis": "y", "origin": [7, 4.5, 1.5]},
			"faces": {
				"north": {"uv": [6, 12, 6.5, 14.5], "texture": "#1"},
				"east": {"uv": [6.5, 12, 7, 14.5], "texture": "#1"},
				"west": {"uv": [7, 12, 7.5, 14.5], "texture": "#1"},
				"up": {"uv": [7, 15, 6.5, 14.5], "texture": "#1"},
				"down": {"uv": [6.5, 14.5, 6, 15], "texture": "#1"}
			}
		},
		{
			"from": [6, 6, 1],
			"to": [10, 7, 2],
			"rotation": {"angle": 0, "axis": "y", "origin": [8, 3.5, 1.5]},
			"faces": {
				"north": {"uv": [6, 15.5, 8, 16], "texture": "#1"},
				"up": {"uv": [6, 15.5, 4, 15], "texture": "#1"},
				"down": {"uv": [6, 15.5, 4, 16], "texture": "#1"}
			}
		},
		{
			"from": [5, 2, 1],
			"to": [6, 7, 2],
			"rotation": {"angle": 0, "axis": "y", "origin": [9, 4.5, 1.5]},
			"faces": {
				"north": {"uv": [7.5, 12, 8, 14.5], "texture": "#1"},
				"east": {"uv": [8, 12, 8.5, 14.5], "texture": "#1"},
				"west": {"uv": [8.5, 12, 9, 14.5], "texture": "#1"},
				"up": {"uv": [5.5, 15, 5, 14.5], "texture": "#1"},
				"down": {"uv": [6, 14.5, 5.5, 15], "texture": "#1"}
			}
		},
		{
			"from": [6, 2, 1],
			"to": [10, 3, 2],
			"rotation": {"angle": 0, "axis": "y", "origin": [8, 5.5, 1.5]},
			"faces": {
				"north": {"uv": [6, 15, 8, 15.5], "texture": "#1"},
				"up": {"uv": [3, 16, 1, 15.5], "texture": "#1"},
				"down": {"uv": [10, 15.5, 8, 16], "texture": "#1"}
			}
		},
		{
			"from": [3, 1, 2],
			"to": [5, 10, 14],
			"rotation": {"angle": 0, "axis": "y", "origin": [9, 4.5, 2.5]},
			"faces": {
				"north": {"uv": [5, 9, 6, 13.5], "texture": "#1"},
				"east": {"uv": [0, 0, 6, 4.5], "texture": "#1"},
				"south": {"uv": [9, 6, 10, 10.5], "texture": "#1"},
				"west": {"uv": [0, 4.5, 6, 9], "texture": "#1"},
				"up": {"uv": [4, 15, 3, 9], "texture": "#1"},
				"down": {"uv": [5, 9, 4, 15], "texture": "#1"}
			}
		},
		{
			"from": [2.975, 1, 2],
			"to": [13.025, 10, 14],
			"rotation": {"angle": 0, "axis": "y", "origin": [9, 4.5, 2.5]},
			"faces": {
				"east": {"uv": [12, 0, 0, 9], "texture": "#2", "tintindex": 0},
				"west": {"uv": [0, 0, 12, 9], "texture": "#2", "tintindex": 0}
			}
		},
		{
			"from": [11, 1, 2],
			"to": [13, 10, 14],
			"rotation": {"angle": 0, "axis": "y", "origin": [7, 4.5, 2.5]},
			"faces": {
				"north": {"uv": [6, 9, 5, 13.5], "texture": "#1"},
				"east": {"uv": [6, 4.5, 0, 9], "texture": "#1"},
				"south": {"uv": [10, 6, 9, 10.5], "texture": "#1"},
				"west": {"uv": [6, 0, 0, 4.5], "texture": "#1"},
				"up": {"uv": [3, 15, 4, 9], "texture": "#1"},
				"down": {"uv": [4, 9, 5, 15], "texture": "#1"}
			}
		},
		{
			"from": [5, 8, 2],
			"to": [11, 10, 14],
			"rotation": {"angle": 0, "axis": "y", "origin": [11, 4.5, 2.5]},
			"faces": {
				"north": {"uv": [12, 4, 15, 5], "texture": "#1"},
				"south": {"uv": [13, 0, 16, 1], "texture": "#1"},
				"up": {"uv": [9, 6, 6, 0], "texture": "#1"},
				"down": {"uv": [3, 9, 0, 15], "texture": "#1"}
			}
		},
		{
			"from": [5, 1, 2],
			"to": [11, 2, 14],
			"rotation": {"angle": 0, "axis": "y", "origin": [11, -2.5, 2.5]},
			"faces": {
				"north": {"uv": [6, 6.5, 9, 7], "texture": "#1"},
				"south": {"uv": [6, 6, 9, 6.5], "texture": "#1"},
				"up": {"uv": [3, 15, 0, 9], "texture": "#1"},
				"down": {"uv": [12, 0, 9, 6], "texture": "#1"}
			}
		},
		{
			"from": [5, 7, 2],
			"to": [11, 8, 3],
			"rotation": {"angle": 0, "axis": "y", "origin": [13, 4.5, 2.5]},
			"faces": {
				"north": {"uv": [1, 15, 4, 15.5], "texture": "#1"},
				"south": {"uv": [6, 7, 9, 7.5], "texture": "#1"},
				"down": {"uv": [9, 7.5, 6, 8], "texture": "#1"}
			}
		},
		{
			"from": [5, 3, 2],
			"to": [6, 7, 3],
			"rotation": {"angle": 0, "axis": "y", "origin": [13, -0.5, 2.5]},
			"faces": {
				"east": {"uv": [10, 13, 10.5, 15], "texture": "#1"},
				"south": {"uv": [10.5, 14, 11, 16], "texture": "#1"}
			}
		},
		{
			"from": [10, 3, 2],
			"to": [11, 7, 3],
			"rotation": {"angle": 0, "axis": "y", "origin": [3, -0.5, 2.5]},
			"faces": {
				"south": {"uv": [11, 14, 10.5, 16], "texture": "#1"},
				"west": {"uv": [10.5, 13, 10, 15], "texture": "#1"}
			}
		},
		{
			"from": [5, 2, 2],
			"to": [11, 3, 3],
			"rotation": {"angle": 0, "axis": "y", "origin": [13, -1.5, 2.5]},
			"faces": {
				"south": {"uv": [12, 3, 15, 3.5], "texture": "#1"},
				"up": {"uv": [15, 4, 12, 3.5], "texture": "#1"}
			}
		},
		{
			"from": [6.53073, 11, 3.69552],
			"to": [6.53073, 17, 12.69552],
			"rotation": {"angle": 22.5, "axis": "y", "origin": [6.53073, 14, 8.69552]},
			"faces": {
				"north": {"uv": [0, 0, 0, 3], "texture": "#1"},
				"east": {"uv": [16, 13, 11.5, 16], "texture": "#1"},
				"south": {"uv": [0, 0, 0, 3], "texture": "#1"},
				"west": {"uv": [11.5, 13, 16, 16], "texture": "#1"},
				"up": {"uv": [0, 0, 0, 5], "texture": "#1"},
				"down": {"uv": [0, 0, 0, 5], "texture": "#1"}
			}
		},
		{
			"from": [9.46927, 11, 3.69552],
			"to": [9.46927, 17, 12.69552],
			"rotation": {"angle": -22.5, "axis": "y", "origin": [9.46927, 14, 8.69552]},
			"faces": {
				"north": {"uv": [0, 0, 0, 3], "texture": "#1"},
				"east": {"uv": [16, 13, 11.5, 16], "texture": "#1"},
				"south": {"uv": [0, 0, 0, 3], "texture": "#1"},
				"west": {"uv": [11.5, 13, 16, 16], "texture": "#1"},
				"up": {"uv": [0, 0, 0, 5], "texture": "#1"},
				"down": {"uv": [0, 0, 0, 5], "texture": "#1"}
			}
		},
		{
			"from": [5, 2, 8.5],
			"to": [11, 8, 8.5],
			"rotation": {"angle": 0, "axis": "x", "origin": [8.5, 2, 8.5]},
			"faces": {
				"north": {"uv": [13, 9, 10, 6], "rotation": 180, "texture": "#1"},
				"south": {"uv": [10, 6, 13, 9], "texture": "#1"}
			}
		},
		{
			"from": [10, 9.5, 4],
			"to": [13, 12.5, 6.025],
			"rotation": {"angle": 0, "axis": "y", "origin": [11, 1.5, 16]},
			"faces": {
				"north": {"uv": [8.5, 9.5, 7, 11], "texture": "#1"},
				"south": {"uv": [8.5, 8, 7, 9.5], "texture": "#1"}
			}
		},
		{
			"from": [11.03633, 11.61313, 4],
			"to": [11.78633, 12.38813, 6],
			"rotation": {"angle": 45, "axis": "z", "origin": [11.28633, 12.11313, 5]},
			"faces": {
				"north": {"uv": [5.5, 13.5, 5, 14], "texture": "#1"},
				"east": {"uv": [10, 10.5, 9, 11], "texture": "#1"},
				"south": {"uv": [5.5, 14, 5, 14.5], "texture": "#1"},
				"up": {"uv": [5.5, 14.5, 6, 13.5], "texture": "#1"}
			}
		},
		{
			"from": [10.30301, 9.05364, 4],
			"to": [11.30301, 12.05364, 6],
			"rotation": {"angle": -22.5, "axis": "z", "origin": [10.80301, 10.55364, 5]},
			"faces": {
				"north": {"uv": [12.5, 1.5, 12, 3], "texture": "#1"},
				"east": {"uv": [13, 0, 12, 1.5], "texture": "#1"},
				"south": {"uv": [11, 12.5, 10.5, 14], "texture": "#1"},
				"west": {"uv": [10, 11.5, 9, 13], "texture": "#1"}
			}
		},
		{
			"from": [11.60552, 9.43596, 4],
			"to": [12.60552, 12.03596, 6],
			"rotation": {"angle": 22.5, "axis": "z", "origin": [12.10552, 10.53596, 5]},
			"faces": {
				"north": {"uv": [9.5, 13, 9, 14.5], "texture": "#1"},
				"east": {"uv": [7, 9.5, 6, 11], "texture": "#1"},
				"south": {"uv": [10, 13, 9.5, 14.5], "texture": "#1"},
				"west": {"uv": [7, 8, 6, 9.5], "texture": "#1"}
			}
		},
		{
			"from": [7.62967, 10.61313, 11],
			"to": [8.37967, 11.38813, 13],
			"rotation": {"angle": -45, "axis": "z", "origin": [8.12967, 11.11313, 12]},
			"faces": {
				"north": {"uv": [5, 13.5, 5.5, 14], "texture": "#1"},
				"south": {"uv": [5, 14, 5.5, 14.5], "texture": "#1"},
				"west": {"uv": [9, 10.5, 10, 11], "texture": "#1"},
				"up": {"uv": [6, 14.5, 5.5, 13.5], "texture": "#1"}
			}
		},
		{
			"from": [8.11299, 8.05364, 11],
			"to": [9.11299, 11.05364, 13],
			"rotation": {"angle": 22.5, "axis": "z", "origin": [8.61299, 9.55364, 12]},
			"faces": {
				"north": {"uv": [12, 1.5, 12.5, 3], "texture": "#1"},
				"east": {"uv": [9, 11.5, 10, 13], "texture": "#1"},
				"south": {"uv": [10.5, 12.5, 11, 14], "texture": "#1"},
				"west": {"uv": [12, 0, 13, 1.5], "texture": "#1"}
			}
		},
		{
			"from": [6.81048, 8.43596, 11],
			"to": [7.81048, 11.03596, 13],
			"rotation": {"angle": -22.5, "axis": "z", "origin": [7.31048, 9.53596, 12]},
			"faces": {
				"north": {"uv": [9, 13, 9.5, 14.5], "texture": "#1"},
				"east": {"uv": [6, 8, 7, 9.5], "texture": "#1"},
				"south": {"uv": [9.5, 13, 10, 14.5], "texture": "#1"},
				"west": {"uv": [6, 9.5, 7, 11], "texture": "#1"}
			}
		}
	],
	"gui_light": "front",
	"display": {
		"thirdperson_righthand": {
			"rotation": [67.5, 0, 15],
			"translation": [1.5, -4, -5.5],
			"scale": [0.7, 0.7, 0.7]
		},
		"thirdperson_lefthand": {
			"rotation": [67.5, 0, 15],
			"translation": [1.5, -4, -5.5],
			"scale": [0.7, 0.7, 0.7]
		},
		"firstperson_righthand": {
			"translation": [5, 0, -1],
			"scale": [0.55, 0.55, 0.55]
		},
		"firstperson_lefthand": {
			"translation": [5, 0, -1],
			"scale": [0.55, 0.55, 0.55]
		},
		"ground": {
			"translation": [0, 2, 0],
			"scale": [0.6, 0.6, 0.6]
		},
		"gui": {
			"rotation": [33, 135, 0],
			"translation": [0, 0.5, 0],
			"scale": [0.75, 0.75, 0.75]
		},
		"head": {
			"translation": [0, 14.5, 0]
		},
		"fixed": {
			"rotation": [-90, 0, 0],
			"translation": [0, 0, -16],
			"scale": [2, 2, 2]
		}
	},
	"groups": [
		0,
		1,
		2,
		3,
		{
			"name": "group",
			"origin": [4.89448, 12.03596, 5],
			"color": 0,
			"nbt": "{}",
			"armAnimationEnabled": false,
			"children": [4, 5, 6, 7]
		},
		{
			"name": "group",
			"origin": [8, 6, 1.5],
			"color": 0,
			"nbt": "{}",
			"armAnimationEnabled": false,
			"children": [8, 9, 10, 11]
		},
		{
			"name": "group",
			"origin": [13, -1, 2.5],
			"color": 0,
			"nbt": "{}",
			"armAnimationEnabled": false,
			"children": [12, 13, 14, 15, 16, 17, 18, 19, 20]
		},
		21,
		22,
		23,
		{
			"name": "group",
			"origin": [4.89448, 12.03596, 5],
			"color": 0,
			"nbt": "{}",
			"armAnimationEnabled": false,
			"children": [24, 25, 26, 27]
		},
		{
			"name": "group",
			"origin": [4.81048, 12.03596, 5],
			"color": 0,
			"nbt": "{}",
			"armAnimationEnabled": false,
			"children": [28, 29, 30]
		}
	]
}