{
	"credit": "Copyright © 2021-2099 Ikaho-Onsen Minecraft Server. All rights reserved.",
	"texture_size": [32, 32],
	"textures": {
		"0": "minecraft:item/kebab_01",
		"particle": "minecraft:item/kebab_01"
	},
	"elements": [
		{
			"from": [7.5, -7, 7.5],
			"to": [8.5, 13, 8.5],
			"rotation": {"angle": 0, "axis": "y", "origin": [0, -3, 0]},
			"faces": {
				"north": {"uv": [2.5, 0, 3, 10], "texture": "#0"},
				"east": {"uv": [2.5, 0, 3, 10], "texture": "#0"},
				"south": {"uv": [2.5, 0, 3, 10], "texture": "#0"},
				"west": {"uv": [2.5, 0, 3, 10], "texture": "#0"},
				"down": {"uv": [3.5, 3, 3, 3.5], "texture": "#0"}
			}
		},
		{
			"from": [5.5, 0.4, 5.5],
			"to": [10.5, 2.4, 10.5],
			"rotation": {"angle": -22.5, "axis": "x", "origin": [8, 0.9, 8]},
			"faces": {
				"north": {"uv": [4, 0, 3, 2.5], "rotation": 270, "texture": "#0"},
				"east": {"uv": [3, 0, 4, 2.5], "rotation": 90, "texture": "#0"},
				"south": {"uv": [3, 0, 4, 2.5], "rotation": 90, "texture": "#0"},
				"west": {"uv": [3, 0, 4, 2.5], "rotation": 90, "texture": "#0"},
				"up": {"uv": [0, 2.5, 2.5, 5], "rotation": 90, "texture": "#0"},
				"down": {"uv": [0, 0, 2.5, 2.5], "rotation": 90, "texture": "#0"}
			}
		},
		{
			"from": [5.5, 5.6, 5.5],
			"to": [10.5, 7.6, 10.5],
			"rotation": {"angle": -22.5, "axis": "z", "origin": [8, 6.1, 8]},
			"faces": {
				"north": {"uv": [0, 10, 1, 12.5], "rotation": 90, "texture": "#0"},
				"east": {"uv": [1, 10, 0, 12.5], "rotation": 270, "texture": "#0"},
				"south": {"uv": [0, 10, 1, 12.5], "rotation": 90, "texture": "#0"},
				"west": {"uv": [0, 10, 1, 12.5], "rotation": 90, "texture": "#0"},
				"up": {"uv": [0, 7.5, 2.5, 10], "rotation": 180, "texture": "#0"},
				"down": {"uv": [0, 5, 2.5, 7.5], "texture": "#0"}
			}
		},
		{
			"from": [5.5, 10.3, 5.5],
			"to": [10.5, 12.3, 10.5],
			"rotation": {"angle": -22.5, "axis": "y", "origin": [8, 10.8, 8]},
			"faces": {
				"north": {"uv": [0, 10, 1, 12.5], "rotation": 90, "texture": "#0"},
				"east": {"uv": [0, 10, 1, 12.5], "rotation": 90, "texture": "#0"},
				"south": {"uv": [1, 10, 0, 12.5], "rotation": 270, "texture": "#0"},
				"west": {"uv": [0, 10, 1, 12.5], "rotation": 90, "texture": "#0"},
				"up": {"uv": [0, 7.5, 2.5, 10], "rotation": 270, "texture": "#0"},
				"down": {"uv": [0, 5, 2.5, 7.5], "rotation": 270, "texture": "#0"}
			}
		},
		{
			"from": [5, 2.9, 6],
			"to": [11, 4.9, 10],
			"rotation": {"angle": 22.5, "axis": "y", "origin": [8, 3.4, 8]},
			"faces": {
				"north": {"uv": [7, 2, 8, 5], "rotation": 90, "texture": "#0"},
				"east": {"uv": [7, 0, 8, 2], "rotation": 90, "texture": "#0"},
				"south": {"uv": [7, 2, 8, 5], "rotation": 90, "texture": "#0"},
				"west": {"uv": [7, 0, 8, 2], "rotation": 90, "texture": "#0"},
				"up": {"uv": [4, 0, 7, 2], "texture": "#0"},
				"down": {"uv": [4, 2, 7, 4], "texture": "#0"}
			}
		},
		{
			"from": [5, 13, 6],
			"to": [11, 15, 10],
			"rotation": {"angle": -22.5, "axis": "x", "origin": [8, 13.5, 8]},
			"faces": {
				"north": {"uv": [7, 5, 8, 8], "rotation": 90, "texture": "#0"},
				"east": {"uv": [3, 3.5, 4, 5.5], "rotation": 90, "texture": "#0"},
				"south": {"uv": [7, 5, 8, 8], "rotation": 90, "texture": "#0"},
				"west": {"uv": [3, 3.5, 4, 5.5], "rotation": 90, "texture": "#0"},
				"up": {"uv": [4, 4, 7, 6], "texture": "#0"},
				"down": {"uv": [4, 6, 7, 8], "texture": "#0"}
			}
		},
		{
			"from": [5, 8, 6],
			"to": [11, 10, 10],
			"rotation": {"angle": 22.5, "axis": "y", "origin": [8, 8.5, 8]},
			"faces": {
				"north": {"uv": [8, 2, 9, 5], "rotation": 90, "texture": "#0"},
				"east": {"uv": [8, 0, 9, 2], "rotation": 90, "texture": "#0"},
				"south": {"uv": [8, 2, 9, 5], "rotation": 90, "texture": "#0"},
				"west": {"uv": [8, 0, 9, 2], "rotation": 90, "texture": "#0"},
				"up": {"uv": [9, 0, 12, 2], "texture": "#0"},
				"down": {"uv": [9, 2, 12, 4], "texture": "#0"}
			}
		}
	],
	"gui_light": "front",
	"display": {
		"thirdperson_righthand": {
			"translation": [0, 8.75, 0.5]
		},
		"thirdperson_lefthand": {
			"translation": [0, 8.75, 0.5]
		},
		"firstperson_righthand": {
			"translation": [2.25, 3.75, 0],
			"scale": [0.45, 0.45, 0.45]
		},
		"firstperson_lefthand": {
			"translation": [2.25, 3.75, 0],
			"scale": [0.45, 0.45, 0.45]
		},
		"ground": {
			"rotation": [35, 0, 0],
			"translation": [0, 3, 0],
			"scale": [0.5, 0.5, 0.5]
		},
		"gui": {
			"rotation": [33, 180, 40],
			"translation": [1.5, 1.25, 0],
			"scale": [0.85, 0.85, 0.85]
		},
		"head": {
			"rotation": [0, 0, 90],
			"translation": [1.25, -7, -7.25]
		},
		"fixed": {
			"translation": [0, 0, -4],
			"scale": [2, 2, 2]
		}
	}
}