{
	"credit": "Copyright © 2021-2099 Ikaho-Onsen Minecraft Server. All rights reserved.",
	"texture_size": [64, 64],
	"textures": {
		"0": "minecraft:item/clear_item_01",
		"particle": "minecraft:item/clear_item_01"
	},
	"elements": [
		{
			"from": [7, 1, 7],
			"to": [9, 22, 9],
			"rotation": {"angle": 0, "axis": "y", "origin": [8, 8, 8]},
			"faces": {
				"north": {"uv": [1.75, 0, 2.25, 5.25], "texture": "#0"},
				"east": {"uv": [2.75, 0, 3.25, 5.25], "texture": "#0"},
				"south": {"uv": [2.5, 0, 3, 5.25], "texture": "#0"},
				"west": {"uv": [2, 0, 2.5, 5.25], "texture": "#0"},
				"up": {"uv": [4, 0.75, 3.5, 0.25], "texture": "#0"}
			}
		},
		{
			"from": [5, -5, 5],
			"to": [11, -1, 17],
			"rotation": {"angle": 0, "axis": "y", "origin": [8, -1, 8]},
			"faces": {
				"north": {"uv": [7.25, 7.5, 8.75, 8.5], "texture": "#0"},
				"east": {"uv": [8.75, 10.5, 9.75, 7.5], "rotation": 270, "texture": "#0"},
				"south": {"uv": [9.75, 7.5, 11.25, 8.5], "rotation": 180, "texture": "#0"},
				"west": {"uv": [9.75, 10.5, 8.75, 7.5], "rotation": 90, "texture": "#0"},
				"up": {"uv": [7.25, 11.5, 8.75, 8.5], "rotation": 180, "texture": "#0"},
				"down": {"uv": [8.75, 11.5, 7.25, 8.5], "texture": "#0"}
			}
		},
		{
			"from": [5, -5, 17],
			"to": [11, -5, 21],
			"rotation": {"angle": 0, "axis": "y", "origin": [8, -1, 20]},
			"faces": {
				"up": {"uv": [9.75, 8.5, 11.25, 9.5], "texture": "#0"},
				"down": {"uv": [9.75, 9.5, 11.25, 8.5], "texture": "#0"}
			}
		},
		{
			"from": [6, -1, 6],
			"to": [10, 1, 10],
			"faces": {
				"north": {"uv": [7.25, 7, 8.25, 7.5], "texture": "#0"},
				"east": {"uv": [7.25, 7, 8.25, 7.5], "texture": "#0"},
				"south": {"uv": [7.25, 7, 8.25, 7.5], "texture": "#0"},
				"west": {"uv": [7.25, 7, 8.25, 7.5], "texture": "#0"},
				"up": {"uv": [8.25, 7, 7.25, 6], "texture": "#0"}
			}
		}
	],
	"gui_light": "front",
	"display": {
		"thirdperson_righthand": {
			"rotation": [69, 60, -5],
			"translation": [-1.25, 1.25, 0]
		},
		"thirdperson_lefthand": {
			"rotation": [69, 60, -5],
			"translation": [-1.25, 1.25, 0]
		},
		"firstperson_righthand": {
			"rotation": [0, 90, 0],
			"translation": [1.88, 2.7, 2.13],
			"scale": [0.5, 0.5, 0.5]
		},
		"firstperson_lefthand": {
			"rotation": [0, 90, 0],
			"translation": [1.88, 2.7, 2.13],
			"scale": [0.5, 0.5, 0.5]
		},
		"ground": {
			"rotation": [30, 0, 0],
			"translation": [0, 3.5, 0],
			"scale": [0.5, 0.5, 0.5]
		},
		"gui": {
			"rotation": [33, 180, 33],
			"translation": [0, 0.25, 0],
			"scale": [0.65, 0.65, 0.65]
		},
		"head": {
			"rotation": [180, 0, 0],
			"translation": [0, -7, 0],
			"scale": [1.5, 1.5, 1.5]
		},
		"fixed": {
			"rotation": [-90, 0, 0],
			"translation": [0, -7.25, -26.25],
			"scale": [2, 2, 2]
		}
	},
	"groups": [
		{
			"name": "group",
			"origin": [-0.5, 0, 0.5],
			"color": 0,
			"nbt": "{}",
			"armAnimationEnabled": false,
			"children": [
				0,
				{
					"name": "group",
					"origin": [8, 1, 8],
					"color": 0,
					"nbt": "{}",
					"armAnimationEnabled": false,
					"children": [1, 2, 3]
				}
			]
		}
	]
}