{
	"credit": "Copyright © 2021-2099 Ikaho-Onsen Minecraft Server. All rights reserved.",
	"texture_size": [64, 64],
	"textures": {
		"0": "minecraft:item/clear_item_01",
		"particle": "minecraft:item/clear_item_01"
	},
	"elements": [
		{
			"from": [2, 0, 2],
			"to": [4, 11, 14],
			"rotation": {"angle": 0, "axis": "y", "origin": [3, 5.5, 8]},
			"faces": {
				"north": {"uv": [11.75, 13.25, 11.25, 16], "texture": "#0"},
				"east": {"uv": [8.75, 10.5, 11.75, 13.25], "texture": "#0"},
				"south": {"uv": [11.25, 13.25, 11.75, 16], "texture": "#0"},
				"west": {"uv": [8.75, 13.25, 11.75, 16], "texture": "#0"},
				"up": {"uv": [8.25, 13.25, 5.25, 12.75], "rotation": 270, "texture": "#0"},
				"down": {"uv": [5.25, 12.75, 8.25, 13.25], "rotation": 90, "texture": "#0"}
			}
		},
		{
			"from": [4, 1, 4],
			"to": [12, 2, 12],
			"rotation": {"angle": 0, "axis": "z", "origin": [8.5, 2, 8]},
			"faces": {
				"up": {"uv": [9.25, 10.75, 11.25, 12.75], "rotation": 90, "texture": "#0"},
				"down": {"uv": [5.25, 10.75, 7.25, 12.75], "rotation": 90, "texture": "#0"}
			}
		},
		{
			"from": [4, 0, 12],
			"to": [12, 11, 14],
			"rotation": {"angle": 0, "axis": "y", "origin": [8, 5.5, 13]},
			"faces": {
				"north": {"uv": [9.25, 10.5, 11.25, 13.25], "texture": "#0"},
				"east": {"uv": [11.25, 13.25, 11.75, 16], "texture": "#0"},
				"south": {"uv": [9.25, 13.25, 11.25, 16], "texture": "#0"},
				"west": {"uv": [11.75, 13.25, 11.25, 16], "texture": "#0"},
				"up": {"uv": [7.75, 12.75, 5.75, 13.25], "texture": "#0"},
				"down": {"uv": [5.75, 12.75, 7.75, 13.25], "texture": "#0"}
			}
		},
		{
			"from": [4, 0, 2],
			"to": [12, 11, 4],
			"rotation": {"angle": 0, "axis": "y", "origin": [8, 5.5, 3]},
			"faces": {
				"north": {"uv": [11.25, 13.25, 9.25, 16], "texture": "#0"},
				"east": {"uv": [11.25, 13.25, 10.75, 16], "texture": "#0"},
				"south": {"uv": [11.25, 10.5, 9.25, 13.25], "texture": "#0"},
				"west": {"uv": [10.75, 13.25, 11.25, 16], "texture": "#0"},
				"up": {"uv": [5.75, 13.25, 7.75, 12.75], "texture": "#0"},
				"down": {"uv": [5.75, 13.25, 7.75, 12.75], "texture": "#0"}
			}
		},
		{
			"from": [1.9, 7, 6],
			"to": [14.1, 9, 17],
			"rotation": {"angle": 22.5, "axis": "x", "origin": [8, 8, 11.5]},
			"faces": {
				"east": {"uv": [13.25, 13.25, 16, 13.75], "texture": "#0"},
				"south": {"uv": [11.75, 13.25, 14.75, 13.75], "texture": "#0"},
				"west": {"uv": [16, 13.25, 13.25, 13.75], "texture": "#0"}
			}
		},
		{
			"from": [12, 0, 2],
			"to": [14, 11, 14],
			"rotation": {"angle": 0, "axis": "y", "origin": [13, 5.5, 8]},
			"faces": {
				"north": {"uv": [11.75, 13.25, 11.25, 16], "texture": "#0"},
				"east": {"uv": [11.75, 13.25, 8.75, 16], "texture": "#0"},
				"south": {"uv": [11.25, 13.25, 11.75, 16], "texture": "#0"},
				"west": {"uv": [11.75, 10.5, 8.75, 13.25], "texture": "#0"},
				"up": {"uv": [5.25, 12.75, 8.25, 13.25], "rotation": 270, "texture": "#0"},
				"down": {"uv": [5.25, 13.25, 8.25, 12.75], "rotation": 90, "texture": "#0"}
			}
		},
		{
			"from": [4, 8, 4],
			"to": [13, 8, 13],
			"rotation": {"angle": 0, "axis": "y", "origin": [4, 8, 4]},
			"faces": {
				"up": {"uv": [11.75, 13.75, 14, 16], "texture": "#0"}
			}
		},
		{
			"name": "cube inverted",
			"from": [14.1, 9, 17],
			"to": [1.9, 7, 6],
			"rotation": {"angle": 22.5, "axis": "x", "origin": [8, 8, 11.5]},
			"faces": {
				"north": {"uv": [11.75, 13.75, 14.75, 13.25], "texture": "#0"},
				"east": {"uv": [16, 13.75, 13.25, 13.25], "texture": "#0"},
				"west": {"uv": [13.25, 13.75, 16, 13.25], "texture": "#0"}
			}
		}
	],
	"gui_light": "front",
	"display": {
		"thirdperson_righthand": {
			"rotation": [60, 0, 0],
			"translation": [0, 2.25, -1],
			"scale": [0.5, 0.5, 0.5]
		},
		"thirdperson_lefthand": {
			"rotation": [60, 0, 0],
			"translation": [0, 2.25, -1],
			"scale": [0.5, 0.5, 0.5]
		},
		"firstperson_righthand": {
			"translation": [1.88, 3.45, 2.13],
			"scale": [0.5, 0.5, 0.5]
		},
		"firstperson_lefthand": {
			"translation": [1.88, 3.45, 2.13],
			"scale": [0.5, 0.5, 0.5]
		},
		"ground": {
			"rotation": [30, 0, 0],
			"translation": [0, 1, 0],
			"scale": [0.5, 0.5, 0.5]
		},
		"gui": {
			"rotation": [33, -45, 0],
			"translation": [0.25, 1.5, 0],
			"scale": [0.75, 0.75, 0.75]
		},
		"head": {
			"translation": [0, 14.5, 0]
		},
		"fixed": {
			"rotation": [-90, 0, 0],
			"translation": [0, 0, -16],
			"scale": [2, 2, 2]
		}
	},
	"groups": [
		{
			"name": "group",
			"origin": [-1, 0, 0],
			"color": 0,
			"nbt": "{}",
			"armAnimationEnabled": false,
			"children": [0, 1, 2, 3, 4, 5, 6, 7]
		}
	]
}