{
	"credit": "Copyright © 2021-2099 Ikaho-Onsen Minecraft Server. All rights reserved.",
	"ambientocclusion": false,
	"textures": {
		"128": "minecraft:item/furnace_side",
		"140": "minecraft:item/hardened_clay_stained_black",
		"142": "minecraft:item/hardened_clay_stained_cyan",
		"153": "minecraft:item/hardened_clay_stained_silver",
		"particle": "minecraft:block/light_blue_shulker_box"
	},
	"elements": [
		{
			"from": [0.16, 9.6, 13.2],
			"to": [15.84, 12.06, 18.66],
			"faces": {
				"north": {"uv": [0, 0, 16, 3], "texture": "#142"},
				"east": {"uv": [0, 0, 16, 3], "rotation": 90, "texture": "#142"},
				"south": {"uv": [0, 0, 16, 3], "rotation": 180, "texture": "#142"},
				"west": {"uv": [0, 0, 16, 3], "rotation": 270, "texture": "#142"},
				"up": {"uv": [0, 0, 16, 3], "texture": "#142"},
				"down": {"uv": [0, 0, 16, 3], "rotation": 180, "texture": "#142"}
			}
		},
		{
			"from": [2.32, 9.6, 18.2],
			"to": [4, 12.06, 20.66],
			"faces": {
				"north": {"uv": [0, 0, 16, 3], "texture": "#142"},
				"east": {"uv": [0, 0, 16, 3], "rotation": 90, "texture": "#142"},
				"south": {"uv": [0, 0, 16, 3], "rotation": 180, "texture": "#142"},
				"west": {"uv": [0, 0, 16, 3], "rotation": 270, "texture": "#142"},
				"up": {"uv": [0, 0, 16, 3], "texture": "#142"},
				"down": {"uv": [0, 0, 16, 3], "rotation": 180, "texture": "#142"}
			}
		},
		{
			"from": [11.78, 9.6, 18.2],
			"to": [13.46, 12.06, 20.66],
			"faces": {
				"north": {"uv": [0, 0, 16, 3], "texture": "#142"},
				"east": {"uv": [0, 0, 16, 3], "rotation": 90, "texture": "#142"},
				"south": {"uv": [0, 0, 16, 3], "rotation": 180, "texture": "#142"},
				"west": {"uv": [0, 0, 16, 3], "rotation": 270, "texture": "#142"},
				"up": {"uv": [0, 0, 16, 3], "texture": "#142"},
				"down": {"uv": [0, 0, 16, 3], "rotation": 180, "texture": "#142"}
			}
		},
		{
			"from": [-0.48, 7.96, 17.02],
			"to": [1.16, 13.7, 19.48],
			"faces": {
				"north": {"uv": [14, 3, 16, 9], "texture": "#128"},
				"east": {"uv": [8, 0, 14, 3], "rotation": 90, "texture": "#128"},
				"south": {"uv": [12, 3, 14, 9], "rotation": 180, "texture": "#128"},
				"west": {"uv": [0, 0, 6, 3], "rotation": 270, "texture": "#128"},
				"up": {"uv": [6, 0, 8, 3], "texture": "#128"},
				"down": {"uv": [14, 0, 16, 3], "rotation": 180, "texture": "#128"}
			}
		},
		{
			"from": [1.5, 7.96, 19.84],
			"to": [3.96, 13.7, 21.48],
			"faces": {
				"north": {"uv": [13, 9, 16, 16], "texture": "#128"},
				"east": {"uv": [3, 2, 9, 4], "rotation": 90, "texture": "#128"},
				"south": {"uv": [13, 2, 16, 9], "rotation": 180, "texture": "#128"},
				"west": {"uv": [0, 0, 6, 2], "rotation": 270, "texture": "#128"},
				"up": {"uv": [6, 0, 9, 2], "texture": "#128"},
				"down": {"uv": [13, 0, 16, 2], "rotation": 180, "texture": "#128"}
			}
		},
		{
			"from": [14.84, 7.96, 17.02],
			"to": [16.48, 13.7, 19.48],
			"faces": {
				"north": {"uv": [0, 3, 2, 10], "texture": "#128"},
				"east": {"uv": [10, 0, 16, 3], "rotation": 90, "texture": "#128"},
				"south": {"uv": [2, 3, 4, 10], "rotation": 180, "texture": "#128"},
				"west": {"uv": [2, 0, 8, 3], "rotation": 270, "texture": "#128"},
				"up": {"uv": [8, 0, 10, 3], "texture": "#128"},
				"down": {"uv": [0, 0, 2, 3], "rotation": 180, "texture": "#128"}
			}
		},
		{
			"from": [11.78, 7.96, 19.84],
			"to": [14.24, 13.7, 21.48],
			"faces": {
				"north": {"uv": [0, 9, 3, 16], "texture": "#128"},
				"east": {"uv": [10, 0, 16, 2], "rotation": 90, "texture": "#128"},
				"south": {"uv": [0, 2, 3, 9], "rotation": 180, "texture": "#128"},
				"west": {"uv": [7, 2, 13, 4], "rotation": 270, "texture": "#128"},
				"up": {"uv": [7, 0, 10, 2], "texture": "#128"},
				"down": {"uv": [0, 0, 3, 2], "rotation": 180, "texture": "#128"}
			}
		},
		{
			"from": [3.14, 12.06, 21.48],
			"to": [3.96, 13.7, 22.3],
			"faces": {
				"north": {"uv": [0, 0, 2, 1], "rotation": 90, "texture": "#153"},
				"east": {"uv": [0, 0, 2, 1], "rotation": 180, "texture": "#153"},
				"south": {"uv": [0, 0, 2, 1], "rotation": 270, "texture": "#153"},
				"west": {"uv": [0, 0, 2, 1], "texture": "#153"},
				"up": {"uv": [0, 0, 2, 1], "rotation": 270, "texture": "#153"},
				"down": {"uv": [0, 0, 2, 1], "rotation": 270, "texture": "#153"}
			}
		},
		{
			"from": [1.5, 7.14, 21.48],
			"to": [3.14, 8.78, 22.3],
			"faces": {
				"north": {"uv": [0, 0, 2, 2], "rotation": 90, "texture": "#142"},
				"east": {"uv": [0, 0, 2, 2], "rotation": 180, "texture": "#142"},
				"south": {"uv": [0, 0, 2, 2], "rotation": 270, "texture": "#142"},
				"west": {"uv": [0, 0, 2, 2], "texture": "#142"},
				"up": {"uv": [0, 0, 2, 2], "rotation": 270, "texture": "#142"},
				"down": {"uv": [0, 0, 2, 2], "rotation": 270, "texture": "#142"}
			}
		},
		{
			"from": [1.5, 6.32, 21.48],
			"to": [3.14, 7.14, 22.3],
			"faces": {
				"north": {"uv": [0, 0, 1, 2], "rotation": 90, "texture": "#153"},
				"east": {"uv": [0, 0, 1, 2], "rotation": 180, "texture": "#153"},
				"south": {"uv": [0, 0, 1, 2], "rotation": 270, "texture": "#153"},
				"west": {"uv": [0, 0, 1, 2], "texture": "#153"},
				"up": {"uv": [0, 0, 1, 2], "rotation": 270, "texture": "#153"},
				"down": {"uv": [0, 0, 1, 2], "rotation": 270, "texture": "#153"}
			}
		},
		{
			"from": [1.5, 8.78, 21.48],
			"to": [3.14, 9.6, 22.3],
			"faces": {
				"north": {"uv": [0, 0, 1, 2], "rotation": 90, "texture": "#153"},
				"east": {"uv": [0, 0, 1, 2], "rotation": 180, "texture": "#153"},
				"south": {"uv": [0, 0, 1, 2], "rotation": 270, "texture": "#153"},
				"west": {"uv": [0, 0, 1, 2], "texture": "#153"},
				"up": {"uv": [0, 0, 1, 2], "rotation": 270, "texture": "#153"},
				"down": {"uv": [0, 0, 1, 2], "rotation": 270, "texture": "#153"}
			}
		},
		{
			"from": [3.14, 7.14, 21.48],
			"to": [3.96, 8.78, 22.3],
			"faces": {
				"north": {"uv": [0, 0, 2, 1], "rotation": 90, "texture": "#153"},
				"east": {"uv": [0, 0, 2, 1], "rotation": 180, "texture": "#153"},
				"south": {"uv": [0, 0, 2, 1], "rotation": 270, "texture": "#153"},
				"west": {"uv": [0, 0, 2, 1], "texture": "#153"},
				"up": {"uv": [0, 0, 2, 1], "rotation": 270, "texture": "#153"},
				"down": {"uv": [0, 0, 2, 1], "rotation": 270, "texture": "#153"}
			}
		},
		{
			"from": [0.68, 7.14, 21.48],
			"to": [1.5, 8.78, 22.3],
			"faces": {
				"north": {"uv": [0, 0, 2, 1], "rotation": 90, "texture": "#153"},
				"east": {"uv": [0, 0, 1, 2], "rotation": 180, "texture": "#153"},
				"south": {"uv": [0, 0, 2, 1], "rotation": 270, "texture": "#153"},
				"west": {"uv": [0, 0, 1, 2], "texture": "#153"},
				"up": {"uv": [0, 0, 1, 1], "rotation": 270, "texture": "#153"},
				"down": {"uv": [0, 0, 1, 1], "rotation": 270, "texture": "#153"}
			}
		},
		{
			"from": [0.68, 12.06, 21.48],
			"to": [1.5, 13.7, 22.3],
			"faces": {
				"north": {"uv": [0, 0, 2, 1], "rotation": 90, "texture": "#153"},
				"east": {"uv": [0, 0, 2, 1], "rotation": 180, "texture": "#153"},
				"south": {"uv": [0, 0, 2, 1], "rotation": 270, "texture": "#153"},
				"west": {"uv": [0, 0, 2, 1], "texture": "#153"},
				"up": {"uv": [0, 0, 2, 1], "rotation": 270, "texture": "#153"},
				"down": {"uv": [0, 0, 2, 1], "rotation": 270, "texture": "#153"}
			}
		},
		{
			"from": [1.5, 11.24, 21.48],
			"to": [3.14, 12.06, 22.3],
			"faces": {
				"north": {"uv": [0, 0, 1, 2], "rotation": 90, "texture": "#153"},
				"east": {"uv": [0, 0, 1, 2], "rotation": 180, "texture": "#153"},
				"south": {"uv": [0, 0, 1, 2], "rotation": 270, "texture": "#153"},
				"west": {"uv": [0, 0, 1, 2], "texture": "#153"},
				"up": {"uv": [0, 0, 1, 2], "rotation": 270, "texture": "#153"},
				"down": {"uv": [0, 0, 1, 2], "rotation": 270, "texture": "#153"}
			}
		},
		{
			"from": [1.5, 12.06, 21.48],
			"to": [3.14, 13.7, 22.3],
			"faces": {
				"north": {"uv": [0, 0, 2, 2], "rotation": 90, "texture": "#142"},
				"east": {"uv": [0, 0, 2, 2], "rotation": 180, "texture": "#142"},
				"south": {"uv": [0, 0, 2, 2], "rotation": 270, "texture": "#142"},
				"west": {"uv": [0, 0, 2, 2], "texture": "#142"},
				"up": {"uv": [0, 0, 2, 2], "rotation": 270, "texture": "#142"},
				"down": {"uv": [0, 0, 2, 2], "rotation": 270, "texture": "#142"}
			}
		},
		{
			"from": [1.5, 13.7, 21.48],
			"to": [3.14, 14.52, 22.3],
			"faces": {
				"north": {"uv": [0, 0, 1, 2], "rotation": 90, "texture": "#153"},
				"east": {"uv": [0, 0, 1, 2], "rotation": 180, "texture": "#153"},
				"south": {"uv": [0, 0, 1, 2], "rotation": 270, "texture": "#153"},
				"west": {"uv": [0, 0, 1, 2], "texture": "#153"},
				"up": {"uv": [0, 0, 1, 2], "rotation": 270, "texture": "#153"},
				"down": {"uv": [0, 0, 1, 2], "rotation": 270, "texture": "#153"}
			}
		},
		{
			"from": [-1.3, 12.06, 17.02],
			"to": [-0.48, 13.7, 17.84],
			"faces": {
				"north": {"uv": [0, 0, 2, 1], "texture": "#153"},
				"east": {"uv": [0, 0, 2, 1], "rotation": 90, "texture": "#153"},
				"south": {"uv": [0, 0, 2, 1], "rotation": 180, "texture": "#153"},
				"west": {"uv": [0, 0, 2, 1], "rotation": 270, "texture": "#153"},
				"up": {"uv": [0, 0, 2, 1], "texture": "#153"},
				"down": {"uv": [0, 0, 2, 1], "rotation": 180, "texture": "#153"}
			}
		},
		{
			"from": [-1.3, 7.14, 17.84],
			"to": [-0.48, 8.78, 19.48],
			"faces": {
				"north": {"uv": [0, 0, 2, 2], "texture": "#142"},
				"east": {"uv": [0, 0, 2, 2], "rotation": 90, "texture": "#142"},
				"south": {"uv": [0, 0, 2, 2], "rotation": 180, "texture": "#142"},
				"west": {"uv": [0, 0, 2, 2], "rotation": 270, "texture": "#142"},
				"up": {"uv": [0, 0, 2, 2], "texture": "#142"},
				"down": {"uv": [0, 0, 2, 2], "rotation": 180, "texture": "#142"}
			}
		},
		{
			"from": [-1.3, 6.32, 17.84],
			"to": [-0.48, 7.14, 19.48],
			"faces": {
				"north": {"uv": [0, 0, 1, 2], "texture": "#153"},
				"east": {"uv": [0, 0, 1, 2], "rotation": 90, "texture": "#153"},
				"south": {"uv": [0, 0, 1, 2], "rotation": 180, "texture": "#153"},
				"west": {"uv": [0, 0, 1, 2], "rotation": 270, "texture": "#153"},
				"up": {"uv": [0, 0, 1, 2], "texture": "#153"},
				"down": {"uv": [0, 0, 1, 2], "rotation": 180, "texture": "#153"}
			}
		},
		{
			"from": [-1.3, 8.78, 17.84],
			"to": [-0.48, 9.6, 19.48],
			"faces": {
				"north": {"uv": [0, 0, 1, 2], "texture": "#153"},
				"east": {"uv": [0, 0, 1, 2], "rotation": 90, "texture": "#153"},
				"south": {"uv": [0, 0, 1, 2], "rotation": 180, "texture": "#153"},
				"west": {"uv": [0, 0, 1, 2], "rotation": 270, "texture": "#153"},
				"up": {"uv": [0, 0, 1, 2], "texture": "#153"},
				"down": {"uv": [0, 0, 1, 2], "rotation": 180, "texture": "#153"}
			}
		},
		{
			"from": [-1.3, 7.14, 17.02],
			"to": [-0.48, 8.78, 17.84],
			"faces": {
				"north": {"uv": [0, 0, 2, 1], "texture": "#153"},
				"east": {"uv": [0, 0, 2, 1], "rotation": 90, "texture": "#153"},
				"south": {"uv": [0, 0, 2, 1], "rotation": 180, "texture": "#153"},
				"west": {"uv": [0, 0, 2, 1], "rotation": 270, "texture": "#153"},
				"up": {"uv": [0, 0, 2, 1], "texture": "#153"},
				"down": {"uv": [0, 0, 2, 1], "rotation": 180, "texture": "#153"}
			}
		},
		{
			"from": [-1.3, 7.14, 19.48],
			"to": [-0.48, 8.78, 20.3],
			"faces": {
				"north": {"uv": [0, 0, 1, 2], "texture": "#153"},
				"east": {"uv": [0, 0, 2, 1], "rotation": 90, "texture": "#153"},
				"south": {"uv": [0, 0, 1, 2], "rotation": 180, "texture": "#153"},
				"west": {"uv": [0, 0, 2, 1], "rotation": 270, "texture": "#153"},
				"up": {"uv": [0, 0, 1, 1], "texture": "#153"},
				"down": {"uv": [0, 0, 1, 1], "rotation": 180, "texture": "#153"}
			}
		},
		{
			"from": [-1.3, 12.06, 19.48],
			"to": [-0.48, 13.7, 20.3],
			"faces": {
				"north": {"uv": [0, 0, 2, 1], "texture": "#153"},
				"east": {"uv": [0, 0, 2, 1], "rotation": 90, "texture": "#153"},
				"south": {"uv": [0, 0, 2, 1], "rotation": 180, "texture": "#153"},
				"west": {"uv": [0, 0, 2, 1], "rotation": 270, "texture": "#153"},
				"up": {"uv": [0, 0, 2, 1], "texture": "#153"},
				"down": {"uv": [0, 0, 2, 1], "rotation": 180, "texture": "#153"}
			}
		},
		{
			"from": [-1.3, 11.24, 17.84],
			"to": [-0.48, 12.06, 19.48],
			"faces": {
				"north": {"uv": [0, 0, 1, 2], "texture": "#153"},
				"east": {"uv": [0, 0, 1, 2], "rotation": 90, "texture": "#153"},
				"south": {"uv": [0, 0, 1, 2], "rotation": 180, "texture": "#153"},
				"west": {"uv": [0, 0, 1, 2], "rotation": 270, "texture": "#153"},
				"up": {"uv": [0, 0, 1, 2], "texture": "#153"},
				"down": {"uv": [0, 0, 1, 2], "rotation": 180, "texture": "#153"}
			}
		},
		{
			"from": [-1.3, 12.06, 17.84],
			"to": [-0.48, 13.7, 19.48],
			"faces": {
				"north": {"uv": [0, 0, 2, 2], "texture": "#142"},
				"east": {"uv": [0, 0, 2, 2], "rotation": 90, "texture": "#142"},
				"south": {"uv": [0, 0, 2, 2], "rotation": 180, "texture": "#142"},
				"west": {"uv": [0, 0, 2, 2], "rotation": 270, "texture": "#142"},
				"up": {"uv": [0, 0, 2, 2], "texture": "#142"},
				"down": {"uv": [0, 0, 2, 2], "rotation": 180, "texture": "#142"}
			}
		},
		{
			"from": [-1.3, 13.7, 17.84],
			"to": [-0.48, 14.52, 19.48],
			"faces": {
				"north": {"uv": [0, 0, 1, 2], "texture": "#153"},
				"east": {"uv": [0, 0, 1, 2], "rotation": 90, "texture": "#153"},
				"south": {"uv": [0, 0, 1, 2], "rotation": 180, "texture": "#153"},
				"west": {"uv": [0, 0, 1, 2], "rotation": 270, "texture": "#153"},
				"up": {"uv": [0, 0, 1, 2], "texture": "#153"},
				"down": {"uv": [0, 0, 1, 2], "rotation": 180, "texture": "#153"}
			}
		},
		{
			"from": [12.6, 11.24, 21.48],
			"to": [14.24, 12.06, 22.3],
			"faces": {
				"north": {"uv": [0, 0, 1, 2], "rotation": 270, "texture": "#153"},
				"east": {"uv": [0, 0, 1, 2], "texture": "#153"},
				"south": {"uv": [0, 0, 1, 2], "rotation": 90, "texture": "#153"},
				"west": {"uv": [0, 0, 1, 2], "rotation": 180, "texture": "#153"},
				"up": {"uv": [0, 0, 1, 2], "rotation": 90, "texture": "#153"},
				"down": {"uv": [0, 0, 1, 2], "rotation": 90, "texture": "#153"}
			}
		},
		{
			"from": [12.6, 13.7, 21.48],
			"to": [14.24, 14.52, 22.3],
			"faces": {
				"north": {"uv": [0, 0, 1, 2], "rotation": 270, "texture": "#153"},
				"east": {"uv": [0, 0, 1, 2], "texture": "#153"},
				"south": {"uv": [0, 0, 1, 2], "rotation": 90, "texture": "#153"},
				"west": {"uv": [0, 0, 1, 2], "rotation": 180, "texture": "#153"},
				"up": {"uv": [0, 0, 1, 2], "rotation": 90, "texture": "#153"},
				"down": {"uv": [0, 0, 1, 2], "rotation": 90, "texture": "#153"}
			}
		},
		{
			"from": [11.78, 12.06, 21.48],
			"to": [12.6, 13.7, 22.3],
			"faces": {
				"north": {"uv": [0, 0, 2, 1], "rotation": 270, "texture": "#153"},
				"east": {"uv": [0, 0, 2, 1], "texture": "#153"},
				"south": {"uv": [0, 0, 2, 1], "rotation": 90, "texture": "#153"},
				"west": {"uv": [0, 0, 2, 1], "rotation": 180, "texture": "#153"},
				"up": {"uv": [0, 0, 2, 1], "rotation": 90, "texture": "#153"},
				"down": {"uv": [0, 0, 2, 1], "rotation": 90, "texture": "#153"}
			}
		},
		{
			"from": [11.78, 7.14, 21.48],
			"to": [12.6, 8.78, 22.3],
			"faces": {
				"north": {"uv": [0, 0, 2, 1], "rotation": 270, "texture": "#153"},
				"east": {"uv": [0, 0, 2, 1], "texture": "#153"},
				"south": {"uv": [0, 0, 2, 1], "rotation": 90, "texture": "#153"},
				"west": {"uv": [0, 0, 2, 1], "rotation": 180, "texture": "#153"},
				"up": {"uv": [0, 0, 2, 1], "rotation": 90, "texture": "#153"},
				"down": {"uv": [0, 0, 2, 1], "rotation": 90, "texture": "#153"}
			}
		},
		{
			"from": [14.24, 12.06, 21.48],
			"to": [15.06, 13.7, 22.3],
			"faces": {
				"north": {"uv": [0, 0, 2, 1], "rotation": 270, "texture": "#153"},
				"east": {"uv": [0, 0, 2, 1], "texture": "#153"},
				"south": {"uv": [0, 0, 2, 1], "rotation": 90, "texture": "#153"},
				"west": {"uv": [0, 0, 2, 1], "rotation": 180, "texture": "#153"},
				"up": {"uv": [0, 0, 2, 1], "rotation": 90, "texture": "#153"},
				"down": {"uv": [0, 0, 2, 1], "rotation": 90, "texture": "#153"}
			}
		},
		{
			"from": [12.6, 6.32, 21.48],
			"to": [14.24, 7.14, 22.3],
			"faces": {
				"north": {"uv": [0, 0, 1, 2], "rotation": 270, "texture": "#153"},
				"east": {"uv": [0, 0, 1, 2], "texture": "#153"},
				"south": {"uv": [0, 0, 1, 2], "rotation": 90, "texture": "#153"},
				"west": {"uv": [0, 0, 1, 2], "rotation": 180, "texture": "#153"},
				"up": {"uv": [0, 0, 1, 2], "rotation": 90, "texture": "#153"},
				"down": {"uv": [0, 0, 1, 2], "rotation": 90, "texture": "#153"}
			}
		},
		{
			"from": [12.6, 8.78, 21.48],
			"to": [14.24, 9.6, 22.3],
			"faces": {
				"north": {"uv": [0, 0, 1, 2], "rotation": 270, "texture": "#153"},
				"east": {"uv": [0, 0, 1, 2], "texture": "#153"},
				"south": {"uv": [0, 0, 1, 2], "rotation": 90, "texture": "#153"},
				"west": {"uv": [0, 0, 1, 2], "rotation": 180, "texture": "#153"},
				"up": {"uv": [0, 0, 1, 2], "rotation": 90, "texture": "#153"},
				"down": {"uv": [0, 0, 1, 2], "rotation": 90, "texture": "#153"}
			}
		},
		{
			"from": [14.24, 7.14, 21.48],
			"to": [15.06, 8.78, 22.3],
			"faces": {
				"north": {"uv": [0, 0, 2, 1], "rotation": 270, "texture": "#153"},
				"east": {"uv": [0, 0, 2, 1], "texture": "#153"},
				"south": {"uv": [0, 0, 2, 1], "rotation": 90, "texture": "#153"},
				"west": {"uv": [0, 0, 2, 1], "rotation": 180, "texture": "#153"},
				"up": {"uv": [0, 0, 2, 1], "rotation": 90, "texture": "#153"},
				"down": {"uv": [0, 0, 2, 1], "rotation": 90, "texture": "#153"}
			}
		},
		{
			"from": [12.6, 7.14, 21.48],
			"to": [14.24, 8.78, 22.3],
			"faces": {
				"north": {"uv": [0, 0, 2, 2], "rotation": 270, "texture": "#142"},
				"east": {"uv": [0, 0, 2, 2], "texture": "#142"},
				"south": {"uv": [0, 0, 2, 2], "rotation": 90, "texture": "#142"},
				"west": {"uv": [0, 0, 2, 2], "rotation": 180, "texture": "#142"},
				"up": {"uv": [0, 0, 2, 2], "rotation": 90, "texture": "#142"},
				"down": {"uv": [0, 0, 2, 2], "rotation": 90, "texture": "#142"}
			}
		},
		{
			"from": [12.6, 12.06, 21.48],
			"to": [14.24, 13.7, 22.3],
			"faces": {
				"north": {"uv": [0, 0, 2, 2], "rotation": 270, "texture": "#142"},
				"east": {"uv": [0, 0, 2, 2], "texture": "#142"},
				"south": {"uv": [0, 0, 2, 2], "rotation": 90, "texture": "#142"},
				"west": {"uv": [0, 0, 2, 2], "rotation": 180, "texture": "#142"},
				"up": {"uv": [0, 0, 2, 2], "rotation": 90, "texture": "#142"},
				"down": {"uv": [0, 0, 2, 2], "rotation": 90, "texture": "#142"}
			}
		},
		{
			"from": [16.48, 11.24, 17.84],
			"to": [17.3, 12.06, 19.48],
			"faces": {
				"north": {"uv": [0, 0, 1, 2], "texture": "#153"},
				"east": {"uv": [0, 0, 1, 2], "rotation": 90, "texture": "#153"},
				"south": {"uv": [0, 0, 1, 2], "rotation": 180, "texture": "#153"},
				"west": {"uv": [0, 0, 1, 2], "rotation": 270, "texture": "#153"},
				"up": {"uv": [0, 0, 1, 2], "texture": "#153"},
				"down": {"uv": [0, 0, 1, 2], "rotation": 180, "texture": "#153"}
			}
		},
		{
			"from": [16.48, 13.7, 17.84],
			"to": [17.3, 14.52, 19.48],
			"faces": {
				"north": {"uv": [0, 0, 1, 2], "texture": "#153"},
				"east": {"uv": [0, 0, 1, 2], "rotation": 90, "texture": "#153"},
				"south": {"uv": [0, 0, 1, 2], "rotation": 180, "texture": "#153"},
				"west": {"uv": [0, 0, 1, 2], "rotation": 270, "texture": "#153"},
				"up": {"uv": [0, 0, 1, 2], "texture": "#153"},
				"down": {"uv": [0, 0, 1, 2], "rotation": 180, "texture": "#153"}
			}
		},
		{
			"from": [16.48, 12.06, 17.02],
			"to": [17.3, 13.7, 17.84],
			"faces": {
				"north": {"uv": [0, 0, 2, 1], "texture": "#153"},
				"east": {"uv": [0, 0, 2, 1], "rotation": 90, "texture": "#153"},
				"south": {"uv": [0, 0, 2, 1], "rotation": 180, "texture": "#153"},
				"west": {"uv": [0, 0, 2, 1], "rotation": 270, "texture": "#153"},
				"up": {"uv": [0, 0, 2, 1], "texture": "#153"},
				"down": {"uv": [0, 0, 2, 1], "rotation": 180, "texture": "#153"}
			}
		},
		{
			"from": [16.48, 7.14, 19.48],
			"to": [17.3, 8.78, 20.3],
			"faces": {
				"north": {"uv": [0, 0, 2, 1], "texture": "#153"},
				"east": {"uv": [0, 0, 2, 1], "rotation": 90, "texture": "#153"},
				"south": {"uv": [0, 0, 2, 1], "rotation": 180, "texture": "#153"},
				"west": {"uv": [0, 0, 2, 1], "rotation": 270, "texture": "#153"},
				"up": {"uv": [0, 0, 2, 1], "texture": "#153"},
				"down": {"uv": [0, 0, 2, 1], "rotation": 180, "texture": "#153"}
			}
		},
		{
			"from": [16.48, 12.06, 19.48],
			"to": [17.3, 13.7, 20.3],
			"faces": {
				"north": {"uv": [0, 0, 2, 1], "texture": "#153"},
				"east": {"uv": [0, 0, 2, 1], "rotation": 90, "texture": "#153"},
				"south": {"uv": [0, 0, 2, 1], "rotation": 180, "texture": "#153"},
				"west": {"uv": [0, 0, 2, 1], "rotation": 270, "texture": "#153"},
				"up": {"uv": [0, 0, 2, 1], "texture": "#153"},
				"down": {"uv": [0, 0, 2, 1], "rotation": 180, "texture": "#153"}
			}
		},
		{
			"from": [16.48, 6.32, 17.84],
			"to": [17.3, 7.14, 19.48],
			"faces": {
				"north": {"uv": [0, 0, 1, 2], "texture": "#153"},
				"east": {"uv": [0, 0, 1, 2], "rotation": 90, "texture": "#153"},
				"south": {"uv": [0, 0, 1, 2], "rotation": 180, "texture": "#153"},
				"west": {"uv": [0, 0, 1, 2], "rotation": 270, "texture": "#153"},
				"up": {"uv": [0, 0, 1, 2], "texture": "#153"},
				"down": {"uv": [0, 0, 1, 2], "rotation": 180, "texture": "#153"}
			}
		},
		{
			"from": [16.48, 8.78, 17.84],
			"to": [17.3, 9.6, 19.48],
			"faces": {
				"north": {"uv": [0, 0, 1, 2], "texture": "#153"},
				"east": {"uv": [0, 0, 1, 2], "rotation": 90, "texture": "#153"},
				"south": {"uv": [0, 0, 1, 2], "rotation": 180, "texture": "#153"},
				"west": {"uv": [0, 0, 1, 2], "rotation": 270, "texture": "#153"},
				"up": {"uv": [0, 0, 1, 2], "texture": "#153"},
				"down": {"uv": [0, 0, 1, 2], "rotation": 180, "texture": "#153"}
			}
		},
		{
			"from": [16.48, 7.14, 17.02],
			"to": [17.3, 8.78, 17.84],
			"faces": {
				"north": {"uv": [0, 0, 2, 1], "texture": "#153"},
				"east": {"uv": [0, 0, 2, 1], "rotation": 90, "texture": "#153"},
				"south": {"uv": [0, 0, 2, 1], "rotation": 180, "texture": "#153"},
				"west": {"uv": [0, 0, 2, 1], "rotation": 270, "texture": "#153"},
				"up": {"uv": [0, 0, 2, 1], "texture": "#153"},
				"down": {"uv": [0, 0, 2, 1], "rotation": 180, "texture": "#153"}
			}
		},
		{
			"from": [16.48, 7.14, 17.84],
			"to": [17.3, 8.78, 19.48],
			"faces": {
				"north": {"uv": [0, 0, 2, 2], "texture": "#142"},
				"east": {"uv": [0, 0, 2, 2], "rotation": 90, "texture": "#142"},
				"south": {"uv": [0, 0, 2, 2], "rotation": 180, "texture": "#142"},
				"west": {"uv": [0, 0, 2, 2], "rotation": 270, "texture": "#142"},
				"up": {"uv": [0, 0, 2, 2], "texture": "#142"},
				"down": {"uv": [0, 0, 2, 2], "rotation": 180, "texture": "#142"}
			}
		},
		{
			"from": [16.48, 12.06, 17.84],
			"to": [17.3, 13.7, 19.48],
			"faces": {
				"north": {"uv": [0, 0, 2, 2], "texture": "#142"},
				"east": {"uv": [0, 0, 2, 2], "rotation": 90, "texture": "#142"},
				"south": {"uv": [0, 0, 2, 2], "rotation": 180, "texture": "#142"},
				"west": {"uv": [0, 0, 2, 2], "rotation": 270, "texture": "#142"},
				"up": {"uv": [0, 0, 2, 2], "texture": "#142"},
				"down": {"uv": [0, 0, 2, 2], "rotation": 180, "texture": "#142"}
			}
		},
		{
			"from": [0.16, -3.4, 13.2],
			"to": [15.84, -0.94, 18.66],
			"faces": {
				"north": {"uv": [0, 0, 16, 3], "texture": "#142"},
				"east": {"uv": [0, 0, 16, 3], "rotation": 90, "texture": "#142"},
				"south": {"uv": [0, 0, 16, 3], "rotation": 180, "texture": "#142"},
				"west": {"uv": [0, 0, 16, 3], "rotation": 270, "texture": "#142"},
				"up": {"uv": [0, 0, 16, 3], "texture": "#142"},
				"down": {"uv": [0, 0, 16, 3], "rotation": 180, "texture": "#142"}
			}
		},
		{
			"from": [2.32, -3.4, 18.2],
			"to": [4, -0.94, 20.66],
			"faces": {
				"north": {"uv": [0, 0, 16, 3], "texture": "#142"},
				"east": {"uv": [0, 0, 16, 3], "rotation": 90, "texture": "#142"},
				"south": {"uv": [0, 0, 16, 3], "rotation": 180, "texture": "#142"},
				"west": {"uv": [0, 0, 16, 3], "rotation": 270, "texture": "#142"},
				"up": {"uv": [0, 0, 16, 3], "texture": "#142"},
				"down": {"uv": [0, 0, 16, 3], "rotation": 180, "texture": "#142"}
			}
		},
		{
			"from": [11.78, -3.4, 18.2],
			"to": [13.46, -0.94, 20.66],
			"faces": {
				"north": {"uv": [0, 0, 16, 3], "texture": "#142"},
				"east": {"uv": [0, 0, 16, 3], "rotation": 90, "texture": "#142"},
				"south": {"uv": [0, 0, 16, 3], "rotation": 180, "texture": "#142"},
				"west": {"uv": [0, 0, 16, 3], "rotation": 270, "texture": "#142"},
				"up": {"uv": [0, 0, 16, 3], "texture": "#142"},
				"down": {"uv": [0, 0, 16, 3], "rotation": 180, "texture": "#142"}
			}
		},
		{
			"from": [-0.48, -5.04, 17.02],
			"to": [1.16, 0.7, 19.48],
			"faces": {
				"north": {"uv": [14, 3, 16, 9], "texture": "#128"},
				"east": {"uv": [8, 0, 14, 3], "rotation": 90, "texture": "#128"},
				"south": {"uv": [12, 3, 14, 9], "rotation": 180, "texture": "#128"},
				"west": {"uv": [0, 0, 6, 3], "rotation": 270, "texture": "#128"},
				"up": {"uv": [6, 0, 8, 3], "texture": "#128"},
				"down": {"uv": [14, 0, 16, 3], "rotation": 180, "texture": "#128"}
			}
		},
		{
			"from": [1.5, -5.04, 19.84],
			"to": [3.96, 0.7, 21.48],
			"faces": {
				"north": {"uv": [13, 9, 16, 16], "texture": "#128"},
				"east": {"uv": [3, 2, 9, 4], "rotation": 90, "texture": "#128"},
				"south": {"uv": [13, 2, 16, 9], "rotation": 180, "texture": "#128"},
				"west": {"uv": [0, 0, 6, 2], "rotation": 270, "texture": "#128"},
				"up": {"uv": [6, 0, 9, 2], "texture": "#128"},
				"down": {"uv": [13, 0, 16, 2], "rotation": 180, "texture": "#128"}
			}
		},
		{
			"from": [14.84, -5.04, 17.02],
			"to": [16.48, 0.7, 19.48],
			"faces": {
				"north": {"uv": [0, 3, 2, 10], "texture": "#128"},
				"east": {"uv": [10, 0, 16, 3], "rotation": 90, "texture": "#128"},
				"south": {"uv": [2, 3, 4, 10], "rotation": 180, "texture": "#128"},
				"west": {"uv": [2, 0, 8, 3], "rotation": 270, "texture": "#128"},
				"up": {"uv": [8, 0, 10, 3], "texture": "#128"},
				"down": {"uv": [0, 0, 2, 3], "rotation": 180, "texture": "#128"}
			}
		},
		{
			"from": [11.78, -5.04, 19.84],
			"to": [14.24, 0.7, 21.48],
			"faces": {
				"north": {"uv": [0, 9, 3, 16], "texture": "#128"},
				"east": {"uv": [10, 0, 16, 2], "rotation": 90, "texture": "#128"},
				"south": {"uv": [0, 2, 3, 9], "rotation": 180, "texture": "#128"},
				"west": {"uv": [7, 2, 13, 4], "rotation": 270, "texture": "#128"},
				"up": {"uv": [7, 0, 10, 2], "texture": "#128"},
				"down": {"uv": [0, 0, 3, 2], "rotation": 180, "texture": "#128"}
			}
		},
		{
			"from": [6.36, -9.68, 15.3],
			"to": [9.64, 18.6, 17.76],
			"faces": {
				"north": {"uv": [0, 0, 4, 3], "texture": "#140"},
				"east": {"uv": [0, 0, 4, 3], "rotation": 90, "texture": "#140"},
				"south": {"uv": [0, 0, 4, 3], "rotation": 180, "texture": "#140"},
				"west": {"uv": [0, 0, 4, 3], "rotation": 270, "texture": "#140"},
				"up": {"uv": [0, 0, 4, 3], "texture": "#140"},
				"down": {"uv": [0, 0, 4, 3], "rotation": 180, "texture": "#140"}
			}
		},
		{
			"from": [3.14, -0.94, 21.48],
			"to": [3.96, 0.7, 22.3],
			"faces": {
				"north": {"uv": [0, 0, 2, 1], "rotation": 90, "texture": "#153"},
				"east": {"uv": [0, 0, 2, 1], "rotation": 180, "texture": "#153"},
				"south": {"uv": [0, 0, 2, 1], "rotation": 270, "texture": "#153"},
				"west": {"uv": [0, 0, 2, 1], "texture": "#153"},
				"up": {"uv": [0, 0, 2, 1], "rotation": 270, "texture": "#153"},
				"down": {"uv": [0, 0, 2, 1], "rotation": 270, "texture": "#153"}
			}
		},
		{
			"from": [1.5, -5.86, 21.48],
			"to": [3.14, -4.22, 22.3],
			"faces": {
				"north": {"uv": [0, 0, 2, 2], "rotation": 90, "texture": "#142"},
				"east": {"uv": [0, 0, 2, 2], "rotation": 180, "texture": "#142"},
				"south": {"uv": [0, 0, 2, 2], "rotation": 270, "texture": "#142"},
				"west": {"uv": [0, 0, 2, 2], "texture": "#142"},
				"up": {"uv": [0, 0, 2, 2], "rotation": 270, "texture": "#142"},
				"down": {"uv": [0, 0, 2, 2], "rotation": 270, "texture": "#142"}
			}
		},
		{
			"from": [1.5, -6.68, 21.48],
			"to": [3.14, -5.86, 22.3],
			"faces": {
				"north": {"uv": [0, 0, 1, 2], "rotation": 90, "texture": "#153"},
				"east": {"uv": [0, 0, 1, 2], "rotation": 180, "texture": "#153"},
				"south": {"uv": [0, 0, 1, 2], "rotation": 270, "texture": "#153"},
				"west": {"uv": [0, 0, 1, 2], "texture": "#153"},
				"up": {"uv": [0, 0, 1, 2], "rotation": 270, "texture": "#153"},
				"down": {"uv": [0, 0, 1, 2], "rotation": 270, "texture": "#153"}
			}
		},
		{
			"from": [1.5, -4.22, 21.48],
			"to": [3.14, -3.4, 22.3],
			"faces": {
				"north": {"uv": [0, 0, 1, 2], "rotation": 90, "texture": "#153"},
				"east": {"uv": [0, 0, 1, 2], "rotation": 180, "texture": "#153"},
				"south": {"uv": [0, 0, 1, 2], "rotation": 270, "texture": "#153"},
				"west": {"uv": [0, 0, 1, 2], "texture": "#153"},
				"up": {"uv": [0, 0, 1, 2], "rotation": 270, "texture": "#153"},
				"down": {"uv": [0, 0, 1, 2], "rotation": 270, "texture": "#153"}
			}
		},
		{
			"from": [3.14, -5.86, 21.48],
			"to": [3.96, -4.22, 22.3],
			"faces": {
				"north": {"uv": [0, 0, 2, 1], "rotation": 90, "texture": "#153"},
				"east": {"uv": [0, 0, 2, 1], "rotation": 180, "texture": "#153"},
				"south": {"uv": [0, 0, 2, 1], "rotation": 270, "texture": "#153"},
				"west": {"uv": [0, 0, 2, 1], "texture": "#153"},
				"up": {"uv": [0, 0, 2, 1], "rotation": 270, "texture": "#153"},
				"down": {"uv": [0, 0, 2, 1], "rotation": 270, "texture": "#153"}
			}
		},
		{
			"from": [0.68, -5.86, 21.48],
			"to": [1.5, -4.22, 22.3],
			"faces": {
				"north": {"uv": [0, 0, 2, 1], "rotation": 90, "texture": "#153"},
				"east": {"uv": [0, 0, 1, 2], "rotation": 180, "texture": "#153"},
				"south": {"uv": [0, 0, 2, 1], "rotation": 270, "texture": "#153"},
				"west": {"uv": [0, 0, 1, 2], "texture": "#153"},
				"up": {"uv": [0, 0, 1, 1], "rotation": 270, "texture": "#153"},
				"down": {"uv": [0, 0, 1, 1], "rotation": 270, "texture": "#153"}
			}
		},
		{
			"from": [0.68, -0.94, 21.48],
			"to": [1.5, 0.7, 22.3],
			"faces": {
				"north": {"uv": [0, 0, 2, 1], "rotation": 90, "texture": "#153"},
				"east": {"uv": [0, 0, 2, 1], "rotation": 180, "texture": "#153"},
				"south": {"uv": [0, 0, 2, 1], "rotation": 270, "texture": "#153"},
				"west": {"uv": [0, 0, 2, 1], "texture": "#153"},
				"up": {"uv": [0, 0, 2, 1], "rotation": 270, "texture": "#153"},
				"down": {"uv": [0, 0, 2, 1], "rotation": 270, "texture": "#153"}
			}
		},
		{
			"from": [1.5, -1.76, 21.48],
			"to": [3.14, -0.94, 22.3],
			"faces": {
				"north": {"uv": [0, 0, 1, 2], "rotation": 90, "texture": "#153"},
				"east": {"uv": [0, 0, 1, 2], "rotation": 180, "texture": "#153"},
				"south": {"uv": [0, 0, 1, 2], "rotation": 270, "texture": "#153"},
				"west": {"uv": [0, 0, 1, 2], "texture": "#153"},
				"up": {"uv": [0, 0, 1, 2], "rotation": 270, "texture": "#153"},
				"down": {"uv": [0, 0, 1, 2], "rotation": 270, "texture": "#153"}
			}
		},
		{
			"from": [1.5, -0.94, 21.48],
			"to": [3.14, 0.7, 22.3],
			"faces": {
				"north": {"uv": [0, 0, 2, 2], "rotation": 90, "texture": "#142"},
				"east": {"uv": [0, 0, 2, 2], "rotation": 180, "texture": "#142"},
				"south": {"uv": [0, 0, 2, 2], "rotation": 270, "texture": "#142"},
				"west": {"uv": [0, 0, 2, 2], "texture": "#142"},
				"up": {"uv": [0, 0, 2, 2], "rotation": 270, "texture": "#142"},
				"down": {"uv": [0, 0, 2, 2], "rotation": 270, "texture": "#142"}
			}
		},
		{
			"from": [1.5, 0.7, 21.48],
			"to": [3.14, 1.52, 22.3],
			"faces": {
				"north": {"uv": [0, 0, 1, 2], "rotation": 90, "texture": "#153"},
				"east": {"uv": [0, 0, 1, 2], "rotation": 180, "texture": "#153"},
				"south": {"uv": [0, 0, 1, 2], "rotation": 270, "texture": "#153"},
				"west": {"uv": [0, 0, 1, 2], "texture": "#153"},
				"up": {"uv": [0, 0, 1, 2], "rotation": 270, "texture": "#153"},
				"down": {"uv": [0, 0, 1, 2], "rotation": 270, "texture": "#153"}
			}
		},
		{
			"from": [-1.3, -0.94, 17.02],
			"to": [-0.48, 0.7, 17.84],
			"faces": {
				"north": {"uv": [0, 0, 2, 1], "texture": "#153"},
				"east": {"uv": [0, 0, 2, 1], "rotation": 90, "texture": "#153"},
				"south": {"uv": [0, 0, 2, 1], "rotation": 180, "texture": "#153"},
				"west": {"uv": [0, 0, 2, 1], "rotation": 270, "texture": "#153"},
				"up": {"uv": [0, 0, 2, 1], "texture": "#153"},
				"down": {"uv": [0, 0, 2, 1], "rotation": 180, "texture": "#153"}
			}
		},
		{
			"from": [-1.3, -5.86, 17.84],
			"to": [-0.48, -4.22, 19.48],
			"faces": {
				"north": {"uv": [0, 0, 2, 2], "texture": "#142"},
				"east": {"uv": [0, 0, 2, 2], "rotation": 90, "texture": "#142"},
				"south": {"uv": [0, 0, 2, 2], "rotation": 180, "texture": "#142"},
				"west": {"uv": [0, 0, 2, 2], "rotation": 270, "texture": "#142"},
				"up": {"uv": [0, 0, 2, 2], "texture": "#142"},
				"down": {"uv": [0, 0, 2, 2], "rotation": 180, "texture": "#142"}
			}
		},
		{
			"from": [-1.3, -6.68, 17.84],
			"to": [-0.48, -5.86, 19.48],
			"faces": {
				"north": {"uv": [0, 0, 1, 2], "texture": "#153"},
				"east": {"uv": [0, 0, 1, 2], "rotation": 90, "texture": "#153"},
				"south": {"uv": [0, 0, 1, 2], "rotation": 180, "texture": "#153"},
				"west": {"uv": [0, 0, 1, 2], "rotation": 270, "texture": "#153"},
				"up": {"uv": [0, 0, 1, 2], "texture": "#153"},
				"down": {"uv": [0, 0, 1, 2], "rotation": 180, "texture": "#153"}
			}
		},
		{
			"from": [-1.3, -4.22, 17.84],
			"to": [-0.48, -3.4, 19.48],
			"faces": {
				"north": {"uv": [0, 0, 1, 2], "texture": "#153"},
				"east": {"uv": [0, 0, 1, 2], "rotation": 90, "texture": "#153"},
				"south": {"uv": [0, 0, 1, 2], "rotation": 180, "texture": "#153"},
				"west": {"uv": [0, 0, 1, 2], "rotation": 270, "texture": "#153"},
				"up": {"uv": [0, 0, 1, 2], "texture": "#153"},
				"down": {"uv": [0, 0, 1, 2], "rotation": 180, "texture": "#153"}
			}
		},
		{
			"from": [-1.3, -5.86, 17.02],
			"to": [-0.48, -4.22, 17.84],
			"faces": {
				"north": {"uv": [0, 0, 2, 1], "texture": "#153"},
				"east": {"uv": [0, 0, 2, 1], "rotation": 90, "texture": "#153"},
				"south": {"uv": [0, 0, 2, 1], "rotation": 180, "texture": "#153"},
				"west": {"uv": [0, 0, 2, 1], "rotation": 270, "texture": "#153"},
				"up": {"uv": [0, 0, 2, 1], "texture": "#153"},
				"down": {"uv": [0, 0, 2, 1], "rotation": 180, "texture": "#153"}
			}
		},
		{
			"from": [-1.3, -5.86, 19.48],
			"to": [-0.48, -4.22, 20.3],
			"faces": {
				"north": {"uv": [0, 0, 1, 2], "texture": "#153"},
				"east": {"uv": [0, 0, 2, 1], "rotation": 90, "texture": "#153"},
				"south": {"uv": [0, 0, 1, 2], "rotation": 180, "texture": "#153"},
				"west": {"uv": [0, 0, 2, 1], "rotation": 270, "texture": "#153"},
				"up": {"uv": [0, 0, 1, 1], "texture": "#153"},
				"down": {"uv": [0, 0, 1, 1], "rotation": 180, "texture": "#153"}
			}
		},
		{
			"from": [-1.3, -0.94, 19.48],
			"to": [-0.48, 0.7, 20.3],
			"faces": {
				"north": {"uv": [0, 0, 2, 1], "texture": "#153"},
				"east": {"uv": [0, 0, 2, 1], "rotation": 90, "texture": "#153"},
				"south": {"uv": [0, 0, 2, 1], "rotation": 180, "texture": "#153"},
				"west": {"uv": [0, 0, 2, 1], "rotation": 270, "texture": "#153"},
				"up": {"uv": [0, 0, 2, 1], "texture": "#153"},
				"down": {"uv": [0, 0, 2, 1], "rotation": 180, "texture": "#153"}
			}
		},
		{
			"from": [-1.3, -1.76, 17.84],
			"to": [-0.48, -0.94, 19.48],
			"faces": {
				"north": {"uv": [0, 0, 1, 2], "texture": "#153"},
				"east": {"uv": [0, 0, 1, 2], "rotation": 90, "texture": "#153"},
				"south": {"uv": [0, 0, 1, 2], "rotation": 180, "texture": "#153"},
				"west": {"uv": [0, 0, 1, 2], "rotation": 270, "texture": "#153"},
				"up": {"uv": [0, 0, 1, 2], "texture": "#153"},
				"down": {"uv": [0, 0, 1, 2], "rotation": 180, "texture": "#153"}
			}
		},
		{
			"from": [-1.3, -0.94, 17.84],
			"to": [-0.48, 0.7, 19.48],
			"faces": {
				"north": {"uv": [0, 0, 2, 2], "texture": "#142"},
				"east": {"uv": [0, 0, 2, 2], "rotation": 90, "texture": "#142"},
				"south": {"uv": [0, 0, 2, 2], "rotation": 180, "texture": "#142"},
				"west": {"uv": [0, 0, 2, 2], "rotation": 270, "texture": "#142"},
				"up": {"uv": [0, 0, 2, 2], "texture": "#142"},
				"down": {"uv": [0, 0, 2, 2], "rotation": 180, "texture": "#142"}
			}
		},
		{
			"from": [-1.3, 0.7, 17.84],
			"to": [-0.48, 1.52, 19.48],
			"faces": {
				"north": {"uv": [0, 0, 1, 2], "texture": "#153"},
				"east": {"uv": [0, 0, 1, 2], "rotation": 90, "texture": "#153"},
				"south": {"uv": [0, 0, 1, 2], "rotation": 180, "texture": "#153"},
				"west": {"uv": [0, 0, 1, 2], "rotation": 270, "texture": "#153"},
				"up": {"uv": [0, 0, 1, 2], "texture": "#153"},
				"down": {"uv": [0, 0, 1, 2], "rotation": 180, "texture": "#153"}
			}
		},
		{
			"from": [12.6, -1.76, 21.48],
			"to": [14.24, -0.94, 22.3],
			"faces": {
				"north": {"uv": [0, 0, 1, 2], "rotation": 270, "texture": "#153"},
				"east": {"uv": [0, 0, 1, 2], "texture": "#153"},
				"south": {"uv": [0, 0, 1, 2], "rotation": 90, "texture": "#153"},
				"west": {"uv": [0, 0, 1, 2], "rotation": 180, "texture": "#153"},
				"up": {"uv": [0, 0, 1, 2], "rotation": 90, "texture": "#153"},
				"down": {"uv": [0, 0, 1, 2], "rotation": 90, "texture": "#153"}
			}
		},
		{
			"from": [12.6, 0.7, 21.48],
			"to": [14.24, 1.52, 22.3],
			"faces": {
				"north": {"uv": [0, 0, 1, 2], "rotation": 270, "texture": "#153"},
				"east": {"uv": [0, 0, 1, 2], "texture": "#153"},
				"south": {"uv": [0, 0, 1, 2], "rotation": 90, "texture": "#153"},
				"west": {"uv": [0, 0, 1, 2], "rotation": 180, "texture": "#153"},
				"up": {"uv": [0, 0, 1, 2], "rotation": 90, "texture": "#153"},
				"down": {"uv": [0, 0, 1, 2], "rotation": 90, "texture": "#153"}
			}
		},
		{
			"from": [11.78, -0.94, 21.48],
			"to": [12.6, 0.7, 22.3],
			"faces": {
				"north": {"uv": [0, 0, 2, 1], "rotation": 270, "texture": "#153"},
				"east": {"uv": [0, 0, 2, 1], "texture": "#153"},
				"south": {"uv": [0, 0, 2, 1], "rotation": 90, "texture": "#153"},
				"west": {"uv": [0, 0, 2, 1], "rotation": 180, "texture": "#153"},
				"up": {"uv": [0, 0, 2, 1], "rotation": 90, "texture": "#153"},
				"down": {"uv": [0, 0, 2, 1], "rotation": 90, "texture": "#153"}
			}
		},
		{
			"from": [11.78, -5.86, 21.48],
			"to": [12.6, -4.22, 22.3],
			"faces": {
				"north": {"uv": [0, 0, 2, 1], "rotation": 270, "texture": "#153"},
				"east": {"uv": [0, 0, 2, 1], "texture": "#153"},
				"south": {"uv": [0, 0, 2, 1], "rotation": 90, "texture": "#153"},
				"west": {"uv": [0, 0, 2, 1], "rotation": 180, "texture": "#153"},
				"up": {"uv": [0, 0, 2, 1], "rotation": 90, "texture": "#153"},
				"down": {"uv": [0, 0, 2, 1], "rotation": 90, "texture": "#153"}
			}
		},
		{
			"from": [14.24, -0.94, 21.48],
			"to": [15.06, 0.7, 22.3],
			"faces": {
				"north": {"uv": [0, 0, 2, 1], "rotation": 270, "texture": "#153"},
				"east": {"uv": [0, 0, 2, 1], "texture": "#153"},
				"south": {"uv": [0, 0, 2, 1], "rotation": 90, "texture": "#153"},
				"west": {"uv": [0, 0, 2, 1], "rotation": 180, "texture": "#153"},
				"up": {"uv": [0, 0, 2, 1], "rotation": 90, "texture": "#153"},
				"down": {"uv": [0, 0, 2, 1], "rotation": 90, "texture": "#153"}
			}
		},
		{
			"from": [12.6, -6.68, 21.48],
			"to": [14.24, -5.86, 22.3],
			"faces": {
				"north": {"uv": [0, 0, 1, 2], "rotation": 270, "texture": "#153"},
				"east": {"uv": [0, 0, 1, 2], "texture": "#153"},
				"south": {"uv": [0, 0, 1, 2], "rotation": 90, "texture": "#153"},
				"west": {"uv": [0, 0, 1, 2], "rotation": 180, "texture": "#153"},
				"up": {"uv": [0, 0, 1, 2], "rotation": 90, "texture": "#153"},
				"down": {"uv": [0, 0, 1, 2], "rotation": 90, "texture": "#153"}
			}
		},
		{
			"from": [12.6, -4.22, 21.48],
			"to": [14.24, -3.4, 22.3],
			"faces": {
				"north": {"uv": [0, 0, 1, 2], "rotation": 270, "texture": "#153"},
				"east": {"uv": [0, 0, 1, 2], "texture": "#153"},
				"south": {"uv": [0, 0, 1, 2], "rotation": 90, "texture": "#153"},
				"west": {"uv": [0, 0, 1, 2], "rotation": 180, "texture": "#153"},
				"up": {"uv": [0, 0, 1, 2], "rotation": 90, "texture": "#153"},
				"down": {"uv": [0, 0, 1, 2], "rotation": 90, "texture": "#153"}
			}
		},
		{
			"from": [14.24, -5.86, 21.48],
			"to": [15.06, -4.22, 22.3],
			"faces": {
				"north": {"uv": [0, 0, 2, 1], "rotation": 270, "texture": "#153"},
				"east": {"uv": [0, 0, 2, 1], "texture": "#153"},
				"south": {"uv": [0, 0, 2, 1], "rotation": 90, "texture": "#153"},
				"west": {"uv": [0, 0, 2, 1], "rotation": 180, "texture": "#153"},
				"up": {"uv": [0, 0, 2, 1], "rotation": 90, "texture": "#153"},
				"down": {"uv": [0, 0, 2, 1], "rotation": 90, "texture": "#153"}
			}
		},
		{
			"from": [12.6, -5.86, 21.48],
			"to": [14.24, -4.22, 22.3],
			"faces": {
				"north": {"uv": [0, 0, 2, 2], "rotation": 270, "texture": "#142"},
				"east": {"uv": [0, 0, 2, 2], "texture": "#142"},
				"south": {"uv": [0, 0, 2, 2], "rotation": 90, "texture": "#142"},
				"west": {"uv": [0, 0, 2, 2], "rotation": 180, "texture": "#142"},
				"up": {"uv": [0, 0, 2, 2], "rotation": 90, "texture": "#142"},
				"down": {"uv": [0, 0, 2, 2], "rotation": 90, "texture": "#142"}
			}
		},
		{
			"from": [12.6, -0.94, 21.48],
			"to": [14.24, 0.7, 22.3],
			"faces": {
				"north": {"uv": [0, 0, 2, 2], "rotation": 270, "texture": "#142"},
				"east": {"uv": [0, 0, 2, 2], "texture": "#142"},
				"south": {"uv": [0, 0, 2, 2], "rotation": 90, "texture": "#142"},
				"west": {"uv": [0, 0, 2, 2], "rotation": 180, "texture": "#142"},
				"up": {"uv": [0, 0, 2, 2], "rotation": 90, "texture": "#142"},
				"down": {"uv": [0, 0, 2, 2], "rotation": 90, "texture": "#142"}
			}
		},
		{
			"from": [16.48, -1.76, 17.84],
			"to": [17.3, -0.94, 19.48],
			"faces": {
				"north": {"uv": [0, 0, 1, 2], "texture": "#153"},
				"east": {"uv": [0, 0, 1, 2], "rotation": 90, "texture": "#153"},
				"south": {"uv": [0, 0, 1, 2], "rotation": 180, "texture": "#153"},
				"west": {"uv": [0, 0, 1, 2], "rotation": 270, "texture": "#153"},
				"up": {"uv": [0, 0, 1, 2], "texture": "#153"},
				"down": {"uv": [0, 0, 1, 2], "rotation": 180, "texture": "#153"}
			}
		},
		{
			"from": [16.48, 0.7, 17.84],
			"to": [17.3, 1.52, 19.48],
			"faces": {
				"north": {"uv": [0, 0, 1, 2], "texture": "#153"},
				"east": {"uv": [0, 0, 1, 2], "rotation": 90, "texture": "#153"},
				"south": {"uv": [0, 0, 1, 2], "rotation": 180, "texture": "#153"},
				"west": {"uv": [0, 0, 1, 2], "rotation": 270, "texture": "#153"},
				"up": {"uv": [0, 0, 1, 2], "texture": "#153"},
				"down": {"uv": [0, 0, 1, 2], "rotation": 180, "texture": "#153"}
			}
		},
		{
			"from": [16.48, -0.94, 17.02],
			"to": [17.3, 0.7, 17.84],
			"faces": {
				"north": {"uv": [0, 0, 2, 1], "texture": "#153"},
				"east": {"uv": [0, 0, 2, 1], "rotation": 90, "texture": "#153"},
				"south": {"uv": [0, 0, 2, 1], "rotation": 180, "texture": "#153"},
				"west": {"uv": [0, 0, 2, 1], "rotation": 270, "texture": "#153"},
				"up": {"uv": [0, 0, 2, 1], "texture": "#153"},
				"down": {"uv": [0, 0, 2, 1], "rotation": 180, "texture": "#153"}
			}
		},
		{
			"from": [16.48, -5.86, 19.48],
			"to": [17.3, -4.22, 20.3],
			"faces": {
				"north": {"uv": [0, 0, 2, 1], "texture": "#153"},
				"east": {"uv": [0, 0, 2, 1], "rotation": 90, "texture": "#153"},
				"south": {"uv": [0, 0, 2, 1], "rotation": 180, "texture": "#153"},
				"west": {"uv": [0, 0, 2, 1], "rotation": 270, "texture": "#153"},
				"up": {"uv": [0, 0, 2, 1], "texture": "#153"},
				"down": {"uv": [0, 0, 2, 1], "rotation": 180, "texture": "#153"}
			}
		},
		{
			"from": [16.48, -0.94, 19.48],
			"to": [17.3, 0.7, 20.3],
			"faces": {
				"north": {"uv": [0, 0, 2, 1], "texture": "#153"},
				"east": {"uv": [0, 0, 2, 1], "rotation": 90, "texture": "#153"},
				"south": {"uv": [0, 0, 2, 1], "rotation": 180, "texture": "#153"},
				"west": {"uv": [0, 0, 2, 1], "rotation": 270, "texture": "#153"},
				"up": {"uv": [0, 0, 2, 1], "texture": "#153"},
				"down": {"uv": [0, 0, 2, 1], "rotation": 180, "texture": "#153"}
			}
		},
		{
			"from": [16.48, -6.68, 17.84],
			"to": [17.3, -5.86, 19.48],
			"faces": {
				"north": {"uv": [0, 0, 1, 2], "texture": "#153"},
				"east": {"uv": [0, 0, 1, 2], "rotation": 90, "texture": "#153"},
				"south": {"uv": [0, 0, 1, 2], "rotation": 180, "texture": "#153"},
				"west": {"uv": [0, 0, 1, 2], "rotation": 270, "texture": "#153"},
				"up": {"uv": [0, 0, 1, 2], "texture": "#153"},
				"down": {"uv": [0, 0, 1, 2], "rotation": 180, "texture": "#153"}
			}
		},
		{
			"from": [16.48, -4.22, 17.84],
			"to": [17.3, -3.4, 19.48],
			"faces": {
				"north": {"uv": [0, 0, 1, 2], "texture": "#153"},
				"east": {"uv": [0, 0, 1, 2], "rotation": 90, "texture": "#153"},
				"south": {"uv": [0, 0, 1, 2], "rotation": 180, "texture": "#153"},
				"west": {"uv": [0, 0, 1, 2], "rotation": 270, "texture": "#153"},
				"up": {"uv": [0, 0, 1, 2], "texture": "#153"},
				"down": {"uv": [0, 0, 1, 2], "rotation": 180, "texture": "#153"}
			}
		},
		{
			"from": [16.48, -5.86, 17.02],
			"to": [17.3, -4.22, 17.84],
			"faces": {
				"north": {"uv": [0, 0, 2, 1], "texture": "#153"},
				"east": {"uv": [0, 0, 2, 1], "rotation": 90, "texture": "#153"},
				"south": {"uv": [0, 0, 2, 1], "rotation": 180, "texture": "#153"},
				"west": {"uv": [0, 0, 2, 1], "rotation": 270, "texture": "#153"},
				"up": {"uv": [0, 0, 2, 1], "texture": "#153"},
				"down": {"uv": [0, 0, 2, 1], "rotation": 180, "texture": "#153"}
			}
		},
		{
			"from": [16.48, -5.86, 17.84],
			"to": [17.3, -4.22, 19.48],
			"faces": {
				"north": {"uv": [0, 0, 2, 2], "texture": "#142"},
				"east": {"uv": [0, 0, 2, 2], "rotation": 90, "texture": "#142"},
				"south": {"uv": [0, 0, 2, 2], "rotation": 180, "texture": "#142"},
				"west": {"uv": [0, 0, 2, 2], "rotation": 270, "texture": "#142"},
				"up": {"uv": [0, 0, 2, 2], "texture": "#142"},
				"down": {"uv": [0, 0, 2, 2], "rotation": 180, "texture": "#142"}
			}
		},
		{
			"from": [16.48, -0.94, 17.84],
			"to": [17.3, 0.7, 19.48],
			"faces": {
				"north": {"uv": [0, 0, 2, 2], "texture": "#142"},
				"east": {"uv": [0, 0, 2, 2], "rotation": 90, "texture": "#142"},
				"south": {"uv": [0, 0, 2, 2], "rotation": 180, "texture": "#142"},
				"west": {"uv": [0, 0, 2, 2], "rotation": 270, "texture": "#142"},
				"up": {"uv": [0, 0, 2, 2], "texture": "#142"},
				"down": {"uv": [0, 0, 2, 2], "rotation": 180, "texture": "#142"}
			}
		}
	],
	"display": {
		"thirdperson_righthand": {
			"scale": [2.5, 2.5, 2.5]
		},
		"head": {
			"scale": [2.05, 2.05, 2.05]
		}
	},
	"groups": [
		{
			"name": "group",
			"origin": [0, 0, 0],
			"color": 0,
			"nbt": "{}",
			"armAnimationEnabled": false,
			"children": [
				0,
				1,
				2,
				3,
				4,
				5,
				6,
				{
					"name": "group",
					"origin": [0, 0, 0],
					"color": 0,
					"nbt": "{}",
					"armAnimationEnabled": false,
					"children": [
						{
							"name": "group",
							"origin": [0, 0, 0],
							"color": 0,
							"nbt": "{}",
							"armAnimationEnabled": false,
							"children": [7, 8, 9, 10, 11, 12, 13, 14, 15, 16]
						},
						{
							"name": "group",
							"origin": [0, 0, 0],
							"color": 0,
							"nbt": "{}",
							"armAnimationEnabled": false,
							"children": [17, 18, 19, 20, 21, 22, 23, 24, 25, 26]
						},
						{
							"name": "group",
							"origin": [0, 0, 0],
							"color": 0,
							"nbt": "{}",
							"armAnimationEnabled": false,
							"children": [27, 28, 29, 30, 31, 32, 33, 34, 35, 36]
						},
						{
							"name": "group",
							"origin": [0, 0, 0],
							"color": 0,
							"nbt": "{}",
							"armAnimationEnabled": false,
							"children": [37, 38, 39, 40, 41, 42, 43, 44, 45, 46]
						}
					]
				}
			]
		},
		{
			"name": "group",
			"origin": [0, 0, 0],
			"color": 0,
			"nbt": "{}",
			"armAnimationEnabled": false,
			"children": [
				47,
				48,
				49,
				50,
				51,
				52,
				53,
				54,
				{
					"name": "group",
					"origin": [0, 0, 0],
					"color": 0,
					"nbt": "{}",
					"armAnimationEnabled": false,
					"children": [
						{
							"name": "group",
							"origin": [0, 0, 0],
							"color": 0,
							"nbt": "{}",
							"armAnimationEnabled": false,
							"children": [55, 56, 57, 58, 59, 60, 61, 62, 63, 64]
						},
						{
							"name": "group",
							"origin": [0, 0, 0],
							"color": 0,
							"nbt": "{}",
							"armAnimationEnabled": false,
							"children": [65, 66, 67, 68, 69, 70, 71, 72, 73, 74]
						},
						{
							"name": "group",
							"origin": [0, 0, 0],
							"color": 0,
							"nbt": "{}",
							"armAnimationEnabled": false,
							"children": [75, 76, 77, 78, 79, 80, 81, 82, 83, 84]
						},
						{
							"name": "group",
							"origin": [0, 0, 0],
							"color": 0,
							"nbt": "{}",
							"armAnimationEnabled": false,
							"children": [85, 86, 87, 88, 89, 90, 91, 92, 93, 94]
						}
					]
				}
			]
		}
	]
}