{
	"credit": "Copyright © 2021-2099 Ikaho-Onsen Minecraft Server. All rights reserved.",
	"textures": {
		"0": "minecraft:item/blade1",
		"particle": "minecraft:item/blade1"
	},
	"elements": [
		{
			"from": [7.35, 0.7, 7.65],
			"to": [7.65, 1, 8.35],
			"rotation": {"angle": 0, "axis": "y", "origin": [8.5, -1.3, 8]},
			"faces": {
				"north": {"uv": [15, 0, 15.3, 0.3], "texture": "#0"},
				"east": {"uv": [15, 0, 15.7, 0.3], "texture": "#0"},
				"south": {"uv": [15, 0, 15.3, 0.3], "texture": "#0"},
				"west": {"uv": [15, 0, 15.7, 0.3], "texture": "#0"},
				"up": {"uv": [15, 0, 15.3, 0.7], "texture": "#0"},
				"down": {"uv": [15, 0, 15.3, 0.7], "texture": "#0"}
			}
		},
		{
			"from": [7.70255, 0.7, 7.12238],
			"to": [8.00255, 1, 7.42238],
			"rotation": {"angle": 22.5, "axis": "y", "origin": [8.85255, -1.3, 8.27238]},
			"faces": {
				"north": {"uv": [15, 0, 15.3, 0.3], "texture": "#0"},
				"east": {"uv": [15, 0, 15.3, 0.3], "texture": "#0"},
				"south": {"uv": [15, 0, 15.3, 0.3], "texture": "#0"},
				"west": {"uv": [15, 0, 15.3, 0.3], "texture": "#0"},
				"up": {"uv": [15, 0, 15.3, 0.3], "rotation": 270, "texture": "#0"},
				"down": {"uv": [15, 0, 15.3, 0.3], "rotation": 90, "texture": "#0"}
			}
		},
		{
			"from": [7.62716, 0.7, 7.5352],
			"to": [8.37116, 1.1, 8.4652],
			"rotation": {"angle": 0, "axis": "y", "origin": [7.77716, 0.9, 7.6852]},
			"faces": {
				"north": {"uv": [15, 0, 15.744, 0.4], "texture": "#0"},
				"east": {"uv": [15, 0, 15.93, 0.4], "texture": "#0"},
				"south": {"uv": [15, 0, 15.744, 0.4], "texture": "#0"},
				"west": {"uv": [15, 0, 15.93, 0.4], "texture": "#0"},
				"up": {"uv": [15, 0, 15.744, 0.93], "rotation": 180, "texture": "#0"},
				"down": {"uv": [15, 0, 15.744, 0.93], "rotation": 180, "texture": "#0"}
			}
		},
		{
			"from": [7.79389, 0.7, 8.1184],
			"to": [8.09389, 1, 8.4184],
			"rotation": {"angle": -22.5, "axis": "y", "origin": [7.74389, -1.3, 7.2684]},
			"faces": {
				"north": {"uv": [15, 0, 15.3, 0.3], "texture": "#0"},
				"east": {"uv": [15, 0, 15.3, 0.3], "texture": "#0"},
				"south": {"uv": [15, 0, 15.3, 0.3], "texture": "#0"},
				"west": {"uv": [15, 0, 15.3, 0.3], "texture": "#0"},
				"up": {"uv": [15, 0, 15.3, 0.3], "rotation": 270, "texture": "#0"},
				"down": {"uv": [15, 0, 15.3, 0.3], "rotation": 90, "texture": "#0"}
			}
		},
		{
			"from": [8.35, 0.7, 7.65],
			"to": [8.65, 1, 8.35],
			"rotation": {"angle": 0, "axis": "y", "origin": [8.5, -1.3, 8]},
			"faces": {
				"north": {"uv": [15, 0, 15.3, 0.3], "texture": "#0"},
				"east": {"uv": [15, 0, 15.7, 0.3], "texture": "#0"},
				"south": {"uv": [15, 0, 15.3, 0.3], "texture": "#0"},
				"west": {"uv": [15, 0, 15.7, 0.3], "texture": "#0"},
				"up": {"uv": [15, 0, 15.3, 0.7], "texture": "#0"},
				"down": {"uv": [15, 0, 15.3, 0.7], "texture": "#0"}
			}
		},
		{
			"from": [8.30402, 0.7, 8.11882],
			"to": [8.60402, 1, 8.41882],
			"rotation": {"angle": 22.5, "axis": "y", "origin": [8.45402, -1.3, 8.26882]},
			"faces": {
				"north": {"uv": [15, 0, 15.3, 0.3], "texture": "#0"},
				"east": {"uv": [15, 0, 15.3, 0.3], "texture": "#0"},
				"south": {"uv": [15, 0, 15.3, 0.3], "texture": "#0"},
				"west": {"uv": [15, 0, 15.3, 0.3], "texture": "#0"},
				"up": {"uv": [15, 0, 15.3, 0.3], "rotation": 270, "texture": "#0"},
				"down": {"uv": [15, 0, 15.3, 0.3], "rotation": 90, "texture": "#0"}
			}
		},
		{
			"from": [8.31924, 0.7, 7.50464],
			"to": [8.61924, 1, 7.80464],
			"rotation": {"angle": -22.5, "axis": "y", "origin": [8.26924, -1.3, 7.65464]},
			"faces": {
				"north": {"uv": [15, 0, 15.3, 0.3], "texture": "#0"},
				"east": {"uv": [15, 0, 15.3, 0.3], "texture": "#0"},
				"south": {"uv": [15, 0, 15.3, 0.3], "texture": "#0"},
				"west": {"uv": [15, 0, 15.3, 0.3], "texture": "#0"},
				"up": {"uv": [15, 0, 15.3, 0.3], "rotation": 270, "texture": "#0"},
				"down": {"uv": [15, 0, 15.3, 0.3], "rotation": 90, "texture": "#0"}
			}
		},
		{
			"from": [7.415, 0.42, 7.685],
			"to": [7.685, 0.69, 8.315],
			"rotation": {"angle": 0, "axis": "y", "origin": [8.45, -1.38, 8]},
			"faces": {
				"north": {"uv": [15, 0, 15.3, 0.3], "texture": "#0"},
				"east": {"uv": [15, 0, 15.7, 0.3], "texture": "#0"},
				"south": {"uv": [15, 0, 15.3, 0.3], "texture": "#0"},
				"west": {"uv": [15, 0, 15.7, 0.3], "texture": "#0"},
				"up": {"uv": [15, 0, 15.3, 0.7], "texture": "#0"},
				"down": {"uv": [15, 0, 15.3, 0.7], "texture": "#0"}
			}
		},
		{
			"from": [7.73229, 0.42, 7.21014],
			"to": [8.00229, 0.69, 7.48014],
			"rotation": {"angle": 22.5, "axis": "y", "origin": [8.76729, -1.38, 8.24514]},
			"faces": {
				"north": {"uv": [15, 0, 15.3, 0.3], "texture": "#0"},
				"east": {"uv": [15, 0, 15.3, 0.3], "texture": "#0"},
				"south": {"uv": [15, 0, 15.3, 0.3], "texture": "#0"},
				"west": {"uv": [15, 0, 15.3, 0.3], "texture": "#0"},
				"up": {"uv": [15, 0, 15.3, 0.3], "rotation": 270, "texture": "#0"},
				"down": {"uv": [15, 0, 15.3, 0.3], "rotation": 90, "texture": "#0"}
			}
		},
		{
			"from": [7.66445, 0.42, 7.58168],
			"to": [8.33405, 0.69, 8.41868],
			"rotation": {"angle": 0, "axis": "y", "origin": [7.79945, 0.6, 7.71668]},
			"faces": {
				"north": {"uv": [15, 0, 15.744, 0.3], "texture": "#0"},
				"east": {"uv": [15, 0, 15.93, 0.3], "texture": "#0"},
				"south": {"uv": [15, 0, 15.744, 0.3], "texture": "#0"},
				"west": {"uv": [15, 0, 15.93, 0.3], "texture": "#0"},
				"up": {"uv": [15, 0, 15.744, 0.93], "rotation": 180, "texture": "#0"},
				"down": {"uv": [15, 0, 15.744, 0.93], "rotation": 180, "texture": "#0"}
			}
		},
		{
			"from": [7.8145, 0.42, 8.10656],
			"to": [8.0845, 0.69, 8.37656],
			"rotation": {"angle": -22.5, "axis": "y", "origin": [7.7695, -1.38, 7.34156]},
			"faces": {
				"north": {"uv": [15, 0, 15.3, 0.3], "texture": "#0"},
				"east": {"uv": [15, 0, 15.3, 0.3], "texture": "#0"},
				"south": {"uv": [15, 0, 15.3, 0.3], "texture": "#0"},
				"west": {"uv": [15, 0, 15.3, 0.3], "texture": "#0"},
				"up": {"uv": [15, 0, 15.3, 0.3], "rotation": 270, "texture": "#0"},
				"down": {"uv": [15, 0, 15.3, 0.3], "rotation": 90, "texture": "#0"}
			}
		},
		{
			"from": [8.315, 0.42, 7.685],
			"to": [8.585, 0.69, 8.315],
			"rotation": {"angle": 0, "axis": "y", "origin": [8.45, -1.38, 8]},
			"faces": {
				"north": {"uv": [15, 0, 15.3, 0.3], "texture": "#0"},
				"east": {"uv": [15, 0, 15.7, 0.3], "texture": "#0"},
				"south": {"uv": [15, 0, 15.3, 0.3], "texture": "#0"},
				"west": {"uv": [15, 0, 15.7, 0.3], "texture": "#0"},
				"up": {"uv": [15, 0, 15.3, 0.7], "texture": "#0"},
				"down": {"uv": [15, 0, 15.3, 0.7], "texture": "#0"}
			}
		},
		{
			"from": [8.27361, 0.42, 8.10694],
			"to": [8.54361, 0.69, 8.37694],
			"rotation": {"angle": 22.5, "axis": "y", "origin": [8.40861, -1.38, 8.24194]},
			"faces": {
				"north": {"uv": [15, 0, 15.3, 0.3], "texture": "#0"},
				"east": {"uv": [15, 0, 15.3, 0.3], "texture": "#0"},
				"south": {"uv": [15, 0, 15.3, 0.3], "texture": "#0"},
				"west": {"uv": [15, 0, 15.3, 0.3], "texture": "#0"},
				"up": {"uv": [15, 0, 15.3, 0.3], "rotation": 270, "texture": "#0"},
				"down": {"uv": [15, 0, 15.3, 0.3], "rotation": 90, "texture": "#0"}
			}
		},
		{
			"from": [8.28732, 0.42, 7.55418],
			"to": [8.55732, 0.69, 7.82418],
			"rotation": {"angle": -22.5, "axis": "y", "origin": [8.24232, -1.38, 7.68918]},
			"faces": {
				"north": {"uv": [15, 0, 15.3, 0.3], "texture": "#0"},
				"east": {"uv": [15, 0, 15.3, 0.3], "texture": "#0"},
				"south": {"uv": [15, 0, 15.3, 0.3], "texture": "#0"},
				"west": {"uv": [15, 0, 15.3, 0.3], "texture": "#0"},
				"up": {"uv": [15, 0, 15.3, 0.3], "rotation": 270, "texture": "#0"},
				"down": {"uv": [15, 0, 15.3, 0.3], "rotation": 90, "texture": "#0"}
			}
		},
		{
			"from": [7.4852, 0.2776, 7.7228],
			"to": [7.7228, 0.5152, 8.2772],
			"rotation": {"angle": 0, "axis": "y", "origin": [8.396, -1.3064, 8]},
			"faces": {
				"north": {"uv": [15, 0, 15.3, 0.3], "texture": "#0"},
				"east": {"uv": [15, 0, 15.7, 0.3], "texture": "#0"},
				"south": {"uv": [15, 0, 15.3, 0.3], "texture": "#0"},
				"west": {"uv": [15, 0, 15.7, 0.3], "texture": "#0"},
				"up": {"uv": [15, 0, 15.3, 0.7], "texture": "#0"},
				"down": {"uv": [15, 0, 15.3, 0.7], "texture": "#0"}
			}
		},
		{
			"from": [7.76442, 0.2776, 7.30492],
			"to": [8.00202, 0.5152, 7.54252],
			"rotation": {"angle": 22.5, "axis": "y", "origin": [8.67522, -1.3064, 8.21572]},
			"faces": {
				"north": {"uv": [15, 0, 15.3, 0.3], "texture": "#0"},
				"east": {"uv": [15, 0, 15.3, 0.3], "texture": "#0"},
				"south": {"uv": [15, 0, 15.3, 0.3], "texture": "#0"},
				"west": {"uv": [15, 0, 15.3, 0.3], "texture": "#0"},
				"up": {"uv": [15, 0, 15.3, 0.3], "rotation": 270, "texture": "#0"},
				"down": {"uv": [15, 0, 15.3, 0.3], "rotation": 90, "texture": "#0"}
			}
		},
		{
			"from": [7.70471, 0.2776, 7.63187],
			"to": [8.29396, 0.5152, 8.36843],
			"rotation": {"angle": 0, "axis": "y", "origin": [7.82351, 0.436, 7.75067]},
			"faces": {
				"north": {"uv": [15, 0, 15.744, 0.3], "texture": "#0"},
				"east": {"uv": [15, 0, 15.93, 0.3], "texture": "#0"},
				"south": {"uv": [15, 0, 15.744, 0.3], "texture": "#0"},
				"west": {"uv": [15, 0, 15.93, 0.3], "texture": "#0"},
				"up": {"uv": [15, 0, 15.744, 0.93], "rotation": 180, "texture": "#0"},
				"down": {"uv": [15, 0, 15.744, 0.93], "rotation": 180, "texture": "#0"}
			}
		},
		{
			"from": [7.83676, 0.2776, 8.09378],
			"to": [8.07436, 0.5152, 8.33138],
			"rotation": {"angle": -22.5, "axis": "y", "origin": [7.79716, -1.3064, 7.42058]},
			"faces": {
				"north": {"uv": [15, 0, 15.3, 0.3], "texture": "#0"},
				"east": {"uv": [15, 0, 15.3, 0.3], "texture": "#0"},
				"south": {"uv": [15, 0, 15.3, 0.3], "texture": "#0"},
				"west": {"uv": [15, 0, 15.3, 0.3], "texture": "#0"},
				"up": {"uv": [15, 0, 15.3, 0.3], "rotation": 270, "texture": "#0"},
				"down": {"uv": [15, 0, 15.3, 0.3], "rotation": 90, "texture": "#0"}
			}
		},
		{
			"from": [8.2772, 0.2776, 7.7228],
			"to": [8.5148, 0.5152, 8.2772],
			"rotation": {"angle": 0, "axis": "y", "origin": [8.396, -1.3064, 8]},
			"faces": {
				"north": {"uv": [15, 0, 15.3, 0.3], "texture": "#0"},
				"east": {"uv": [15, 0, 15.7, 0.3], "texture": "#0"},
				"south": {"uv": [15, 0, 15.3, 0.3], "texture": "#0"},
				"west": {"uv": [15, 0, 15.7, 0.3], "texture": "#0"},
				"up": {"uv": [15, 0, 15.3, 0.7], "texture": "#0"},
				"down": {"uv": [15, 0, 15.3, 0.7], "texture": "#0"}
			}
		},
		{
			"from": [8.24078, 0.2776, 8.09411],
			"to": [8.47838, 0.5152, 8.33171],
			"rotation": {"angle": 22.5, "axis": "y", "origin": [8.35958, -1.3064, 8.21291]},
			"faces": {
				"north": {"uv": [15, 0, 15.3, 0.3], "texture": "#0"},
				"east": {"uv": [15, 0, 15.3, 0.3], "texture": "#0"},
				"south": {"uv": [15, 0, 15.3, 0.3], "texture": "#0"},
				"west": {"uv": [15, 0, 15.3, 0.3], "texture": "#0"},
				"up": {"uv": [15, 0, 15.3, 0.3], "rotation": 270, "texture": "#0"},
				"down": {"uv": [15, 0, 15.3, 0.3], "rotation": 90, "texture": "#0"}
			}
		},
		{
			"from": [8.25284, 0.2776, 7.60768],
			"to": [8.49044, 0.5152, 7.84528],
			"rotation": {"angle": -22.5, "axis": "y", "origin": [8.21324, -1.3064, 7.72648]},
			"faces": {
				"north": {"uv": [15, 0, 15.3, 0.3], "texture": "#0"},
				"east": {"uv": [15, 0, 15.3, 0.3], "texture": "#0"},
				"south": {"uv": [15, 0, 15.3, 0.3], "texture": "#0"},
				"west": {"uv": [15, 0, 15.3, 0.3], "texture": "#0"},
				"up": {"uv": [15, 0, 15.3, 0.3], "rotation": 270, "texture": "#0"},
				"down": {"uv": [15, 0, 15.3, 0.3], "rotation": 90, "texture": "#0"}
			}
		},
		{
			"from": [8.35, 1, 7.65],
			"to": [8.65, 5.6, 8.35],
			"rotation": {"angle": 0, "axis": "y", "origin": [8.5, 3.3, 8]},
			"faces": {
				"north": {"uv": [0, 0, 0.3, 4.6], "texture": "#0"},
				"east": {"uv": [0, 0, 0.7, 4.6], "texture": "#0"},
				"south": {"uv": [0, 0, 0.3, 4.6], "texture": "#0"},
				"west": {"uv": [0, 0, 0.7, 4.6], "texture": "#0"},
				"up": {"uv": [0, 0, 0.3, 0.7], "texture": "#0"},
				"down": {"uv": [0, 0, 0.3, 0.7], "texture": "#0"}
			}
		},
		{
			"from": [7.35, 1, 7.65],
			"to": [7.65, 6, 8.35],
			"rotation": {"angle": 0, "axis": "y", "origin": [8.5, 3.3, 8]},
			"faces": {
				"north": {"uv": [0, 0, 0.3, 4.6], "texture": "#0"},
				"east": {"uv": [0, 0, 0.7, 4.6], "texture": "#0"},
				"south": {"uv": [0, 0, 0.3, 4.6], "texture": "#0"},
				"west": {"uv": [0, 0, 0.7, 4.6], "texture": "#0"},
				"up": {"uv": [0, 0, 0.3, 0.7], "texture": "#0"},
				"down": {"uv": [0, 0, 0.3, 0.7], "texture": "#0"}
			}
		},
		{
			"from": [8.31924, 1, 7.50464],
			"to": [8.61924, 6, 7.80464],
			"rotation": {"angle": -22.5, "axis": "y", "origin": [8.26924, 3.3, 7.65464]},
			"faces": {
				"north": {"uv": [0, 0, 0.3, 4.6], "texture": "#0"},
				"east": {"uv": [0, 0, 0.3, 4.6], "texture": "#0"},
				"south": {"uv": [0, 0, 0.3, 4.6], "texture": "#0"},
				"west": {"uv": [0, 0, 0.3, 4.6], "texture": "#0"},
				"up": {"uv": [0, 0, 0.3, 0.3], "rotation": 270, "texture": "#0"},
				"down": {"uv": [0, 0, 0.3, 0.3], "rotation": 90, "texture": "#0"}
			}
		},
		{
			"from": [7.79389, 1, 8.1184],
			"to": [8.09389, 6, 8.4184],
			"rotation": {"angle": -22.5, "axis": "y", "origin": [7.74389, 3.3, 7.2684]},
			"faces": {
				"north": {"uv": [0, 0, 0.3, 4.6], "texture": "#0"},
				"east": {"uv": [0, 0, 0.3, 4.6], "texture": "#0"},
				"south": {"uv": [0, 0, 0.3, 4.6], "texture": "#0"},
				"west": {"uv": [0, 0, 0.3, 4.6], "texture": "#0"},
				"up": {"uv": [0, 0, 0.3, 0.3], "rotation": 270, "texture": "#0"},
				"down": {"uv": [0, 0, 0.3, 0.3], "rotation": 90, "texture": "#0"}
			}
		},
		{
			"from": [8.30402, 1, 8.11882],
			"to": [8.60402, 6, 8.41882],
			"rotation": {"angle": 22.5, "axis": "y", "origin": [8.45402, 3.3, 8.26882]},
			"faces": {
				"north": {"uv": [0, 0, 0.3, 4.6], "texture": "#0"},
				"east": {"uv": [0, 0, 0.3, 4.6], "texture": "#0"},
				"south": {"uv": [0, 0, 0.3, 4.6], "texture": "#0"},
				"west": {"uv": [0, 0, 0.3, 4.6], "texture": "#0"},
				"up": {"uv": [0, 0, 0.3, 0.3], "rotation": 270, "texture": "#0"},
				"down": {"uv": [0, 0, 0.3, 0.3], "rotation": 90, "texture": "#0"}
			}
		},
		{
			"from": [7.70255, 1, 7.12238],
			"to": [8.00255, 6, 7.42238],
			"rotation": {"angle": 22.5, "axis": "y", "origin": [8.85255, 3.3, 8.27238]},
			"faces": {
				"north": {"uv": [0, 0, 0.3, 4.6], "texture": "#0"},
				"east": {"uv": [0, 0, 0.3, 4.6], "texture": "#0"},
				"south": {"uv": [0, 0, 0.3, 4.6], "texture": "#0"},
				"west": {"uv": [0, 0, 0.3, 4.6], "texture": "#0"},
				"up": {"uv": [0, 0, 0.3, 0.3], "rotation": 270, "texture": "#0"},
				"down": {"uv": [0, 0, 0.3, 0.3], "rotation": 90, "texture": "#0"}
			}
		},
		{
			"from": [7.62716, 1, 8.16481],
			"to": [8.42716, 5.6, 8.36481],
			"rotation": {"angle": 0, "axis": "z", "origin": [8.62716, 3.3, 8.36481]},
			"faces": {
				"north": {"uv": [11.4, 0, 16, 0.8], "rotation": 270, "texture": "#0"},
				"east": {"uv": [0, 0, 4.6, 0.2], "rotation": 90, "texture": "#0"},
				"south": {"uv": [11.4, 0, 16, 0.8], "rotation": 90, "texture": "#0"},
				"west": {"uv": [0, 0, 4.6, 0.2], "rotation": 90, "texture": "#0"},
				"up": {"uv": [0, 0, 0.2, 0.8], "rotation": 90, "texture": "#0"},
				"down": {"uv": [0, 0, 0.2, 0.8], "rotation": 90, "texture": "#0"}
			}
		},
		{
			"from": [7.63293, 1, 7.63519],
			"to": [8.43293, 5.6, 7.85519],
			"rotation": {"angle": 0, "axis": "z", "origin": [8.63293, 3.3, 8.33519]},
			"faces": {
				"north": {"uv": [11.4, 0, 16, 0.8], "rotation": 270, "texture": "#0"},
				"east": {"uv": [0, 0, 4.6, 0.22], "rotation": 90, "texture": "#0"},
				"south": {"uv": [11.4, 0, 16, 0.8], "rotation": 90, "texture": "#0"},
				"west": {"uv": [0, 0, 4.6, 0.22], "rotation": 90, "texture": "#0"},
				"up": {"uv": [0, 0, 0.22, 0.8], "rotation": 90, "texture": "#0"},
				"down": {"uv": [0, 0, 0.22, 0.8], "rotation": 90, "texture": "#0"}
			}
		},
		{
			"from": [7.62884, 5.203, 7.53481],
			"to": [8.37284, 6, 8.46481],
			"rotation": {"angle": 0, "axis": "y", "origin": [7.77884, 5.803, 7.68481]},
			"faces": {
				"north": {"uv": [0, 0, 0.744, 0.397], "texture": "#0"},
				"east": {"uv": [0, 0, 0.93, 0.397], "texture": "#0"},
				"south": {"uv": [0, 0, 0.744, 0.397], "texture": "#0"},
				"west": {"uv": [0, 0, 0.93, 0.397], "texture": "#0"},
				"up": {"uv": [0, 0, 0.744, 0.93], "rotation": 180, "texture": "#0"},
				"down": {"uv": [0, 0, 0.744, 0.93], "rotation": 180, "texture": "#0"}
			}
		},
		{
			"from": [7.62716, 5.01, 7.53519],
			"to": [7.82716, 5.21, 8.46519],
			"rotation": {"angle": 0, "axis": "z", "origin": [7.64516, 5.05758, 8.00019]},
			"faces": {
				"north": {"uv": [0, 0, 0.2, 0.2], "rotation": 90, "texture": "#0"},
				"east": {"uv": [0, 0, 0.2, 0.93], "rotation": 90, "texture": "#0"},
				"south": {"uv": [0, 0, 0.2, 0.2], "rotation": 270, "texture": "#0"},
				"west": {"uv": [0, 0, 0.2, 0.93], "rotation": 90, "texture": "#0"},
				"up": {"uv": [0, 0, 0.93, 0.2], "rotation": 270, "texture": "#0"},
				"down": {"uv": [0, 0, 0.93, 0.2], "rotation": 270, "texture": "#0"}
			}
		},
		{
			"from": [7.82716, 5.11, 7.53519],
			"to": [7.92716, 5.21, 8.46519],
			"rotation": {"angle": 0, "axis": "z", "origin": [7.64516, 5.05758, 8.00019]},
			"faces": {
				"north": {"uv": [0, 0, 0.1, 0.1], "rotation": 90, "texture": "#0"},
				"east": {"uv": [0, 0, 0.1, 0.93], "rotation": 90, "texture": "#0"},
				"south": {"uv": [0, 0, 0.1, 0.1], "rotation": 270, "texture": "#0"},
				"west": {"uv": [0, 0, 0.1, 0.93], "rotation": 90, "texture": "#0"},
				"up": {"uv": [0, 0, 0.93, 0.1], "rotation": 270, "texture": "#0"},
				"down": {"uv": [0, 0, 0.93, 0.1], "rotation": 270, "texture": "#0"}
			}
		},
		{
			"from": [8.07116, 5.11, 7.53519],
			"to": [8.17116, 5.21, 8.46519],
			"rotation": {"angle": 0, "axis": "z", "origin": [7.68916, 5.05758, 8.00019]},
			"faces": {
				"north": {"uv": [0, 0, 0.1, 0.1], "rotation": 90, "texture": "#0"},
				"east": {"uv": [0, 0, 0.1, 0.93], "rotation": 90, "texture": "#0"},
				"south": {"uv": [0, 0, 0.1, 0.1], "rotation": 270, "texture": "#0"},
				"west": {"uv": [0, 0, 0.1, 0.93], "rotation": 90, "texture": "#0"},
				"up": {"uv": [0, 0, 0.93, 0.1], "rotation": 270, "texture": "#0"},
				"down": {"uv": [0, 0, 0.93, 0.1], "rotation": 270, "texture": "#0"}
			}
		},
		{
			"from": [8.27116, 4.91, 7.53519],
			"to": [8.37116, 5.01, 8.46519],
			"rotation": {"angle": 0, "axis": "z", "origin": [7.68916, 5.05758, 8.00019]},
			"faces": {
				"north": {"uv": [0, 0, 0.1, 0.1], "rotation": 90, "texture": "#0"},
				"east": {"uv": [0, 0, 0.1, 0.93], "rotation": 90, "texture": "#0"},
				"south": {"uv": [0, 0, 0.1, 0.1], "rotation": 270, "texture": "#0"},
				"west": {"uv": [0, 0, 0.1, 0.93], "rotation": 90, "texture": "#0"},
				"up": {"uv": [0, 0, 0.93, 0.1], "rotation": 270, "texture": "#0"},
				"down": {"uv": [0, 0, 0.93, 0.1], "rotation": 270, "texture": "#0"}
			}
		},
		{
			"from": [7.62716, 4.91, 7.53519],
			"to": [7.72716, 5.01, 8.46519],
			"rotation": {"angle": 0, "axis": "z", "origin": [7.64516, 5.05758, 8.00019]},
			"faces": {
				"north": {"uv": [0, 0, 0.1, 0.1], "rotation": 90, "texture": "#0"},
				"east": {"uv": [0, 0, 0.1, 0.93], "rotation": 90, "texture": "#0"},
				"south": {"uv": [0, 0, 0.1, 0.1], "rotation": 270, "texture": "#0"},
				"west": {"uv": [0, 0, 0.1, 0.93], "rotation": 90, "texture": "#0"},
				"up": {"uv": [0, 0, 0.93, 0.1], "rotation": 270, "texture": "#0"},
				"down": {"uv": [0, 0, 0.93, 0.1], "rotation": 270, "texture": "#0"}
			}
		},
		{
			"from": [7.6272, 4.7, 7.53519],
			"to": [7.7272, 4.8, 8.46519],
			"rotation": {"angle": 0, "axis": "z", "origin": [7.5452, 4.94758, 8.00019]},
			"faces": {
				"north": {"uv": [0, 0, 0.1, 0.1], "rotation": 90, "texture": "#0"},
				"east": {"uv": [0, 0, 0.1, 0.93], "rotation": 90, "texture": "#0"},
				"south": {"uv": [0, 0, 0.1, 0.1], "rotation": 270, "texture": "#0"},
				"west": {"uv": [0, 0, 0.1, 0.93], "rotation": 90, "texture": "#0"},
				"up": {"uv": [0, 0, 0.93, 0.1], "rotation": 270, "texture": "#0"},
				"down": {"uv": [0, 0, 0.93, 0.1], "rotation": 270, "texture": "#0"}
			}
		},
		{
			"from": [7.8272, 4.5, 7.53519],
			"to": [7.9272, 4.6, 8.46519],
			"rotation": {"angle": 0, "axis": "z", "origin": [7.5452, 4.94758, 8.00019]},
			"faces": {
				"north": {"uv": [0, 0, 0.1, 0.1], "rotation": 90, "texture": "#0"},
				"east": {"uv": [0, 0, 0.1, 0.93], "rotation": 90, "texture": "#0"},
				"south": {"uv": [0, 0, 0.1, 0.1], "rotation": 270, "texture": "#0"},
				"west": {"uv": [0, 0, 0.1, 0.93], "rotation": 90, "texture": "#0"},
				"up": {"uv": [0, 0, 0.93, 0.1], "rotation": 270, "texture": "#0"},
				"down": {"uv": [0, 0, 0.93, 0.1], "rotation": 270, "texture": "#0"}
			}
		},
		{
			"from": [8.07, 4.5, 7.53519],
			"to": [8.17, 4.6, 8.46519],
			"rotation": {"angle": 0, "axis": "z", "origin": [8.27, 4.5, 8.4652]},
			"faces": {
				"north": {"uv": [0, 0, 0.1, 0.1], "rotation": 90, "texture": "#0"},
				"east": {"uv": [0, 0, 0.1, 0.93], "rotation": 90, "texture": "#0"},
				"south": {"uv": [0, 0, 0.1, 0.1], "rotation": 270, "texture": "#0"},
				"west": {"uv": [0, 0, 0.1, 0.93], "rotation": 90, "texture": "#0"},
				"up": {"uv": [0, 0, 0.93, 0.1], "rotation": 270, "texture": "#0"},
				"down": {"uv": [0, 0, 0.93, 0.1], "rotation": 270, "texture": "#0"}
			}
		},
		{
			"from": [8.0712, 4.25, 7.53519],
			"to": [8.1712, 4.35, 8.46519],
			"rotation": {"angle": 0, "axis": "z", "origin": [8.4712, 4.55, 8.4652]},
			"faces": {
				"north": {"uv": [0, 0, 0.1, 0.1], "rotation": 90, "texture": "#0"},
				"east": {"uv": [0, 0, 0.1, 0.93], "rotation": 90, "texture": "#0"},
				"south": {"uv": [0, 0, 0.1, 0.1], "rotation": 270, "texture": "#0"},
				"west": {"uv": [0, 0, 0.1, 0.93], "rotation": 90, "texture": "#0"},
				"up": {"uv": [0, 0, 0.93, 0.1], "rotation": 270, "texture": "#0"},
				"down": {"uv": [0, 0, 0.93, 0.1], "rotation": 270, "texture": "#0"}
			}
		},
		{
			"from": [8.2712, 4.05, 7.53519],
			"to": [8.3712, 4.15, 8.46519],
			"rotation": {"angle": 0, "axis": "z", "origin": [8.4712, 4.55, 8.4652]},
			"faces": {
				"north": {"uv": [0, 0, 0.1, 0.1], "rotation": 90, "texture": "#0"},
				"east": {"uv": [0, 0, 0.1, 0.93], "rotation": 90, "texture": "#0"},
				"south": {"uv": [0, 0, 0.1, 0.1], "rotation": 270, "texture": "#0"},
				"west": {"uv": [0, 0, 0.1, 0.93], "rotation": 90, "texture": "#0"},
				"up": {"uv": [0, 0, 0.93, 0.1], "rotation": 270, "texture": "#0"},
				"down": {"uv": [0, 0, 0.93, 0.1], "rotation": 270, "texture": "#0"}
			}
		},
		{
			"from": [7.6272, 4.05, 7.53519],
			"to": [7.7272, 4.15, 8.46519],
			"rotation": {"angle": 0, "axis": "z", "origin": [8.4272, 4.55, 8.4652]},
			"faces": {
				"north": {"uv": [0, 0, 0.1, 0.1], "rotation": 90, "texture": "#0"},
				"east": {"uv": [0, 0, 0.1, 0.93], "rotation": 90, "texture": "#0"},
				"south": {"uv": [0, 0, 0.1, 0.1], "rotation": 270, "texture": "#0"},
				"west": {"uv": [0, 0, 0.1, 0.93], "rotation": 90, "texture": "#0"},
				"up": {"uv": [0, 0, 0.93, 0.1], "rotation": 270, "texture": "#0"},
				"down": {"uv": [0, 0, 0.93, 0.1], "rotation": 270, "texture": "#0"}
			}
		},
		{
			"from": [7.8272, 4.25, 7.53519],
			"to": [7.9272, 4.35, 8.46519],
			"rotation": {"angle": 0, "axis": "z", "origin": [8.4272, 4.55, 8.4652]},
			"faces": {
				"north": {"uv": [0, 0, 0.1, 0.1], "rotation": 90, "texture": "#0"},
				"east": {"uv": [0, 0, 0.1, 0.93], "rotation": 90, "texture": "#0"},
				"south": {"uv": [0, 0, 0.1, 0.1], "rotation": 270, "texture": "#0"},
				"west": {"uv": [0, 0, 0.1, 0.93], "rotation": 90, "texture": "#0"},
				"up": {"uv": [0, 0, 0.93, 0.1], "rotation": 270, "texture": "#0"},
				"down": {"uv": [0, 0, 0.93, 0.1], "rotation": 270, "texture": "#0"}
			}
		},
		{
			"from": [8.2712, 3.84, 7.53519],
			"to": [8.3712, 3.94, 8.46519],
			"rotation": {"angle": 0, "axis": "z", "origin": [8.6712, 4.54, 8.4652]},
			"faces": {
				"north": {"uv": [0, 0, 0.1, 0.1], "rotation": 90, "texture": "#0"},
				"east": {"uv": [0, 0, 0.1, 0.93], "rotation": 90, "texture": "#0"},
				"south": {"uv": [0, 0, 0.1, 0.1], "rotation": 270, "texture": "#0"},
				"west": {"uv": [0, 0, 0.1, 0.93], "rotation": 90, "texture": "#0"},
				"up": {"uv": [0, 0, 0.93, 0.1], "rotation": 270, "texture": "#0"},
				"down": {"uv": [0, 0, 0.93, 0.1], "rotation": 270, "texture": "#0"}
			}
		},
		{
			"from": [8.0712, 3.64, 7.53519],
			"to": [8.1712, 3.74, 8.46519],
			"rotation": {"angle": 0, "axis": "z", "origin": [8.6712, 4.54, 8.4652]},
			"faces": {
				"north": {"uv": [0, 0, 0.1, 0.1], "rotation": 90, "texture": "#0"},
				"east": {"uv": [0, 0, 0.1, 0.93], "rotation": 90, "texture": "#0"},
				"south": {"uv": [0, 0, 0.1, 0.1], "rotation": 270, "texture": "#0"},
				"west": {"uv": [0, 0, 0.1, 0.93], "rotation": 90, "texture": "#0"},
				"up": {"uv": [0, 0, 0.93, 0.1], "rotation": 270, "texture": "#0"},
				"down": {"uv": [0, 0, 0.93, 0.1], "rotation": 270, "texture": "#0"}
			}
		},
		{
			"from": [7.6272, 3.84, 7.53519],
			"to": [7.7272, 3.94, 8.46519],
			"rotation": {"angle": 0, "axis": "z", "origin": [8.6272, 4.54, 8.4652]},
			"faces": {
				"north": {"uv": [0, 0, 0.1, 0.1], "rotation": 90, "texture": "#0"},
				"east": {"uv": [0, 0, 0.1, 0.93], "rotation": 90, "texture": "#0"},
				"south": {"uv": [0, 0, 0.1, 0.1], "rotation": 270, "texture": "#0"},
				"west": {"uv": [0, 0, 0.1, 0.93], "rotation": 90, "texture": "#0"},
				"up": {"uv": [0, 0, 0.93, 0.1], "rotation": 270, "texture": "#0"},
				"down": {"uv": [0, 0, 0.93, 0.1], "rotation": 270, "texture": "#0"}
			}
		},
		{
			"from": [7.8272, 3.64, 7.53519],
			"to": [7.9272, 3.74, 8.46519],
			"rotation": {"angle": 0, "axis": "z", "origin": [8.6272, 4.54, 8.4652]},
			"faces": {
				"north": {"uv": [0, 0, 0.1, 0.1], "rotation": 90, "texture": "#0"},
				"east": {"uv": [0, 0, 0.1, 0.93], "rotation": 90, "texture": "#0"},
				"south": {"uv": [0, 0, 0.1, 0.1], "rotation": 270, "texture": "#0"},
				"west": {"uv": [0, 0, 0.1, 0.93], "rotation": 90, "texture": "#0"},
				"up": {"uv": [0, 0, 0.93, 0.1], "rotation": 270, "texture": "#0"},
				"down": {"uv": [0, 0, 0.93, 0.1], "rotation": 270, "texture": "#0"}
			}
		},
		{
			"from": [8.0712, 3.39, 7.53519],
			"to": [8.1712, 3.49, 8.46519],
			"rotation": {"angle": 0, "axis": "z", "origin": [8.8712, 5.09, 8.4652]},
			"faces": {
				"north": {"uv": [0, 0, 0.1, 0.1], "rotation": 90, "texture": "#0"},
				"east": {"uv": [0, 0, 0.1, 0.93], "rotation": 90, "texture": "#0"},
				"south": {"uv": [0, 0, 0.1, 0.1], "rotation": 270, "texture": "#0"},
				"west": {"uv": [0, 0, 0.1, 0.93], "rotation": 90, "texture": "#0"},
				"up": {"uv": [0, 0, 0.93, 0.1], "rotation": 270, "texture": "#0"},
				"down": {"uv": [0, 0, 0.93, 0.1], "rotation": 270, "texture": "#0"}
			}
		},
		{
			"from": [8.0712, 2.79, 7.53519],
			"to": [8.1712, 2.89, 8.46519],
			"rotation": {"angle": 0, "axis": "z", "origin": [8.8712, 5.09, 8.4652]},
			"faces": {
				"north": {"uv": [0, 0, 0.1, 0.1], "rotation": 90, "texture": "#0"},
				"east": {"uv": [0, 0, 0.1, 0.93], "rotation": 90, "texture": "#0"},
				"south": {"uv": [0, 0, 0.1, 0.1], "rotation": 270, "texture": "#0"},
				"west": {"uv": [0, 0, 0.1, 0.93], "rotation": 90, "texture": "#0"},
				"up": {"uv": [0, 0, 0.93, 0.1], "rotation": 270, "texture": "#0"},
				"down": {"uv": [0, 0, 0.93, 0.1], "rotation": 270, "texture": "#0"}
			}
		},
		{
			"from": [7.8272, 2.79, 7.53519],
			"to": [7.9272, 2.89, 8.46519],
			"rotation": {"angle": 0, "axis": "z", "origin": [7.8772, 2.84, 8.00019]},
			"faces": {
				"north": {"uv": [0, 0, 0.1, 0.1], "rotation": 90, "texture": "#0"},
				"east": {"uv": [0, 0, 0.1, 0.93], "rotation": 90, "texture": "#0"},
				"south": {"uv": [0, 0, 0.1, 0.1], "rotation": 270, "texture": "#0"},
				"west": {"uv": [0, 0, 0.1, 0.93], "rotation": 90, "texture": "#0"},
				"up": {"uv": [0, 0, 0.93, 0.1], "rotation": 270, "texture": "#0"},
				"down": {"uv": [0, 0, 0.93, 0.1], "rotation": 270, "texture": "#0"}
			}
		},
		{
			"from": [7.6272, 2.99, 7.53519],
			"to": [7.7272, 3.09, 8.46519],
			"rotation": {"angle": 0, "axis": "z", "origin": [7.8772, 2.84, 8.00019]},
			"faces": {
				"north": {"uv": [0, 0, 0.1, 0.1], "rotation": 90, "texture": "#0"},
				"east": {"uv": [0, 0, 0.1, 0.93], "rotation": 90, "texture": "#0"},
				"south": {"uv": [0, 0, 0.1, 0.1], "rotation": 270, "texture": "#0"},
				"west": {"uv": [0, 0, 0.1, 0.93], "rotation": 90, "texture": "#0"},
				"up": {"uv": [0, 0, 0.93, 0.1], "rotation": 270, "texture": "#0"},
				"down": {"uv": [0, 0, 0.93, 0.1], "rotation": 270, "texture": "#0"}
			}
		},
		{
			"from": [7.6272, 3.19, 7.53519],
			"to": [7.7272, 3.29, 8.46519],
			"rotation": {"angle": 0, "axis": "z", "origin": [7.8772, 2.84, 8.00019]},
			"faces": {
				"north": {"uv": [0, 0, 0.1, 0.1], "rotation": 90, "texture": "#0"},
				"east": {"uv": [0, 0, 0.1, 0.93], "rotation": 90, "texture": "#0"},
				"south": {"uv": [0, 0, 0.1, 0.1], "rotation": 270, "texture": "#0"},
				"west": {"uv": [0, 0, 0.1, 0.93], "rotation": 90, "texture": "#0"},
				"up": {"uv": [0, 0, 0.93, 0.1], "rotation": 270, "texture": "#0"},
				"down": {"uv": [0, 0, 0.93, 0.1], "rotation": 270, "texture": "#0"}
			}
		},
		{
			"from": [7.8272, 3.39, 7.53519],
			"to": [7.9272, 3.49, 8.46519],
			"rotation": {"angle": 0, "axis": "z", "origin": [7.8772, 2.84, 8.00019]},
			"faces": {
				"north": {"uv": [0, 0, 0.1, 0.1], "rotation": 90, "texture": "#0"},
				"east": {"uv": [0, 0, 0.1, 0.93], "rotation": 90, "texture": "#0"},
				"south": {"uv": [0, 0, 0.1, 0.1], "rotation": 270, "texture": "#0"},
				"west": {"uv": [0, 0, 0.1, 0.93], "rotation": 90, "texture": "#0"},
				"up": {"uv": [0, 0, 0.93, 0.1], "rotation": 270, "texture": "#0"},
				"down": {"uv": [0, 0, 0.93, 0.1], "rotation": 270, "texture": "#0"}
			}
		},
		{
			"from": [7.8272, 2.54, 7.53519],
			"to": [7.9272, 2.64, 8.46519],
			"rotation": {"angle": 0, "axis": "z", "origin": [7.6772, 3.09, 8.00019]},
			"faces": {
				"north": {"uv": [0, 0, 0.1, 0.1], "rotation": 90, "texture": "#0"},
				"east": {"uv": [0, 0, 0.1, 0.93], "rotation": 90, "texture": "#0"},
				"south": {"uv": [0, 0, 0.1, 0.1], "rotation": 270, "texture": "#0"},
				"west": {"uv": [0, 0, 0.1, 0.93], "rotation": 90, "texture": "#0"},
				"up": {"uv": [0, 0, 0.93, 0.1], "rotation": 270, "texture": "#0"},
				"down": {"uv": [0, 0, 0.93, 0.1], "rotation": 270, "texture": "#0"}
			}
		},
		{
			"from": [7.6272, 2.34, 7.53519],
			"to": [7.7272, 2.44, 8.46519],
			"rotation": {"angle": 0, "axis": "z", "origin": [7.6772, 3.09, 8.00019]},
			"faces": {
				"north": {"uv": [0, 0, 0.1, 0.1], "rotation": 90, "texture": "#0"},
				"east": {"uv": [0, 0, 0.1, 0.93], "rotation": 90, "texture": "#0"},
				"south": {"uv": [0, 0, 0.1, 0.1], "rotation": 270, "texture": "#0"},
				"west": {"uv": [0, 0, 0.1, 0.93], "rotation": 90, "texture": "#0"},
				"up": {"uv": [0, 0, 0.93, 0.1], "rotation": 270, "texture": "#0"},
				"down": {"uv": [0, 0, 0.93, 0.1], "rotation": 270, "texture": "#0"}
			}
		},
		{
			"from": [7.6272, 2.14, 7.53519],
			"to": [7.7272, 2.24, 8.46519],
			"rotation": {"angle": 0, "axis": "z", "origin": [7.6772, 3.09, 8.00019]},
			"faces": {
				"north": {"uv": [0, 0, 0.1, 0.1], "rotation": 90, "texture": "#0"},
				"east": {"uv": [0, 0, 0.1, 0.93], "rotation": 90, "texture": "#0"},
				"south": {"uv": [0, 0, 0.1, 0.1], "rotation": 270, "texture": "#0"},
				"west": {"uv": [0, 0, 0.1, 0.93], "rotation": 90, "texture": "#0"},
				"up": {"uv": [0, 0, 0.93, 0.1], "rotation": 270, "texture": "#0"},
				"down": {"uv": [0, 0, 0.93, 0.1], "rotation": 270, "texture": "#0"}
			}
		},
		{
			"from": [7.8272, 1.94, 7.53519],
			"to": [7.9272, 2.04, 8.46519],
			"rotation": {"angle": 0, "axis": "z", "origin": [7.6772, 3.09, 8.00019]},
			"faces": {
				"north": {"uv": [0, 0, 0.1, 0.1], "rotation": 90, "texture": "#0"},
				"east": {"uv": [0, 0, 0.1, 0.93], "rotation": 90, "texture": "#0"},
				"south": {"uv": [0, 0, 0.1, 0.1], "rotation": 270, "texture": "#0"},
				"west": {"uv": [0, 0, 0.1, 0.93], "rotation": 90, "texture": "#0"},
				"up": {"uv": [0, 0, 0.93, 0.1], "rotation": 270, "texture": "#0"},
				"down": {"uv": [0, 0, 0.93, 0.1], "rotation": 270, "texture": "#0"}
			}
		},
		{
			"from": [8.2712, 2.34, 7.53519],
			"to": [8.3712, 2.44, 8.46519],
			"rotation": {"angle": 0, "axis": "z", "origin": [7.9212, 3.29, 8.00019]},
			"faces": {
				"north": {"uv": [0, 0, 0.1, 0.1], "rotation": 90, "texture": "#0"},
				"east": {"uv": [0, 0, 0.1, 0.93], "rotation": 90, "texture": "#0"},
				"south": {"uv": [0, 0, 0.1, 0.1], "rotation": 270, "texture": "#0"},
				"west": {"uv": [0, 0, 0.1, 0.93], "rotation": 90, "texture": "#0"},
				"up": {"uv": [0, 0, 0.93, 0.1], "rotation": 270, "texture": "#0"},
				"down": {"uv": [0, 0, 0.93, 0.1], "rotation": 270, "texture": "#0"}
			}
		},
		{
			"from": [8.0712, 2.54, 7.53519],
			"to": [8.1712, 2.64, 8.46519],
			"rotation": {"angle": 0, "axis": "z", "origin": [7.9212, 3.29, 8.00019]},
			"faces": {
				"north": {"uv": [0, 0, 0.1, 0.1], "rotation": 90, "texture": "#0"},
				"east": {"uv": [0, 0, 0.1, 0.93], "rotation": 90, "texture": "#0"},
				"south": {"uv": [0, 0, 0.1, 0.1], "rotation": 270, "texture": "#0"},
				"west": {"uv": [0, 0, 0.1, 0.93], "rotation": 90, "texture": "#0"},
				"up": {"uv": [0, 0, 0.93, 0.1], "rotation": 270, "texture": "#0"},
				"down": {"uv": [0, 0, 0.93, 0.1], "rotation": 270, "texture": "#0"}
			}
		},
		{
			"from": [8.0712, 1.94, 7.53519],
			"to": [8.1712, 2.04, 8.46519],
			"rotation": {"angle": 0, "axis": "z", "origin": [7.9212, 3.29, 8.00019]},
			"faces": {
				"north": {"uv": [0, 0, 0.1, 0.1], "rotation": 90, "texture": "#0"},
				"east": {"uv": [0, 0, 0.1, 0.93], "rotation": 90, "texture": "#0"},
				"south": {"uv": [0, 0, 0.1, 0.1], "rotation": 270, "texture": "#0"},
				"west": {"uv": [0, 0, 0.1, 0.93], "rotation": 90, "texture": "#0"},
				"up": {"uv": [0, 0, 0.93, 0.1], "rotation": 270, "texture": "#0"},
				"down": {"uv": [0, 0, 0.93, 0.1], "rotation": 270, "texture": "#0"}
			}
		},
		{
			"from": [8.0712, 1.7, 7.53519],
			"to": [8.1712, 1.8, 8.46519],
			"rotation": {"angle": 0, "axis": "z", "origin": [8.1212, 3.55, 8.00019]},
			"faces": {
				"north": {"uv": [0, 0, 0.1, 0.1], "rotation": 90, "texture": "#0"},
				"east": {"uv": [0, 0, 0.1, 0.93], "rotation": 90, "texture": "#0"},
				"south": {"uv": [0, 0, 0.1, 0.1], "rotation": 270, "texture": "#0"},
				"west": {"uv": [0, 0, 0.1, 0.93], "rotation": 90, "texture": "#0"},
				"up": {"uv": [0, 0, 0.93, 0.1], "rotation": 270, "texture": "#0"},
				"down": {"uv": [0, 0, 0.93, 0.1], "rotation": 270, "texture": "#0"}
			}
		},
		{
			"from": [8.2712, 1.5, 7.53519],
			"to": [8.3712, 1.6, 8.46519],
			"rotation": {"angle": 0, "axis": "z", "origin": [8.1212, 3.55, 8.00019]},
			"faces": {
				"north": {"uv": [0, 0, 0.1, 0.1], "rotation": 90, "texture": "#0"},
				"east": {"uv": [0, 0, 0.1, 0.93], "rotation": 90, "texture": "#0"},
				"south": {"uv": [0, 0, 0.1, 0.1], "rotation": 270, "texture": "#0"},
				"west": {"uv": [0, 0, 0.1, 0.93], "rotation": 90, "texture": "#0"},
				"up": {"uv": [0, 0, 0.93, 0.1], "rotation": 270, "texture": "#0"},
				"down": {"uv": [0, 0, 0.93, 0.1], "rotation": 270, "texture": "#0"}
			}
		},
		{
			"from": [8.2712, 1.3, 7.53519],
			"to": [8.3712, 1.4, 8.46519],
			"rotation": {"angle": 0, "axis": "z", "origin": [8.1212, 3.55, 8.00019]},
			"faces": {
				"north": {"uv": [0, 0, 0.1, 0.1], "rotation": 90, "texture": "#0"},
				"east": {"uv": [0, 0, 0.1, 0.93], "rotation": 90, "texture": "#0"},
				"south": {"uv": [0, 0, 0.1, 0.1], "rotation": 270, "texture": "#0"},
				"west": {"uv": [0, 0, 0.1, 0.93], "rotation": 90, "texture": "#0"},
				"up": {"uv": [0, 0, 0.93, 0.1], "rotation": 270, "texture": "#0"},
				"down": {"uv": [0, 0, 0.93, 0.1], "rotation": 270, "texture": "#0"}
			}
		},
		{
			"from": [8.0712, 1.1, 7.53519],
			"to": [8.1712, 1.2, 8.46519],
			"rotation": {"angle": 0, "axis": "z", "origin": [8.1212, 3.55, 8.00019]},
			"faces": {
				"north": {"uv": [0, 0, 0.1, 0.1], "rotation": 90, "texture": "#0"},
				"east": {"uv": [0, 0, 0.1, 0.93], "rotation": 90, "texture": "#0"},
				"south": {"uv": [0, 0, 0.1, 0.1], "rotation": 270, "texture": "#0"},
				"west": {"uv": [0, 0, 0.1, 0.93], "rotation": 90, "texture": "#0"},
				"up": {"uv": [0, 0, 0.93, 0.1], "rotation": 270, "texture": "#0"},
				"down": {"uv": [0, 0, 0.93, 0.1], "rotation": 270, "texture": "#0"}
			}
		},
		{
			"from": [7.82716, 1.1, 7.53519],
			"to": [7.92716, 1.2, 8.46519],
			"rotation": {"angle": 0, "axis": "z", "origin": [7.97716, 3.35, 8.00019]},
			"faces": {
				"north": {"uv": [0, 0, 0.1, 0.1], "rotation": 90, "texture": "#0"},
				"east": {"uv": [0, 0, 0.1, 0.93], "rotation": 90, "texture": "#0"},
				"south": {"uv": [0, 0, 0.1, 0.1], "rotation": 270, "texture": "#0"},
				"west": {"uv": [0, 0, 0.1, 0.93], "rotation": 90, "texture": "#0"},
				"up": {"uv": [0, 0, 0.93, 0.1], "rotation": 270, "texture": "#0"},
				"down": {"uv": [0, 0, 0.93, 0.1], "rotation": 270, "texture": "#0"}
			}
		},
		{
			"from": [7.62716, 1.3, 7.53519],
			"to": [7.72716, 1.4, 8.46519],
			"rotation": {"angle": 0, "axis": "z", "origin": [7.97716, 3.35, 8.00019]},
			"faces": {
				"north": {"uv": [0, 0, 0.1, 0.1], "rotation": 90, "texture": "#0"},
				"east": {"uv": [0, 0, 0.1, 0.93], "rotation": 90, "texture": "#0"},
				"south": {"uv": [0, 0, 0.1, 0.1], "rotation": 270, "texture": "#0"},
				"west": {"uv": [0, 0, 0.1, 0.93], "rotation": 90, "texture": "#0"},
				"up": {"uv": [0, 0, 0.93, 0.1], "rotation": 270, "texture": "#0"},
				"down": {"uv": [0, 0, 0.93, 0.1], "rotation": 270, "texture": "#0"}
			}
		},
		{
			"from": [7.62716, 1.5, 7.53519],
			"to": [7.72716, 1.6, 8.46519],
			"rotation": {"angle": 0, "axis": "z", "origin": [7.97716, 3.35, 8.00019]},
			"faces": {
				"north": {"uv": [0, 0, 0.1, 0.1], "rotation": 90, "texture": "#0"},
				"east": {"uv": [0, 0, 0.1, 0.93], "rotation": 90, "texture": "#0"},
				"south": {"uv": [0, 0, 0.1, 0.1], "rotation": 270, "texture": "#0"},
				"west": {"uv": [0, 0, 0.1, 0.93], "rotation": 90, "texture": "#0"},
				"up": {"uv": [0, 0, 0.93, 0.1], "rotation": 270, "texture": "#0"},
				"down": {"uv": [0, 0, 0.93, 0.1], "rotation": 270, "texture": "#0"}
			}
		},
		{
			"from": [7.82716, 1.7, 7.53519],
			"to": [7.92716, 1.8, 8.46519],
			"rotation": {"angle": 0, "axis": "z", "origin": [7.97716, 3.35, 8.00019]},
			"faces": {
				"north": {"uv": [0, 0, 0.1, 0.1], "rotation": 90, "texture": "#0"},
				"east": {"uv": [0, 0, 0.1, 0.93], "rotation": 90, "texture": "#0"},
				"south": {"uv": [0, 0, 0.1, 0.1], "rotation": 270, "texture": "#0"},
				"west": {"uv": [0, 0, 0.1, 0.93], "rotation": 90, "texture": "#0"},
				"up": {"uv": [0, 0, 0.93, 0.1], "rotation": 270, "texture": "#0"},
				"down": {"uv": [0, 0, 0.93, 0.1], "rotation": 270, "texture": "#0"}
			}
		},
		{
			"from": [8.2712, 2.14, 7.53519],
			"to": [8.3712, 2.24, 8.46519],
			"rotation": {"angle": 0, "axis": "z", "origin": [7.9212, 3.29, 8.00019]},
			"faces": {
				"north": {"uv": [0, 0, 0.1, 0.1], "rotation": 90, "texture": "#0"},
				"east": {"uv": [0, 0, 0.1, 0.93], "rotation": 90, "texture": "#0"},
				"south": {"uv": [0, 0, 0.1, 0.1], "rotation": 270, "texture": "#0"},
				"west": {"uv": [0, 0, 0.1, 0.93], "rotation": 90, "texture": "#0"},
				"up": {"uv": [0, 0, 0.93, 0.1], "rotation": 270, "texture": "#0"},
				"down": {"uv": [0, 0, 0.93, 0.1], "rotation": 270, "texture": "#0"}
			}
		},
		{
			"from": [8.2712, 2.99, 7.53519],
			"to": [8.3712, 3.09, 8.46519],
			"rotation": {"angle": 0, "axis": "z", "origin": [8.8712, 5.09, 8.4652]},
			"faces": {
				"north": {"uv": [0, 0, 0.1, 0.1], "rotation": 90, "texture": "#0"},
				"east": {"uv": [0, 0, 0.1, 0.93], "rotation": 90, "texture": "#0"},
				"south": {"uv": [0, 0, 0.1, 0.1], "rotation": 270, "texture": "#0"},
				"west": {"uv": [0, 0, 0.1, 0.93], "rotation": 90, "texture": "#0"},
				"up": {"uv": [0, 0, 0.93, 0.1], "rotation": 270, "texture": "#0"},
				"down": {"uv": [0, 0, 0.93, 0.1], "rotation": 270, "texture": "#0"}
			}
		},
		{
			"from": [8.2712, 3.19, 7.53519],
			"to": [8.3712, 3.29, 8.46519],
			"rotation": {"angle": 0, "axis": "z", "origin": [8.8712, 5.09, 8.4652]},
			"faces": {
				"north": {"uv": [0, 0, 0.1, 0.1], "rotation": 90, "texture": "#0"},
				"east": {"uv": [0, 0, 0.1, 0.93], "rotation": 90, "texture": "#0"},
				"south": {"uv": [0, 0, 0.1, 0.1], "rotation": 270, "texture": "#0"},
				"west": {"uv": [0, 0, 0.1, 0.93], "rotation": 90, "texture": "#0"},
				"up": {"uv": [0, 0, 0.93, 0.1], "rotation": 270, "texture": "#0"},
				"down": {"uv": [0, 0, 0.93, 0.1], "rotation": 270, "texture": "#0"}
			}
		},
		{
			"from": [8.27, 4.7, 7.53519],
			"to": [8.37, 4.8, 8.46519],
			"rotation": {"angle": 0, "axis": "z", "origin": [7.5452, 4.94758, 8.00019]},
			"faces": {
				"north": {"uv": [0, 0, 0.1, 0.1], "rotation": 90, "texture": "#0"},
				"east": {"uv": [0, 0, 0.1, 0.93], "rotation": 90, "texture": "#0"},
				"south": {"uv": [0, 0, 0.1, 0.1], "rotation": 270, "texture": "#0"},
				"west": {"uv": [0, 0, 0.1, 0.93], "rotation": 90, "texture": "#0"},
				"up": {"uv": [0, 0, 0.93, 0.1], "rotation": 270, "texture": "#0"},
				"down": {"uv": [0, 0, 0.93, 0.1], "rotation": 270, "texture": "#0"}
			}
		},
		{
			"from": [8.17, 4.5, 7.53519],
			"to": [8.37, 4.7, 8.46519],
			"rotation": {"angle": 0, "axis": "z", "origin": [8.27, 4.6, 8.00019]},
			"faces": {
				"north": {"uv": [0, 0, 0.2, 0.2], "rotation": 90, "texture": "#0"},
				"east": {"uv": [0, 0, 0.2, 0.93], "rotation": 90, "texture": "#0"},
				"south": {"uv": [0, 0, 0.2, 0.2], "rotation": 270, "texture": "#0"},
				"west": {"uv": [0, 0, 0.2, 0.93], "rotation": 90, "texture": "#0"},
				"up": {"uv": [0, 0, 0.93, 0.2], "rotation": 270, "texture": "#0"},
				"down": {"uv": [0, 0, 0.93, 0.2], "rotation": 270, "texture": "#0"}
			}
		},
		{
			"from": [8.1712, 4.15, 7.53519],
			"to": [8.3712, 4.35, 8.46519],
			"rotation": {"angle": 0, "axis": "z", "origin": [7.6892, 4.99758, 8.00019]},
			"faces": {
				"north": {"uv": [0, 0, 0.2, 0.2], "rotation": 90, "texture": "#0"},
				"east": {"uv": [0, 0, 0.2, 0.93], "rotation": 90, "texture": "#0"},
				"south": {"uv": [0, 0, 0.2, 0.2], "rotation": 270, "texture": "#0"},
				"west": {"uv": [0, 0, 0.2, 0.93], "rotation": 90, "texture": "#0"},
				"up": {"uv": [0, 0, 0.93, 0.2], "rotation": 270, "texture": "#0"},
				"down": {"uv": [0, 0, 0.93, 0.2], "rotation": 270, "texture": "#0"}
			}
		},
		{
			"from": [7.6272, 4.15, 7.53519],
			"to": [7.8272, 4.35, 8.46519],
			"rotation": {"angle": 0, "axis": "z", "origin": [7.6452, 4.99758, 8.00019]},
			"faces": {
				"north": {"uv": [0, 0, 0.2, 0.2], "rotation": 90, "texture": "#0"},
				"east": {"uv": [0, 0, 0.2, 0.93], "rotation": 90, "texture": "#0"},
				"south": {"uv": [0, 0, 0.2, 0.2], "rotation": 270, "texture": "#0"},
				"west": {"uv": [0, 0, 0.2, 0.93], "rotation": 90, "texture": "#0"},
				"up": {"uv": [0, 0, 0.93, 0.2], "rotation": 270, "texture": "#0"},
				"down": {"uv": [0, 0, 0.93, 0.2], "rotation": 270, "texture": "#0"}
			}
		},
		{
			"from": [7.6272, 3.64, 7.53519],
			"to": [7.8272, 3.84, 8.46519],
			"rotation": {"angle": 0, "axis": "z", "origin": [7.6452, 4.98758, 8.00019]},
			"faces": {
				"north": {"uv": [0, 0, 0.2, 0.2], "rotation": 90, "texture": "#0"},
				"east": {"uv": [0, 0, 0.2, 0.93], "rotation": 90, "texture": "#0"},
				"south": {"uv": [0, 0, 0.2, 0.2], "rotation": 270, "texture": "#0"},
				"west": {"uv": [0, 0, 0.2, 0.93], "rotation": 90, "texture": "#0"},
				"up": {"uv": [0, 0, 0.93, 0.2], "rotation": 270, "texture": "#0"},
				"down": {"uv": [0, 0, 0.93, 0.2], "rotation": 270, "texture": "#0"}
			}
		},
		{
			"from": [8.1712, 3.64, 7.53519],
			"to": [8.3712, 3.84, 8.46519],
			"rotation": {"angle": 0, "axis": "z", "origin": [8.2712, 3.74, 8.00019]},
			"faces": {
				"north": {"uv": [0, 0, 0.2, 0.2], "rotation": 90, "texture": "#0"},
				"east": {"uv": [0, 0, 0.2, 0.93], "rotation": 90, "texture": "#0"},
				"south": {"uv": [0, 0, 0.2, 0.2], "rotation": 270, "texture": "#0"},
				"west": {"uv": [0, 0, 0.2, 0.93], "rotation": 90, "texture": "#0"},
				"up": {"uv": [0, 0, 0.93, 0.2], "rotation": 270, "texture": "#0"},
				"down": {"uv": [0, 0, 0.93, 0.2], "rotation": 270, "texture": "#0"}
			}
		},
		{
			"from": [8.1712, 3.29, 7.53519],
			"to": [8.3712, 3.49, 8.46519],
			"rotation": {"angle": 0, "axis": "z", "origin": [7.6892, 5.03758, 8.00019]},
			"faces": {
				"north": {"uv": [0, 0, 0.2, 0.2], "rotation": 90, "texture": "#0"},
				"east": {"uv": [0, 0, 0.2, 0.93], "rotation": 90, "texture": "#0"},
				"south": {"uv": [0, 0, 0.2, 0.2], "rotation": 270, "texture": "#0"},
				"west": {"uv": [0, 0, 0.2, 0.93], "rotation": 90, "texture": "#0"},
				"up": {"uv": [0, 0, 0.93, 0.2], "rotation": 270, "texture": "#0"},
				"down": {"uv": [0, 0, 0.93, 0.2], "rotation": 270, "texture": "#0"}
			}
		},
		{
			"from": [7.6272, 3.29, 7.53519],
			"to": [7.8272, 3.49, 8.46519],
			"rotation": {"angle": 0, "axis": "z", "origin": [7.6452, 5.03758, 8.00019]},
			"faces": {
				"north": {"uv": [0, 0, 0.2, 0.2], "rotation": 90, "texture": "#0"},
				"east": {"uv": [0, 0, 0.2, 0.93], "rotation": 90, "texture": "#0"},
				"south": {"uv": [0, 0, 0.2, 0.2], "rotation": 270, "texture": "#0"},
				"west": {"uv": [0, 0, 0.2, 0.93], "rotation": 90, "texture": "#0"},
				"up": {"uv": [0, 0, 0.93, 0.2], "rotation": 270, "texture": "#0"},
				"down": {"uv": [0, 0, 0.93, 0.2], "rotation": 270, "texture": "#0"}
			}
		},
		{
			"from": [7.6272, 2.79, 7.53519],
			"to": [7.8272, 2.99, 8.46519],
			"rotation": {"angle": 0, "axis": "z", "origin": [7.5452, 5.03758, 8.00019]},
			"faces": {
				"north": {"uv": [0, 0, 0.2, 0.2], "rotation": 90, "texture": "#0"},
				"east": {"uv": [0, 0, 0.2, 0.93], "rotation": 90, "texture": "#0"},
				"south": {"uv": [0, 0, 0.2, 0.2], "rotation": 270, "texture": "#0"},
				"west": {"uv": [0, 0, 0.2, 0.93], "rotation": 90, "texture": "#0"},
				"up": {"uv": [0, 0, 0.93, 0.2], "rotation": 270, "texture": "#0"},
				"down": {"uv": [0, 0, 0.93, 0.2], "rotation": 270, "texture": "#0"}
			}
		},
		{
			"from": [8.1712, 2.79, 7.53519],
			"to": [8.3712, 2.99, 8.46519],
			"rotation": {"angle": 0, "axis": "z", "origin": [7.6892, 5.03758, 8.00019]},
			"faces": {
				"north": {"uv": [0, 0, 0.2, 0.2], "rotation": 90, "texture": "#0"},
				"east": {"uv": [0, 0, 0.2, 0.93], "rotation": 90, "texture": "#0"},
				"south": {"uv": [0, 0, 0.2, 0.2], "rotation": 270, "texture": "#0"},
				"west": {"uv": [0, 0, 0.2, 0.93], "rotation": 90, "texture": "#0"},
				"up": {"uv": [0, 0, 0.93, 0.2], "rotation": 270, "texture": "#0"},
				"down": {"uv": [0, 0, 0.93, 0.2], "rotation": 270, "texture": "#0"}
			}
		},
		{
			"from": [8.1712, 2.44, 7.53519],
			"to": [8.3712, 2.64, 8.46519],
			"rotation": {"angle": 0, "axis": "z", "origin": [7.6892, 5.08758, 8.00019]},
			"faces": {
				"north": {"uv": [0, 0, 0.2, 0.2], "rotation": 90, "texture": "#0"},
				"east": {"uv": [0, 0, 0.2, 0.93], "rotation": 90, "texture": "#0"},
				"south": {"uv": [0, 0, 0.2, 0.2], "rotation": 270, "texture": "#0"},
				"west": {"uv": [0, 0, 0.2, 0.93], "rotation": 90, "texture": "#0"},
				"up": {"uv": [0, 0, 0.93, 0.2], "rotation": 270, "texture": "#0"},
				"down": {"uv": [0, 0, 0.93, 0.2], "rotation": 270, "texture": "#0"}
			}
		},
		{
			"from": [8.1712, 2.44, 7.53519],
			"to": [8.3712, 2.64, 8.46519],
			"rotation": {"angle": 0, "axis": "z", "origin": [7.6892, 5.08758, 8.00019]},
			"faces": {
				"north": {"uv": [0, 0, 0.2, 0.2], "rotation": 90, "texture": "#0"},
				"east": {"uv": [0, 0, 0.2, 0.93], "rotation": 90, "texture": "#0"},
				"south": {"uv": [0, 0, 0.2, 0.2], "rotation": 270, "texture": "#0"},
				"west": {"uv": [0, 0, 0.2, 0.93], "rotation": 90, "texture": "#0"},
				"up": {"uv": [0, 0, 0.93, 0.2], "rotation": 270, "texture": "#0"},
				"down": {"uv": [0, 0, 0.93, 0.2], "rotation": 270, "texture": "#0"}
			}
		},
		{
			"from": [8.1712, 1.95, 7.53519],
			"to": [8.3712, 2.15, 8.46519],
			"rotation": {"angle": 0, "axis": "z", "origin": [7.6892, 4.99758, 8.00019]},
			"faces": {
				"north": {"uv": [0, 0, 0.2, 0.2], "rotation": 90, "texture": "#0"},
				"east": {"uv": [0, 0, 0.2, 0.93], "rotation": 90, "texture": "#0"},
				"south": {"uv": [0, 0, 0.2, 0.2], "rotation": 270, "texture": "#0"},
				"west": {"uv": [0, 0, 0.2, 0.93], "rotation": 90, "texture": "#0"},
				"up": {"uv": [0, 0, 0.93, 0.2], "rotation": 270, "texture": "#0"},
				"down": {"uv": [0, 0, 0.93, 0.2], "rotation": 270, "texture": "#0"}
			}
		},
		{
			"from": [8.1712, 1.6, 7.53519],
			"to": [8.3712, 1.8, 8.46519],
			"rotation": {"angle": 0, "axis": "z", "origin": [7.6892, 5.04758, 8.00019]},
			"faces": {
				"north": {"uv": [0, 0, 0.2, 0.2], "rotation": 90, "texture": "#0"},
				"east": {"uv": [0, 0, 0.2, 0.93], "rotation": 90, "texture": "#0"},
				"south": {"uv": [0, 0, 0.2, 0.2], "rotation": 270, "texture": "#0"},
				"west": {"uv": [0, 0, 0.2, 0.93], "rotation": 90, "texture": "#0"},
				"up": {"uv": [0, 0, 0.93, 0.2], "rotation": 270, "texture": "#0"},
				"down": {"uv": [0, 0, 0.93, 0.2], "rotation": 270, "texture": "#0"}
			}
		},
		{
			"from": [8.1712, 1.1, 7.53519],
			"to": [8.3712, 1.3, 8.46519],
			"rotation": {"angle": 0, "axis": "z", "origin": [7.6892, 5.04758, 8.00019]},
			"faces": {
				"north": {"uv": [0, 0, 0.2, 0.2], "rotation": 90, "texture": "#0"},
				"east": {"uv": [0, 0, 0.2, 0.93], "rotation": 90, "texture": "#0"},
				"south": {"uv": [0, 0, 0.2, 0.2], "rotation": 270, "texture": "#0"},
				"west": {"uv": [0, 0, 0.2, 0.93], "rotation": 90, "texture": "#0"},
				"up": {"uv": [0, 0, 0.93, 0.2], "rotation": 270, "texture": "#0"},
				"down": {"uv": [0, 0, 0.93, 0.2], "rotation": 270, "texture": "#0"}
			}
		},
		{
			"from": [7.62716, 1.1, 7.53519],
			"to": [7.82716, 1.3, 8.46519],
			"rotation": {"angle": 0, "axis": "z", "origin": [7.64516, 5.04758, 8.00019]},
			"faces": {
				"north": {"uv": [0, 0, 0.2, 0.2], "rotation": 90, "texture": "#0"},
				"east": {"uv": [0, 0, 0.2, 0.93], "rotation": 90, "texture": "#0"},
				"south": {"uv": [0, 0, 0.2, 0.2], "rotation": 270, "texture": "#0"},
				"west": {"uv": [0, 0, 0.2, 0.93], "rotation": 90, "texture": "#0"},
				"up": {"uv": [0, 0, 0.93, 0.2], "rotation": 270, "texture": "#0"},
				"down": {"uv": [0, 0, 0.93, 0.2], "rotation": 270, "texture": "#0"}
			}
		},
		{
			"from": [7.6272, 1.6, 7.53519],
			"to": [7.8272, 1.8, 8.46519],
			"rotation": {"angle": 0, "axis": "z", "origin": [7.6452, 5.04758, 8.00019]},
			"faces": {
				"north": {"uv": [0, 0, 0.2, 0.2], "rotation": 90, "texture": "#0"},
				"east": {"uv": [0, 0, 0.2, 0.93], "rotation": 90, "texture": "#0"},
				"south": {"uv": [0, 0, 0.2, 0.2], "rotation": 270, "texture": "#0"},
				"west": {"uv": [0, 0, 0.2, 0.93], "rotation": 90, "texture": "#0"},
				"up": {"uv": [0, 0, 0.93, 0.2], "rotation": 270, "texture": "#0"},
				"down": {"uv": [0, 0, 0.93, 0.2], "rotation": 270, "texture": "#0"}
			}
		},
		{
			"from": [7.6272, 1.95, 7.53519],
			"to": [7.8272, 2.15, 8.46519],
			"rotation": {"angle": 0, "axis": "z", "origin": [7.6452, 4.99758, 8.00019]},
			"faces": {
				"north": {"uv": [0, 0, 0.2, 0.2], "rotation": 90, "texture": "#0"},
				"east": {"uv": [0, 0, 0.2, 0.93], "rotation": 90, "texture": "#0"},
				"south": {"uv": [0, 0, 0.2, 0.2], "rotation": 270, "texture": "#0"},
				"west": {"uv": [0, 0, 0.2, 0.93], "rotation": 90, "texture": "#0"},
				"up": {"uv": [0, 0, 0.93, 0.2], "rotation": 270, "texture": "#0"},
				"down": {"uv": [0, 0, 0.93, 0.2], "rotation": 270, "texture": "#0"}
			}
		},
		{
			"from": [7.6272, 2.44, 7.53519],
			"to": [7.8272, 2.64, 8.46519],
			"rotation": {"angle": 0, "axis": "z", "origin": [7.6452, 5.08758, 8.00019]},
			"faces": {
				"north": {"uv": [0, 0, 0.2, 0.2], "rotation": 90, "texture": "#0"},
				"east": {"uv": [0, 0, 0.2, 0.93], "rotation": 90, "texture": "#0"},
				"south": {"uv": [0, 0, 0.2, 0.2], "rotation": 270, "texture": "#0"},
				"west": {"uv": [0, 0, 0.2, 0.93], "rotation": 90, "texture": "#0"},
				"up": {"uv": [0, 0, 0.93, 0.2], "rotation": 270, "texture": "#0"},
				"down": {"uv": [0, 0, 0.93, 0.2], "rotation": 270, "texture": "#0"}
			}
		},
		{
			"from": [8.17116, 5.01, 7.53519],
			"to": [8.37116, 5.21, 8.46519],
			"rotation": {"angle": 0, "axis": "z", "origin": [7.68916, 5.05758, 8.00019]},
			"faces": {
				"north": {"uv": [0, 0, 0.2, 0.2], "rotation": 90, "texture": "#0"},
				"east": {"uv": [0, 0, 0.2, 0.93], "rotation": 90, "texture": "#0"},
				"south": {"uv": [0, 0, 0.2, 0.2], "rotation": 270, "texture": "#0"},
				"west": {"uv": [0, 0, 0.2, 0.93], "rotation": 90, "texture": "#0"},
				"up": {"uv": [0, 0, 0.93, 0.2], "rotation": 270, "texture": "#0"},
				"down": {"uv": [0, 0, 0.93, 0.2], "rotation": 270, "texture": "#0"}
			}
		},
		{
			"from": [7.6272, 4.5, 7.53519],
			"to": [7.8272, 4.7, 8.46519],
			"rotation": {"angle": 0, "axis": "z", "origin": [7.6452, 4.94758, 8.00019]},
			"faces": {
				"north": {"uv": [0, 0, 0.2, 0.2], "rotation": 90, "texture": "#0"},
				"east": {"uv": [0, 0, 0.2, 0.93], "rotation": 90, "texture": "#0"},
				"south": {"uv": [0, 0, 0.2, 0.2], "rotation": 270, "texture": "#0"},
				"west": {"uv": [0, 0, 0.2, 0.93], "rotation": 90, "texture": "#0"},
				"up": {"uv": [0, 0, 0.93, 0.2], "rotation": 270, "texture": "#0"},
				"down": {"uv": [0, 0, 0.93, 0.2], "rotation": 270, "texture": "#0"}
			}
		},
		{
			"from": [7.6272, 4.35, 7.5352],
			"to": [8.3712, 4.5, 8.4652],
			"rotation": {"angle": 0, "axis": "y", "origin": [7.77716, 5.81, 7.6852]},
			"faces": {
				"north": {"uv": [0, 0, 0.744, 0.15], "texture": "#0"},
				"east": {"uv": [0, 0, 0.93, 0.15], "texture": "#0"},
				"south": {"uv": [0, 0, 0.744, 0.15], "texture": "#0"},
				"west": {"uv": [0, 0, 0.93, 0.15], "texture": "#0"},
				"up": {"uv": [0, 0, 0.744, 0.93], "rotation": 180, "texture": "#0"},
				"down": {"uv": [0, 0, 0.744, 0.93], "rotation": 180, "texture": "#0"}
			}
		},
		{
			"from": [7.6272, 4.35, 7.5352],
			"to": [8.3712, 4.5, 8.4652],
			"rotation": {"angle": 0, "axis": "y", "origin": [7.77716, 5.81, 7.6852]},
			"faces": {
				"north": {"uv": [0, 0, 0.744, 0.15], "texture": "#0"},
				"east": {"uv": [0, 0, 0.93, 0.15], "texture": "#0"},
				"south": {"uv": [0, 0, 0.744, 0.15], "texture": "#0"},
				"west": {"uv": [0, 0, 0.93, 0.15], "texture": "#0"},
				"up": {"uv": [0, 0, 0.744, 0.93], "rotation": 180, "texture": "#0"},
				"down": {"uv": [0, 0, 0.744, 0.93], "rotation": 180, "texture": "#0"}
			}
		},
		{
			"from": [7.6272, 3.49, 7.5352],
			"to": [8.3712, 3.64, 8.4652],
			"rotation": {"angle": 0, "axis": "y", "origin": [7.77716, 5.81, 7.6852]},
			"faces": {
				"north": {"uv": [0, 0, 0.744, 0.15], "texture": "#0"},
				"east": {"uv": [0, 0, 0.93, 0.15], "texture": "#0"},
				"south": {"uv": [0, 0, 0.744, 0.15], "texture": "#0"},
				"west": {"uv": [0, 0, 0.93, 0.15], "texture": "#0"},
				"up": {"uv": [0, 0, 0.744, 0.93], "rotation": 180, "texture": "#0"},
				"down": {"uv": [0, 0, 0.744, 0.93], "rotation": 180, "texture": "#0"}
			}
		},
		{
			"from": [7.6272, 2.64, 7.5352],
			"to": [8.3712, 2.79, 8.4652],
			"rotation": {"angle": 0, "axis": "y", "origin": [7.77716, 5.81, 7.6852]},
			"faces": {
				"north": {"uv": [0, 0, 0.744, 0.15], "texture": "#0"},
				"east": {"uv": [0, 0, 0.93, 0.15], "texture": "#0"},
				"south": {"uv": [0, 0, 0.744, 0.15], "texture": "#0"},
				"west": {"uv": [0, 0, 0.93, 0.15], "texture": "#0"},
				"up": {"uv": [0, 0, 0.744, 0.93], "rotation": 180, "texture": "#0"},
				"down": {"uv": [0, 0, 0.744, 0.93], "rotation": 180, "texture": "#0"}
			}
		},
		{
			"from": [7.6272, 1.8, 7.5352],
			"to": [8.3712, 1.95, 8.4652],
			"rotation": {"angle": 0, "axis": "y", "origin": [7.77716, 5.81, 7.6852]},
			"faces": {
				"north": {"uv": [0, 0, 0.744, 0.15], "texture": "#0"},
				"east": {"uv": [0, 0, 0.93, 0.15], "texture": "#0"},
				"south": {"uv": [0, 0, 0.744, 0.15], "texture": "#0"},
				"west": {"uv": [0, 0, 0.93, 0.15], "texture": "#0"},
				"up": {"uv": [0, 0, 0.744, 0.93], "rotation": 180, "texture": "#0"},
				"down": {"uv": [0, 0, 0.744, 0.93], "rotation": 180, "texture": "#0"}
			}
		},
		{
			"from": [7, 6, 7],
			"to": [9, 6.3, 9],
			"rotation": {"angle": 0, "axis": "y", "origin": [8, 6.15, 8]},
			"faces": {
				"north": {"uv": [2, 0, 4, 0.3], "texture": "#0"},
				"east": {"uv": [2, 0, 4, 0.3], "texture": "#0"},
				"south": {"uv": [2, 0, 4, 0.3], "texture": "#0"},
				"west": {"uv": [2, 0, 4, 0.3], "texture": "#0"},
				"up": {"uv": [2, 0, 4, 2], "texture": "#0"},
				"down": {"uv": [2, 0, 4, 2], "texture": "#0"}
			}
		},
		{
			"from": [7, 6, 7],
			"to": [9, 6.3, 9],
			"rotation": {"angle": 45, "axis": "y", "origin": [8, 6.15, 8]},
			"faces": {
				"north": {"uv": [2, 0, 4, 0.3], "texture": "#0"},
				"east": {"uv": [2, 0, 4, 0.3], "texture": "#0"},
				"south": {"uv": [2, 0, 4, 0.3], "texture": "#0"},
				"west": {"uv": [2, 0, 4, 0.3], "texture": "#0"},
				"up": {"uv": [2, 0, 4, 2], "texture": "#0"},
				"down": {"uv": [2, 0, 4, 2], "texture": "#0"}
			}
		},
		{
			"from": [7.35, 6.2, 7.65],
			"to": [7.65, 6.5, 8.35],
			"rotation": {"angle": 0, "axis": "y", "origin": [8.5, 4.2, 8]},
			"faces": {
				"north": {"uv": [15, 5, 15.3, 5.3], "texture": "#0"},
				"east": {"uv": [15, 5, 15.7, 5.3], "texture": "#0"},
				"south": {"uv": [15, 5, 15.3, 5.3], "texture": "#0"},
				"west": {"uv": [15, 5, 15.7, 5.3], "texture": "#0"},
				"up": {"uv": [15, 5, 15.3, 5.7], "texture": "#0"},
				"down": {"uv": [15, 5, 15.3, 5.7], "texture": "#0"}
			}
		},
		{
			"from": [7.70255, 6.2, 7.12238],
			"to": [8.00255, 6.5, 7.42238],
			"rotation": {"angle": 22.5, "axis": "y", "origin": [8.85255, 4.2, 8.27238]},
			"faces": {
				"north": {"uv": [15, 5, 15.3, 5.3], "texture": "#0"},
				"east": {"uv": [15, 5, 15.3, 5.3], "texture": "#0"},
				"south": {"uv": [15, 5, 15.3, 5.3], "texture": "#0"},
				"west": {"uv": [15, 5, 15.3, 5.3], "texture": "#0"},
				"up": {"uv": [15, 5, 15.3, 5.3], "rotation": 270, "texture": "#0"},
				"down": {"uv": [15, 5, 15.3, 5.3], "rotation": 90, "texture": "#0"}
			}
		},
		{
			"from": [7.62716, 6.21, 7.5352],
			"to": [8.37116, 6.5, 8.4652],
			"rotation": {"angle": 0, "axis": "y", "origin": [7.77716, 6.41, 7.6852]},
			"faces": {
				"north": {"uv": [15, 5, 15.744, 5.29], "texture": "#0"},
				"east": {"uv": [15, 5, 15.93, 5.29], "texture": "#0"},
				"south": {"uv": [15, 5, 15.744, 5.29], "texture": "#0"},
				"west": {"uv": [15, 5, 15.93, 5.29], "texture": "#0"},
				"up": {"uv": [15, 5, 15.744, 5.93], "rotation": 180, "texture": "#0"},
				"down": {"uv": [15, 5, 15.744, 5.93], "rotation": 180, "texture": "#0"}
			}
		},
		{
			"from": [7.79389, 6.2, 8.1184],
			"to": [8.09389, 6.5, 8.4184],
			"rotation": {"angle": -22.5, "axis": "y", "origin": [7.74389, 4.2, 7.2684]},
			"faces": {
				"north": {"uv": [15, 5, 15.3, 5.3], "texture": "#0"},
				"east": {"uv": [15, 5, 15.3, 5.3], "texture": "#0"},
				"south": {"uv": [15, 5, 15.3, 5.3], "texture": "#0"},
				"west": {"uv": [15, 5, 15.3, 5.3], "texture": "#0"},
				"up": {"uv": [15, 5, 15.3, 5.3], "rotation": 270, "texture": "#0"},
				"down": {"uv": [15, 5, 15.3, 5.3], "rotation": 90, "texture": "#0"}
			}
		},
		{
			"from": [8.31924, 6.2, 7.50464],
			"to": [8.61924, 6.5, 7.80464],
			"rotation": {"angle": -22.5, "axis": "y", "origin": [8.26924, 4.2, 7.65464]},
			"faces": {
				"north": {"uv": [15, 5, 15.3, 5.3], "texture": "#0"},
				"east": {"uv": [15, 5, 15.3, 5.3], "texture": "#0"},
				"south": {"uv": [15, 5, 15.3, 5.3], "texture": "#0"},
				"west": {"uv": [15, 5, 15.3, 5.3], "texture": "#0"},
				"up": {"uv": [15, 5, 15.3, 5.3], "rotation": 270, "texture": "#0"},
				"down": {"uv": [15, 5, 15.3, 5.3], "rotation": 90, "texture": "#0"}
			}
		},
		{
			"from": [8.35, 6.2, 7.65],
			"to": [8.65, 6.5, 8.35],
			"rotation": {"angle": 0, "axis": "y", "origin": [8.5, 4.2, 8]},
			"faces": {
				"north": {"uv": [15, 5, 15.3, 5.3], "texture": "#0"},
				"east": {"uv": [15, 5, 15.7, 5.3], "texture": "#0"},
				"south": {"uv": [15, 5, 15.3, 5.3], "texture": "#0"},
				"west": {"uv": [15, 5, 15.7, 5.3], "texture": "#0"},
				"up": {"uv": [15, 5, 15.3, 5.7], "texture": "#0"},
				"down": {"uv": [15, 5, 15.3, 5.7], "texture": "#0"}
			}
		},
		{
			"from": [8.30402, 6.2, 8.11882],
			"to": [8.60402, 6.5, 8.41882],
			"rotation": {"angle": 22.5, "axis": "y", "origin": [8.45402, 4.2, 8.26882]},
			"faces": {
				"north": {"uv": [15, 5, 15.3, 5.3], "texture": "#0"},
				"east": {"uv": [15, 5, 15.3, 5.3], "texture": "#0"},
				"south": {"uv": [15, 5, 15.3, 5.3], "texture": "#0"},
				"west": {"uv": [15, 5, 15.3, 5.3], "texture": "#0"},
				"up": {"uv": [15, 5, 15.3, 5.3], "rotation": 270, "texture": "#0"},
				"down": {"uv": [15, 5, 15.3, 5.3], "rotation": 90, "texture": "#0"}
			}
		},
		{
			"from": [6.75, 24.6, 7.75],
			"to": [7.25, 29.5, 8.25],
			"rotation": {"angle": 0, "axis": "y", "origin": [7.1, -0.2, 7.75]},
			"faces": {
				"north": {"uv": [3, 3, 3.5, 7.9], "texture": "#0"},
				"east": {"uv": [3, 3, 3.5, 7.9], "texture": "#0"},
				"south": {"uv": [3, 3, 3.5, 7.9], "texture": "#0"},
				"west": {"uv": [3, 3, 3.5, 7.9], "texture": "#0"},
				"up": {"uv": [3, 3, 3.5, 3.5], "texture": "#0"},
				"down": {"uv": [3, 3, 3.5, 3.5], "texture": "#0"}
			}
		},
		{
			"from": [7.25, 25.7, 7.85],
			"to": [7.95, 28.3, 8.15],
			"rotation": {"angle": 0, "axis": "y", "origin": [7.1, -0.2, 7.65]},
			"faces": {
				"north": {"uv": [0, 0, 0.7, 2.6], "texture": "#0"},
				"east": {"uv": [0, 0, 0.3, 2.6], "texture": "#0"},
				"south": {"uv": [0, 0, 0.7, 2.6], "texture": "#0"},
				"west": {"uv": [0, 0, 0.3, 2.6], "texture": "#0"},
				"up": {"uv": [0, 0, 0.7, 0.3], "texture": "#0"},
				"down": {"uv": [0, 0, 0.7, 0.3], "texture": "#0"}
			}
		},
		{
			"from": [7.25, 27.9, 7.85],
			"to": [7.65, 29, 8.15],
			"rotation": {"angle": 0, "axis": "y", "origin": [7.1, -0.2, 7.65]},
			"faces": {
				"north": {"uv": [0, 0, 0.4, 1.1], "texture": "#0"},
				"east": {"uv": [0, 0, 0.3, 1.1], "texture": "#0"},
				"south": {"uv": [0, 0, 0.4, 1.1], "texture": "#0"},
				"west": {"uv": [0, 0, 0.3, 1.1], "texture": "#0"},
				"up": {"uv": [0, 0, 0.4, 0.3], "texture": "#0"},
				"down": {"uv": [0, 0, 0.4, 0.3], "texture": "#0"}
			}
		},
		{
			"from": [6.95, 21.2, 7.75],
			"to": [7.45, 25.7, 8.25],
			"rotation": {"angle": 0, "axis": "y", "origin": [7.1, -0.2, 7.75]},
			"faces": {
				"north": {"uv": [3, 3, 3.5, 7.5], "texture": "#0"},
				"east": {"uv": [3, 3, 3.5, 7.5], "texture": "#0"},
				"south": {"uv": [3, 3, 3.5, 7.5], "texture": "#0"},
				"west": {"uv": [3, 3, 3.5, 7.5], "texture": "#0"},
				"up": {"uv": [3, 3, 3.5, 3.5], "texture": "#0"},
				"down": {"uv": [3, 3, 3.5, 3.5], "texture": "#0"}
			}
		},
		{
			"from": [7.45, 21.5, 7.85],
			"to": [8.15, 25.7, 8.15],
			"rotation": {"angle": 0, "axis": "y", "origin": [7.1, -0.2, 7.65]},
			"faces": {
				"north": {"uv": [0, 0, 0.7, 4.2], "texture": "#0"},
				"east": {"uv": [0, 0, 0.3, 4.2], "texture": "#0"},
				"south": {"uv": [0, 0, 0.7, 4.2], "texture": "#0"},
				"west": {"uv": [0, 0, 0.3, 4.2], "texture": "#0"},
				"up": {"uv": [0, 0, 0.7, 0.3], "texture": "#0"},
				"down": {"uv": [0, 0, 0.7, 0.3], "texture": "#0"}
			}
		},
		{
			"from": [7.15, 17.1, 7.75],
			"to": [7.65, 21.5, 8.25],
			"rotation": {"angle": 0, "axis": "y", "origin": [7.1, -0.2, 7.75]},
			"faces": {
				"north": {"uv": [3, 3, 3.5, 7.4], "texture": "#0"},
				"east": {"uv": [3, 3, 3.5, 7.4], "texture": "#0"},
				"south": {"uv": [3, 3, 3.5, 7.4], "texture": "#0"},
				"west": {"uv": [3, 3, 3.5, 7.4], "texture": "#0"},
				"up": {"uv": [3, 3, 3.5, 3.5], "texture": "#0"},
				"down": {"uv": [3, 3, 3.5, 3.5], "texture": "#0"}
			}
		},
		{
			"from": [7.65, 17.3, 7.85],
			"to": [8.35, 21.5, 8.15],
			"rotation": {"angle": 0, "axis": "y", "origin": [7.1, -0.2, 7.65]},
			"faces": {
				"north": {"uv": [0, 0, 0.7, 4.2], "texture": "#0"},
				"east": {"uv": [0, 0, 0.3, 4.2], "texture": "#0"},
				"south": {"uv": [0, 0, 0.7, 4.2], "texture": "#0"},
				"west": {"uv": [0, 0, 0.3, 4.2], "texture": "#0"},
				"up": {"uv": [0, 0, 0.7, 0.3], "texture": "#0"},
				"down": {"uv": [0, 0, 0.7, 0.3], "texture": "#0"}
			}
		},
		{
			"from": [7.35, 10.4, 7.75],
			"to": [7.85, 17.4, 8.25],
			"rotation": {"angle": 0, "axis": "y", "origin": [7.1, -0.2, 7.75]},
			"faces": {
				"north": {"uv": [3, 3, 3.5, 10], "texture": "#0"},
				"east": {"uv": [3, 3, 3.5, 10], "texture": "#0"},
				"south": {"uv": [3, 3, 3.5, 10], "texture": "#0"},
				"west": {"uv": [3, 3, 3.5, 10], "texture": "#0"},
				"up": {"uv": [3, 3, 3.5, 3.5], "texture": "#0"},
				"down": {"uv": [3, 3, 3.5, 3.5], "texture": "#0"}
			}
		},
		{
			"from": [7.85, 10.6, 7.85],
			"to": [8.55, 17.4, 8.15],
			"rotation": {"angle": 0, "axis": "y", "origin": [7.1, -0.2, 7.65]},
			"faces": {
				"north": {"uv": [0, 0, 0.7, 6.8], "texture": "#0"},
				"east": {"uv": [0, 0, 0.3, 6.8], "texture": "#0"},
				"south": {"uv": [0, 0, 0.7, 6.8], "texture": "#0"},
				"west": {"uv": [0, 0, 0.3, 6.8], "texture": "#0"},
				"up": {"uv": [0, 0, 0.7, 0.3], "texture": "#0"},
				"down": {"uv": [0, 0, 0.7, 0.3], "texture": "#0"}
			}
		},
		{
			"from": [7.4, 6.4, 7.75],
			"to": [8.6, 6.9, 8.25],
			"rotation": {"angle": 0, "axis": "y", "origin": [7.2, 0, 7.75]},
			"faces": {
				"north": {"uv": [2, 3, 3.2, 3.5], "texture": "#0"},
				"east": {"uv": [3, 3, 3.5, 3.5], "texture": "#0"},
				"south": {"uv": [2, 3, 3.2, 3.5], "texture": "#0"},
				"west": {"uv": [3, 3, 3.5, 3.5], "texture": "#0"},
				"up": {"uv": [2, 3, 3.2, 3.5], "texture": "#0"},
				"down": {"uv": [2, 3, 3.2, 3.5], "texture": "#0"}
			}
		},
		{
			"from": [7.4, 6.4, 7.75],
			"to": [7.9, 10.6, 8.25],
			"rotation": {"angle": 0, "axis": "y", "origin": [7.1, -0.2, 7.75]},
			"faces": {
				"north": {"uv": [3, 3, 3.5, 7.2], "texture": "#0"},
				"east": {"uv": [3, 3, 3.5, 7.2], "texture": "#0"},
				"south": {"uv": [3, 3, 3.5, 7.2], "texture": "#0"},
				"west": {"uv": [3, 3, 3.5, 7.2], "texture": "#0"},
				"up": {"uv": [3, 3, 3.5, 3.5], "texture": "#0"},
				"down": {"uv": [3, 3, 3.5, 3.5], "texture": "#0"}
			}
		},
		{
			"from": [7.9, 6.4, 7.85],
			"to": [8.6, 10.6, 8.15],
			"rotation": {"angle": 0, "axis": "y", "origin": [7.1, -0.2, 7.65]},
			"faces": {
				"north": {"uv": [0, 0, 0.7, 4.2], "texture": "#0"},
				"east": {"uv": [0, 0, 0.3, 4.2], "texture": "#0"},
				"south": {"uv": [0, 0, 0.7, 4.2], "texture": "#0"},
				"west": {"uv": [0, 0, 0.3, 4.2], "texture": "#0"},
				"up": {"uv": [0, 0, 0.7, 0.3], "texture": "#0"},
				"down": {"uv": [0, 0, 0.7, 0.3], "texture": "#0"}
			}
		}
	],
	"display": {
		"thirdperson_righthand": {
			"rotation": [0, 90, 0],
			"translation": [0, 2.5, 0]
		},
		"thirdperson_lefthand": {
			"rotation": [0, -90, 0],
			"translation": [0, 2.5, 0]
		},
		"firstperson_righthand": {
			"rotation": [0, 88, 0],
			"translation": [3, 3.75, 0]
		},
		"firstperson_lefthand": {
			"rotation": [0, -105, 0],
			"translation": [4, 3, -0.25]
		},
		"ground": {
			"translation": [4.5, 6.5, -1.5]
		},
		"gui": {
			"rotation": [0, 180, -140],
			"translation": [3.5, 3, 0],
			"scale": [0.6, 0.6, 0.6]
		},
		"head": {
			"rotation": [0, 7, 140],
			"translation": [6, -4.25, 8.5],
			"scale": [1.8, 1.8, 1.8]
		},
		"fixed": {
			"rotation": [0, 0, -90],
			"translation": [-6.5, -1, -2]
		}
	},
	"groups": [
		{
			"name": "group",
			"origin": [8, 8, 8],
			"color": 0,
			"children": [
				{
					"name": "group",
					"origin": [8, 8, 8],
					"color": 0,
					"children": [
						{
							"name": "group",
							"origin": [8, 8, 8],
							"color": 0,
							"children": [0, 1, 2, 3, 4, 5, 6]
						},
						{
							"name": "group",
							"origin": [8, 8, 8],
							"color": 0,
							"children": [7, 8, 9, 10, 11, 12, 13]
						},
						{
							"name": "group",
							"origin": [8, 8, 8],
							"color": 0,
							"children": [14, 15, 16, 17, 18, 19, 20]
						}
					]
				},
				{
					"name": "group",
					"origin": [7.65, 8, 7.35],
					"color": 0,
					"children": [
						21,
						22,
						23,
						24,
						25,
						26,
						{
							"name": "group",
							"origin": [7.65, 8, 7.35],
							"color": 0,
							"children": [27, 28]
						}
					]
				},
				{
					"name": "group",
					"origin": [8, 8, 8],
					"color": 0,
					"children": [
						29,
						30,
						31,
						32,
						33,
						34,
						35,
						36,
						37,
						38,
						39,
						40,
						41,
						42,
						43,
						44,
						45,
						46,
						47,
						48,
						49,
						50,
						51,
						52,
						53,
						54,
						55,
						56,
						57,
						58,
						59,
						60,
						61,
						62,
						63,
						64,
						65,
						66,
						67,
						68,
						69,
						70,
						71,
						72,
						73,
						74,
						75,
						76,
						77,
						78,
						79,
						80,
						81,
						82,
						83,
						84,
						85,
						86,
						87,
						88,
						89,
						90,
						91,
						92,
						93,
						94,
						95
					]
				}
			]
		},
		{
			"name": "group",
			"origin": [8, 8, 8],
			"color": 0,
			"children": [96, 97]
		},
		{
			"name": "group",
			"origin": [8.5, 4.2, 8],
			"color": 0,
			"children": [98, 99, 100, 101, 102, 103, 104]
		},
		{
			"name": "group",
			"origin": [8, 8, 8],
			"color": 0,
			"children": [
				{
					"name": "group",
					"origin": [8, 8, 8],
					"color": 0,
					"children": [105, 106, 107]
				},
				{
					"name": "group",
					"origin": [8, 8, 8],
					"color": 0,
					"children": [108, 109]
				},
				{
					"name": "group",
					"origin": [8, 8, 8],
					"color": 0,
					"children": [110, 111]
				},
				{
					"name": "group",
					"origin": [8, 8, 8],
					"color": 0,
					"children": [112, 113]
				},
				{
					"name": "group",
					"origin": [7.95, 8, 8],
					"color": 0,
					"children": [114, 115, 116]
				}
			]
		}
	]
}