{
	"credit": "Copyright © 2021-2099 Ikaho-Onsen Minecraft Server. All rights reserved.",
	"texture_size": [64, 64],
	"textures": {
		"2": "item/pig_king_hat",
		"particle": "minecraft:item/pig_king_hat"
	},
	"elements": [
		{
			"from": [1.5, 1.98093, 3.05974],
			"to": [14.5, 14.98093, 14.98474],
			"rotation": {"angle": 0, "axis": "y", "origin": [8, 8.48093, 7.55974]},
			"faces": {
				"north": {"uv": [4.5, 4.5, 7.75, 7.75], "texture": "#2"},
				"east": {"uv": [7.75, 3.25, 10.75, 6.5], "texture": "#2"},
				"south": {"uv": [6, 0, 9.25, 3.25], "texture": "#2"},
				"west": {"uv": [4.5, 7.75, 7.5, 11], "texture": "#2"},
				"up": {"uv": [11, 9.5, 7.75, 6.5], "texture": "#2"},
				"down": {"uv": [12.5, 0, 9.25, 3], "texture": "#2"}
			}
		},
		{
			"from": [3.5, 12.98093, -8.94026],
			"to": [12.5, 21.98093, 15.05974],
			"rotation": {"angle": 0, "axis": "y", "origin": [8, 17.48093, 3.05974]},
			"faces": {
				"north": {"uv": [7.5, 9.5, 9.75, 11.75], "texture": "#2", "tintindex": 0},
				"east": {"uv": [0, 0, 6, 2.25], "texture": "#2", "tintindex": 0},
				"south": {"uv": [9.75, 9.5, 12, 11.75], "texture": "#2", "tintindex": 0},
				"west": {"uv": [0, 2.25, 6, 4.5], "texture": "#2", "tintindex": 0},
				"up": {"uv": [2.25, 10.5, 0, 4.5], "texture": "#2", "tintindex": 0},
				"down": {"uv": [4.5, 4.5, 2.25, 10.5], "texture": "#2", "tintindex": 0}
			}
		},
		{
			"from": [-1.5, 3.98093, 5.05974],
			"to": [1.5, 12.98093, 10.05974],
			"rotation": {"angle": -22.5, "axis": "z", "origin": [0, 7.48093, 7.55974]},
			"faces": {
				"north": {"uv": [10.25, 11.75, 11, 14], "texture": "#2"},
				"east": {"uv": [11, 6, 12.25, 8.25], "texture": "#2"},
				"south": {"uv": [11, 11.75, 11.75, 14], "texture": "#2"},
				"west": {"uv": [6.5, 11.75, 7.75, 14], "texture": "#2"},
				"up": {"uv": [11.75, 9.5, 11, 8.25], "texture": "#2"},
				"down": {"uv": [13.5, 4.75, 12.75, 6], "texture": "#2"}
			}
		},
		{
			"from": [-1, 2.86776, 7.21223],
			"to": [4, 7.86776, 7.21223],
			"rotation": {"angle": -22.5, "axis": "z", "origin": [-1.5, 16.36776, 1.21223]},
			"faces": {
				"north": {"uv": [14.75, 14.75, 16, 16], "texture": "#2"},
				"south": {"uv": [16, 14.75, 14.75, 16], "texture": "#2"}
			}
		},
		{
			"from": [14.5, 3.98093, 5.05974],
			"to": [17.5, 12.98093, 10.05974],
			"rotation": {"angle": 22.5, "axis": "z", "origin": [16, 7.48093, 7.55974]},
			"faces": {
				"north": {"uv": [11.75, 11.75, 12.5, 14], "texture": "#2"},
				"east": {"uv": [7.75, 11.75, 9, 14], "texture": "#2"},
				"south": {"uv": [12, 8.25, 12.75, 10.5], "texture": "#2"},
				"west": {"uv": [9, 11.75, 10.25, 14], "texture": "#2"},
				"up": {"uv": [13.75, 7.25, 13, 6], "texture": "#2"},
				"down": {"uv": [13.75, 11.25, 13, 12.5], "texture": "#2"}
			}
		},
		{
			"from": [3.5, 3.98093, -2.94026],
			"to": [12.5, 9.98093, 5.05974],
			"rotation": {"angle": -22.5, "axis": "x", "origin": [5.25, 7.36675, 0.98572]},
			"faces": {
				"north": {"uv": [10.75, 3, 13, 4.5], "texture": "#2"},
				"east": {"uv": [10.75, 4.5, 12.75, 6], "texture": "#2"},
				"west": {"uv": [4.5, 11, 6.5, 12.5], "texture": "#2"},
				"up": {"uv": [2.25, 12.5, 0, 10.5], "texture": "#2"},
				"down": {"uv": [4.5, 10.5, 2.25, 12.5], "texture": "#2"}
			}
		},
		{
			"from": [4.5, 2.18093, -1.94026],
			"to": [11.5, 5.18093, 3.05974],
			"rotation": {"angle": 0, "axis": "y", "origin": [8, 4.98093, -0.44026]},
			"faces": {
				"north": {"uv": [12, 10.5, 13.75, 11.25], "texture": "#2"},
				"east": {"uv": [13, 7.25, 14.25, 8], "texture": "#2"},
				"west": {"uv": [13, 12.5, 14.25, 13.25], "texture": "#2"},
				"down": {"uv": [7.75, 3.25, 6, 4.5], "texture": "#2"}
			}
		},
		{
			"from": [0.5, 2.92741, -2.07494],
			"to": [2.5, 5.92741, 3.92506],
			"rotation": {"angle": 22.5, "axis": "y", "origin": [1.5, 4.42741, -3.07494]},
			"faces": {
				"east": {"uv": [1.5, 12.5, 3, 13.25], "texture": "#2"},
				"south": {"uv": [6.5, 11, 7, 11.75], "texture": "#2"},
				"west": {"uv": [12.5, 2, 14, 2.75], "texture": "#2"},
				"up": {"uv": [13.75, 1.5, 13.25, 0], "texture": "#2"},
				"down": {"uv": [2, 13.25, 1.5, 14.75], "texture": "#2"}
			}
		},
		{
			"from": [0.5, 2.92741, -5.07494],
			"to": [2.5, 10.92741, -2.07494],
			"rotation": {"angle": 22.5, "axis": "y", "origin": [1.5, 4.42741, -3.07494]},
			"faces": {
				"north": {"uv": [6, 12.5, 6.5, 14.5], "texture": "#2"},
				"east": {"uv": [12.25, 6, 13, 8], "texture": "#2"},
				"south": {"uv": [12.5, 11.25, 13, 13.25], "texture": "#2"},
				"west": {"uv": [0, 12.5, 0.75, 14.5], "texture": "#2"},
				"up": {"uv": [7.5, 11.75, 7, 11], "texture": "#2"},
				"down": {"uv": [3.5, 13.25, 3, 14], "texture": "#2"}
			}
		},
		{
			"from": [13.5, 2.92741, -5.07494],
			"to": [15.5, 10.92741, -2.07494],
			"rotation": {"angle": -22.5, "axis": "y", "origin": [14.5, 4.42741, -3.07494]},
			"faces": {
				"north": {"uv": [12.75, 8, 13.25, 10], "texture": "#2"},
				"east": {"uv": [12.5, 0, 13.25, 2], "texture": "#2"},
				"south": {"uv": [13, 2.75, 13.5, 4.75], "texture": "#2"},
				"west": {"uv": [0.75, 12.5, 1.5, 14.5], "texture": "#2"},
				"up": {"uv": [4, 14, 3.5, 13.25], "texture": "#2"},
				"down": {"uv": [4.5, 13.25, 4, 14], "texture": "#2"}
			}
		},
		{
			"from": [13.5, 2.92741, -2.07494],
			"to": [15.5, 5.92741, 3.92506],
			"rotation": {"angle": -22.5, "axis": "y", "origin": [14.5, 4.42741, -3.07494]},
			"faces": {
				"east": {"uv": [3, 12.5, 4.5, 13.25], "texture": "#2"},
				"south": {"uv": [4.5, 13.25, 5, 14], "texture": "#2"},
				"west": {"uv": [4.5, 12.5, 6, 13.25], "texture": "#2"},
				"up": {"uv": [2.5, 14.75, 2, 13.25], "texture": "#2"},
				"down": {"uv": [3, 13.25, 2.5, 14.75], "texture": "#2"}
			}
		}
	],
	"gui_light": "front",
	"display": {
		"thirdperson_righthand": {
			"rotation": [75, 45, 0],
			"translation": [0, 2.5, 0],
			"scale": [0.375, 0.375, 0.375]
		},
		"thirdperson_lefthand": {
			"rotation": [75, 45, 0],
			"translation": [0, 2.5, 0],
			"scale": [0.375, 0.375, 0.375]
		},
		"firstperson_righthand": {
			"rotation": [0, 45, 0],
			"translation": [2.5, 0, 0],
			"scale": [0.3, 0.3, 0.3]
		},
		"firstperson_lefthand": {
			"rotation": [0, 45, 0],
			"translation": [2.5, 0, 0],
			"scale": [0.3, 0.3, 0.3]
		},
		"ground": {
			"translation": [0, 2, 0],
			"scale": [0.5, 0.5, 0.5]
		},
		"gui": {
			"rotation": [33, 135, 0],
			"translation": [1.25, -1.25, 0],
			"scale": [0.52, 0.52, 0.52]
		},
		"head": {
			"translation": [0, 0.75, -1.75],
			"scale": [1.3, 1.3, 1.3]
		},
		"fixed": {
			"translation": [0, -1, -14.5],
			"scale": [2.01, 2.01, 2.01]
		}
	},
	"groups": [
		{
			"name": "group",
			"origin": [7.5, 10.33093, 0.30974],
			"color": 0,
			"nbt": "{}",
			"armAnimationEnabled": false,
			"children": [0, 1, 2, 3, 4, 5, 6, 7, 8, 9, 10]
		}
	]
}