{
	"credit": "Copyright © 2021-2099 Ikaho-Onsen Minecraft Server. All rights reserved.",
	"texture_size": [64, 64],
	"textures": {
		"2": "item/ukulele",
		"particle": "minecraft:item/ukulele"
	},
	"elements": [
		{
			"from": [5.5, 20.34985, 7.2685],
			"to": [10.5, 26.34985, 9.2685],
			"rotation": {"angle": 22.5, "axis": "x", "origin": [8.5, 21.34985, 8.7685]},
			"faces": {
				"north": {"uv": [5, 0, 6.25, 1.5], "texture": "#2"},
				"east": {"uv": [5.75, 5, 6.25, 6.5], "texture": "#2"},
				"south": {"uv": [5, 1.5, 6.25, 3], "texture": "#2"},
				"west": {"uv": [6.25, 0, 6.75, 1.5], "texture": "#2"},
				"up": {"uv": [7.5, 2, 6.25, 1.5], "texture": "#2"},
				"down": {"uv": [7.5, 2, 6.25, 2.5], "texture": "#2"}
			}
		},
		{
			"from": [10.5, 24.93776, 9.4375],
			"to": [11.5, 25.93776, 10.4375],
			"rotation": {"angle": -22.5, "axis": "x", "origin": [11, 25.13776, 10.3375]},
			"faces": {
				"north": {"uv": [1, 6.5, 1.25, 6.75], "texture": "#2"},
				"east": {"uv": [1.25, 6.5, 1.5, 6.75], "texture": "#2"},
				"south": {"uv": [6.75, 0.5, 7, 0.75], "texture": "#2"},
				"west": {"uv": [6.75, 0.75, 7, 1], "texture": "#2"},
				"up": {"uv": [1.25, 7, 1, 6.75], "texture": "#2"},
				"down": {"uv": [7, 1, 6.75, 1.25], "texture": "#2"}
			}
		},
		{
			"from": [10.5, 21.24224, 7.90677],
			"to": [11.5, 22.24224, 8.90677],
			"rotation": {"angle": -22.5, "axis": "x", "origin": [11, 21.44224, 8.80677]},
			"faces": {
				"north": {"uv": [3.5, 6.75, 3.75, 7], "texture": "#2"},
				"east": {"uv": [3.75, 6.75, 4, 7], "texture": "#2"},
				"south": {"uv": [4, 6.75, 4.25, 7], "texture": "#2"},
				"west": {"uv": [4.25, 6.75, 4.5, 7], "texture": "#2"},
				"up": {"uv": [4.75, 7, 4.5, 6.75], "texture": "#2"},
				"down": {"uv": [5, 6.75, 4.75, 7], "texture": "#2"}
			}
		},
		{
			"from": [4.5, 24.93776, 9.4375],
			"to": [5.5, 25.93776, 10.4375],
			"rotation": {"angle": -22.5, "axis": "x", "origin": [11, 25.13776, 10.3375]},
			"faces": {
				"north": {"uv": [5.75, 6.75, 6, 7], "texture": "#2"},
				"east": {"uv": [6, 6.75, 6.25, 7], "texture": "#2"},
				"south": {"uv": [6.25, 6.75, 6.5, 7], "texture": "#2"},
				"west": {"uv": [6.5, 6.75, 6.75, 7], "texture": "#2"},
				"up": {"uv": [7, 6.75, 6.75, 6.5], "texture": "#2"},
				"down": {"uv": [7, 6.75, 6.75, 7], "texture": "#2"}
			}
		},
		{
			"from": [4.5, 21.24224, 7.90677],
			"to": [5.5, 22.24224, 8.90677],
			"rotation": {"angle": -22.5, "axis": "x", "origin": [11, 21.44224, 8.80677]},
			"faces": {
				"north": {"uv": [1, 7, 1.25, 7.25], "texture": "#2"},
				"east": {"uv": [7, 1, 7.25, 1.25], "texture": "#2"},
				"south": {"uv": [1.25, 7, 1.5, 7.25], "texture": "#2"},
				"west": {"uv": [7, 1.25, 7.25, 1.5], "texture": "#2"},
				"up": {"uv": [2.25, 7.25, 2, 7], "texture": "#2"},
				"down": {"uv": [2.5, 7, 2.25, 7.25], "texture": "#2"}
			}
		},
		{
			"from": [3, 0, 7],
			"to": [13, 9, 11],
			"rotation": {"angle": 0, "axis": "y", "origin": [1, 1, 0]},
			"faces": {
				"north": {"uv": [0, 0, 2.5, 2.25], "texture": "#2", "tintindex": 0},
				"east": {"uv": [3, 4.25, 4, 6.5], "texture": "#2"},
				"south": {"uv": [0, 2.25, 2.5, 4.5], "texture": "#2"},
				"west": {"uv": [4, 4.25, 5, 6.5], "texture": "#2"},
				"up": {"uv": [5, 3.25, 2.5, 2.25], "texture": "#2"},
				"down": {"uv": [5, 3.25, 2.5, 4.25], "texture": "#2"}
			}
		},
		{
			"from": [3, 0, 7],
			"to": [13, 9, 11],
			"rotation": {"angle": 0, "axis": "y", "origin": [1, 1, 0]},
			"faces": {
				"north": {"uv": [2.5, 0, 5, 2.25], "texture": "#2"}
			}
		},
		{
			"from": [5, -1, 7],
			"to": [11, 0, 11],
			"rotation": {"angle": 0, "axis": "y", "origin": [1, 1, 0]},
			"faces": {
				"north": {"uv": [6.25, 5.5, 7.75, 5.75], "texture": "#2", "tintindex": 0},
				"east": {"uv": [0, 6.5, 1, 6.75], "texture": "#2"},
				"south": {"uv": [6.25, 5.75, 7.75, 6], "texture": "#2"},
				"west": {"uv": [3, 6.5, 4, 6.75], "texture": "#2"},
				"down": {"uv": [1.5, 5.5, 0, 6.5], "texture": "#2"}
			}
		},
		{
			"from": [6, 1, 6.5],
			"to": [10, 2, 7],
			"rotation": {"angle": 0, "axis": "y", "origin": [1, 1, 0]},
			"faces": {
				"north": {"uv": [4, 6.5, 5, 6.75], "texture": "#2"},
				"east": {"uv": [3, 7, 3.25, 7.25], "texture": "#2"},
				"west": {"uv": [3.25, 7, 3.5, 7.25], "texture": "#2"},
				"up": {"uv": [6.75, 6.75, 5.75, 6.5], "texture": "#2"},
				"down": {"uv": [1, 6.75, 0, 7], "texture": "#2"}
			}
		},
		{
			"from": [4, 9, 7],
			"to": [12, 11, 11],
			"rotation": {"angle": 0, "axis": "y", "origin": [1, 1, 0]},
			"faces": {
				"north": {"uv": [5.75, 4, 7.75, 4.5], "texture": "#2", "tintindex": 0},
				"east": {"uv": [6.25, 2.5, 7.25, 3], "texture": "#2"},
				"south": {"uv": [5.75, 4.5, 7.75, 5], "texture": "#2"},
				"west": {"uv": [6.25, 5, 7.25, 5.5], "texture": "#2"},
				"up": {"uv": [2, 5.5, 0, 4.5], "texture": "#2"}
			}
		},
		{
			"from": [5, 11, 7],
			"to": [11, 12, 11],
			"rotation": {"angle": 0, "axis": "y", "origin": [1, 1, 0]},
			"faces": {
				"north": {"uv": [6.25, 6, 7.75, 6.25], "texture": "#2", "tintindex": 0},
				"east": {"uv": [6.75, 0, 7.75, 0.25], "texture": "#2"},
				"south": {"uv": [6.25, 6.25, 7.75, 6.5], "texture": "#2"},
				"west": {"uv": [6.75, 0.25, 7.75, 0.5], "texture": "#2"},
				"up": {"uv": [7.25, 4, 5.75, 3], "texture": "#2"}
			}
		},
		{
			"from": [6.5, 12, 7],
			"to": [9.5, 21, 9],
			"rotation": {"angle": 0, "axis": "y", "origin": [1, 1, 0]},
			"faces": {
				"north": {"uv": [5, 3, 5.75, 5.25], "texture": "#2"},
				"east": {"uv": [2, 4.5, 2.5, 6.75], "texture": "#2"},
				"south": {"uv": [5, 5.25, 5.75, 7.5], "texture": "#2"},
				"west": {"uv": [1.5, 5.5, 2, 7.75], "texture": "#2"}
			}
		},
		{
			"from": [6.8, 2, 6.9],
			"to": [9.2, 21, 6.9],
			"rotation": {"angle": 0, "axis": "y", "origin": [1, 1, 0]},
			"faces": {
				"north": {"uv": [8, 0, 9.75, 4.75], "texture": "#2"}
			}
		}
	],
	"gui_light": "front",
	"display": {
		"thirdperson_righthand": {
			"rotation": [80, 17, -63],
			"translation": [-7.75, -1.75, -1],
			"scale": [0.8, 0.8, 0.8]
		},
		"thirdperson_lefthand": {
			"rotation": [80, 17, -63],
			"translation": [-7.75, -1.75, -1],
			"scale": [0.8, 0.8, 0.8]
		},
		"firstperson_righthand": {
			"rotation": [20, 0, -60],
			"translation": [-11.5, -4, -0.75],
			"scale": [0.7, 0.7, 0.7]
		},
		"firstperson_lefthand": {
			"rotation": [20, 0, -60],
			"translation": [-11.5, -4, -0.75],
			"scale": [0.7, 0.7, 0.7]
		},
		"ground": {
			"rotation": [35, 0, 0],
			"translation": [0, 3, -0.25],
			"scale": [0.45, 0.45, 0.45]
		},
		"gui": {
			"rotation": [-15, 167, 44],
			"translation": [-1.25, -1.5, 0],
			"scale": [0.47, 0.47, 0.47]
		},
		"head": {
			"translation": [0, 5, -4],
			"scale": [1.5, 1.5, 1.5]
		},
		"fixed": {
			"rotation": [-79, 0, 0],
			"translation": [0, 0, -17.75],
			"scale": [2, 2, 2]
		}
	}
}