{
	"credit": "Made with Blockbench",
	"textures": {
		"0": "item/hbd_cake_01_a",
		"1": "item/hbd_cake_01_b",
		"particle": "item/hbd_cake_01_a"
	},
	"elements": [
		{
			"from": [1, 1, 1],
			"to": [15, 5, 15],
			"rotation": {"angle": 0, "axis": "y", "origin": [5, 0, 5]},
			"faces": {
				"north": {"uv": [7, 0, 14, 2], "texture": "#0"},
				"east": {"uv": [7, 0, 14, 2], "texture": "#0"},
				"south": {"uv": [7, 0, 14, 2], "texture": "#0"},
				"west": {"uv": [7, 0, 14, 2], "texture": "#0"}
			}
		},
		{
			"from": [0, 0, 0],
			"to": [16, 1, 16],
			"rotation": {"angle": 0, "axis": "y", "origin": [5, 0, 5]},
			"faces": {
				"north": {"uv": [16, 15.5, 8, 16], "texture": "#0"},
				"east": {"uv": [16, 16, 8, 15.5], "texture": "#0"},
				"south": {"uv": [8, 8, 16, 8.5], "texture": "#0"},
				"west": {"uv": [15.5, 16, 16, 8], "rotation": 270, "texture": "#0"},
				"up": {"uv": [8, 16, 16, 8], "texture": "#0"},
				"down": {"uv": [8, 8, 16, 16], "texture": "#0"}
			}
		},
		{
			"from": [3, 6.8, 3],
			"to": [13, 10.8, 13],
			"rotation": {"angle": 0, "axis": "y", "origin": [5, -0.2, 5]},
			"faces": {
				"north": {"uv": [7, 2, 12, 4], "texture": "#0"},
				"east": {"uv": [7, 2, 12, 4], "texture": "#0"},
				"south": {"uv": [7, 2, 12, 4], "texture": "#0"},
				"west": {"uv": [7, 2, 12, 4], "texture": "#0"}
			}
		},
		{
			"from": [0.8, 3.8, 0.8],
			"to": [15.2, 6.8, 15.2],
			"rotation": {"angle": 0, "axis": "y", "origin": [5, 0, 5]},
			"faces": {
				"north": {"uv": [0, 13.5, 7, 15], "texture": "#0"},
				"east": {"uv": [0, 13.5, 7, 15], "texture": "#0"},
				"south": {"uv": [0, 13.5, 7, 15], "texture": "#0"},
				"west": {"uv": [0, 13.5, 7, 15], "texture": "#0"},
				"up": {"uv": [7, 7, 0, 0], "texture": "#0"}
			}
		},
		{
			"from": [2.8, 8.6, 2.8],
			"to": [13.2, 11.6, 13.2],
			"rotation": {"angle": 0, "axis": "y", "origin": [5, -0.2, 5]},
			"faces": {
				"north": {"uv": [0, 12, 5, 13.5], "texture": "#0"},
				"east": {"uv": [0, 12, 5, 13.5], "texture": "#0"},
				"south": {"uv": [0, 12, 5, 13.5], "texture": "#0"},
				"west": {"uv": [0, 12, 5, 13.5], "texture": "#0"},
				"up": {"uv": [5, 12, 0, 7], "texture": "#0"}
			}
		},
		{
			"from": [7, 11.6, 7],
			"to": [9, 17.6, 9],
			"rotation": {"angle": 0, "axis": "y", "origin": [5, -0.4, 5]},
			"faces": {
				"north": {"uv": [7, 4, 8, 7], "texture": "#0"},
				"east": {"uv": [8, 4, 7, 7], "texture": "#0"},
				"south": {"uv": [7, 4, 8, 7], "texture": "#0"},
				"west": {"uv": [8, 4, 7, 7], "texture": "#0"},
				"up": {"uv": [9, 5, 8, 4], "texture": "#0"}
			}
		},
		{
			"from": [6, 17.6, 8],
			"to": [10, 21.6, 8],
			"rotation": {"angle": -22.5, "axis": "y", "origin": [8, 19.6, 8]},
			"faces": {
				"north": {"uv": [0, 0, 16, 16], "texture": "#1"},
				"south": {"uv": [16, 0, 0, 16], "texture": "#1"}
			}
		},
		{
			"from": [6, 17.6, 8],
			"to": [10, 21.6, 8],
			"rotation": {"angle": 22.5, "axis": "y", "origin": [8, 19.6, 8]},
			"faces": {
				"north": {"uv": [0, 0, 16, 16], "texture": "#1"},
				"south": {"uv": [16, 0, 0, 16], "texture": "#1"}
			}
		}
	],
	"gui_light": "front",
	"display": {
		"thirdperson_righthand": {
			"rotation": [70, 0, 0],
			"translation": [-5.5, 3.5, 3],
			"scale": [0.6, 0.6, 0.6]
		},
		"thirdperson_lefthand": {
			"rotation": [70, 0, 0],
			"translation": [-5.5, 3.5, 3],
			"scale": [0.6, 0.6, 0.6]
		},
		"firstperson_righthand": {
			"translation": [-8.75, 1.25, 0],
			"scale": [0.36, 0.36, 0.36]
		},
		"firstperson_lefthand": {
			"translation": [-8.75, 1.25, 0],
			"scale": [0.36, 0.36, 0.36]
		},
		"ground": {
			"translation": [0, 4.25, 0],
			"scale": [0.5, 0.5, 0.5]
		},
		"gui": {
			"rotation": [33, 135, 0],
			"scale": [0.6, 0.6, 0.6]
		},
		"head": {
			"translation": [0, 14.5, 0]
		},
		"fixed": {
			"rotation": [-90, 0, 0],
			"translation": [0, 0, -15.95],
			"scale": [2, 2, 2]
		}
	}
}