{
	"credit": "Copyright © 2021-2099 Ikaho-Onsen Minecraft Server. All rights reserved.",
	"texture_size": [48, 48],
	"textures": {
		"5": "item/weapon/kanata_w_g1_case",
		"particle": "minecraft:item/weapon/kanata_w_g1_case"
	},
	"elements": [
		{
			"from": [11.3, 28, 7],
			"to": [13.3, 30, 9],
			"rotation": {"angle": -22.5, "axis": "z", "origin": [9.99567, 28.5682, 8.35922]},
			"faces": {
				"north": {"uv": [6, 1.33333, 6.66667, 2], "texture": "#5"},
				"east": {"uv": [2, 7.66667, 2.66667, 8.33333], "texture": "#5"},
				"south": {"uv": [2.66667, 7.66667, 3.33333, 8.33333], "texture": "#5"},
				"west": {"uv": [5.66667, 7.66667, 6.33333, 8.33333], "texture": "#5"},
				"up": {"uv": [8, 8.33333, 7.33333, 7.66667], "texture": "#5"},
				"down": {"uv": [8.66667, 7.66667, 8, 8.33333], "texture": "#5"}
			}
		},
		{
			"from": [9.8, 28.75, 8],
			"to": [10.8, 29.25, 8],
			"rotation": {"angle": -22.5, "axis": "z", "origin": [9.99567, 28.5682, 8.35922]},
			"faces": {
				"north": {"uv": [3.33333, 4.33333, 3.66667, 4.66667], "texture": "#5"},
				"east": {"uv": [0, 0, 0, 0.33333], "texture": "#5"},
				"south": {"uv": [3.33333, 4.66667, 3.66667, 5], "texture": "#5"},
				"west": {"uv": [0, 0, 0, 0.33333], "texture": "#5"},
				"up": {"uv": [0.33333, 0, 0, 0], "texture": "#5"},
				"down": {"uv": [0.33333, 0, 0, 0], "texture": "#5"}
			}
		},
		{
			"from": [13.3, 28.75, 8],
			"to": [14.3, 29.25, 8],
			"rotation": {"angle": -22.5, "axis": "z", "origin": [9.99567, 28.5682, 8.35922]},
			"faces": {
				"north": {"uv": [3.33333, 5, 3.66667, 5.33333], "texture": "#5"},
				"east": {"uv": [0, 0, 0, 0.33333], "texture": "#5"},
				"south": {"uv": [3.33333, 5.33333, 3.66667, 5.66667], "texture": "#5"},
				"west": {"uv": [0, 0, 0, 0.33333], "texture": "#5"},
				"up": {"uv": [0.33333, 0, 0, 0], "texture": "#5"},
				"down": {"uv": [0.33333, 0, 0, 0], "texture": "#5"}
			}
		},
		{
			"from": [10.8, 28.5, 7.5],
			"to": [13.8, 29.5, 8.5],
			"rotation": {"angle": -22.5, "axis": "z", "origin": [9.99567, 28.5682, 8.35922]},
			"faces": {
				"north": {"uv": [2.66667, 8.33333, 3.66667, 8.66667], "texture": "#5"},
				"east": {"uv": [3.33333, 5.66667, 3.66667, 6], "texture": "#5"},
				"south": {"uv": [8.33333, 4.33333, 9.33333, 4.66667], "texture": "#5"},
				"west": {"uv": [3.33333, 6, 3.66667, 6.33333], "texture": "#5"},
				"up": {"uv": [9.33333, 5, 8.33333, 4.66667], "texture": "#5"},
				"down": {"uv": [9.33333, 5, 8.33333, 5.33333], "texture": "#5"}
			}
		},
		{
			"from": [13.5143, 24.09056, 7.74949],
			"to": [18.5143, 28.09056, 7.74949],
			"rotation": {"angle": 22.5, "axis": "x", "origin": [13.40117, 27.17296, 7.74949]},
			"faces": {
				"north": {"uv": [6, 0, 7.66667, 1.33333], "texture": "#5"},
				"east": {"uv": [0, 0, 0, 1.33333], "texture": "#5"},
				"south": {"uv": [2, 6.33333, 3.66667, 7.66667], "texture": "#5"},
				"west": {"uv": [0, 0, 0, 1.33333], "texture": "#5"},
				"up": {"uv": [1.66667, 0, 0, 0], "texture": "#5"},
				"down": {"uv": [1.66667, 0, 0, 0], "texture": "#5"}
			}
		},
		{
			"from": [14.22237, 23.7434, 8.1],
			"to": [19.22237, 27.7434, 8.1],
			"rotation": {"angle": -22.5, "axis": "y", "origin": [14.72237, 26.7434, 8.1]},
			"faces": {
				"north": {"uv": [6.66667, 1.33333, 8.33333, 2.66667], "texture": "#5"},
				"east": {"uv": [0, 0, 0, 1.33333], "texture": "#5"},
				"south": {"uv": [6.66667, 2.66667, 8.33333, 4], "texture": "#5"},
				"west": {"uv": [0, 0, 0, 1.33333], "texture": "#5"},
				"up": {"uv": [1.66667, 0, 0, 0], "texture": "#5"},
				"down": {"uv": [1.66667, 0, 0, 0], "texture": "#5"}
			}
		},
		{
			"from": [13.31533, 22.2592, 7.9],
			"to": [18.31533, 26.2592, 7.9],
			"rotation": {"angle": 22.5, "axis": "z", "origin": [9.99567, 28.5682, 8.35922]},
			"faces": {
				"north": {"uv": [6.66667, 4, 8.33333, 5.33333], "texture": "#5"},
				"east": {"uv": [0, 0, 0, 1.33333], "texture": "#5"},
				"south": {"uv": [6.66667, 5.33333, 8.33333, 6.66667], "texture": "#5"},
				"west": {"uv": [0, 0, 0, 1.33333], "texture": "#5"},
				"up": {"uv": [1.66667, 0, 0, 0], "texture": "#5"},
				"down": {"uv": [1.66667, 0, 0, 0], "texture": "#5"}
			}
		},
		{
			"from": [7.68572, 12.85, 6.33178],
			"to": [8.68572, 13.85, 7.33178],
			"rotation": {"angle": -45, "axis": "z", "origin": [8.18572, 13.35, 6.83178]},
			"faces": {
				"north": {"uv": [3.33333, 7.66667, 3.66667, 8], "texture": "#5"},
				"east": {"uv": [6.33333, 7.66667, 6.66667, 8], "texture": "#5"},
				"south": {"uv": [3.33333, 8, 3.66667, 8.33333], "texture": "#5"},
				"west": {"uv": [6.33333, 8, 6.66667, 8.33333], "texture": "#5"},
				"up": {"uv": [3, 9, 2.66667, 8.66667], "texture": "#5"},
				"down": {"uv": [3.33333, 8.66667, 3, 9], "texture": "#5"}
			}
		},
		{
			"from": [6.17257, 14.1921, 6.73178],
			"to": [8.17257, 14.7921, 6.73178],
			"rotation": {"angle": -22.5, "axis": "z", "origin": [5.97257, 14.4921, 6.33178]},
			"faces": {
				"north": {"uv": [7.66667, 1, 8.33333, 1.33333], "texture": "#5"},
				"east": {"uv": [0, 0, 0, 0.33333], "texture": "#5"},
				"south": {"uv": [8.33333, 6.33333, 9, 6.66667], "texture": "#5"},
				"west": {"uv": [0, 0, 0, 0.33333], "texture": "#5"},
				"up": {"uv": [0.66667, 0, 0, 0], "texture": "#5"},
				"down": {"uv": [0.66667, 0, 0, 0], "texture": "#5"}
			}
		},
		{
			"from": [5.17257, 12.8921, 6.93178],
			"to": [7.17257, 13.4921, 6.93178],
			"rotation": {"angle": 22.5, "axis": "z", "origin": [5.97257, 14.4921, 6.33178]},
			"faces": {
				"north": {"uv": [8.33333, 6.66667, 9, 7], "texture": "#5"},
				"east": {"uv": [0, 0, 0, 0.33333], "texture": "#5"},
				"south": {"uv": [8.33333, 7, 9, 7.33333], "texture": "#5"},
				"west": {"uv": [0, 0, 0, 0.33333], "texture": "#5"},
				"up": {"uv": [0.66667, 0, 0, 0], "texture": "#5"},
				"down": {"uv": [0.66667, 0, 0, 0], "texture": "#5"}
			}
		},
		{
			"from": [7.13572, 11.5, 6.73178],
			"to": [9.23572, 13.6, 6.73178],
			"rotation": {"angle": -45, "axis": "z", "origin": [8.18572, 12.55, 6.73178]},
			"faces": {
				"north": {"uv": [8.33333, 1, 9, 1.66667], "texture": "#5"},
				"east": {"uv": [0, 0, 0, 0.66667], "texture": "#5"},
				"south": {"uv": [8.33333, 1.66667, 9, 2.33333], "texture": "#5"},
				"west": {"uv": [0, 0, 0, 0.66667], "texture": "#5"},
				"up": {"uv": [0.66667, 0, 0, 0], "texture": "#5"},
				"down": {"uv": [0.66667, 0, 0, 0], "texture": "#5"}
			}
		},
		{
			"from": [7.13572, 13.1, 6.53178],
			"to": [9.23572, 15.2, 6.53178],
			"rotation": {"angle": -45, "axis": "z", "origin": [8.18572, 14.15, 6.53178]},
			"faces": {
				"north": {"uv": [2, 8.33333, 2.66667, 9], "texture": "#5"},
				"east": {"uv": [0, 0, 0, 0.66667], "texture": "#5"},
				"south": {"uv": [8.33333, 2.33333, 9, 3], "texture": "#5"},
				"west": {"uv": [0, 0, 0, 0.66667], "texture": "#5"},
				"up": {"uv": [0.66667, 0, 0, 0], "texture": "#5"},
				"down": {"uv": [0.66667, 0, 0, 0], "texture": "#5"}
			}
		},
		{
			"from": [6.68572, 9.65, 7.03178],
			"to": [10.18572, 16.65, 8.93178],
			"rotation": {"angle": 0, "axis": "y", "origin": [7.7, 10, 8.55]},
			"faces": {
				"north": {"uv": [4.66667, 4.66667, 5.66667, 7], "texture": "#5"},
				"east": {"uv": [6.66667, 6.66667, 7.33333, 9], "texture": "#5"},
				"south": {"uv": [5.66667, 4.66667, 6.66667, 7], "texture": "#5"},
				"west": {"uv": [4.66667, 7, 5.33333, 9.33333], "texture": "#5"},
				"up": {"uv": [6.66667, 7.66667, 5.66667, 7], "texture": "#5"},
				"down": {"uv": [8.33333, 6.66667, 7.33333, 7.33333], "texture": "#5"}
			}
		},
		{
			"from": [6.98572, -15.35, 7.48178],
			"to": [9.98572, 16.65, 8.47178],
			"rotation": {"angle": 0, "axis": "y", "origin": [8, 8, 8]},
			"faces": {
				"north": {"uv": [0, 0, 1, 10.66667], "texture": "#5"},
				"east": {"uv": [4, 0, 4.33333, 10.66667], "texture": "#5"},
				"south": {"uv": [1, 0, 2, 10.66667], "texture": "#5"},
				"west": {"uv": [4.33333, 0, 4.66667, 10.66667], "texture": "#5"},
				"up": {"uv": [9.33333, 5.66667, 8.33333, 5.33333], "texture": "#5"},
				"down": {"uv": [6.66667, 8.33333, 5.66667, 8.66667], "texture": "#5"}
			}
		},
		{
			"from": [6.51428, 16.65, 5.02322],
			"to": [10.51428, 17.65, 11.02322],
			"rotation": {"angle": -45, "axis": "y", "origin": [8.51428, 17.15, 8.02322]},
			"faces": {
				"north": {"uv": [8.33333, 3, 9.66667, 3.33333], "texture": "#5"},
				"east": {"uv": [7.33333, 7.33333, 9.33333, 7.66667], "texture": "#5"},
				"south": {"uv": [8.33333, 3.33333, 9.66667, 3.66667], "texture": "#5"},
				"west": {"uv": [7.66667, 0, 9.66667, 0.33333], "texture": "#5"},
				"up": {"uv": [3.33333, 6.33333, 2, 4.33333], "texture": "#5"},
				"down": {"uv": [6, 0, 4.66667, 2], "texture": "#5"}
			}
		},
		{
			"from": [6, 30.5, 8],
			"to": [8, 31.5, 8],
			"rotation": {"angle": 0, "axis": "y", "origin": [7, 31, 8]},
			"faces": {
				"north": {"uv": [7.33333, 8.33333, 8, 8.66667], "texture": "#5"},
				"east": {"uv": [0, 0, 0, 0.33333], "texture": "#5"},
				"south": {"uv": [8, 8.33333, 8.66667, 8.66667], "texture": "#5"},
				"west": {"uv": [0, 0, 0, 0.33333], "texture": "#5"},
				"up": {"uv": [0.66667, 0, 0, 0], "texture": "#5"},
				"down": {"uv": [0.66667, 0, 0, 0], "texture": "#5"}
			}
		},
		{
			"from": [5.51428, 16.75, 6.02322],
			"to": [11.51428, 17.55, 10.02322],
			"rotation": {"angle": -45, "axis": "y", "origin": [8.51428, 17.15, 8.02322]},
			"faces": {
				"north": {"uv": [7.66667, 0.33333, 9.66667, 0.66667], "texture": "#5"},
				"east": {"uv": [8.33333, 3.66667, 9.66667, 4], "texture": "#5"},
				"south": {"uv": [7.66667, 0.66667, 9.66667, 1], "texture": "#5"},
				"west": {"uv": [8.33333, 4, 9.66667, 4.33333], "texture": "#5"},
				"up": {"uv": [6.66667, 3.33333, 4.66667, 2], "texture": "#5"},
				"down": {"uv": [6.66667, 3.33333, 4.66667, 4.66667], "texture": "#5"}
			}
		},
		{
			"from": [6.98572, 17.65, 7.47678],
			"to": [9.98572, 30.65, 8.47678],
			"rotation": {"angle": 0, "axis": "y", "origin": [8, 7, 8]},
			"faces": {
				"north": {"uv": [2, 0, 3, 4.33333], "texture": "#5"},
				"east": {"uv": [3.66667, 4.33333, 4, 8.66667], "texture": "#5"},
				"south": {"uv": [3, 0, 4, 4.33333], "texture": "#5"},
				"west": {"uv": [5.33333, 7, 5.66667, 11.33333], "texture": "#5"},
				"up": {"uv": [9.33333, 6, 8.33333, 5.66667], "texture": "#5"},
				"down": {"uv": [9.33333, 6, 8.33333, 6.33333], "texture": "#5"}
			}
		}
	],
	"gui_light": "front",
	"display": {
		"thirdperson_righthand": {
			"rotation": [0, 90, 0],
			"translation": [0, -3, 1.75],
			"scale": [0.7, 0.7, 0.7]
		},
		"thirdperson_lefthand": {
			"rotation": [0, -90, 0],
			"translation": [0, -2.75, 1.75],
			"scale": [0.7, 0.7, 0.7]
		},
		"firstperson_righthand": {
			"rotation": [11.11, 62.33, -49.29],
			"translation": [4.25, -5, 0],
			"scale": [0.7, 0.7, 0.7]
		},
		"firstperson_lefthand": {
			"rotation": [-125, -58, -88],
			"translation": [4.25, -5, 0],
			"scale": [0.7, 0.7, 0.7]
		},
		"ground": {
			"rotation": [89.3, -48.25, -0.34],
			"translation": [0, 1.5, 0]
		},
		"gui": {
			"rotation": [-30, 180, 40],
			"translation": [-1.25, -0.75, 0],
			"scale": [-0.5, 0.5, 0.5]
		},
		"head": {
			"rotation": [0, 0, -35],
			"translation": [1, -15.75, 5.75]
		},
		"fixed": {
			"translation": [0, 0, -2.75],
			"scale": [2, 2, 2]
		}
	},
	"groups": [
		{
			"name": "Grand katana",
			"origin": [8, 8, 8],
			"color": 0,
			"children": [
				{
					"name": "Accessory",
					"origin": [12.01428, -14.65, 7.52322],
					"color": 0,
					"children": [0, 1, 2, 3, 4, 5, 6]
				},
				{
					"name": "mizuhiki",
					"origin": [8.7, 12, 7.55],
					"color": 0,
					"children": [7, 8, 9, 10, 11, 12]
				},
				{
					"name": "katana",
					"origin": [7.98572, 7.35, 8.47678],
					"color": 1,
					"children": [
						{
							"name": "blade",
							"origin": [-0.01428, -0.65, 0.47678],
							"color": 1,
							"children": [13]
						},
						{
							"name": "hold",
							"origin": [-0.01428, -0.65, 0.47678],
							"color": 1,
							"children": [14, 15, 16, 17]
						}
					]
				}
			]
		}
	]
}