{
	"credit": "Copyright © 2021-2099 Ikaho-Onsen Minecraft Server. All rights reserved.",
	"texture_size": [32, 32],
	"textures": {
		"0": "minecraft:item/jitte",
		"particle": "minecraft:item/jitte"
	},
	"elements": [
		{
			"name": "cube inverted",
			"from": [9.4, 31.4, 9.4],
			"to": [6.6, 8.6, 6.6],
			"rotation": {"angle": 0, "axis": "y", "origin": [6.5, 13.5, 6.5]},
			"faces": {
				"north": {"uv": [14.5, 1.5, 16, 13], "texture": "#0"},
				"east": {"uv": [14.5, 1.5, 16, 13], "texture": "#0"},
				"south": {"uv": [14.5, 1.5, 16, 13], "texture": "#0"},
				"west": {"uv": [14.5, 1.5, 16, 13], "texture": "#0"},
				"down": {"uv": [14.5, 0, 16, 1.5], "texture": "#0"}
			}
		},
		{
			"from": [6, 7.5, 6],
			"to": [10, 8.5, 10],
			"rotation": {"angle": 0, "axis": "y", "origin": [7, 7.5, 7]},
			"faces": {
				"north": {"uv": [4, 0, 6, 0.5], "texture": "#0"},
				"east": {"uv": [4, 0, 6, 0.5], "texture": "#0"},
				"south": {"uv": [4, 0, 6, 0.5], "texture": "#0"},
				"west": {"uv": [4, 0, 6, 0.5], "texture": "#0"},
				"up": {"uv": [6, 2.5, 4, 0.5], "texture": "#0"},
				"down": {"uv": [6, 0.5, 4, 2.5], "texture": "#0"}
			}
		},
		{
			"from": [6.3, 8.5, 6.3],
			"to": [9.7, 9.5, 9.7],
			"rotation": {"angle": 0, "axis": "y", "origin": [7, 7.5, 7]},
			"faces": {
				"north": {"uv": [4, 5, 6, 5.5], "texture": "#0"},
				"east": {"uv": [4, 5, 6, 5.5], "texture": "#0"},
				"south": {"uv": [4, 5, 6, 5.5], "texture": "#0"},
				"west": {"uv": [4, 5, 6, 5.5], "texture": "#0"}
			}
		},
		{
			"from": [7, 1.5, 7],
			"to": [9, 7.5, 9],
			"rotation": {"angle": 0, "axis": "y", "origin": [7, 6.5, 7]},
			"faces": {
				"north": {"uv": [6, 3, 7, 0], "texture": "#0"},
				"east": {"uv": [7, 3, 6, 6], "texture": "#0"},
				"south": {"uv": [7, 3, 8, 0], "texture": "#0"},
				"west": {"uv": [6, 3, 7, 6], "texture": "#0"},
				"down": {"uv": [8, 3, 7, 4], "texture": "#0"}
			}
		},
		{
			"from": [7, 8.5, 7],
			"to": [9, 30.5, 9],
			"rotation": {"angle": 0, "axis": "y", "origin": [7, 13.5, 7]},
			"faces": {
				"north": {"uv": [0, 0, 1, 11], "texture": "#0"},
				"east": {"uv": [0, 0, 1, 11], "texture": "#0"},
				"south": {"uv": [0, 0, 1, 11], "texture": "#0"},
				"west": {"uv": [0, 0, 1, 11], "texture": "#0"},
				"up": {"uv": [1, 12, 0, 11], "texture": "#0"}
			}
		},
		{
			"from": [7.5, 8.4, 4],
			"to": [8.5, 10.4, 7],
			"rotation": {"angle": 0, "axis": "x", "origin": [6.5, 8.4, 2]},
			"faces": {
				"east": {"uv": [5.5, 2.5, 4, 3.5], "texture": "#0"},
				"west": {"uv": [4, 2.5, 5.5, 3.5], "texture": "#0"},
				"up": {"uv": [5, 5, 4.5, 3.5], "texture": "#0"},
				"down": {"uv": [4.5, 3.5, 4, 5], "texture": "#0"}
			}
		},
		{
			"from": [7, 4.4, 2],
			"to": [9, 17.4, 4],
			"rotation": {"angle": 0, "axis": "x", "origin": [7, 10.4, 2]},
			"faces": {
				"north": {"uv": [1, 0, 2, 6.5], "texture": "#0"},
				"east": {"uv": [2, 0, 3, 6.5], "texture": "#0"},
				"south": {"uv": [3, 0, 4, 6.5], "texture": "#0"},
				"west": {"uv": [3, 0, 2, 6.5], "texture": "#0"},
				"up": {"uv": [2, 7.5, 1, 6.5], "texture": "#0"},
				"down": {"uv": [2, 7.5, 1, 8.5], "texture": "#0"}
			}
		},
		{
			"from": [6.75, 8.15, 1.75],
			"to": [9.25, 10.65, 4.25],
			"rotation": {"angle": 0, "axis": "x", "origin": [7, 10.4, 2]},
			"faces": {
				"north": {"uv": [3.5, 9.5, 5, 11], "texture": "#0"},
				"east": {"uv": [3.5, 6.5, 2, 8], "texture": "#0"},
				"south": {"uv": [3, 11, 4.5, 12.5], "texture": "#0"},
				"west": {"uv": [2, 6.5, 3.5, 8], "texture": "#0"},
				"up": {"uv": [3.5, 11, 2, 9.5], "texture": "#0"},
				"down": {"uv": [3.5, 8, 2, 9.5], "texture": "#0"}
			}
		},
		{
			"from": [6.5, 8.5, 6.5],
			"to": [9.5, 31.5, 9.5],
			"rotation": {"angle": 0, "axis": "y", "origin": [6.5, 13.5, 6.5]},
			"faces": {
				"north": {"uv": [14.5, 1.5, 16, 13], "texture": "#0"},
				"east": {"uv": [16, 1.5, 14.5, 13], "texture": "#0"},
				"south": {"uv": [14.5, 1.5, 16, 13], "texture": "#0"},
				"west": {"uv": [14.5, 1.5, 16, 13], "texture": "#0"},
				"up": {"uv": [14.5, 0, 16, 1.5], "texture": "#0"}
			}
		},
		{
			"from": [8, -1.5, 5],
			"to": [8, 2.5, 8],
			"rotation": {"angle": 0, "axis": "x", "origin": [8, 0.5, 8]},
			"faces": {
				"east": {"uv": [3, 11, 1, 12.5], "rotation": 270, "texture": "#0"},
				"west": {"uv": [1, 11, 3, 12.5], "rotation": 90, "texture": "#0"}
			}
		},
		{
			"from": [7.9, -2.8, 4.8],
			"to": [8.1, 0.2, 5.8],
			"rotation": {"angle": 45, "axis": "x", "origin": [7.95, -1.3, 5.4]},
			"faces": {
				"east": {"uv": [0, 12, 0.5, 13.5], "texture": "#0"},
				"west": {"uv": [0, 12, 0.5, 13.5], "texture": "#0"}
			}
		},
		{
			"from": [7.4, -4.8, 4.8],
			"to": [8.4, -1.8, 5.8],
			"rotation": {"angle": 45, "axis": "x", "origin": [7.95, -1.3, 5.4]},
			"faces": {
				"north": {"uv": [3.5, 6.5, 4, 8], "texture": "#0"},
				"east": {"uv": [3.5, 6.5, 4, 8], "texture": "#0"},
				"south": {"uv": [3.5, 6.5, 4, 8], "texture": "#0"},
				"west": {"uv": [3.5, 6.5, 4, 8], "texture": "#0"},
				"up": {"uv": [4, 8.5, 3.5, 8], "texture": "#0"},
				"down": {"uv": [4, 8.5, 3.5, 9], "texture": "#0"}
			}
		}
	],
	"gui_light": "front",
	"display": {
		"thirdperson_righthand": {
			"translation": [0, 1, 0]
		},
		"thirdperson_lefthand": {
			"translation": [0, 1, 0]
		},
		"firstperson_righthand": {
			"rotation": [8, 0, 0],
			"translation": [3.75, 0, 0],
			"scale": [0.44, 0.44, 0.44]
		},
		"firstperson_lefthand": {
			"rotation": [8, 0, 0],
			"translation": [3.75, 0, 0],
			"scale": [0.44, 0.44, 0.44]
		},
		"ground": {
			"rotation": [30, 0, 0],
			"translation": [0, 1, 0],
			"scale": [0.5, 0.5, 0.5]
		},
		"gui": {
			"rotation": [45, 45, -45],
			"translation": [-0.75, -3, 0],
			"scale": [0.5, 0.5, 0.5]
		},
		"head": {
			"rotation": [-49, 0, 0],
			"translation": [0, 6.75, -8.25]
		},
		"fixed": {
			"rotation": [90, 135, -90],
			"translation": [5.25, -4.25, -1.25]
		}
	},
	"groups": [
		{
			"name": "group",
			"origin": [8, 8, 8],
			"color": 0,
			"nbt": "{}",
			"armAnimationEnabled": false,
			"children": [0, 1, 2, 3, 4, 5, 6, 7, 8, 9, 10, 11]
		}
	]
}