{
	"credit": "Copyright © 2021-2099 Ikaho-Onsen Minecraft Server. All rights reserved.",
	"textures": {
		"0": "minecraft:item/bread/bread_02",
		"1": "minecraft:item/bread/bread_02_layer",
		"particle": "minecraft:item/bread/bread_02_layer"
	},
	"elements": [
		{
			"from": [5, 0, 2],
			"to": [11, 3, 14],
			"faces": {
				"north": {"uv": [10, 13, 16, 16], "texture": "#0"},
				"east": {"uv": [13, 0, 16, 12], "rotation": 90, "texture": "#0"},
				"south": {"uv": [10, 13, 16, 16], "texture": "#0"},
				"west": {"uv": [13, 0, 16, 12], "rotation": 90, "texture": "#0"},
				"up": {"uv": [6, 0, 12, 12], "texture": "#0"},
				"down": {"uv": [0, 0, 6, 12], "texture": "#0"}
			}
		},
		{
			"from": [6, 3, 2],
			"to": [10, 4, 14],
			"faces": {
				"north": {"uv": [11, 12, 15, 13], "texture": "#0"},
				"east": {"uv": [12, 0, 13, 12], "rotation": 90, "texture": "#0"},
				"south": {"uv": [11, 12, 15, 13], "texture": "#0"},
				"west": {"uv": [12, 0, 13, 12], "rotation": 90, "texture": "#0"},
				"up": {"uv": [7, 0, 11, 12], "texture": "#0"}
			}
		},
		{
			"from": [5.9, 3, 2],
			"to": [10.1, 4.1, 14],
			"faces": {
				"east": {"uv": [12, 0, 13, 12], "rotation": 90, "texture": "#1"},
				"west": {"uv": [12, 0, 13, 12], "rotation": 90, "texture": "#1"},
				"up": {"uv": [7, 0, 11, 12], "texture": "#1"}
			}
		}
	],
	"gui_light": "front",
	"display": {
		"thirdperson_righthand": {
			"rotation": [90, 0, -90],
			"translation": [5.75, 4.75, 0],
			"scale": [0.9, 0.9, 0.9]
		},
		"thirdperson_lefthand": {
			"rotation": [90, 0, -90],
			"translation": [5.75, 4.75, 0],
			"scale": [0.9, 0.9, 0.9]
		},
		"firstperson_righthand": {
			"rotation": [88, 0, 65],
			"translation": [2.5, 0, 0],
			"scale": [0.7, 0.7, 0.7]
		},
		"firstperson_lefthand": {
			"rotation": [88, 0, 65],
			"translation": [2.5, 0, 0],
			"scale": [0.7, 0.7, 0.7]
		},
		"ground": {
			"rotation": [35, 0, 0],
			"translation": [0, 3, 0],
			"scale": [0.5, 0.5, 0.5]
		},
		"gui": {
			"rotation": [33, 135, 0],
			"translation": [0, 5, 0],
			"scale": [1.05, 1.05, 1.05]
		},
		"head": {
			"rotation": [-21, 0, 0],
			"translation": [0, -2.75, -13.5]
		},
		"fixed": {
			"rotation": [-90, 0, 0],
			"translation": [0, 0, -15.75],
			"scale": [2, 2, 2]
		}
	},
	"groups": [
		{
			"name": "bread_02",
			"origin": [0, 0, 0],
			"color": 0,
			"nbt": "{}",
			"armAnimationEnabled": false,
			"children": [0, 1, 2]
		}
	]
}