{
	"credit": "Copyright © 2021-2099 Ikaho-Onsen Minecraft Server. All rights reserved.",
	"texture_size": [64, 64],
	"textures": {
		"0": "minecraft:item/corn_hat",
		"particle": "minecraft:item/corn_hat"
	},
	"elements": [
		{
			"from": [3, 1.8, 5],
			"to": [13, 17.8, 13],
			"rotation": {"angle": 0, "axis": "y", "origin": [0, -2.2, 0]},
			"faces": {
				"north": {"uv": [0, 0, 2.5, 4], "texture": "#0"},
				"east": {"uv": [2, 4, 0, 8], "texture": "#0"},
				"south": {"uv": [2.5, 0, 5, 4], "texture": "#0"},
				"west": {"uv": [0, 4, 2, 8], "texture": "#0"},
				"up": {"uv": [7.5, 2, 5, 0], "texture": "#0"},
				"down": {"uv": [7.5, 2, 5, 4], "texture": "#0"}
			}
		},
		{
			"from": [3, 17.8, 13],
			"to": [13, 22.8, 13],
			"rotation": {"angle": 0, "axis": "z", "origin": [0, -2.2, 0]},
			"faces": {
				"north": {"uv": [7, 4.5, 9.5, 5.75], "texture": "#0"},
				"south": {"uv": [9.5, 4.5, 7, 5.75], "texture": "#0"}
			}
		},
		{
			"from": [5, 21.5, 10],
			"to": [11, 27.5, 10],
			"rotation": {"angle": 45, "axis": "x", "origin": [8, 24, 8]},
			"faces": {
				"north": {"uv": [2, 4, 3.5, 5.5], "texture": "#0"},
				"south": {"uv": [3.5, 4, 2, 5.5], "texture": "#0"}
			}
		},
		{
			"from": [4, 17.8, 4],
			"to": [12, 20.8, 12],
			"rotation": {"angle": 0, "axis": "y", "origin": [0, -2.2, 0]},
			"faces": {
				"north": {"uv": [0, 8, 2, 8.75], "texture": "#0"},
				"east": {"uv": [4, 8.75, 2, 9.5], "texture": "#0"},
				"south": {"uv": [2, 8, 4, 8.75], "texture": "#0"},
				"west": {"uv": [2, 8.75, 4, 9.5], "texture": "#0"},
				"up": {"uv": [2, 10.75, 0, 8.75], "texture": "#0"}
			}
		},
		{
			"from": [3, 1.8, 3],
			"to": [13, 3.8, 5],
			"rotation": {"angle": 0, "axis": "y", "origin": [0, -2.2, 0]},
			"faces": {
				"north": {"uv": [4.5, 4, 7, 4.5], "texture": "#0"},
				"east": {"uv": [9.25, 3, 8.75, 3.5], "texture": "#0"},
				"west": {"uv": [8.75, 3, 9.25, 3.5], "texture": "#0"},
				"up": {"uv": [7, 5, 4.5, 4.5], "texture": "#0"},
				"down": {"uv": [7, 5, 4.5, 5.5], "texture": "#0"}
			}
		},
		{
			"from": [12, 3.8, 3],
			"to": [13, 17.8, 5],
			"rotation": {"angle": 0, "axis": "y", "origin": [16, -2.2, 0]},
			"faces": {
				"north": {"uv": [8.75, 0, 8.5, 3.5], "texture": "#0"},
				"east": {"uv": [8.5, 0, 8, 3.5], "texture": "#0"},
				"west": {"uv": [8, 0, 7.5, 3.5], "texture": "#0"},
				"up": {"uv": [8.75, 0.5, 9, 0], "texture": "#0"}
			}
		},
		{
			"from": [3, 3.8, 3],
			"to": [4, 17.8, 5],
			"rotation": {"angle": 0, "axis": "y", "origin": [0, -2.2, 0]},
			"faces": {
				"north": {"uv": [8.5, 0, 8.75, 3.5], "texture": "#0"},
				"east": {"uv": [7.5, 0, 8, 3.5], "texture": "#0"},
				"west": {"uv": [8, 0, 8.5, 3.5], "texture": "#0"},
				"up": {"uv": [9, 0.5, 8.75, 0], "texture": "#0"}
			}
		},
		{
			"from": [4, 10.8, 3],
			"to": [12, 17.8, 5],
			"rotation": {"angle": 0, "axis": "y", "origin": [0, -2.2, 0]},
			"faces": {
				"north": {"uv": [2, 6.25, 4, 8], "texture": "#0"},
				"up": {"uv": [6.5, 6, 4.5, 5.5], "texture": "#0"},
				"down": {"uv": [9, 4, 7, 4.5], "texture": "#0"}
			}
		}
	],
	"gui_light": "front",
	"display": {
		"thirdperson_righthand": {
			"rotation": [75, 45, 0],
			"translation": [0, 2.5, 0],
			"scale": [0.375, 0.375, 0.375]
		},
		"thirdperson_lefthand": {
			"rotation": [75, 45, 0],
			"translation": [0, 2.5, 0],
			"scale": [0.375, 0.375, 0.375]
		},
		"firstperson_righthand": {
			"rotation": [0, 45, 0],
			"translation": [2.5, 0, 0],
			"scale": [0.4, 0.4, 0.4]
		},
		"firstperson_lefthand": {
			"rotation": [0, 45, 0],
			"translation": [2.5, 0, 0],
			"scale": [0.4, 0.4, 0.4]
		},
		"ground": {
			"translation": [0, 2, 0],
			"scale": [0.5, 0.5, 0.5]
		},
		"gui": {
			"rotation": [33, 135, 0],
			"translation": [0, -2.25, 0],
			"scale": [0.55, 0.55, 0.55]
		},
		"head": {
			"scale": [1.5, 1.5, 1.5]
		},
		"fixed": {
			"rotation": [-90, 0, 0],
			"translation": [0, 0, -12.5],
			"scale": [2, 2, 2]
		}
	},
	"groups": [
		{
			"name": "group",
			"origin": [0, -2, 0],
			"color": 0,
			"nbt": "{}",
			"armAnimationEnabled": false,
			"children": [0, 1, 2, 3, 4, 5, 6, 7]
		}
	]
}