{
	"credit": "Copyright © 2021-2099 Ikaho-Onsen Minecraft Server. All rights reserved.",
	"texture_size": [64, 64],
	"textures": {
		"0": "minecraft:item/cit/vanilla_texture"
	},
	"elements": [
		{
			"from": [1.5, 14, 5],
			"to": [14.5, 16, 20],
			"shade": false,
			"faces": {
				"north": {"uv": [3.25, 7, 6.5, 7.5], "texture": "#0"},
				"east": {"uv": [6.5, 6.75, 10.25, 7.25], "texture": "#0"},
				"south": {"uv": [0, 9, 6.5, 10], "texture": "#0"},
				"west": {"uv": [6.5, 6.75, 10.25, 7.25], "texture": "#0"},
				"up": {"uv": [3.25, 7.25, 0, 3.5], "texture": "#0"}
			}
		},
		{
			"from": [2.5, 12, 19],
			"to": [13.5, 13, 20],
			"shade": false,
			"faces": {
				"east": {"uv": [0.5, 7.75, 0.75, 8], "texture": "#0"},
				"south": {"uv": [3.25, 7.5, 6, 7.75], "texture": "#0"},
				"west": {"uv": [0.75, 7.75, 1, 8], "texture": "#0"},
				"down": {"uv": [9.75, 7.5, 7, 7.75], "texture": "#0"}
			}
		},
		{
			"from": [1.5, 13, 19],
			"to": [14.5, 14, 20],
			"shade": false,
			"faces": {
				"east": {"uv": [1, 7.75, 1.25, 8], "texture": "#0"},
				"south": {"uv": [0, 10, 6.5, 10.5], "texture": "#0"},
				"west": {"uv": [1.25, 7.75, 1.5, 8], "texture": "#0"},
				"down": {"uv": [10.25, 7.25, 7, 7.5], "texture": "#0"}
			}
		},
		{
			"from": [1.5, 0, 5],
			"to": [14.5, 14, 19],
			"shade": false,
			"faces": {
				"north": {"uv": [3.5, 3.5, 6.5, 7], "texture": "#0"},
				"east": {"uv": [3.5, 0, 0, 3.5], "texture": "#0"},
				"south": {"uv": [3.5, 0, 6.75, 3.5], "texture": "#0"},
				"west": {"uv": [0, 0, 3.5, 3.5], "texture": "#0"},
				"down": {"uv": [11, 3.25, 7.75, 6.75], "texture": "#0"}
			}
		},
		{
			"from": [0.5, 1, 7],
			"to": [1.5, 7, 17],
			"shade": false,
			"rotation": {"angle": 0, "axis": "y", "origin": [0, -1, 0]},
			"faces": {
				"north": {"uv": [0.75, 1.75, 0.5, 3], "texture": "#0"},
				"south": {"uv": [2.75, 1.75, 3, 3], "texture": "#0"},
				"west": {"uv": [0.5, 1.75, 3, 3], "texture": "#0"},
				"up": {"uv": [0.5, 1.75, 3, 2], "rotation": 270, "texture": "#0"},
				"down": {"uv": [0.5, 3, 3, 2.75], "rotation": 90, "texture": "#0"}
			}
		},
		{
			"from": [14.6, 1, 7],
			"to": [15.6, 7, 17],
			"shade": false,
			"rotation": {"angle": 0, "axis": "y", "origin": [0.1, 0, 0]},
			"faces": {
				"north": {"uv": [2.75, 1.75, 3, 3], "texture": "#0"},
				"east": {"uv": [0.5, 1.75, 3, 3], "texture": "#0"},
				"south": {"uv": [0.75, 1.75, 0.5, 3], "texture": "#0"},
				"up": {"uv": [0.5, 1.75, 3, 2], "rotation": 90, "texture": "#0"},
				"down": {"uv": [0.5, 3, 3, 2.75], "rotation": 270, "texture": "#0"}
			}
		},
		{
			"from": [3.5, 1, 0],
			"to": [5.5, 14, 5],
			"shade": false,
			"faces": {
				"north": {"uv": [6.5, 7.25, 7, 10.5], "texture": "#0"},
				"east": {"uv": [6.5, 3.5, 7.75, 6.75], "texture": "#0"},
				"west": {"uv": [6.75, 0, 8, 3.25], "texture": "#0"},
				"up": {"uv": [6.5, 8.75, 6, 7.5], "texture": "#0"},
				"down": {"uv": [0.5, 7.75, 0, 9], "texture": "#0"}
			}
		},
		{
			"from": [10.5, 1, 0],
			"to": [12.5, 14, 5],
			"shade": false,
			"faces": {
				"north": {"uv": [7, 7.25, 6.5, 10.5], "texture": "#0"},
				"east": {"uv": [6.5, 3.5, 7.75, 6.75], "texture": "#0"},
				"west": {"uv": [6.75, 0, 8, 3.25], "texture": "#0"},
				"up": {"uv": [6.5, 8.75, 6, 7.5], "texture": "#0"},
				"down": {"uv": [0.5, 7.75, 0, 9], "texture": "#0"}
			}
		}
	],
	"display": {
		"thirdperson_righthand": {
			"rotation": [70, -180, 0],
			"translation": [-5.5, -1, -3.5]
		},
		"thirdperson_lefthand": {
			"rotation": [70, -180, 0],
			"translation": [-5.5, -1, -3.5]
		},
		"ground": {
			"rotation": [-18, 0, 0],
			"translation": [0, 4.5, -4]
		},
		"gui": {
			"rotation": [9, -41, 0],
			"translation": [1.5, 0, 0],
			"scale": [0.8, 0.8, 0.8]
		},
		"head": {
			"translation": [-0.5, -15, 7.75],
			"scale": [1.5, 1.5, 1.5]
		},
		"fixed": {
			"rotation": [-90, -180, 0],
			"translation": [0, 8.25, -16],
			"scale": [2, 2, 2]
		}
	},
	"groups": [
		{
			"name": "block",
			"origin": [8, 8, 8],
			"color": 0,
			"nbt": "{}",
			"armAnimationEnabled": false,
			"children": [0, 1, 2, 3, 4, 5, 6, 7]
		}
	]
}