{
	"credit": "Copyright © 2021-2099 Ikaho-Onsen Minecraft Server. All rights reserved.",
	"texture_size": [32, 32],
	"textures": {
		"0": "minecraft:item/halloween_hat_01",
		"particle": "minecraft:item/halloween_hat_01"
	},
	"elements": [
		{
			"from": [1, 7, 7],
			"to": [14, 10, 10],
			"rotation": {"angle": 0, "axis": "y", "origin": [3, 7, 0]},
			"faces": {
				"north": {"uv": [3.5, 0, 10, 1.5], "texture": "#0", "tintindex": 0},
				"south": {"uv": [11.5, 3, 5, 4.5], "texture": "#0", "tintindex": 0},
				"west": {"uv": [5, 1.5, 6.5, 3], "texture": "#0", "tintindex": 0},
				"up": {"uv": [10, 5, 3.5, 6.5], "texture": "#0", "tintindex": 0},
				"down": {"uv": [10, 8, 3.5, 6.5], "texture": "#0", "tintindex": 0}
			}
		},
		{
			"from": [14, 5, 5],
			"to": [17, 12, 12],
			"rotation": {"angle": 0, "axis": "y", "origin": [5, 7, 0]},
			"faces": {
				"north": {"uv": [3.5, 1.5, 5, 5], "texture": "#0", "tintindex": 0},
				"east": {"uv": [0, 0, 3.5, 3.5], "texture": "#0", "tintindex": 0},
				"south": {"uv": [5, 1.5, 3.5, 5], "texture": "#0", "tintindex": 0},
				"west": {"uv": [0, 3.5, 3.5, 7], "texture": "#0", "tintindex": 0},
				"up": {"uv": [5, 1.5, 3.5, 5], "texture": "#0", "tintindex": 0},
				"down": {"uv": [5, 1.5, 3.5, 5], "texture": "#0", "tintindex": 0}
			}
		}
	],
	"gui_light": "front",
	"display": {
		"thirdperson_righthand": {
			"rotation": [75, 45, 0],
			"translation": [0, 2.5, 0],
			"scale": [0.375, 0.375, 0.375]
		},
		"thirdperson_lefthand": {
			"rotation": [75, -45, 0],
			"translation": [0, 2.5, 0],
			"scale": [0.375, 0.375, 0.375]
		},
		"firstperson_righthand": {
			"rotation": [0, 45, 0],
			"translation": [2.5, 0, 0],
			"scale": [0.4, 0.4, 0.4]
		},
		"firstperson_lefthand": {
			"rotation": [0, -90, 0],
			"translation": [2.5, 0, 0],
			"scale": [0.4, 0.4, 0.4]
		},
		"ground": {
			"translation": [0, 2, 0],
			"scale": [0.5, 0.5, 0.5]
		},
		"gui": {
			"rotation": [33, 135, 0],
			"translation": [1, -2, 0],
			"scale": [0.92, 0.92, 0.92]
		},
		"head": {
			"rotation": [0, 0, 13],
			"translation": [-0.25, 0, 0],
			"scale": [1.5, 1.5, 1.5]
		},
		"fixed": {
			"rotation": [0, 76, 0],
			"translation": [0, 0, -8.5],
			"scale": [2, 2, 2]
		}
	}
}