{
	"credit": "Copyright © 2021-2099 Ikaho-Onsen Minecraft Server. All rights reserved.",
	"texture_size": [32, 32],
	"textures": {
		"0": "minecraft:item/horn_01",
		"particle": "minecraft:item/horn_01"
	},
	"elements": [
		{
			"from": [4.98268, 14.88402, -9.14172],
			"to": [7.98268, 23.88402, -6.14172],
			"rotation": {"angle": 0, "axis": "x", "origin": [14.81791, 16.14709, 0.1935]},
			"faces": {
				"north": {"uv": [2.5, 5, 4, 9.5], "texture": "#0", "tintindex": 0},
				"east": {"uv": [4, 5, 5.5, 9.5], "texture": "#0", "tintindex": 0},
				"south": {"uv": [5.5, 5, 7, 9.5], "texture": "#0", "tintindex": 0},
				"west": {"uv": [7, 5, 8.5, 9.5], "texture": "#0", "tintindex": 0},
				"up": {"uv": [10, 6.5, 8.5, 5], "texture": "#0", "tintindex": 0}
			}
		},
		{
			"from": [4, 10.1536, -8.67314],
			"to": [9, 15.1536, 1.32686],
			"rotation": {"angle": 45, "axis": "x", "origin": [6.5, 12.65355, -3.67314]},
			"faces": {
				"north": {"uv": [7.5, 0, 10, 2.5], "texture": "#0", "tintindex": 0},
				"east": {"uv": [0, 0, 5, 2.5], "texture": "#0", "tintindex": 0},
				"south": {"uv": [7.5, 2.5, 10, 5], "texture": "#0", "tintindex": 0},
				"west": {"uv": [0, 2.5, 5, 5], "texture": "#0", "tintindex": 0},
				"up": {"uv": [2.5, 10, 0, 5], "texture": "#0", "tintindex": 0},
				"down": {"uv": [7.5, 0, 5, 5], "texture": "#0", "tintindex": 0}
			}
		},
		{
			"from": [21.425, 15, 8],
			"to": [24.425, 24, 11],
			"rotation": {"angle": 0, "axis": "y", "origin": [22.925, 19.5, 9.5]},
			"faces": {
				"north": {"uv": [7, 5, 8.5, 9.5], "texture": "#0", "tintindex": 0},
				"east": {"uv": [2.5, 5, 4, 9.5], "texture": "#0", "tintindex": 0},
				"south": {"uv": [4, 5, 5.5, 9.5], "texture": "#0", "tintindex": 0},
				"west": {"uv": [5.5, 5, 7, 9.5], "texture": "#0", "tintindex": 0},
				"up": {"uv": [10, 6.5, 8.5, 5], "rotation": 90, "texture": "#0", "tintindex": 0}
			}
		},
		{
			"from": [14, 10, 7],
			"to": [24, 15, 12],
			"rotation": {"angle": 45, "axis": "z", "origin": [18.85921, 12.47721, 9.5]},
			"faces": {
				"north": {"uv": [0, 2.5, 5, 5], "texture": "#0", "tintindex": 0},
				"east": {"uv": [7.5, 0, 10, 2.5], "texture": "#0", "tintindex": 0},
				"south": {"uv": [0, 0, 5, 2.5], "texture": "#0", "tintindex": 0},
				"west": {"uv": [7.5, 2.5, 10, 5], "texture": "#0", "tintindex": 0},
				"up": {"uv": [2.5, 10, 0, 5], "rotation": 90, "texture": "#0", "tintindex": 0},
				"down": {"uv": [7.5, 0, 5, 5], "rotation": 270, "texture": "#0", "tintindex": 0}
			}
		}
	],
	"gui_light": "front",
	"display": {
		"thirdperson_righthand": {
			"rotation": [75, 45, 0],
			"translation": [0, -1.75, 0],
			"scale": [0.35, 0.35, 0.35]
		},
		"thirdperson_lefthand": {
			"rotation": [75, -45, 0],
			"translation": [0, -1.75, 0],
			"scale": [0.35, 0.35, 0.35]
		},
		"firstperson_righthand": {
			"rotation": [0, 45, 0],
			"translation": [2.5, 0, 2.5],
			"scale": [0.3, 0.3, 0.3]
		},
		"firstperson_lefthand": {
			"rotation": [0, -45, 0],
			"translation": [2.5, 0, 2.5],
			"scale": [0.3, 0.3, 0.3]
		},
		"ground": {
			"scale": [0.35, 0.35, 0.35]
		},
		"gui": {
			"rotation": [0, -161, 0],
			"translation": [1.75, -4, 0],
			"scale": [0.5, 0.5, 0.5]
		},
		"head": {
			"rotation": [0, 45, 0]
		},
		"fixed": {
			"rotation": [-90, 47, 0],
			"translation": [0, 9.75, -1.75],
			"scale": [2, 2, 2]
		}
	},
	"groups": [
		{
			"name": "R",
			"origin": [0, 0, 0],
			"color": 0,
			"nbt": "{}",
			"armAnimationEnabled": false,
			"children": [0, 1]
		},
		{
			"name": "L",
			"origin": [0, 0, 0],
			"color": 0,
			"nbt": "{}",
			"armAnimationEnabled": false,
			"children": [2, 3]
		}
	]
}