{
  "parent": "minecraft:item/handheld",
  "textures": {
    "layer0": "minecraft:item/wooden_hoe"
  },
	"overrides": [{
		"predicate": {
			"custom_model_data": 19
		},
		"model": "minecraft:item/ciwtrltcivpdrbnjkklpxjlxqmrzwnqx"
	},{
		"predicate": {
			"custom_model_data": 21
		},
		"model": "minecraft:item/hzvlqsyrdznerbvfmlhliuntybpsdpuv"
	},{
		"predicate": {
			"custom_model_data": 22
		},
		"model": "minecraft:item/rmlxgrllyxzdjewuwthazqrjrmywcifq"
	},{
		"predicate": {
			"custom_model_data": 23
		},
		"model": "minecraft:item/etfaovwbwkinxnkrijnjteyscdcxedcv"
	},{
		"predicate": {
			"custom_model_data": 24
		},
		"model": "minecraft:item/zychhvqmjkmruvyfuxdpohplonzgxxgm"
	},{
		"predicate": {
			"custom_model_data": 25
		},
		"model": "minecraft:item/urexatmxmpbxevjjakvyqkqttrlpilev"
	},{
		"predicate": {
			"custom_model_data": 26
		},
		"model": "minecraft:item/bmnwwleuphcnmkpiptevojzoiiubjlpo"
	},{
		"predicate": {
			"custom_model_data": 27
		},
		"model": "minecraft:item/zumdbkcbbsszfqjifqkcqvornyrmqwcz"
	},{
		"predicate": {
			"custom_model_data": 28
		},
		"model": "minecraft:item/zdssseygtetdlatwrucctiswwbpgezyc"
	},{
		"predicate": {
			"custom_model_data": 29
		},
		"model": "minecraft:item/ljobgjjowgjfqqxbfctwulxfwjqwvqlv"
	},{
		"predicate": {
			"custom_model_data": 35
		},
		"model": "minecraft:item/lvwedszbwsaxojiuvnlaqmrjeeooppxd"
	},{
		"predicate": {
			"custom_model_data": 48
		},
		"model": "minecraft:item/keacitfnujoxedfmzhhqdyqrxknhpzcm"
	},{
		"predicate": {
			"custom_model_data": 52
		},
		"model": "minecraft:item/fnpytvhiwmkwtiefhvqfumahddujqesw"
	},{
		"predicate": {
			"custom_model_data": 53
		},
		"model": "minecraft:item/lwzgevjjhnywzkpjbbxsaxasmwloufbl"
	},{
		"predicate": {
			"custom_model_data": 54
		},
		"model": "minecraft:item/yxkgkzmxjandvcqxnnlutcjrlkqiqgfi"
	},{
		"predicate": {
			"custom_model_data": 55
		},
		"model": "minecraft:item/lcuonpnyedhcsydkdohpgarrdugzykdv"
	},{
		"predicate": {
			"custom_model_data": 56
		},
		"model": "minecraft:item/rsapdnmuxqzgirapbghndfrznrtkkwzt"
	},{
		"predicate": {
			"custom_model_data": 57
		},
		"model": "minecraft:item/wxhsclzdvifflgygspbgtzzripwzlwwj"
	},{
		"predicate": {
			"custom_model_data": 58
		},
		"model": "minecraft:item/rybmxzwgtzlblbzmmmndykpwmcfyvckt"
	},{
		"predicate": {
			"custom_model_data": 59
		},
		"model": "minecraft:item/okoprxchtqlfacgxicmdrrtwwtxiftmy"
	},{
		"predicate": {
			"custom_model_data": 60
		},
		"model": "minecraft:item/rgliogbewrbuvzmslxmeuejhypihzoww"
	},{
		"predicate": {
			"custom_model_data": 61
		},
		"model": "minecraft:item/gylnokpaqbwtdiwxyxgbmqwikyrgsfvt"
	},{
		"predicate": {
			"custom_model_data": 62
		},
		"model": "minecraft:item/pudralicxkqznuqmormwdfusxvszbftf"
	},{
		"predicate": {
			"custom_model_data": 63
		},
		"model": "minecraft:item/mylgndodkdhmkdnkerlzwvkbobiuehai"
	},{
		"predicate": {
			"custom_model_data": 64
		},
		"model": "minecraft:item/vnjvgdugitjnwnuzqhqfeejxvghplkkv"
	},{
		"predicate": {
			"custom_model_data": 65
		},
		"model": "minecraft:item/nxrdxdlmdvsvgrnygzoatxkyygvigawj"
	},{
		"predicate": {
			"custom_model_data": 66
		},
		"model": "minecraft:item/zwngeblmdjdrsypnnnduywcdraivobdm"
	},{
		"predicate": {
			"custom_model_data": 67
		},
		"model": "minecraft:item/roavnfzcdrbbbmzrveorlbevbzxbminy"
	},{
		"predicate": {
			"custom_model_data": 69
		},
		"model": "minecraft:item/hshuidlkpbgifbodbqpachlkdxbsitaw"
	},{
		"predicate": {
			"custom_model_data": 98
		},
		"model": "minecraft:item/gmzmravuejmyhzarwfuxwyereklhgawo"
	},{
		"predicate": {
			"custom_model_data": 99
		},
		"model": "minecraft:item/sgumnkzavjvhmaebailtegppszisicxr"
	},{
		"predicate": {
			"custom_model_data": 100
		},
		"model": "minecraft:item/bbodkkbbhtohnpfonixybvvagjpmpouk"
	},{
		"predicate": {
			"custom_model_data": 101
		},
		"model": "minecraft:item/hqjfvkcewvckrzfxzntfdkrazjxuouuz"
	},{
		"predicate": {
			"custom_model_data": 102
		},
		"model": "minecraft:item/yngkrdablpkguuiykuknbkmskaakqpcq"
	},{
		"predicate": {
			"custom_model_data": 103
		},
		"model": "minecraft:item/utgrhgckeelwjfichnyyywsfrfmjanxg"
	},{
		"predicate": {
			"custom_model_data": 104
		},
		"model": "minecraft:item/nrdxfylyngwyngjwvwwhkgybtltopqmj"
	},{
		"predicate": {
			"custom_model_data": 105
		},
		"model": "minecraft:item/avcroqaouuagsifuiaipkujrgzsojotm"
	},{
		"predicate": {
			"custom_model_data": 106
		},
		"model": "minecraft:item/rktjflqsjbdmvbknabopubzhkhausmwk"
	},{
		"predicate": {
			"custom_model_data": 107
		},
		"model": "minecraft:item/zsopxemgtuyitmxhcrmgtqnwcldzmtdg"
	},{
		"predicate": {
			"custom_model_data": 108
		},
		"model": "minecraft:item/jzgptkqdnserydyivlqusenmkejvtojf"
	},{
		"predicate": {
			"custom_model_data": 109
		},
		"model": "minecraft:item/mkpixyzuphqefwwzegkajqiwfyewgwex"
	},{
		"predicate": {
			"custom_model_data": 131
		},
		"model": "minecraft:item/yxqdtheimxpxqtlrsxmidemlxqbtbwbo"
	},{
		"predicate": {
			"custom_model_data": 132
		},
		"model": "minecraft:item/vxfkrcitmjcdnayjteoifdsodbwtstvp"
	},
	{ "predicate": { "custom_model_data": 137 }, "model": "minecraft:item/gihlsahqmmufzfftnafduicrmxpkvhje" },
	{ "predicate": { "custom_model_data": 138 }, "model": "minecraft:item/dmnspliusbktdsfdwempgfyslvnnfemd" },
	{ "predicate": { "custom_model_data": 139 }, "model": "minecraft:item/pfdcvajshlpfqkcdcyumofzybxzexuvv" },
	{ "predicate": { "custom_model_data": 140 }, "model": "minecraft:item/wrmtocwducuwmyqnjaslwtwgrwlvjfty" },
	{ "predicate": { "custom_model_data": 141 }, "model": "minecraft:item/wehfrxhdyppmyryaduxohxnbzontgqkp" },
	{ "predicate": { "custom_model_data": 142 }, "model": "minecraft:item/qvlqtrboynemjjzkwyiqeckeffxebsvs" },
	{ "predicate": { "custom_model_data": 143 }, "model": "minecraft:item/zyldfyeqmynpxfbtdpzhvrjwdfaouunr" },
	{ "predicate": { "custom_model_data": 144 }, "model": "minecraft:item/ftwiwhsaopkkxkoirfsngaqenuhhywxn" },
	{ "predicate": { "custom_model_data": 145 }, "model": "minecraft:item/mrgemctxdxesxkbcydnfdwdjvgerajsb" },
	{ "predicate": { "custom_model_data": 146 }, "model": "minecraft:item/ykybxxmmgszkvbufahxljqxxehfasknj" },
	{ "predicate": { "custom_model_data": 147 }, "model": "minecraft:item/jlpdennpermkilzcibmhokwjkmlbyexp" },
	{ "predicate": { "custom_model_data": 148 }, "model": "minecraft:item/ecobawusjreakitgbkasvuvvskvmtsoz" },
	{ "predicate": { "custom_model_data": 150 }, "model": "minecraft:item/hhnvchchvfbvviztgsijlkkignvvvmnt" },
	{ "predicate": { "custom_model_data": 151 }, "model": "minecraft:item/jkhntqprrotkkqeehvqksjugfdqaqsvf" },
	{ "predicate": { "custom_model_data": 152 }, "model": "minecraft:item/yqtqmicmrhwwbcwbcyjggbkkeuufvzpr" },
	{ "predicate": { "custom_model_data": 153 }, "model": "minecraft:item/xitgxwfaonxhbhtzvmduexmsnvkdfsog" },
	{ "predicate": { "custom_model_data": 154 }, "model": "minecraft:item/pstiamwyuazrglwlhfcflahfxwslplie" }
	]
}