{
	"credit": "Copyright © 2021-2099 Ikaho-Onsen Minecraft Server. All rights reserved.",
	"textures": {
		"0": "minecraft:item/glass",
		"particle": "minecraft:item/glass"
	},
	"elements": [
		{
			"from": [10.2, 0.3, 5.5],
			"to": [10.5, 8, 10.5],
			"rotation": {"angle": 0, "axis": "y", "origin": [5.5, 0.3, 5.5]},
			"faces": {
				"north": {"uv": [0, 0, 0.3, 7.7], "texture": "#0"},
				"east": {"uv": [0, 0, 5, 7.7], "texture": "#0"},
				"south": {"uv": [0, 0, 0.3, 7.7], "texture": "#0"},
				"west": {"uv": [0, 0, 5, 7.7], "texture": "#0"},
				"up": {"uv": [0, 0, 0.3, 5], "texture": "#0"},
				"down": {"uv": [0, 0, 0.3, 5], "texture": "#0"}
			}
		},
		{
			"from": [5.5, 0.3, 5.5],
			"to": [5.8, 8, 10.5],
			"rotation": {"angle": 0, "axis": "y", "origin": [5.5, 0.3, 5.5]},
			"faces": {
				"north": {"uv": [0, 0, 0.3, 7.7], "texture": "#0"},
				"east": {"uv": [0, 0, 5, 7.7], "texture": "#0"},
				"south": {"uv": [0, 0, 0.3, 7.7], "texture": "#0"},
				"west": {"uv": [0, 0, 5, 7.7], "texture": "#0"},
				"up": {"uv": [0, 0, 0.3, 5], "texture": "#0"},
				"down": {"uv": [0, 0, 0.3, 5], "texture": "#0"}
			}
		},
		{
			"from": [5.5, 0.3, 10.2],
			"to": [10.5, 8, 10.5],
			"rotation": {"angle": 0, "axis": "y", "origin": [5.5, 0.3, 5.5]},
			"faces": {
				"north": {"uv": [0, 0, 5, 7.7], "texture": "#0"},
				"east": {"uv": [0, 0, 0.3, 7.7], "texture": "#0"},
				"south": {"uv": [0, 0, 5, 7.7], "texture": "#0"},
				"west": {"uv": [0, 0, 0.3, 7.7], "texture": "#0"},
				"up": {"uv": [0, 0, 5, 0.3], "texture": "#0"},
				"down": {"uv": [0, 0, 5, 0.3], "texture": "#0"}
			}
		},
		{
			"from": [5.5, 0.3, 5.5],
			"to": [10.5, 8, 5.8],
			"rotation": {"angle": 0, "axis": "y", "origin": [5.5, 0.3, 5.5]},
			"faces": {
				"north": {"uv": [0, 0, 5, 7.7], "texture": "#0"},
				"east": {"uv": [0, 0, 0.3, 7.7], "texture": "#0"},
				"south": {"uv": [0, 0, 5, 7.7], "texture": "#0"},
				"west": {"uv": [0, 0, 0.3, 7.7], "texture": "#0"},
				"up": {"uv": [0, 0, 5, 0.3], "texture": "#0"},
				"down": {"uv": [0, 0, 5, 0.3], "texture": "#0"}
			}
		},
		{
			"from": [5.5, 0, 5.5],
			"to": [10.5, 0.3, 10.5],
			"rotation": {"angle": 0, "axis": "y", "origin": [8.5, 7, 8.5]},
			"faces": {
				"north": {"uv": [0, 0, 5, 0.3], "texture": "#0"},
				"east": {"uv": [0, 0, 5, 0.3], "texture": "#0"},
				"south": {"uv": [0, 0, 5, 0.3], "texture": "#0"},
				"west": {"uv": [0, 0, 5, 0.3], "texture": "#0"},
				"up": {"uv": [0, 0, 5, 5], "texture": "#0"},
				"down": {"uv": [0, 0, 5, 5], "texture": "#0"}
			}
		},
		{
			"from": [7.6, 5.5, 10.5],
			"to": [8.6, 6.5, 12.3],
			"rotation": {"angle": 0, "axis": "y", "origin": [7.5, 0, 7.5]},
			"faces": {
				"north": {"uv": [0, 0, 1, 1], "texture": "#0"},
				"east": {"uv": [0, 0, 1.8, 1], "texture": "#0"},
				"south": {"uv": [0, 0, 1, 1], "texture": "#0"},
				"west": {"uv": [0, 0, 1.8, 1], "texture": "#0"},
				"up": {"uv": [0, 0, 1, 1.8], "texture": "#0"},
				"down": {"uv": [0, 0, 1, 1.8], "texture": "#0"}
			}
		},
		{
			"from": [7.6, 1.8, 10.5],
			"to": [8.6, 2.8, 12.3],
			"rotation": {"angle": 0, "axis": "y", "origin": [7.5, 0, 7.5]},
			"faces": {
				"north": {"uv": [0, 0, 1, 1], "texture": "#0"},
				"east": {"uv": [0, 0, 1.8, 1], "texture": "#0"},
				"south": {"uv": [0, 0, 1, 1], "texture": "#0"},
				"west": {"uv": [0, 0, 1.8, 1], "texture": "#0"},
				"up": {"uv": [0, 0, 1, 1.8], "texture": "#0"},
				"down": {"uv": [0, 0, 1, 1.8], "texture": "#0"}
			}
		},
		{
			"from": [7.6, 1.8, 12.1],
			"to": [8.6, 6.5, 13.1],
			"rotation": {"angle": 0, "axis": "y", "origin": [7.5, 0, 7.5]},
			"faces": {
				"north": {"uv": [0, 0, 1, 4.7], "texture": "#0"},
				"east": {"uv": [0, 0, 1, 4.7], "texture": "#0"},
				"south": {"uv": [0, 0, 1, 4.7], "texture": "#0"},
				"west": {"uv": [0, 0, 1, 4.7], "texture": "#0"},
				"up": {"uv": [0, 0, 1, 1], "texture": "#0"},
				"down": {"uv": [0, 0, 1, 1], "texture": "#0"}
			}
		}
	],
	"gui_light": "front",
	"display": {
		"thirdperson_righthand": {
			"translation": [0, 2.25, -3.5]
		},
		"thirdperson_lefthand": {
			"translation": [0, 3.25, -3.75]
		},
		"firstperson_righthand": {
			"translation": [0, 5.5, 0]
		},
		"firstperson_lefthand": {
			"translation": [0, 5.5, 0]
		},
		"gui": {
			"rotation": [0, 90, 0],
			"translation": [0, 3.25, 0]
		},
		"head": {
			"rotation": [0, -90, 0],
			"translation": [0, 15, 0]
		},
		"fixed": {
			"rotation": [-90, -90, 0],
			"translation": [0, 0, -17],
			"scale": [2, 2, 2]
		}
	},
	"groups": [
		{
			"name": "group",
			"origin": [8, 8, 8],
			"color": 0,
			"children": [0, 1, 2, 3, 4]
		},
		{
			"name": "group",
			"origin": [8, 8, 8],
			"color": 0,
			"children": [5, 6, 7]
		}
	]
}