{
	"credit": "Copyright © 2021-2099 Ikaho-Onsen Minecraft Server. All rights reserved.",
	"texture_size": [64, 64],
	"textures": {
		"0": "minecraft:item/clear_item_01",
		"particle": "minecraft:item/clear_item_01"
	},
	"elements": [
		{
			"from": [2, 0, 4],
			"to": [14, 4, 12],
			"rotation": {"angle": 0, "axis": "y", "origin": [4, 0, 4]},
			"faces": {
				"north": {"uv": [11.25, 7.5, 14.25, 8.5], "texture": "#0"},
				"east": {"uv": [11.25, 6.5, 13.25, 7.5], "texture": "#0"},
				"south": {"uv": [11.25, 7.5, 14.25, 8.5], "texture": "#0"},
				"west": {"uv": [11.25, 6.5, 13.25, 7.5], "texture": "#0"},
				"up": {"uv": [8.25, 5.5, 11.25, 7.5], "texture": "#0"},
				"down": {"uv": [11.25, 4.5, 14.25, 6.5], "texture": "#0"}
			}
		},
		{
			"from": [5, 4.38268, 8.07612],
			"to": [11, 7.38268, 8.07612],
			"rotation": {"angle": 22.5, "axis": "x", "origin": [8, 4.38268, 7.07612]},
			"faces": {
				"north": {"uv": [14.5, 15.25, 16, 16], "texture": "#0"},
				"east": {"uv": [14.5, 15.25, 14.5, 16], "texture": "#0"},
				"south": {"uv": [14.5, 15.25, 16, 16], "texture": "#0"},
				"west": {"uv": [14.5, 15.25, 14.5, 16], "texture": "#0"},
				"up": {"uv": [14.5, 15.25, 16, 15.25], "texture": "#0"},
				"down": {"uv": [14.5, 15.25, 16, 15.25], "texture": "#0"}
			}
		}
	],
	"gui_light": "front",
	"display": {
		"thirdperson_righthand": {
			"rotation": [70, 0, 0],
			"translation": [0, 3.75, 4.25],
			"scale": [0.7, 0.7, 0.7]
		},
		"thirdperson_lefthand": {
			"rotation": [70, 0, 0],
			"translation": [0, 3.75, 4.25],
			"scale": [0.7, 0.7, 0.7]
		},
		"firstperson_righthand": {
			"translation": [1.88, 3.7, 2.13],
			"scale": [0.5, 0.5, 0.5]
		},
		"firstperson_lefthand": {
			"translation": [1.88, 3.7, 2.13],
			"scale": [0.5, 0.5, 0.5]
		},
		"ground": {
			"rotation": [30, 0, 0],
			"scale": [0.5, 0.5, 0.5]
		},
		"gui": {
			"rotation": [33, 135, 0],
			"translation": [0, 4.5, 0],
			"scale": [0.94, 0.94, 0.94]
		},
		"head": {
			"rotation": [0, 180, 0],
			"translation": [0, 18.5, 0],
			"scale": [1.5, 1.5, 1.5]
		},
		"fixed": {
			"rotation": [-90, 0, 0],
			"translation": [0, 0, -16],
			"scale": [2, 2, 2]
		}
	},
	"groups": [
		{
			"name": "group",
			"origin": [-0.5, 0, 0.5],
			"color": 0,
			"nbt": "{}",
			"armAnimationEnabled": false,
			"children": [0, 1]
		}
	]
}