{
	"credit": "Copyright © 2021-2099 Ikaho-Onsen Minecraft Server. All rights reserved.",
	"texture_size": [128, 128],
	"textures": {
		"1": "minecraft:item/cit/ikaho",
		"particle": "minecraft:item/cit/ikaho_red"
	},
	"elements": [
		{
			"name": "seat",
			"from": [-2, 0, 15],
			"to": [18, 4.5, 20],
			"rotation": {"angle": 0, "axis": "y", "origin": [8.1, 2.25, 17.5]},
			"faces": {
				"north": {"uv": [5.75, 5.125, 8.25, 5.6875], "texture": "#1"},
				"up": {"uv": [8, 2.875, 5.5, 2.25], "texture": "#1"}
			}
		},
		{
			"name": "seat",
			"from": [-2, 4.5, 20],
			"to": [18, 8.5, 23],
			"rotation": {"angle": 0, "axis": "y", "origin": [8.1, 6.5, 21.5]},
			"faces": {
				"north": {"uv": [3.5, 6.375, 6, 6.875], "texture": "#1"},
				"up": {"uv": [8.5, 4.5, 6, 4.125], "texture": "#1"}
			}
		},
		{
			"name": "seat",
			"from": [-2.9, -4.5, 8],
			"to": [18.9, 0, 21],
			"rotation": {"angle": 0, "axis": "y", "origin": [0, 0, 1]},
			"faces": {
				"east": {"uv": [9.125, 1.5625, 7.5, 2.1875], "texture": "#1"},
				"south": {"uv": [3.5, 5.75, 6.25, 6.375], "texture": "#1"},
				"west": {"uv": [7.5, 1.5625, 9.125, 2.1875], "texture": "#1"},
				"up": {"uv": [2.75, 1.625, 0, 0], "texture": "#1"},
				"down": {"uv": [2.75, 1.625, 0, 3.25], "texture": "#1"}
			}
		},
		{
			"name": "seat",
			"from": [-2.9, 20.5, 8],
			"to": [18.9, 25, 21],
			"rotation": {"angle": 0, "axis": "y", "origin": [0, 0, 1]},
			"faces": {
				"east": {"uv": [5, 7.625, 6.625, 8.25], "texture": "#1"},
				"south": {"uv": [5.75, 4.5, 8.5, 5.125], "texture": "#1"},
				"west": {"uv": [6.625, 7.625, 8.25, 8.25], "texture": "#1"},
				"up": {"uv": [5.5, 1.625, 2.75, 0], "texture": "#1"},
				"down": {"uv": [5.5, 1.625, 2.75, 3.25], "texture": "#1"}
			}
		},
		{
			"name": "seat",
			"from": [0.1, 25, 8],
			"to": [15.9, 27.5, 16],
			"rotation": {"angle": 0, "axis": "y", "origin": [8, 25.25, 7.5]},
			"faces": {
				"east": {"uv": [8.875, 3.75, 9.875, 4.125], "texture": "#1"},
				"south": {"uv": [8.5, 4.75, 10.5, 5.125], "texture": "#1"},
				"west": {"uv": [5.25, 8.875, 6.25, 9.25], "texture": "#1"},
				"up": {"uv": [7.5, 2.25, 5.5, 1.25], "texture": "#1"}
			}
		},
		{
			"name": "seat",
			"from": [0.1, 19, 8],
			"to": [15.9, 20.5, 11],
			"rotation": {"angle": 0, "axis": "y", "origin": [8, 25.25, 7.5]},
			"faces": {
				"east": {"uv": [11.25, 0, 10.875, 0.1875], "rotation": 180, "texture": "#1"},
				"south": {"uv": [11.25, 0.4375, 13.25, 0.625], "rotation": 180, "texture": "#1"},
				"west": {"uv": [10.875, 0, 11.25, 0.1875], "rotation": 180, "texture": "#1"},
				"down": {"uv": [13.25, 0.375, 11.25, 0], "rotation": 180, "texture": "#1"}
			}
		},
		{
			"name": "seat",
			"from": [0.1, 16.3, 23],
			"to": [15.9, 20.8, 27],
			"rotation": {"angle": 0, "axis": "y", "origin": [0, 7.8, 16]},
			"faces": {
				"north": {"uv": [5, 7, 7, 7.5625], "texture": "#1"},
				"south": {"uv": [7, 7, 9, 7.625], "texture": "#1"},
				"up": {"uv": [9.25, 0.5, 7.25, 0], "texture": "#1"},
				"down": {"uv": [9.25, 0.5, 7.25, 1], "texture": "#1"}
			}
		},
		{
			"name": "seat",
			"from": [0.1, -0.7, 23],
			"to": [15.9, 8.7, 27],
			"rotation": {"angle": 0, "axis": "y", "origin": [0, 7.8, 16]},
			"faces": {
				"north": {"uv": [0, 4.5, 2, 5.6875], "texture": "#1"},
				"south": {"uv": [2, 4.5, 4, 5.75], "texture": "#1"},
				"up": {"uv": [9.375, 6.25, 7.375, 5.75], "texture": "#1"},
				"down": {"uv": [9.375, 6.25, 7.375, 6.75], "texture": "#1"}
			}
		},
		{
			"name": "seat",
			"from": [1.51421, 8.3, 24.58479],
			"to": [14.51421, 16.7, 25.58479],
			"rotation": {"angle": 0, "axis": "y", "origin": [0.41421, 8.8, 16.58479]},
			"faces": {
				"north": {"uv": [1.75, 5.75, 3.5, 6.875], "texture": "#1"},
				"south": {"uv": [1.75, 5.75, 3.5, 6.875], "texture": "#1"}
			}
		},
		{
			"name": "seat",
			"from": [-6.12254, 16.2, 8],
			"to": [-2.12254, 20.9, 22],
			"rotation": {"angle": 0, "axis": "y", "origin": [-8.12254, 10.05, 24.87746]},
			"faces": {
				"north": {"uv": [6.25, 8.875, 6.75, 9.5], "texture": "#1"},
				"east": {"uv": [7.125, 2.875, 8.875, 3.5], "texture": "#1"},
				"south": {"uv": [6.75, 8.875, 7.25, 9.5], "texture": "#1"},
				"west": {"uv": [7.125, 3.5, 8.875, 4.125], "texture": "#1"},
				"up": {"uv": [0.5, 9.5, 0, 7.75], "texture": "#1"},
				"down": {"uv": [1, 7.75, 0.5, 9.5], "texture": "#1"}
			}
		},
		{
			"name": "seat",
			"from": [-6.12254, 9.2, 8],
			"to": [-2.12254, 16.2, 9],
			"rotation": {"angle": 0, "axis": "y", "origin": [-8.12254, 10.05, 24.87746]},
			"faces": {
				"north": {"uv": [8.875, 2.875, 9.375, 3.75], "texture": "#1"},
				"east": {"uv": [7.75, 8.875, 7.875, 9.75], "texture": "#1"},
				"south": {"uv": [4, 8.875, 4.5, 9.75], "texture": "#1"},
				"west": {"uv": [7.875, 8.875, 8, 9.75], "texture": "#1"}
			}
		},
		{
			"name": "seat",
			"from": [-6.12254, -0.8, 8],
			"to": [-2.12254, 9.2, 22],
			"rotation": {"angle": 0, "axis": "y", "origin": [-8.12254, 10.05, 24.87746]},
			"faces": {
				"north": {"uv": [2, 8.625, 2.5, 9.9375], "texture": "#1"},
				"east": {"uv": [4.75, 9.75, 6.5, 11.0625], "texture": "#1"},
				"south": {"uv": [2.5, 8.625, 3, 9.9375], "texture": "#1"},
				"west": {"uv": [3, 9.75, 4.75, 11.0625], "texture": "#1"},
				"up": {"uv": [1.5, 9.5, 1, 7.75], "texture": "#1"},
				"down": {"uv": [2, 7.75, 1.5, 9.5], "texture": "#1"}
			}
		},
		{
			"name": "seat",
			"from": [-6.12254, 9.2, 19],
			"to": [-2.12254, 16.2, 22],
			"rotation": {"angle": 0, "axis": "y", "origin": [-8.12254, 10.05, 24.87746]},
			"faces": {
				"north": {"uv": [3, 8.625, 3.5, 9.5], "texture": "#1"},
				"east": {"uv": [4.5, 8.875, 4.875, 9.75], "texture": "#1"},
				"south": {"uv": [3.5, 8.625, 4, 9.5], "texture": "#1"},
				"west": {"uv": [4.875, 8.875, 5.25, 9.75], "texture": "#1"}
			}
		},
		{
			"name": "seat",
			"from": [-4.5, 9.2, 8.8],
			"to": [-3.5, 16.2, 19.8],
			"rotation": {"angle": 0, "axis": "y", "origin": [-8.12254, 10.05, 24.87746]},
			"faces": {
				"east": {"uv": [0, 6.875, 1.375, 7.75], "texture": "#1"},
				"west": {"uv": [1.375, 6.875, 2.75, 7.75], "texture": "#1"}
			}
		},
		{
			"name": "seat",
			"from": [18.12254, 16.2, 8],
			"to": [22.12254, 20.9, 22],
			"rotation": {"angle": 0, "axis": "y", "origin": [24.12254, 10.05, 24.87746]},
			"faces": {
				"north": {"uv": [6.75, 8.875, 6.25, 9.5], "texture": "#1"},
				"east": {"uv": [8.875, 3.5, 7.125, 4.125], "texture": "#1"},
				"south": {"uv": [7.25, 8.875, 6.75, 9.5], "texture": "#1"},
				"west": {"uv": [8.875, 2.875, 7.125, 3.5], "texture": "#1"},
				"up": {"uv": [0, 9.5, 0.5, 7.75], "texture": "#1"},
				"down": {"uv": [0.5, 7.75, 1, 9.5], "texture": "#1"}
			}
		},
		{
			"name": "seat",
			"from": [18.12254, 9.2, 8],
			"to": [22.12254, 16.2, 9],
			"rotation": {"angle": 0, "axis": "y", "origin": [24.12254, 10.05, 24.87746]},
			"faces": {
				"north": {"uv": [9.375, 2.875, 8.875, 3.75], "texture": "#1"},
				"east": {"uv": [8, 8.875, 7.875, 9.75], "texture": "#1"},
				"south": {"uv": [4.5, 8.875, 4, 9.75], "texture": "#1"},
				"west": {"uv": [7.875, 8.875, 7.75, 9.75], "texture": "#1"}
			}
		},
		{
			"name": "seat",
			"from": [18.12254, -0.8, 8],
			"to": [22.12254, 9.2, 22],
			"rotation": {"angle": 0, "axis": "y", "origin": [24.12254, 10.05, 24.87746]},
			"faces": {
				"north": {"uv": [2.5, 8.625, 2, 9.9375], "texture": "#1"},
				"east": {"uv": [4.75, 9.75, 3, 11.0625], "texture": "#1"},
				"south": {"uv": [3, 8.625, 2.5, 9.9375], "texture": "#1"},
				"west": {"uv": [6.5, 9.75, 4.75, 11.0625], "texture": "#1"},
				"up": {"uv": [1, 9.5, 1.5, 7.75], "texture": "#1"},
				"down": {"uv": [1.5, 7.75, 2, 9.5], "texture": "#1"}
			}
		},
		{
			"name": "seat",
			"from": [18.12254, 9.2, 19],
			"to": [22.12254, 16.2, 22],
			"rotation": {"angle": 0, "axis": "y", "origin": [24.12254, 10.05, 24.87746]},
			"faces": {
				"north": {"uv": [3.5, 8.625, 3, 9.5], "texture": "#1"},
				"east": {"uv": [5.25, 8.875, 4.875, 9.75], "texture": "#1"},
				"south": {"uv": [4, 8.625, 3.5, 9.5], "texture": "#1"},
				"west": {"uv": [4.875, 8.875, 4.5, 9.75], "texture": "#1"}
			}
		},
		{
			"name": "seat",
			"from": [19.5, 9.2, 8.8],
			"to": [20.5, 16.2, 19.8],
			"rotation": {"angle": 0, "axis": "y", "origin": [24.12254, 10.05, 24.87746]},
			"faces": {
				"east": {"uv": [2.75, 6.875, 1.375, 7.75], "texture": "#1"},
				"west": {"uv": [1.375, 6.875, 0, 7.75], "texture": "#1"}
			}
		},
		{
			"name": "seat",
			"from": [-9.73173, 16.302, 15.69081],
			"to": [-0.93173, 20.806, 20.69081],
			"rotation": {"angle": -45, "axis": "y", "origin": [-8.03173, 10.05, 25.09081]},
			"faces": {
				"north": {"uv": [7.875, 8.25, 9, 8.875], "texture": "#1"},
				"south": {"uv": [8.5, 4.125, 9.625, 4.75], "texture": "#1"},
				"up": {"uv": [3.125, 8.625, 2, 8], "texture": "#1"},
				"down": {"uv": [9.125, 2.25, 8, 2.875], "texture": "#1"}
			}
		},
		{
			"name": "seat",
			"from": [16.93173, 16.302, 15.69081],
			"to": [25.73173, 20.806, 20.69081],
			"rotation": {"angle": 45, "axis": "y", "origin": [24.03173, 10.05, 25.09081]},
			"faces": {
				"north": {"uv": [9, 8.25, 7.875, 8.875], "texture": "#1"},
				"south": {"uv": [9.625, 4.125, 8.5, 4.75], "texture": "#1"},
				"up": {"uv": [2, 8.625, 3.125, 8], "texture": "#1"},
				"down": {"uv": [8, 2.25, 9.125, 2.875], "texture": "#1"}
			}
		},
		{
			"name": "seat",
			"from": [-9.73173, 8.3, 17.69081],
			"to": [-0.93173, 16.7, 18.69081],
			"rotation": {"angle": -45, "axis": "y", "origin": [-8.03173, 10.05, 25.09081]},
			"faces": {
				"north": {"uv": [2.75, 6.875, 3.875, 7.9375], "texture": "#1"},
				"south": {"uv": [3.875, 6.875, 5, 8], "texture": "#1"}
			}
		},
		{
			"name": "seat",
			"from": [-9.73173, -0.7002, 15.69081],
			"to": [-0.93173, 8.7002, 20.69081],
			"rotation": {"angle": -45, "axis": "y", "origin": [-8.03173, 10.05, 25.09081]},
			"faces": {
				"north": {"uv": [6, 2.875, 7.125, 4.125], "texture": "#1"},
				"south": {"uv": [6.25, 5.75, 7.375, 7], "texture": "#1"},
				"up": {"uv": [4.25, 8.625, 3.125, 8], "texture": "#1"},
				"down": {"uv": [5.375, 8.25, 4.25, 8.875], "texture": "#1"}
			}
		},
		{
			"name": "seat",
			"from": [16.93173, -0.7002, 15.69081],
			"to": [25.73173, 8.7002, 20.69081],
			"rotation": {"angle": 45, "axis": "y", "origin": [24.03173, 10.05, 25.09081]},
			"faces": {
				"north": {"uv": [7.125, 2.875, 6, 4.125], "texture": "#1"},
				"south": {"uv": [7.375, 5.75, 6.25, 7], "texture": "#1"},
				"up": {"uv": [3.125, 8.625, 4.25, 8], "texture": "#1"},
				"down": {"uv": [4.25, 8.25, 5.375, 8.875], "texture": "#1"}
			}
		},
		{
			"name": "seat",
			"from": [16.93173, 8.3, 17.69081],
			"to": [25.73173, 16.7, 18.69081],
			"rotation": {"angle": 45, "axis": "y", "origin": [24.03173, 10.05, 25.09081]},
			"faces": {
				"north": {"uv": [3.875, 6.875, 2.75, 7.9375], "texture": "#1"},
				"south": {"uv": [5, 6.875, 3.875, 8], "texture": "#1"}
			}
		},
		{
			"name": "seat",
			"from": [0.2, -3.52322, 15.9106],
			"to": [15.8, 0.97678, 25.9106],
			"rotation": {"angle": -22.5, "axis": "x", "origin": [8, -1.27322, 18.9106]},
			"faces": {
				"east": {"uv": [8.25, 5.125, 9.5, 5.6875], "texture": "#1"},
				"west": {"uv": [5.375, 8.25, 6.625, 8.8125], "texture": "#1"},
				"down": {"uv": [1.9375, 3.25, 0, 4.5], "texture": "#1"}
			}
		},
		{
			"name": "seat",
			"from": [0.2, 19.17678, 15.8106],
			"to": [15.8, 23.67678, 26.0106],
			"rotation": {"angle": 22.5, "axis": "x", "origin": [8, 21.42678, 18.9106]},
			"faces": {
				"east": {"uv": [6.625, 8.25, 7.875, 8.8125], "texture": "#1"},
				"west": {"uv": [8.25, 7.625, 9.5, 8.1875], "texture": "#1"},
				"up": {"uv": [3.9375, 4.5, 2, 3.25], "texture": "#1"},
				"down": {"uv": [5.9375, 3.25, 4, 4.5], "texture": "#1"}
			}
		},
		{
			"name": "seat",
			"from": [-2, 0, -4],
			"to": [18, 4.5, 1],
			"rotation": {"angle": 0, "axis": "y", "origin": [8.1, 2.25, -1.5]},
			"faces": {
				"south": {"uv": [8.25, 5.125, 5.75, 5.6875], "texture": "#1"},
				"up": {"uv": [8, 2.25, 5.5, 2.875], "texture": "#1"}
			}
		},
		{
			"name": "seat",
			"from": [-2, 4.5, -7],
			"to": [18, 8.5, -4],
			"rotation": {"angle": 0, "axis": "y", "origin": [8.1, 6.5, -5.5]},
			"faces": {
				"south": {"uv": [6, 6.375, 3.5, 6.875], "texture": "#1"},
				"up": {"uv": [8.5, 4.125, 6, 4.5], "texture": "#1"}
			}
		},
		{
			"name": "seat",
			"from": [-2.9, -4.5, -5],
			"to": [18.9, 0, 8],
			"rotation": {"angle": 0, "axis": "y", "origin": [0, 0, 15]},
			"faces": {
				"north": {"uv": [6.25, 5.75, 3.5, 6.375], "texture": "#1"},
				"east": {"uv": [7.5, 1.5625, 9.125, 2.1875], "texture": "#1"},
				"west": {"uv": [9.125, 1.5625, 7.5, 2.1875], "texture": "#1"},
				"up": {"uv": [2.75, 0, 0, 1.625], "texture": "#1"},
				"down": {"uv": [2.75, 3.25, 0, 1.625], "texture": "#1"}
			}
		},
		{
			"name": "seat",
			"from": [-2.9, 20.5, -5],
			"to": [18.9, 25, 8],
			"rotation": {"angle": 0, "axis": "y", "origin": [0, 0, 15]},
			"faces": {
				"north": {"uv": [8.5, 4.5, 5.75, 5.125], "texture": "#1"},
				"east": {"uv": [6.625, 7.625, 5, 8.25], "texture": "#1"},
				"west": {"uv": [8.25, 7.625, 6.625, 8.25], "texture": "#1"},
				"up": {"uv": [5.5, 0, 2.75, 1.625], "texture": "#1"},
				"down": {"uv": [5.5, 3.25, 2.75, 1.625], "texture": "#1"}
			}
		},
		{
			"name": "seat",
			"from": [0.1, 25, 0],
			"to": [15.9, 27.5, 8],
			"rotation": {"angle": 0, "axis": "y", "origin": [8, 25.25, 8.5]},
			"faces": {
				"north": {"uv": [10.5, 4.75, 8.5, 5.125], "texture": "#1"},
				"east": {"uv": [9.875, 3.75, 8.875, 4.125], "texture": "#1"},
				"west": {"uv": [6.25, 8.875, 5.25, 9.25], "texture": "#1"},
				"up": {"uv": [7.5, 1.25, 5.5, 2.25], "texture": "#1"}
			}
		},
		{
			"name": "seat",
			"from": [0.1, 19, 5],
			"to": [15.9, 20.5, 8],
			"rotation": {"angle": 0, "axis": "y", "origin": [8, 25.25, 8.5]},
			"faces": {
				"north": {"uv": [13.25, 0.4375, 11.25, 0.625], "rotation": 180, "texture": "#1"},
				"east": {"uv": [10.875, 0, 11.25, 0.1875], "rotation": 180, "texture": "#1"},
				"west": {"uv": [11.25, 0, 10.875, 0.1875], "rotation": 180, "texture": "#1"},
				"down": {"uv": [13.25, 0, 11.25, 0.375], "rotation": 180, "texture": "#1"}
			}
		},
		{
			"name": "seat",
			"from": [0.1, 16.3, -11],
			"to": [15.9, 20.8, -7],
			"rotation": {"angle": 0, "axis": "y", "origin": [0, 7.8, 0]},
			"faces": {
				"north": {"uv": [9, 7, 7, 7.625], "texture": "#1"},
				"south": {"uv": [7, 7, 5, 7.5625], "texture": "#1"},
				"up": {"uv": [9.25, 0, 7.25, 0.5], "texture": "#1"},
				"down": {"uv": [9.25, 1, 7.25, 0.5], "texture": "#1"}
			}
		},
		{
			"name": "seat",
			"from": [0.1, -0.7, -11],
			"to": [15.9, 8.7, -7],
			"rotation": {"angle": 0, "axis": "y", "origin": [0, 7.8, 0]},
			"faces": {
				"north": {"uv": [2, 4.5, 4, 5.75], "texture": "#1"},
				"south": {"uv": [2, 4.5, 0, 5.6875], "texture": "#1"},
				"up": {"uv": [9.375, 5.75, 7.375, 6.25], "texture": "#1"},
				"down": {"uv": [9.375, 6.75, 7.375, 6.25], "texture": "#1"}
			}
		},
		{
			"name": "seat",
			"from": [1.51421, 8.3, -9.58479],
			"to": [14.51421, 16.7, -8.58479],
			"rotation": {"angle": 0, "axis": "y", "origin": [0.41421, 8.8, -0.58479]},
			"faces": {
				"north": {"uv": [3.5, 5.75, 1.75, 6.875], "texture": "#1"},
				"south": {"uv": [3.5, 5.75, 1.75, 6.875], "texture": "#1"}
			}
		},
		{
			"name": "seat",
			"from": [-6.12254, 16.2, -6],
			"to": [-2.12254, 20.9, 8],
			"rotation": {"angle": 0, "axis": "y", "origin": [-8.12254, 10.05, -8.87746]},
			"faces": {
				"north": {"uv": [7.25, 8.875, 6.75, 9.5], "texture": "#1"},
				"east": {"uv": [8.875, 2.875, 7.125, 3.5], "texture": "#1"},
				"south": {"uv": [6.75, 8.875, 6.25, 9.5], "texture": "#1"},
				"west": {"uv": [8.875, 3.5, 7.125, 4.125], "texture": "#1"},
				"up": {"uv": [0.5, 7.75, 0, 9.5], "texture": "#1"},
				"down": {"uv": [1, 9.5, 0.5, 7.75], "texture": "#1"}
			}
		},
		{
			"name": "seat",
			"from": [-6.12254, 9.2, 7],
			"to": [-2.12254, 16.2, 8],
			"rotation": {"angle": 0, "axis": "y", "origin": [-8.12254, 10.05, -8.87746]},
			"faces": {
				"north": {"uv": [4.5, 8.875, 4, 9.75], "texture": "#1"},
				"east": {"uv": [7.875, 8.875, 7.75, 9.75], "texture": "#1"},
				"south": {"uv": [9.375, 2.875, 8.875, 3.75], "texture": "#1"},
				"west": {"uv": [8, 8.875, 7.875, 9.75], "texture": "#1"}
			}
		},
		{
			"name": "seat",
			"from": [-6.12254, -0.8, -6],
			"to": [-2.12254, 9.2, 8],
			"rotation": {"angle": 0, "axis": "y", "origin": [-8.12254, 10.05, -8.87746]},
			"faces": {
				"north": {"uv": [3, 8.625, 2.5, 9.9375], "texture": "#1"},
				"east": {"uv": [6.5, 9.75, 4.75, 11.0625], "texture": "#1"},
				"south": {"uv": [2.5, 8.625, 2, 9.9375], "texture": "#1"},
				"west": {"uv": [4.75, 9.75, 3, 11.0625], "texture": "#1"},
				"up": {"uv": [1.5, 7.75, 1, 9.5], "texture": "#1"},
				"down": {"uv": [2, 9.5, 1.5, 7.75], "texture": "#1"}
			}
		},
		{
			"name": "seat",
			"from": [-6.12254, 9.2, -6],
			"to": [-2.12254, 16.2, -3],
			"rotation": {"angle": 0, "axis": "y", "origin": [-8.12254, 10.05, -8.87746]},
			"faces": {
				"north": {"uv": [4, 8.625, 3.5, 9.5], "texture": "#1"},
				"east": {"uv": [4.875, 8.875, 4.5, 9.75], "texture": "#1"},
				"south": {"uv": [3.5, 8.625, 3, 9.5], "texture": "#1"},
				"west": {"uv": [5.25, 8.875, 4.875, 9.75], "texture": "#1"}
			}
		},
		{
			"name": "seat",
			"from": [-4.5, 9.2, -3.8],
			"to": [-3.5, 16.2, 7.2],
			"rotation": {"angle": 0, "axis": "y", "origin": [-8.12254, 10.05, -8.87746]},
			"faces": {
				"east": {"uv": [1.375, 6.875, 0, 7.75], "texture": "#1"},
				"west": {"uv": [2.75, 6.875, 1.375, 7.75], "texture": "#1"}
			}
		},
		{
			"name": "seat",
			"from": [18.12254, 16.2, -6],
			"to": [22.12254, 20.9, 8],
			"rotation": {"angle": 0, "axis": "y", "origin": [24.12254, 10.05, -8.87746]},
			"faces": {
				"north": {"uv": [6.75, 8.875, 7.25, 9.5], "texture": "#1"},
				"east": {"uv": [7.125, 3.5, 8.875, 4.125], "texture": "#1"},
				"south": {"uv": [6.25, 8.875, 6.75, 9.5], "texture": "#1"},
				"west": {"uv": [7.125, 2.875, 8.875, 3.5], "texture": "#1"},
				"up": {"uv": [0, 7.75, 0.5, 9.5], "texture": "#1"},
				"down": {"uv": [0.5, 9.5, 1, 7.75], "texture": "#1"}
			}
		},
		{
			"name": "seat",
			"from": [18.12254, 9.2, 7],
			"to": [22.12254, 16.2, 8],
			"rotation": {"angle": 0, "axis": "y", "origin": [24.12254, 10.05, -8.87746]},
			"faces": {
				"north": {"uv": [4, 8.875, 4.5, 9.75], "texture": "#1"},
				"east": {"uv": [7.875, 8.875, 8, 9.75], "texture": "#1"},
				"south": {"uv": [8.875, 2.875, 9.375, 3.75], "texture": "#1"},
				"west": {"uv": [7.75, 8.875, 7.875, 9.75], "texture": "#1"}
			}
		},
		{
			"name": "seat",
			"from": [18.12254, -0.8, -6],
			"to": [22.12254, 9.2, 8],
			"rotation": {"angle": 0, "axis": "y", "origin": [24.12254, 10.05, -8.87746]},
			"faces": {
				"north": {"uv": [2.5, 8.625, 3, 9.9375], "texture": "#1"},
				"east": {"uv": [3, 9.75, 4.75, 11.0625], "texture": "#1"},
				"south": {"uv": [2, 8.625, 2.5, 9.9375], "texture": "#1"},
				"west": {"uv": [4.75, 9.75, 6.5, 11.0625], "texture": "#1"},
				"up": {"uv": [1, 7.75, 1.5, 9.5], "texture": "#1"},
				"down": {"uv": [1.5, 9.5, 2, 7.75], "texture": "#1"}
			}
		},
		{
			"name": "seat",
			"from": [18.12254, 9.2, -6],
			"to": [22.12254, 16.2, -3],
			"rotation": {"angle": 0, "axis": "y", "origin": [24.12254, 10.05, -8.87746]},
			"faces": {
				"north": {"uv": [3.5, 8.625, 4, 9.5], "texture": "#1"},
				"east": {"uv": [4.875, 8.875, 5.25, 9.75], "texture": "#1"},
				"south": {"uv": [3, 8.625, 3.5, 9.5], "texture": "#1"},
				"west": {"uv": [4.5, 8.875, 4.875, 9.75], "texture": "#1"}
			}
		},
		{
			"name": "seat",
			"from": [19.5, 9.2, -3.8],
			"to": [20.5, 16.2, 7.2],
			"rotation": {"angle": 0, "axis": "y", "origin": [24.12254, 10.05, -8.87746]},
			"faces": {
				"east": {"uv": [1.375, 6.875, 2.75, 7.75], "texture": "#1"},
				"west": {"uv": [0, 6.875, 1.375, 7.75], "texture": "#1"}
			}
		},
		{
			"name": "seat",
			"from": [-9.73173, 16.302, -4.69081],
			"to": [-0.93173, 20.806, 0.30919],
			"rotation": {"angle": 45, "axis": "y", "origin": [-8.03173, 10.05, -9.09081]},
			"faces": {
				"north": {"uv": [9.625, 4.125, 8.5, 4.75], "texture": "#1"},
				"south": {"uv": [9, 8.25, 7.875, 8.875], "texture": "#1"},
				"up": {"uv": [3.125, 8, 2, 8.625], "texture": "#1"},
				"down": {"uv": [9.125, 2.875, 8, 2.25], "texture": "#1"}
			}
		},
		{
			"name": "seat",
			"from": [16.93173, 16.302, -4.69081],
			"to": [25.73173, 20.806, 0.30919],
			"rotation": {"angle": -45, "axis": "y", "origin": [24.03173, 10.05, -9.09081]},
			"faces": {
				"north": {"uv": [8.5, 4.125, 9.625, 4.75], "texture": "#1"},
				"south": {"uv": [7.875, 8.25, 9, 8.875], "texture": "#1"},
				"up": {"uv": [2, 8, 3.125, 8.625], "texture": "#1"},
				"down": {"uv": [8, 2.875, 9.125, 2.25], "texture": "#1"}
			}
		},
		{
			"name": "seat",
			"from": [-9.73173, 8.3, -2.69081],
			"to": [-0.93173, 16.7, -1.69081],
			"rotation": {"angle": 45, "axis": "y", "origin": [-8.03173, 10.05, -9.09081]},
			"faces": {
				"north": {"uv": [5, 6.875, 3.875, 8], "texture": "#1"},
				"south": {"uv": [3.875, 6.875, 2.75, 7.9375], "texture": "#1"}
			}
		},
		{
			"name": "seat",
			"from": [-9.73173, -0.7002, -4.69081],
			"to": [-0.93173, 8.7002, 0.30919],
			"rotation": {"angle": 45, "axis": "y", "origin": [-8.03173, 10.05, -9.09081]},
			"faces": {
				"north": {"uv": [7.375, 5.75, 6.25, 7], "texture": "#1"},
				"south": {"uv": [7.125, 2.875, 6, 4.125], "texture": "#1"},
				"up": {"uv": [4.25, 8, 3.125, 8.625], "texture": "#1"},
				"down": {"uv": [5.375, 8.875, 4.25, 8.25], "texture": "#1"}
			}
		},
		{
			"name": "seat",
			"from": [16.93173, -0.7002, -4.69081],
			"to": [25.73173, 8.7002, 0.30919],
			"rotation": {"angle": -45, "axis": "y", "origin": [24.03173, 10.05, -9.09081]},
			"faces": {
				"north": {"uv": [6.25, 5.75, 7.375, 7], "texture": "#1"},
				"south": {"uv": [6, 2.875, 7.125, 4.125], "texture": "#1"},
				"up": {"uv": [3.125, 8, 4.25, 8.625], "texture": "#1"},
				"down": {"uv": [4.25, 8.875, 5.375, 8.25], "texture": "#1"}
			}
		},
		{
			"name": "seat",
			"from": [16.93173, 8.3, -2.69081],
			"to": [25.73173, 16.7, -1.69081],
			"rotation": {"angle": -45, "axis": "y", "origin": [24.03173, 10.05, -9.09081]},
			"faces": {
				"north": {"uv": [3.875, 6.875, 5, 8], "texture": "#1"},
				"south": {"uv": [2.75, 6.875, 3.875, 7.9375], "texture": "#1"}
			}
		},
		{
			"name": "seat",
			"from": [0.2, -3.52322, -9.9106],
			"to": [15.8, 0.97678, 0.0894],
			"rotation": {"angle": 22.5, "axis": "x", "origin": [8, -1.27322, -2.9106]},
			"faces": {
				"east": {"uv": [9.5, 5.125, 8.25, 5.6875], "texture": "#1"},
				"west": {"uv": [6.625, 8.25, 5.375, 8.8125], "texture": "#1"},
				"down": {"uv": [1.9375, 4.5, 0, 3.25], "texture": "#1"}
			}
		},
		{
			"name": "seat",
			"from": [0.2, 19.17678, -10.0106],
			"to": [15.8, 23.67678, 0.1894],
			"rotation": {"angle": -22.5, "axis": "x", "origin": [8, 21.42678, -2.9106]},
			"faces": {
				"east": {"uv": [7.875, 8.25, 6.625, 8.8125], "texture": "#1"},
				"west": {"uv": [9.5, 7.625, 8.25, 8.1875], "texture": "#1"},
				"up": {"uv": [3.9375, 3.25, 2, 4.5], "texture": "#1"},
				"down": {"uv": [5.9375, 4.5, 4, 3.25], "texture": "#1"}
			}
		}
	],
	"display": {
		"head": {
			"scale": [4, 4, 4]
		}
	},
	"groups": [
		{
			"name": "v",
			"origin": [8, 21.42678, 17.9106],
			"color": 0,
			"nbt": "{}",
			"armAnimationEnabled": false,
			"children": [
				0,
				1,
				2,
				3,
				4,
				5,
				6,
				7,
				8,
				{
					"name": "door",
					"origin": [-8.12254, 10.05, 24.87746],
					"color": 0,
					"nbt": "{}",
					"armAnimationEnabled": false,
					"children": [9, 10, 11, 12, 13]
				},
				{
					"name": "door",
					"origin": [-8.12254, 10.05, 24.87746],
					"color": 0,
					"nbt": "{}",
					"armAnimationEnabled": false,
					"children": [14, 15, 16, 17, 18]
				},
				{
					"name": "group",
					"origin": [-8.03173, 10.05, 25.09081],
					"color": 0,
					"nbt": "{}",
					"armAnimationEnabled": false,
					"children": [19, 20, 21, 22, 23, 24]
				},
				25,
				26
			]
		},
		{
			"name": "v",
			"origin": [8, 21.42678, 17.9106],
			"color": 0,
			"nbt": "{}",
			"armAnimationEnabled": false,
			"children": [
				27,
				28,
				29,
				30,
				31,
				32,
				33,
				34,
				35,
				{
					"name": "door",
					"origin": [-8.12254, 10.05, 24.87746],
					"color": 0,
					"nbt": "{}",
					"armAnimationEnabled": false,
					"children": [36, 37, 38, 39, 40]
				},
				{
					"name": "door",
					"origin": [-8.12254, 10.05, 24.87746],
					"color": 0,
					"nbt": "{}",
					"armAnimationEnabled": false,
					"children": [41, 42, 43, 44, 45]
				},
				{
					"name": "group",
					"origin": [-8.03173, 10.05, 25.09081],
					"color": 0,
					"nbt": "{}",
					"armAnimationEnabled": false,
					"children": [46, 47, 48, 49, 50, 51]
				},
				52,
				53
			]
		}
	]
}