{
	"credit": "Copyright © 2021-2099 Ikaho-Onsen Minecraft Server. All rights reserved.",
	"texture_size": [32, 32],
	"textures": {
		"0": "minecraft:item/rail_hat",
		"particle": "minecraft:item/rail_hat"
	},
	"elements": [
		{
			"from": [3, 8, 3],
			"to": [13, 11, 13],
			"rotation": {"angle": 0, "axis": "y", "origin": [-0.5, -20, 0]},
			"faces": {
				"north": {"uv": [9, 6, 14, 7.5], "texture": "#0"},
				"east": {"uv": [14, 4.5, 9, 6], "texture": "#0"},
				"west": {"uv": [9, 4.5, 14, 6], "texture": "#0"}
			}
		},
		{
			"from": [6, 8.7, 1],
			"to": [10, 11.7, 2],
			"rotation": {"angle": 0, "axis": "y", "origin": [0, -19.3, -11]},
			"faces": {
				"north": {"uv": [7, 10, 9, 11.5], "texture": "#0"},
				"east": {"uv": [7, 11.5, 7.5, 13], "texture": "#0"},
				"south": {"uv": [9, 10, 7, 11.5], "texture": "#0"},
				"west": {"uv": [5.5, 12, 6, 13.5], "texture": "#0"},
				"up": {"uv": [12, 11.5, 10, 11], "texture": "#0"}
			}
		},
		{
			"from": [2, 8, 2],
			"to": [14, 11, 14],
			"rotation": {"angle": 22.5, "axis": "x", "origin": [8, 9.5, 8]},
			"faces": {
				"north": {"uv": [9, 0, 15, 1.5], "texture": "#0", "tintindex": 0},
				"east": {"uv": [15, 3, 9, 4.5], "texture": "#0", "tintindex": 0},
				"south": {"uv": [9, 1.5, 15, 3], "texture": "#0", "tintindex": 0},
				"west": {"uv": [9, 3, 15, 4.5], "texture": "#0", "tintindex": 0},
				"up": {"uv": [6, 6, 0, 0], "texture": "#0", "tintindex": 0},
				"down": {"uv": [6, 6, 0, 12], "texture": "#0", "tintindex": 0}
			}
		},
		{
			"from": [3.04566, 9, -1],
			"to": [5.34566, 10, 10],
			"rotation": {"angle": 22.5, "axis": "z", "origin": [8.34566, 8.5, -2]},
			"faces": {
				"north": {"uv": [7.5, 11.5, 8.5, 12], "texture": "#0"},
				"west": {"uv": [10, 9.5, 15.5, 10], "texture": "#0"},
				"up": {"uv": [10, 13, 9, 7.5], "texture": "#0"},
				"down": {"uv": [7, 10, 6, 15.5], "texture": "#0"}
			}
		},
		{
			"from": [10.65434, 9, -1],
			"to": [12.95434, 10, 10],
			"rotation": {"angle": -22.5, "axis": "z", "origin": [7.65434, 8.5, -2]},
			"faces": {
				"north": {"uv": [8.5, 11.5, 7.5, 12], "texture": "#0"},
				"east": {"uv": [15.5, 9.5, 10, 10], "texture": "#0"},
				"up": {"uv": [9, 13, 10, 7.5], "texture": "#0"},
				"down": {"uv": [6, 10, 7, 15.5], "texture": "#0"}
			}
		},
		{
			"from": [5, 7.73777, -1],
			"to": [11, 8.73777, 9],
			"rotation": {"angle": 0, "axis": "z", "origin": [6.65434, 8.23777, 2]},
			"faces": {
				"north": {"uv": [10, 10.5, 13, 11], "texture": "#0"},
				"up": {"uv": [9, 5, 6, 0], "texture": "#0"},
				"down": {"uv": [9, 5, 6, 10], "texture": "#0"}
			}
		}
	],
	"gui_light": "front",
	"display": {
		"thirdperson_righthand": {
			"rotation": [75, 45, 0],
			"translation": [0, 2.5, 0],
			"scale": [0.375, 0.375, 0.375]
		},
		"thirdperson_lefthand": {
			"rotation": [75, 45, 0],
			"translation": [0, 2.5, 0],
			"scale": [0.375, 0.375, 0.375]
		},
		"firstperson_righthand": {
			"rotation": [0, 45, 0],
			"translation": [2.5, 0, 0],
			"scale": [0.4, 0.4, 0.4]
		},
		"firstperson_lefthand": {
			"rotation": [0, 45, 0],
			"translation": [2.5, 0, 0],
			"scale": [0.4, 0.4, 0.4]
		},
		"ground": {
			"translation": [0, 2, 0],
			"scale": [0.5, 0.5, 0.5]
		},
		"gui": {
			"rotation": [33, 135, 0],
			"translation": [0.5, -0.75, 0],
			"scale": [0.75, 0.75, 0.75]
		},
		"head": {
			"translation": [0, 4.75, 0],
			"scale": [1.5, 1.5, 1.5]
		},
		"fixed": {
			"rotation": [-90, 0, 0],
			"translation": [0, 3.25, -2.25],
			"scale": [2.01, 2.01, 2.01]
		}
	},
	"groups": [
		{
			"name": "group",
			"origin": [8, 29, 5.5],
			"color": 0,
			"nbt": "{}",
			"armAnimationEnabled": false,
			"children": [0, 1, 2, 3, 4, 5]
		}
	]
}