{
	"credit": "Copyright © 2021-2099 Ikaho-Onsen Minecraft Server. All rights reserved.",
	"textures": {
		"0": "minecraft:item/iseasuka2",
		"particle": "minecraft:item/iseasuka2"
	},
	"elements": [
		{
			"from": [7.5, 0, 7.5],
			"to": [8.5, 1, 8.5],
			"faces": {
				"north": {"uv": [0, 0, 1, 1], "texture": "#0"},
				"east": {"uv": [0, 0, 1, 1], "texture": "#0"},
				"south": {"uv": [0, 0, 1, 1], "texture": "#0"},
				"west": {"uv": [0, 0, 1, 1], "texture": "#0"},
				"up": {"uv": [0, 0, 1, 1], "texture": "#0"},
				"down": {"uv": [0, 0, 1, 1], "texture": "#0"}
			}
		},
		{
			"from": [7, 1, 7],
			"to": [9, 3, 9],
			"faces": {
				"north": {"uv": [0, 0, 2, 2], "texture": "#0"},
				"east": {"uv": [0, 0, 2, 2], "texture": "#0"},
				"south": {"uv": [0, 0, 2, 2], "texture": "#0"},
				"west": {"uv": [0, 0, 2, 2], "texture": "#0"},
				"up": {"uv": [0, 0, 2, 2], "texture": "#0"},
				"down": {"uv": [0, 0, 2, 2], "texture": "#0"}
			}
		},
		{
			"from": [6.5, 3, 6.5],
			"to": [9.5, 5, 9.5],
			"faces": {
				"north": {"uv": [0, 0, 3, 2], "texture": "#0"},
				"east": {"uv": [0, 0, 3, 2], "texture": "#0"},
				"south": {"uv": [0, 0, 3, 2], "texture": "#0"},
				"west": {"uv": [0, 0, 3, 2], "texture": "#0"},
				"up": {"uv": [0, 0, 3, 3], "texture": "#0"},
				"down": {"uv": [0, 0, 3, 3], "texture": "#0"}
			}
		},
		{
			"from": [6, 5, 6],
			"to": [10, 8, 10],
			"faces": {
				"north": {"uv": [0, 0, 4, 3], "texture": "#0"},
				"east": {"uv": [0, 0, 4, 3], "texture": "#0"},
				"south": {"uv": [0, 0, 4, 3], "texture": "#0"},
				"west": {"uv": [0, 0, 4, 3], "texture": "#0"},
				"up": {"uv": [0, 0, 4, 4], "texture": "#0"},
				"down": {"uv": [0, 0, 4, 4], "texture": "#0"}
			}
		},
		{
			"from": [5.5, 8, 5.5],
			"to": [10.5, 14, 10.5],
			"faces": {
				"north": {"uv": [0, 0, 5, 6], "texture": "#0"},
				"east": {"uv": [0, 0, 5, 6], "texture": "#0"},
				"south": {"uv": [0, 0, 5, 6], "texture": "#0"},
				"west": {"uv": [0, 0, 5, 6], "texture": "#0"},
				"up": {"uv": [0, 0, 5, 5], "texture": "#0"},
				"down": {"uv": [0, 0, 5, 5], "texture": "#0"}
			}
		},
		{
			"from": [6, 14, 6],
			"to": [10, 16, 10],
			"faces": {
				"north": {"uv": [0, 0, 4, 2], "texture": "#0"},
				"east": {"uv": [0, 0, 4, 2], "texture": "#0"},
				"south": {"uv": [0, 0, 4, 2], "texture": "#0"},
				"west": {"uv": [0, 0, 4, 2], "texture": "#0"},
				"up": {"uv": [0, 0, 4, 4], "texture": "#0"},
				"down": {"uv": [0, 0, 4, 4], "texture": "#0"}
			}
		},
		{
			"from": [6.5, 16, 6.5],
			"to": [9.5, 17, 9.5],
			"faces": {
				"north": {"uv": [0, 0, 3, 1], "texture": "#0"},
				"east": {"uv": [0, 0, 3, 1], "texture": "#0"},
				"south": {"uv": [0, 0, 3, 1], "texture": "#0"},
				"west": {"uv": [0, 0, 3, 1], "texture": "#0"},
				"up": {"uv": [0, 0, 3, 3], "texture": "#0"},
				"down": {"uv": [0, 0, 3, 3], "texture": "#0"}
			}
		},
		{
			"from": [7.5, 17, 7.5],
			"to": [8.5, 23, 8.5],
			"faces": {
				"north": {"uv": [9, 0, 10, 6], "texture": "#0"},
				"east": {"uv": [9, 0, 10, 6], "texture": "#0"},
				"south": {"uv": [9, 0, 10, 6], "texture": "#0"},
				"west": {"uv": [9, 0, 10, 6], "texture": "#0"},
				"up": {"uv": [9, 0, 10, 1], "texture": "#0"},
				"down": {"uv": [9, 0, 10, 1], "texture": "#0"}
			}
		},
		{
			"from": [8.5, 16, 7.5],
			"to": [9, 22, 8.5],
			"rotation": {"angle": -22.5, "axis": "z", "origin": [8, 17, 7.5]},
			"faces": {
				"north": {"uv": [9, 0, 9.5, 6], "texture": "#0"},
				"east": {"uv": [9, 0, 10, 6], "texture": "#0"},
				"south": {"uv": [9, 0, 9.5, 6], "texture": "#0"},
				"west": {"uv": [9, 0, 10, 6], "texture": "#0"},
				"up": {"uv": [9, 0, 9.5, 1], "texture": "#0"},
				"down": {"uv": [9, 0, 9.5, 1], "texture": "#0"}
			}
		},
		{
			"from": [7, 16, 7.5],
			"to": [7.5, 22, 8.5],
			"rotation": {"angle": 22.5, "axis": "z", "origin": [7.5, 17, 7.5]},
			"faces": {
				"north": {"uv": [9, 0, 9.5, 6], "texture": "#0"},
				"east": {"uv": [9, 0, 10, 6], "texture": "#0"},
				"south": {"uv": [9, 0, 9.5, 6], "texture": "#0"},
				"west": {"uv": [9, 0, 10, 6], "texture": "#0"},
				"up": {"uv": [9, 0, 9.5, 1], "texture": "#0"},
				"down": {"uv": [9, 0, 9.5, 1], "texture": "#0"}
			}
		},
		{
			"from": [7.5, 16, 7],
			"to": [8.5, 22, 7.5],
			"rotation": {"angle": -22.5, "axis": "x", "origin": [7.5, 17, 7.5]},
			"faces": {
				"north": {"uv": [9, 0, 10, 6], "texture": "#0"},
				"east": {"uv": [9, 0, 9.5, 6], "texture": "#0"},
				"south": {"uv": [9, 0, 10, 6], "texture": "#0"},
				"west": {"uv": [9, 0, 9.5, 6], "texture": "#0"},
				"up": {"uv": [9, 0, 10, 0.5], "texture": "#0"},
				"down": {"uv": [9, 0, 10, 0.5], "texture": "#0"}
			}
		},
		{
			"from": [7.5, 16, 8.5],
			"to": [8.5, 22, 9],
			"rotation": {"angle": 22.5, "axis": "x", "origin": [7.5, 17, 8]},
			"faces": {
				"north": {"uv": [9, 0, 10, 6], "texture": "#0"},
				"east": {"uv": [9, 0, 9.5, 6], "texture": "#0"},
				"south": {"uv": [9, 0, 10, 6], "texture": "#0"},
				"west": {"uv": [9, 0, 9.5, 6], "texture": "#0"},
				"up": {"uv": [9, 0, 10, 0.5], "texture": "#0"},
				"down": {"uv": [9, 0, 10, 0.5], "texture": "#0"}
			}
		}
	],
	"display": {
		"thirdperson_righthand": {
			"rotation": [0, -25, 0]
		},
		"thirdperson_lefthand": {
			"rotation": [0, -25, 0]
		},
		"firstperson_righthand": {
			"rotation": [1, 6, -12],
			"translation": [2.5, 2, 0],
			"scale": [0.7, 0.7, 0.7]
		},
		"firstperson_lefthand": {
			"rotation": [1, 6, -12],
			"translation": [2.5, 2, 0],
			"scale": [0.7, 0.7, 0.7]
		},
		"gui": {
			"rotation": [0, 0, -45],
			"translation": [-2, -2.25, 0]
		},
		"head": {
			"translation": [0, -1.25, 0],
			"scale": [2, 1.5, 2]
		},
		"fixed": {
			"rotation": [-90, 0, 0],
			"translation": [0, 0, 8],
			"scale": [3, 2, 3]
		}
	}
}