{
	"credit": "Copyright © 2021-2099 Ikaho-Onsen Minecraft Server. All rights reserved.",
	"texture_size": [64, 64],
	"textures": {
		"1": "minecraft:item/banner_01",
		"2": "item/banner_custom_01",
		"particle": "minecraft:item/banner_01"
	},
	"elements": [
		{
			"from": [-11, 0, 3],
			"to": [27, 18, 6],
			"rotation": {"angle": -22.5, "axis": "x", "origin": [8, 9, 4.5]},
			"faces": {
				"north": {"uv": [0, 0, 9.5, 4.5], "texture": "#1"},
				"east": {"uv": [10.25, 0, 9.5, 4.5], "texture": "#1"},
				"south": {"uv": [0, 4.5, 9.5, 9], "texture": "#1"},
				"west": {"uv": [9.5, 0, 10.25, 4.5], "texture": "#1"},
				"up": {"uv": [9.5, 10.5, 0, 9.75], "texture": "#1"},
				"down": {"uv": [0, 9.75, 9.5, 10.5], "texture": "#1"}
			}
		},
		{
			"from": [19, -2.74089, 4.32997],
			"to": [21, 1.25911, 15.32997],
			"rotation": {"angle": 0, "axis": "x", "origin": [23, -0.74089, 12.32997]},
			"faces": {
				"north": {"uv": [9.5, 8.25, 10, 9.25], "texture": "#1"},
				"east": {"uv": [9.5, 4.5, 12.25, 5.5], "texture": "#1"},
				"west": {"uv": [12.25, 4.5, 9.5, 5.5], "texture": "#1"},
				"up": {"uv": [10, 8.25, 9.5, 5.5], "texture": "#1"},
				"down": {"uv": [10, 5.5, 10.5, 8.25], "texture": "#1"}
			}
		},
		{
			"from": [-5, -2.74089, 4.32997],
			"to": [-3, 1.25911, 15.32997],
			"rotation": {"angle": 0, "axis": "x", "origin": [-7, -0.74089, 12.32997]},
			"faces": {
				"north": {"uv": [10, 8.25, 9.5, 9.25], "texture": "#1"},
				"east": {"uv": [9.5, 4.5, 12.25, 5.5], "texture": "#1"},
				"west": {"uv": [12.25, 4.5, 9.5, 5.5], "texture": "#1"},
				"up": {"uv": [9.5, 8.25, 10, 5.5], "texture": "#1"},
				"down": {"uv": [10.5, 5.5, 10, 8.25], "texture": "#1"}
			}
		},
		{
			"name": "word",
			"from": [-11, 0, 2.8],
			"to": [27, 18, 2.8],
			"rotation": {"angle": -22.5, "axis": "x", "origin": [8, 9, 4.5]},
			"faces": {
				"north": {"uv": [0, 0, 16, 7.75], "texture": "#2", "tintindex": 0}
			}
		},
		{
			"name": "line",
			"from": [-11, 0, 2.8],
			"to": [27, 18, 2.8],
			"rotation": {"angle": -22.5, "axis": "x", "origin": [8, 9, 4.5]},
			"faces": {
				"north": {"uv": [0, 8.25, 16, 16], "texture": "#2"}
			}
		}
	],
	"gui_light": "front",
	"display": {
		"thirdperson_righthand": {
			"rotation": [75, 45, 0],
			"translation": [0, 2.5, 0],
			"scale": [0.375, 0.375, 0.375]
		},
		"thirdperson_lefthand": {
			"rotation": [75, 45, 0],
			"translation": [0, 2.5, 0],
			"scale": [0.375, 0.375, 0.375]
		},
		"firstperson_righthand": {
			"rotation": [-29, 118, 0],
			"translation": [2.5, 1, 0],
			"scale": [0.17, 0.17, 0.17]
		},
		"firstperson_lefthand": {
			"rotation": [-29, 118, 0],
			"translation": [2.5, 1, 0],
			"scale": [0.17, 0.17, 0.17]
		},
		"ground": {
			"translation": [0, 2, 0],
			"scale": [0.5, 0.5, 0.5]
		},
		"gui": {
			"rotation": [20, 142, 0],
			"translation": [0.75, 0.25, 0],
			"scale": [0.42, 0.42, 0.42]
		},
		"head": {
			"rotation": [22.5, 0, 0],
			"translation": [0, 17, 4.5],
			"scale": [1.5, 1.5, 1.5]
		},
		"fixed": {
			"translation": [0, 9.5, -3.75],
			"scale": [2, 2, 2]
		}
	},
	"groups": [
		{
			"name": "banner",
			"origin": [-7, -0.74089, 12.32997],
			"color": 0,
			"nbt": "{}",
			"armAnimationEnabled": false,
			"children": [0, 1, 2]
		},
		3,
		4
	]
}