{
	"credit": "Copyright © 2021-2099 Ikaho-Onsen Minecraft Server. All rights reserved.",
	"textures": {
		"0": "minecraft:item/beard_01",
		"particle": "minecraft:item/beard_01"
	},
	"elements": [
		{
			"from": [0, 4, 8],
			"to": [6, 6, 9],
			"faces": {
				"north": {"uv": [10, 9, 16, 11], "texture": "#0", "tintindex": 0},
				"east": {"uv": [10, 9, 11, 11], "texture": "#0", "tintindex": 0},
				"south": {"uv": [16, 9, 10, 11], "texture": "#0", "tintindex": 0},
				"west": {"uv": [15, 9, 16, 11], "texture": "#0", "tintindex": 0},
				"up": {"uv": [10, 9, 16, 10], "texture": "#0", "tintindex": 0},
				"down": {"uv": [10, 10, 16, 11], "texture": "#0", "tintindex": 0}
			}
		},
		{
			"from": [1, 3, 8],
			"to": [5, 4, 9],
			"faces": {
				"north": {"uv": [11, 11, 15, 12], "texture": "#0", "tintindex": 0},
				"east": {"uv": [11, 11, 12, 12], "texture": "#0", "tintindex": 0},
				"south": {"uv": [11, 11, 15, 12], "texture": "#0", "tintindex": 0},
				"west": {"uv": [11, 11, 12, 12], "texture": "#0", "tintindex": 0},
				"down": {"uv": [11, 11, 15, 12], "texture": "#0", "tintindex": 0}
			}
		},
		{
			"from": [0, 6, 8],
			"to": [1, 7, 9],
			"faces": {
				"north": {"uv": [15, 8, 16, 9], "texture": "#0", "tintindex": 0},
				"east": {"uv": [15, 8, 16, 9], "texture": "#0", "tintindex": 0},
				"south": {"uv": [15, 8, 16, 9], "texture": "#0", "tintindex": 0},
				"west": {"uv": [15, 8, 16, 9], "texture": "#0", "tintindex": 0},
				"up": {"uv": [15, 8, 16, 9], "texture": "#0", "tintindex": 0}
			}
		},
		{
			"from": [6, 5, 8],
			"to": [7, 6, 9],
			"faces": {
				"north": {"uv": [9, 9, 10, 10], "texture": "#0", "tintindex": 0},
				"east": {"uv": [9, 9, 10, 10], "texture": "#0", "tintindex": 0},
				"south": {"uv": [9, 9, 10, 10], "texture": "#0", "tintindex": 0},
				"down": {"uv": [9, 9, 10, 10], "texture": "#0", "tintindex": 0}
			}
		},
		{
			"from": [2, 6, 8],
			"to": [7, 7, 9],
			"faces": {
				"north": {"uv": [9, 8, 14, 9], "texture": "#0", "tintindex": 0},
				"east": {"uv": [9, 8, 10, 9], "texture": "#0", "tintindex": 0},
				"south": {"uv": [14, 8, 9, 9], "texture": "#0", "tintindex": 0},
				"west": {"uv": [13, 8, 14, 9], "texture": "#0", "tintindex": 0},
				"up": {"uv": [14, 8, 9, 9], "texture": "#0", "tintindex": 0}
			}
		},
		{
			"from": [3, 7, 8],
			"to": [4, 9, 9],
			"faces": {
				"north": {"uv": [12, 6, 13, 8], "texture": "#0", "tintindex": 0},
				"south": {"uv": [12, 6, 13, 8], "texture": "#0", "tintindex": 0},
				"west": {"uv": [12, 6, 13, 8], "texture": "#0", "tintindex": 0},
				"up": {"uv": [12, 6, 13, 7], "texture": "#0", "tintindex": 0}
			}
		},
		{
			"from": [4, 7, 8],
			"to": [7, 9, 9],
			"faces": {
				"north": {"uv": [9, 6, 12, 8], "texture": "#0", "tintindex": 0},
				"south": {"uv": [12, 6, 9, 8], "texture": "#0", "tintindex": 0}
			}
		},
		{
			"from": [7, 7, 8],
			"to": [8, 9, 9],
			"faces": {
				"north": {"uv": [8, 6, 9, 8], "texture": "#0", "tintindex": 0},
				"south": {"uv": [8, 6, 9, 8], "texture": "#0", "tintindex": 0},
				"up": {"uv": [8, 6, 9, 7], "texture": "#0", "tintindex": 0},
				"down": {"uv": [8, 7, 9, 8], "texture": "#0", "tintindex": 0}
			}
		},
		{
			"from": [4, 9, 8],
			"to": [7, 10, 9],
			"faces": {
				"north": {"uv": [9, 5, 12, 6], "texture": "#0", "tintindex": 0},
				"east": {"uv": [9, 5, 10, 6], "texture": "#0", "tintindex": 0},
				"south": {"uv": [9, 5, 12, 6], "texture": "#0", "tintindex": 0},
				"west": {"uv": [9, 5, 10, 6], "texture": "#0", "tintindex": 0},
				"up": {"uv": [9, 5, 12, 6], "texture": "#0", "tintindex": 0}
			}
		},
		{
			"from": [10, 4, 8],
			"to": [16, 6, 9],
			"rotation": {"angle": 0, "axis": "y", "origin": [16, 0, 0]},
			"faces": {
				"north": {"uv": [16, 9, 10, 11], "texture": "#0", "tintindex": 0},
				"east": {"uv": [16, 9, 15, 11], "texture": "#0", "tintindex": 0},
				"south": {"uv": [10, 9, 16, 11], "texture": "#0", "tintindex": 0},
				"west": {"uv": [11, 9, 10, 11], "texture": "#0", "tintindex": 0},
				"up": {"uv": [16, 9, 10, 10], "texture": "#0", "tintindex": 0},
				"down": {"uv": [16, 10, 10, 11], "texture": "#0", "tintindex": 0}
			}
		},
		{
			"from": [11, 3, 8],
			"to": [15, 4, 9],
			"rotation": {"angle": 0, "axis": "y", "origin": [16, 0, 0]},
			"faces": {
				"north": {"uv": [15, 11, 11, 12], "texture": "#0", "tintindex": 0},
				"east": {"uv": [12, 11, 11, 12], "texture": "#0", "tintindex": 0},
				"south": {"uv": [15, 11, 11, 12], "texture": "#0", "tintindex": 0},
				"west": {"uv": [12, 11, 11, 12], "texture": "#0", "tintindex": 0},
				"down": {"uv": [15, 11, 11, 12], "texture": "#0", "tintindex": 0}
			}
		},
		{
			"from": [15, 6, 8],
			"to": [16, 7, 9],
			"rotation": {"angle": 0, "axis": "y", "origin": [16, 0, 0]},
			"faces": {
				"north": {"uv": [16, 8, 15, 9], "texture": "#0", "tintindex": 0},
				"east": {"uv": [16, 8, 15, 9], "texture": "#0", "tintindex": 0},
				"south": {"uv": [16, 8, 15, 9], "texture": "#0", "tintindex": 0},
				"west": {"uv": [16, 8, 15, 9], "texture": "#0", "tintindex": 0},
				"up": {"uv": [16, 8, 15, 9], "texture": "#0", "tintindex": 0}
			}
		},
		{
			"from": [9, 5, 8],
			"to": [10, 6, 9],
			"rotation": {"angle": 0, "axis": "y", "origin": [16, 0, 0]},
			"faces": {
				"north": {"uv": [10, 9, 9, 10], "texture": "#0", "tintindex": 0},
				"south": {"uv": [10, 9, 9, 10], "texture": "#0", "tintindex": 0},
				"west": {"uv": [10, 9, 9, 10], "texture": "#0", "tintindex": 0},
				"down": {"uv": [10, 9, 9, 10], "texture": "#0", "tintindex": 0}
			}
		},
		{
			"from": [9, 6, 8],
			"to": [14, 7, 9],
			"rotation": {"angle": 0, "axis": "y", "origin": [16, 0, 0]},
			"faces": {
				"north": {"uv": [14, 8, 9, 9], "texture": "#0", "tintindex": 0},
				"east": {"uv": [14, 8, 13, 9], "texture": "#0", "tintindex": 0},
				"south": {"uv": [9, 8, 14, 9], "texture": "#0", "tintindex": 0},
				"west": {"uv": [10, 8, 9, 9], "texture": "#0", "tintindex": 0},
				"up": {"uv": [9, 8, 14, 9], "texture": "#0", "tintindex": 0}
			}
		},
		{
			"from": [12, 7, 8],
			"to": [13, 9, 9],
			"rotation": {"angle": 0, "axis": "y", "origin": [16, 0, 0]},
			"faces": {
				"north": {"uv": [13, 6, 12, 8], "texture": "#0", "tintindex": 0},
				"east": {"uv": [13, 6, 12, 8], "texture": "#0", "tintindex": 0},
				"south": {"uv": [13, 6, 12, 8], "texture": "#0", "tintindex": 0},
				"up": {"uv": [13, 6, 12, 7], "texture": "#0", "tintindex": 0}
			}
		},
		{
			"from": [9, 7, 8],
			"to": [12, 9, 9],
			"rotation": {"angle": 0, "axis": "y", "origin": [16, 0, 0]},
			"faces": {
				"north": {"uv": [12, 6, 9, 8], "texture": "#0", "tintindex": 0},
				"south": {"uv": [9, 6, 12, 8], "texture": "#0", "tintindex": 0}
			}
		},
		{
			"from": [8, 7, 8],
			"to": [9, 9, 9],
			"rotation": {"angle": 0, "axis": "y", "origin": [16, 0, 0]},
			"faces": {
				"north": {"uv": [9, 6, 8, 8], "texture": "#0", "tintindex": 0},
				"south": {"uv": [9, 6, 8, 8], "texture": "#0", "tintindex": 0},
				"up": {"uv": [9, 6, 8, 7], "texture": "#0", "tintindex": 0},
				"down": {"uv": [9, 7, 8, 8], "texture": "#0", "tintindex": 0}
			}
		},
		{
			"from": [9, 9, 8],
			"to": [12, 10, 9],
			"rotation": {"angle": 0, "axis": "y", "origin": [16, 0, 0]},
			"faces": {
				"north": {"uv": [12, 5, 9, 6], "texture": "#0", "tintindex": 0},
				"east": {"uv": [10, 5, 9, 6], "texture": "#0", "tintindex": 0},
				"south": {"uv": [12, 5, 9, 6], "texture": "#0", "tintindex": 0},
				"west": {"uv": [10, 5, 9, 6], "texture": "#0", "tintindex": 0},
				"up": {"uv": [12, 5, 9, 6], "texture": "#0", "tintindex": 0}
			}
		}
	],
	"gui_light": "front",
	"display": {
		"thirdperson_righthand": {
			"translation": [0, 3, 1],
			"scale": [0.55, 0.55, 0.55]
		},
		"thirdperson_lefthand": {
			"translation": [0, 3, 1],
			"scale": [0.55, 0.55, 0.55]
		},
		"firstperson_righthand": {
			"rotation": [0, -90, 25],
			"translation": [1.13, 3.2, 1.13],
			"scale": [0.68, 0.68, 0.68]
		},
		"firstperson_lefthand": {
			"rotation": [0, -90, 25],
			"translation": [1.13, 3.2, 1.13],
			"scale": [0.68, 0.68, 0.68]
		},
		"ground": {
			"translation": [0, 2, 0],
			"scale": [0.5, 0.5, 0.5]
		},
		"head": {
			"rotation": [0, 180, 0],
			"translation": [0, -5.75, -6.5]
		},
		"fixed": {
			"rotation": [0, 180, 0]
		}
	}
}