{
	"credit": "Copyright © 2021-2099 Ikaho-Onsen Minecraft Server. All rights reserved.",
	"textures": {
		"0": "minecraft:item/horn_02",
		"particle": "minecraft:item/horn_02"
	},
	"elements": [
		{
			"from": [0.975, 4, 4],
			"to": [5.025, 8, 9],
			"rotation": {"angle": -45, "axis": "x", "origin": [2.5, 5, 4]},
			"faces": {
				"north": {"uv": [0, 4, 4, 8], "texture": "#0", "tintindex": 0},
				"east": {"uv": [0, 0, 5, 4], "texture": "#0", "tintindex": 0},
				"west": {"uv": [0, 0, 5, 4], "texture": "#0", "tintindex": 0},
				"up": {"uv": [0, 0, 5, 4], "rotation": 90, "texture": "#0", "tintindex": 0},
				"down": {"uv": [0, 0, 5, 4], "rotation": 90, "texture": "#0", "tintindex": 0}
			}
		},
		{
			"from": [1, 7.65685, 5.41421],
			"to": [5, 10.65685, 9.41421],
			"rotation": {"angle": 0, "axis": "y", "origin": [2.5, 8.15685, 6.41421]},
			"faces": {
				"east": {"uv": [4, 4, 8, 7], "texture": "#0", "tintindex": 0},
				"south": {"uv": [8, 3, 12, 6], "texture": "#0", "tintindex": 0},
				"west": {"uv": [4, 4, 8, 7], "texture": "#0", "tintindex": 0},
				"up": {"uv": [8, 2, 12, 6], "texture": "#0", "tintindex": 0},
				"down": {"uv": [8, 2, 12, 6], "texture": "#0", "tintindex": 0}
			}
		},
		{
			"from": [0, 6.18198, 8.26777],
			"to": [3, 10.18198, 11.26777],
			"rotation": {"angle": -45, "axis": "x", "origin": [3.5, 8.18198, 9.76777]},
			"faces": {
				"north": {"uv": [5, 0, 8, 4], "texture": "#0", "tintindex": 0},
				"east": {"uv": [5, 0, 8, 4], "texture": "#0", "tintindex": 0},
				"south": {"uv": [5, 0, 8, 4], "texture": "#0", "tintindex": 0},
				"west": {"uv": [5, 0, 8, 4], "texture": "#0", "tintindex": 0},
				"up": {"uv": [10, 10, 7, 7], "texture": "#0", "tintindex": 0},
				"down": {"uv": [10, 7, 7, 10], "texture": "#0", "tintindex": 0}
			}
		},
		{
			"from": [-0.65119, 4.55469, 10.24264],
			"to": [2.34881, 8.55469, 12.24264],
			"rotation": {"angle": -22.5, "axis": "z", "origin": [0.84881, 6.55469, 11.24264]},
			"faces": {
				"north": {"uv": [4, 7, 7, 11], "texture": "#0", "tintindex": 0},
				"east": {"uv": [0, 8, 2, 12], "texture": "#0", "tintindex": 0},
				"south": {"uv": [4, 7, 7, 11], "texture": "#0", "tintindex": 0},
				"west": {"uv": [0, 8, 2, 12], "texture": "#0", "tintindex": 0},
				"up": {"uv": [10, 7, 13, 9], "texture": "#0", "tintindex": 0},
				"down": {"uv": [10, 7, 13, 9], "texture": "#0", "tintindex": 0}
			}
		},
		{
			"from": [-1.30237, 3.74395, 9.54293],
			"to": [0.69763, 5.74395, 13.54293],
			"rotation": {"angle": -22.5, "axis": "x", "origin": [-0.30237, 1.74395, 11.54293]},
			"faces": {
				"north": {"uv": [2, 8, 4, 10], "texture": "#0", "tintindex": 0},
				"east": {"uv": [8, 0, 12, 2], "texture": "#0", "tintindex": 0},
				"south": {"uv": [2, 8, 4, 10], "texture": "#0", "tintindex": 0},
				"west": {"uv": [8, 0, 12, 2], "texture": "#0", "tintindex": 0},
				"up": {"uv": [14, 0, 12, 4], "texture": "#0", "tintindex": 0},
				"down": {"uv": [12, 4, 14, 0], "texture": "#0", "tintindex": 0}
			}
		},
		{
			"from": [10.975, 4, 4],
			"to": [15.025, 8, 9],
			"rotation": {"angle": -45, "axis": "x", "origin": [13.5, 5, 4]},
			"faces": {
				"north": {"uv": [4, 4, 0, 8], "texture": "#0", "tintindex": 0},
				"east": {"uv": [5, 0, 0, 4], "texture": "#0", "tintindex": 0},
				"west": {"uv": [5, 0, 0, 4], "texture": "#0", "tintindex": 0},
				"up": {"uv": [0, 4, 5, 0], "rotation": 90, "texture": "#0", "tintindex": 0},
				"down": {"uv": [0, 4, 5, 0], "rotation": 90, "texture": "#0", "tintindex": 0}
			}
		},
		{
			"from": [11, 7.65685, 5.41421],
			"to": [15, 10.65685, 9.41421],
			"rotation": {"angle": 0, "axis": "y", "origin": [13.5, 8.15685, 6.41421]},
			"faces": {
				"east": {"uv": [8, 4, 4, 7], "texture": "#0", "tintindex": 0},
				"south": {"uv": [12, 3, 8, 6], "texture": "#0", "tintindex": 0},
				"west": {"uv": [8, 4, 4, 7], "texture": "#0", "tintindex": 0},
				"up": {"uv": [12, 2, 8, 6], "texture": "#0", "tintindex": 0},
				"down": {"uv": [12, 2, 8, 6], "texture": "#0", "tintindex": 0}
			}
		},
		{
			"from": [13, 6.18198, 8.26777],
			"to": [16, 10.18198, 11.26777],
			"rotation": {"angle": -45, "axis": "x", "origin": [12.5, 8.18198, 9.76777]},
			"faces": {
				"north": {"uv": [8, 0, 5, 4], "texture": "#0", "tintindex": 0},
				"east": {"uv": [8, 0, 5, 4], "texture": "#0", "tintindex": 0},
				"south": {"uv": [8, 0, 5, 4], "texture": "#0", "tintindex": 0},
				"west": {"uv": [8, 0, 5, 4], "texture": "#0", "tintindex": 0},
				"up": {"uv": [7, 10, 10, 7], "texture": "#0", "tintindex": 0},
				"down": {"uv": [7, 7, 10, 10], "texture": "#0", "tintindex": 0}
			}
		},
		{
			"from": [13.65119, 4.55469, 10.24264],
			"to": [16.65119, 8.55469, 12.24264],
			"rotation": {"angle": 22.5, "axis": "z", "origin": [15.15119, 6.55469, 11.24264]},
			"faces": {
				"north": {"uv": [7, 7, 4, 11], "texture": "#0", "tintindex": 0},
				"east": {"uv": [2, 8, 0, 12], "texture": "#0", "tintindex": 0},
				"south": {"uv": [7, 7, 4, 11], "texture": "#0", "tintindex": 0},
				"west": {"uv": [2, 8, 0, 12], "texture": "#0", "tintindex": 0},
				"up": {"uv": [13, 7, 10, 9], "texture": "#0", "tintindex": 0},
				"down": {"uv": [13, 7, 10, 9], "texture": "#0", "tintindex": 0}
			}
		},
		{
			"from": [15.30237, 3.74395, 9.54293],
			"to": [17.30237, 5.74395, 13.54293],
			"rotation": {"angle": -22.5, "axis": "x", "origin": [16.30237, 1.74395, 11.54293]},
			"faces": {
				"north": {"uv": [4, 8, 2, 10], "texture": "#0", "tintindex": 0},
				"east": {"uv": [12, 0, 8, 2], "texture": "#0", "tintindex": 0},
				"south": {"uv": [4, 8, 2, 10], "texture": "#0", "tintindex": 0},
				"west": {"uv": [12, 0, 8, 2], "texture": "#0", "tintindex": 0},
				"up": {"uv": [12, 0, 14, 4], "texture": "#0", "tintindex": 0},
				"down": {"uv": [14, 4, 12, 0], "texture": "#0", "tintindex": 0}
			}
		},
		{
			"from": [0, 4, 5],
			"to": [4, 5, 9],
			"rotation": {"angle": 45, "axis": "z", "origin": [2.5, 4.5, 7]},
			"faces": {
				"north": {"uv": [4, 15, 8, 16], "texture": "#0", "tintindex": 0},
				"east": {"uv": [4, 13, 8, 14], "texture": "#0", "tintindex": 0},
				"south": {"uv": [8, 16, 4, 15], "texture": "#0", "tintindex": 0},
				"west": {"uv": [4, 14, 8, 15], "texture": "#0", "tintindex": 0},
				"up": {"uv": [0, 12, 4, 16], "texture": "#0", "tintindex": 0},
				"down": {"uv": [8, 12, 12, 16], "texture": "#0", "tintindex": 0}
			}
		},
		{
			"from": [0, 4, 5],
			"to": [4, 4, 9],
			"rotation": {"angle": 45, "axis": "z", "origin": [2.5, 4.5, 7]},
			"faces": {
				"down": {"uv": [12, 12, 16, 16], "texture": "#0"}
			}
		},
		{
			"from": [12, 4, 5],
			"to": [16, 4, 9],
			"rotation": {"angle": -45, "axis": "z", "origin": [13.5, 4.5, 7]},
			"faces": {
				"down": {"uv": [16, 12, 12, 16], "texture": "#0"}
			}
		},
		{
			"from": [12, 4, 5],
			"to": [16, 5, 9],
			"rotation": {"angle": -45, "axis": "z", "origin": [13.5, 4.5, 7]},
			"faces": {
				"north": {"uv": [8, 15, 4, 16], "texture": "#0", "tintindex": 0},
				"east": {"uv": [8, 14, 4, 15], "texture": "#0", "tintindex": 0},
				"south": {"uv": [4, 16, 8, 15], "texture": "#0", "tintindex": 0},
				"west": {"uv": [8, 13, 4, 14], "texture": "#0", "tintindex": 0},
				"up": {"uv": [4, 12, 0, 16], "texture": "#0", "tintindex": 0},
				"down": {"uv": [12, 12, 8, 16], "texture": "#0", "tintindex": 0}
			}
		}
	],
	"gui_light": "front",
	"display": {
		"thirdperson_righthand": {
			"rotation": [75, 45, 0],
			"translation": [0, 2.5, 0],
			"scale": [0.375, 0.375, 0.375]
		},
		"thirdperson_lefthand": {
			"rotation": [75, 45, 0],
			"translation": [0, 2.5, 0],
			"scale": [0.375, 0.375, 0.375]
		},
		"firstperson_righthand": {
			"rotation": [0, 90, -15],
			"translation": [2.5, 1.25, 0],
			"scale": [0.4, 0.4, 0.4]
		},
		"firstperson_lefthand": {
			"rotation": [0, 90, -15],
			"translation": [2.5, 1.25, 0],
			"scale": [0.4, 0.4, 0.4]
		},
		"ground": {
			"translation": [0, 2, 0],
			"scale": [0.5, 0.5, 0.5]
		},
		"gui": {
			"rotation": [6, 135, 0],
			"translation": [0, 0.5, 0],
			"scale": [0.77, 0.77, 0.77]
		},
		"head": {
			"rotation": [22.5, 0, 0],
			"translation": [0, 4.75, 0.5],
			"scale": [1.5, 1.5, 1.5]
		},
		"fixed": {
			"rotation": [-90, 0, 0],
			"translation": [0, 0, -11.25],
			"scale": [2, 2, 2]
		}
	}
}