{
	"credit": "Copyright © 2021-2099 Ikaho-Onsen Minecraft Server. All rights reserved.",
	"ambientocclusion": false,
	"textures": {
		"128": "minecraft:item/furnace_side",
		"140": "minecraft:item/hardened_clay_stained_black",
		"142": "minecraft:item/hardened_clay_stained_cyan",
		"153": "minecraft:item/hardened_clay_stained_silver",
		"particle": "minecraft:block/light_blue_shulker_box"
	},
	"elements": [
		{
			"from": [7.18, -0.2, -7.58],
			"to": [8.82, 1.44, -5.94],
			"faces": {
				"north": {"uv": [0, 0, 2, 2], "texture": "#142"},
				"east": {"uv": [0, 0, 2, 2], "texture": "#142"},
				"south": {"uv": [0, 0, 2, 2], "texture": "#142"},
				"west": {"uv": [0, 0, 2, 2], "texture": "#142"},
				"up": {"uv": [0, 0, 2, 2], "rotation": 180, "texture": "#142"},
				"down": {"uv": [0, 0, 2, 2], "rotation": 180, "texture": "#142"}
			}
		},
		{
			"from": [0.16, -2.66, -8.4],
			"to": [15.84, -0.2, -5.94],
			"faces": {
				"north": {"uv": [0, 0, 16, 3], "texture": "#142"},
				"east": {"uv": [0, 0, 16, 3], "texture": "#142"},
				"south": {"uv": [0, 0, 16, 3], "texture": "#142"},
				"west": {"uv": [0, 0, 16, 3], "texture": "#142"},
				"up": {"uv": [0, 0, 16, 3], "rotation": 180, "texture": "#142"},
				"down": {"uv": [0, 0, 16, 3], "rotation": 180, "texture": "#142"}
			}
		},
		{
			"from": [2.32, -4.66, -8.4],
			"to": [4, -2.2, -5.94],
			"faces": {
				"north": {"uv": [0, 0, 16, 3], "texture": "#142"},
				"east": {"uv": [0, 0, 16, 3], "texture": "#142"},
				"south": {"uv": [0, 0, 16, 3], "texture": "#142"},
				"west": {"uv": [0, 0, 16, 3], "texture": "#142"},
				"up": {"uv": [0, 0, 16, 3], "rotation": 180, "texture": "#142"},
				"down": {"uv": [0, 0, 16, 3], "rotation": 180, "texture": "#142"}
			}
		},
		{
			"from": [11.78, -4.66, -8.4],
			"to": [13.46, -2.2, -5.94],
			"faces": {
				"north": {"uv": [0, 0, 16, 3], "texture": "#142"},
				"east": {"uv": [0, 0, 16, 3], "texture": "#142"},
				"south": {"uv": [0, 0, 16, 3], "texture": "#142"},
				"west": {"uv": [0, 0, 16, 3], "texture": "#142"},
				"up": {"uv": [0, 0, 16, 3], "rotation": 180, "texture": "#142"},
				"down": {"uv": [0, 0, 16, 3], "rotation": 180, "texture": "#142"}
			}
		},
		{
			"from": [-0.48, -3.48, -10.04],
			"to": [1.16, -1.02, -4.3],
			"faces": {
				"north": {"uv": [14, 0, 16, 3], "texture": "#128"},
				"east": {"uv": [8, 0, 14, 3], "texture": "#128"},
				"south": {"uv": [6, 0, 8, 3], "texture": "#128"},
				"west": {"uv": [0, 0, 6, 3], "texture": "#128"},
				"up": {"uv": [14, 3, 16, 9], "rotation": 180, "texture": "#128"},
				"down": {"uv": [12, 3, 14, 9], "rotation": 180, "texture": "#128"}
			}
		},
		{
			"from": [1.5, -5.48, -10.04],
			"to": [3.96, -3.84, -4.3],
			"faces": {
				"north": {"uv": [13, 0, 16, 2], "texture": "#128"},
				"east": {"uv": [3, 2, 9, 4], "texture": "#128"},
				"south": {"uv": [6, 0, 9, 2], "texture": "#128"},
				"west": {"uv": [0, 0, 6, 2], "texture": "#128"},
				"up": {"uv": [13, 9, 16, 16], "rotation": 180, "texture": "#128"},
				"down": {"uv": [13, 2, 16, 9], "rotation": 180, "texture": "#128"}
			}
		},
		{
			"from": [14.84, -3.48, -10.04],
			"to": [16.48, -1.02, -4.3],
			"faces": {
				"north": {"uv": [0, 0, 2, 3], "texture": "#128"},
				"east": {"uv": [10, 0, 16, 3], "texture": "#128"},
				"south": {"uv": [8, 0, 10, 3], "texture": "#128"},
				"west": {"uv": [2, 0, 8, 3], "texture": "#128"},
				"up": {"uv": [0, 3, 2, 10], "rotation": 180, "texture": "#128"},
				"down": {"uv": [2, 3, 4, 10], "rotation": 180, "texture": "#128"}
			}
		},
		{
			"from": [11.78, -5.48, -10.04],
			"to": [14.24, -3.84, -4.3],
			"faces": {
				"north": {"uv": [0, 0, 3, 2], "texture": "#128"},
				"east": {"uv": [10, 0, 16, 2], "texture": "#128"},
				"south": {"uv": [7, 0, 10, 2], "texture": "#128"},
				"west": {"uv": [7, 2, 13, 4], "texture": "#128"},
				"up": {"uv": [0, 9, 3, 16], "rotation": 180, "texture": "#128"},
				"down": {"uv": [0, 2, 3, 9], "rotation": 180, "texture": "#128"}
			}
		},
		{
			"from": [6.36, -2.66, -13.68],
			"to": [9.64, -0.2, -7.4],
			"faces": {
				"north": {"uv": [0, 0, 4, 3], "texture": "#140"},
				"east": {"uv": [0, 0, 4, 3], "texture": "#140"},
				"south": {"uv": [0, 0, 4, 3], "texture": "#140"},
				"west": {"uv": [0, 0, 4, 3], "texture": "#140"},
				"up": {"uv": [0, 0, 4, 3], "rotation": 180, "texture": "#140"},
				"down": {"uv": [0, 0, 4, 3], "rotation": 180, "texture": "#140"}
			}
		},
		{
			"from": [3.14, -6.3, -5.94],
			"to": [3.96, -5.48, -4.3],
			"faces": {
				"north": {"uv": [0, 0, 2, 1], "rotation": 90, "texture": "#153"},
				"east": {"uv": [0, 0, 2, 1], "rotation": 90, "texture": "#153"},
				"south": {"uv": [0, 0, 2, 1], "rotation": 270, "texture": "#153"},
				"west": {"uv": [0, 0, 2, 1], "rotation": 90, "texture": "#153"},
				"up": {"uv": [0, 0, 2, 1], "rotation": 270, "texture": "#153"},
				"down": {"uv": [0, 0, 2, 1], "rotation": 270, "texture": "#153"}
			}
		},
		{
			"from": [1.5, -6.3, -10.86],
			"to": [3.14, -5.48, -9.22],
			"faces": {
				"north": {"uv": [0, 0, 2, 2], "rotation": 90, "texture": "#142"},
				"east": {"uv": [0, 0, 2, 2], "rotation": 90, "texture": "#142"},
				"south": {"uv": [0, 0, 2, 2], "rotation": 270, "texture": "#142"},
				"west": {"uv": [0, 0, 2, 2], "rotation": 90, "texture": "#142"},
				"up": {"uv": [0, 0, 2, 2], "rotation": 270, "texture": "#142"},
				"down": {"uv": [0, 0, 2, 2], "rotation": 270, "texture": "#142"}
			}
		},
		{
			"from": [1.5, -6.3, -11.68],
			"to": [3.14, -5.48, -10.86],
			"faces": {
				"north": {"uv": [0, 0, 1, 2], "rotation": 90, "texture": "#153"},
				"east": {"uv": [0, 0, 1, 2], "rotation": 90, "texture": "#153"},
				"south": {"uv": [0, 0, 1, 2], "rotation": 270, "texture": "#153"},
				"west": {"uv": [0, 0, 1, 2], "rotation": 90, "texture": "#153"},
				"up": {"uv": [0, 0, 1, 2], "rotation": 270, "texture": "#153"},
				"down": {"uv": [0, 0, 1, 2], "rotation": 270, "texture": "#153"}
			}
		},
		{
			"from": [1.5, -6.3, -9.22],
			"to": [3.14, -5.48, -8.4],
			"faces": {
				"north": {"uv": [0, 0, 1, 2], "rotation": 90, "texture": "#153"},
				"east": {"uv": [0, 0, 1, 2], "rotation": 90, "texture": "#153"},
				"south": {"uv": [0, 0, 1, 2], "rotation": 270, "texture": "#153"},
				"west": {"uv": [0, 0, 1, 2], "rotation": 90, "texture": "#153"},
				"up": {"uv": [0, 0, 1, 2], "rotation": 270, "texture": "#153"},
				"down": {"uv": [0, 0, 1, 2], "rotation": 270, "texture": "#153"}
			}
		},
		{
			"from": [3.14, -6.3, -10.86],
			"to": [3.96, -5.48, -9.22],
			"faces": {
				"north": {"uv": [0, 0, 2, 1], "rotation": 90, "texture": "#153"},
				"east": {"uv": [0, 0, 2, 1], "rotation": 90, "texture": "#153"},
				"south": {"uv": [0, 0, 2, 1], "rotation": 270, "texture": "#153"},
				"west": {"uv": [0, 0, 2, 1], "rotation": 90, "texture": "#153"},
				"up": {"uv": [0, 0, 2, 1], "rotation": 270, "texture": "#153"},
				"down": {"uv": [0, 0, 2, 1], "rotation": 270, "texture": "#153"}
			}
		},
		{
			"from": [0.68, -6.3, -10.86],
			"to": [1.5, -5.48, -9.22],
			"faces": {
				"north": {"uv": [0, 0, 1, 1], "rotation": 90, "texture": "#153"},
				"east": {"uv": [0, 0, 1, 2], "rotation": 90, "texture": "#153"},
				"south": {"uv": [0, 0, 1, 1], "rotation": 270, "texture": "#153"},
				"west": {"uv": [0, 0, 1, 2], "rotation": 90, "texture": "#153"},
				"up": {"uv": [0, 0, 2, 1], "rotation": 270, "texture": "#153"},
				"down": {"uv": [0, 0, 2, 1], "rotation": 270, "texture": "#153"}
			}
		},
		{
			"from": [0.68, -6.3, -5.94],
			"to": [1.5, -5.48, -4.3],
			"faces": {
				"north": {"uv": [0, 0, 2, 1], "rotation": 90, "texture": "#153"},
				"east": {"uv": [0, 0, 2, 1], "rotation": 90, "texture": "#153"},
				"south": {"uv": [0, 0, 2, 1], "rotation": 270, "texture": "#153"},
				"west": {"uv": [0, 0, 2, 1], "rotation": 90, "texture": "#153"},
				"up": {"uv": [0, 0, 2, 1], "rotation": 270, "texture": "#153"},
				"down": {"uv": [0, 0, 2, 1], "rotation": 270, "texture": "#153"}
			}
		},
		{
			"from": [1.5, -6.3, -6.76],
			"to": [3.14, -5.48, -5.94],
			"faces": {
				"north": {"uv": [0, 0, 1, 2], "rotation": 90, "texture": "#153"},
				"east": {"uv": [0, 0, 1, 2], "rotation": 90, "texture": "#153"},
				"south": {"uv": [0, 0, 1, 2], "rotation": 270, "texture": "#153"},
				"west": {"uv": [0, 0, 1, 2], "rotation": 90, "texture": "#153"},
				"up": {"uv": [0, 0, 1, 2], "rotation": 270, "texture": "#153"},
				"down": {"uv": [0, 0, 1, 2], "rotation": 270, "texture": "#153"}
			}
		},
		{
			"from": [1.5, -6.3, -5.94],
			"to": [3.14, -5.48, -4.3],
			"faces": {
				"north": {"uv": [0, 0, 2, 2], "rotation": 90, "texture": "#142"},
				"east": {"uv": [0, 0, 2, 2], "rotation": 90, "texture": "#142"},
				"south": {"uv": [0, 0, 2, 2], "rotation": 270, "texture": "#142"},
				"west": {"uv": [0, 0, 2, 2], "rotation": 90, "texture": "#142"},
				"up": {"uv": [0, 0, 2, 2], "rotation": 270, "texture": "#142"},
				"down": {"uv": [0, 0, 2, 2], "rotation": 270, "texture": "#142"}
			}
		},
		{
			"from": [1.5, -6.3, -4.3],
			"to": [3.14, -5.48, -3.48],
			"faces": {
				"north": {"uv": [0, 0, 1, 2], "rotation": 90, "texture": "#153"},
				"east": {"uv": [0, 0, 1, 2], "rotation": 90, "texture": "#153"},
				"south": {"uv": [0, 0, 1, 2], "rotation": 270, "texture": "#153"},
				"west": {"uv": [0, 0, 1, 2], "rotation": 90, "texture": "#153"},
				"up": {"uv": [0, 0, 1, 2], "rotation": 270, "texture": "#153"},
				"down": {"uv": [0, 0, 1, 2], "rotation": 270, "texture": "#153"}
			}
		},
		{
			"from": [-1.3, -1.84, -5.94],
			"to": [-0.48, -1.02, -4.3],
			"faces": {
				"north": {"uv": [0, 0, 2, 1], "texture": "#153"},
				"east": {"uv": [0, 0, 2, 1], "texture": "#153"},
				"south": {"uv": [0, 0, 2, 1], "texture": "#153"},
				"west": {"uv": [0, 0, 2, 1], "texture": "#153"},
				"up": {"uv": [0, 0, 2, 1], "rotation": 180, "texture": "#153"},
				"down": {"uv": [0, 0, 2, 1], "rotation": 180, "texture": "#153"}
			}
		},
		{
			"from": [-1.3, -3.48, -10.86],
			"to": [-0.48, -1.84, -9.22],
			"faces": {
				"north": {"uv": [0, 0, 2, 2], "texture": "#142"},
				"east": {"uv": [0, 0, 2, 2], "texture": "#142"},
				"south": {"uv": [0, 0, 2, 2], "texture": "#142"},
				"west": {"uv": [0, 0, 2, 2], "texture": "#142"},
				"up": {"uv": [0, 0, 2, 2], "rotation": 180, "texture": "#142"},
				"down": {"uv": [0, 0, 2, 2], "rotation": 180, "texture": "#142"}
			}
		},
		{
			"from": [-1.3, -3.48, -11.68],
			"to": [-0.48, -1.84, -10.86],
			"faces": {
				"north": {"uv": [0, 0, 1, 2], "texture": "#153"},
				"east": {"uv": [0, 0, 1, 2], "texture": "#153"},
				"south": {"uv": [0, 0, 1, 2], "texture": "#153"},
				"west": {"uv": [0, 0, 1, 2], "texture": "#153"},
				"up": {"uv": [0, 0, 1, 2], "rotation": 180, "texture": "#153"},
				"down": {"uv": [0, 0, 1, 2], "rotation": 180, "texture": "#153"}
			}
		},
		{
			"from": [-1.3, -3.48, -9.22],
			"to": [-0.48, -1.84, -8.4],
			"faces": {
				"north": {"uv": [0, 0, 1, 2], "texture": "#153"},
				"east": {"uv": [0, 0, 1, 2], "texture": "#153"},
				"south": {"uv": [0, 0, 1, 2], "texture": "#153"},
				"west": {"uv": [0, 0, 1, 2], "texture": "#153"},
				"up": {"uv": [0, 0, 1, 2], "rotation": 180, "texture": "#153"},
				"down": {"uv": [0, 0, 1, 2], "rotation": 180, "texture": "#153"}
			}
		},
		{
			"from": [-1.3, -1.84, -10.86],
			"to": [-0.48, -1.02, -9.22],
			"faces": {
				"north": {"uv": [0, 0, 2, 1], "texture": "#153"},
				"east": {"uv": [0, 0, 2, 1], "texture": "#153"},
				"south": {"uv": [0, 0, 2, 1], "texture": "#153"},
				"west": {"uv": [0, 0, 2, 1], "texture": "#153"},
				"up": {"uv": [0, 0, 2, 1], "rotation": 180, "texture": "#153"},
				"down": {"uv": [0, 0, 2, 1], "rotation": 180, "texture": "#153"}
			}
		},
		{
			"from": [-1.3, -4.3, -10.86],
			"to": [-0.48, -3.48, -9.22],
			"faces": {
				"north": {"uv": [0, 0, 1, 1], "texture": "#153"},
				"east": {"uv": [0, 0, 2, 1], "texture": "#153"},
				"south": {"uv": [0, 0, 1, 1], "texture": "#153"},
				"west": {"uv": [0, 0, 2, 1], "texture": "#153"},
				"up": {"uv": [0, 0, 1, 2], "rotation": 180, "texture": "#153"},
				"down": {"uv": [0, 0, 1, 2], "rotation": 180, "texture": "#153"}
			}
		},
		{
			"from": [-1.3, -4.3, -5.94],
			"to": [-0.48, -3.48, -4.3],
			"faces": {
				"north": {"uv": [0, 0, 2, 1], "texture": "#153"},
				"east": {"uv": [0, 0, 2, 1], "texture": "#153"},
				"south": {"uv": [0, 0, 2, 1], "texture": "#153"},
				"west": {"uv": [0, 0, 2, 1], "texture": "#153"},
				"up": {"uv": [0, 0, 2, 1], "rotation": 180, "texture": "#153"},
				"down": {"uv": [0, 0, 2, 1], "rotation": 180, "texture": "#153"}
			}
		},
		{
			"from": [-1.3, -3.48, -6.76],
			"to": [-0.48, -1.84, -5.94],
			"faces": {
				"north": {"uv": [0, 0, 1, 2], "texture": "#153"},
				"east": {"uv": [0, 0, 1, 2], "texture": "#153"},
				"south": {"uv": [0, 0, 1, 2], "texture": "#153"},
				"west": {"uv": [0, 0, 1, 2], "texture": "#153"},
				"up": {"uv": [0, 0, 1, 2], "rotation": 180, "texture": "#153"},
				"down": {"uv": [0, 0, 1, 2], "rotation": 180, "texture": "#153"}
			}
		},
		{
			"from": [-1.3, -3.48, -5.94],
			"to": [-0.48, -1.84, -4.3],
			"faces": {
				"north": {"uv": [0, 0, 2, 2], "texture": "#142"},
				"east": {"uv": [0, 0, 2, 2], "texture": "#142"},
				"south": {"uv": [0, 0, 2, 2], "texture": "#142"},
				"west": {"uv": [0, 0, 2, 2], "texture": "#142"},
				"up": {"uv": [0, 0, 2, 2], "rotation": 180, "texture": "#142"},
				"down": {"uv": [0, 0, 2, 2], "rotation": 180, "texture": "#142"}
			}
		},
		{
			"from": [-1.3, -3.48, -4.3],
			"to": [-0.48, -1.84, -3.48],
			"faces": {
				"north": {"uv": [0, 0, 1, 2], "texture": "#153"},
				"east": {"uv": [0, 0, 1, 2], "texture": "#153"},
				"south": {"uv": [0, 0, 1, 2], "texture": "#153"},
				"west": {"uv": [0, 0, 1, 2], "texture": "#153"},
				"up": {"uv": [0, 0, 1, 2], "rotation": 180, "texture": "#153"},
				"down": {"uv": [0, 0, 1, 2], "rotation": 180, "texture": "#153"}
			}
		},
		{
			"from": [12.6, -6.3, -6.76],
			"to": [14.24, -5.48, -5.94],
			"faces": {
				"north": {"uv": [0, 0, 1, 2], "rotation": 270, "texture": "#153"},
				"east": {"uv": [0, 0, 1, 2], "rotation": 270, "texture": "#153"},
				"south": {"uv": [0, 0, 1, 2], "rotation": 90, "texture": "#153"},
				"west": {"uv": [0, 0, 1, 2], "rotation": 270, "texture": "#153"},
				"up": {"uv": [0, 0, 1, 2], "rotation": 90, "texture": "#153"},
				"down": {"uv": [0, 0, 1, 2], "rotation": 90, "texture": "#153"}
			}
		},
		{
			"from": [12.6, -6.3, -4.3],
			"to": [14.24, -5.48, -3.48],
			"faces": {
				"north": {"uv": [0, 0, 1, 2], "rotation": 270, "texture": "#153"},
				"east": {"uv": [0, 0, 1, 2], "rotation": 270, "texture": "#153"},
				"south": {"uv": [0, 0, 1, 2], "rotation": 90, "texture": "#153"},
				"west": {"uv": [0, 0, 1, 2], "rotation": 270, "texture": "#153"},
				"up": {"uv": [0, 0, 1, 2], "rotation": 90, "texture": "#153"},
				"down": {"uv": [0, 0, 1, 2], "rotation": 90, "texture": "#153"}
			}
		},
		{
			"from": [11.78, -6.3, -5.94],
			"to": [12.6, -5.48, -4.3],
			"faces": {
				"north": {"uv": [0, 0, 2, 1], "rotation": 270, "texture": "#153"},
				"east": {"uv": [0, 0, 2, 1], "rotation": 270, "texture": "#153"},
				"south": {"uv": [0, 0, 2, 1], "rotation": 90, "texture": "#153"},
				"west": {"uv": [0, 0, 2, 1], "rotation": 270, "texture": "#153"},
				"up": {"uv": [0, 0, 2, 1], "rotation": 90, "texture": "#153"},
				"down": {"uv": [0, 0, 2, 1], "rotation": 90, "texture": "#153"}
			}
		},
		{
			"from": [11.78, -6.3, -10.86],
			"to": [12.6, -5.48, -9.22],
			"faces": {
				"north": {"uv": [0, 0, 2, 1], "rotation": 270, "texture": "#153"},
				"east": {"uv": [0, 0, 2, 1], "rotation": 270, "texture": "#153"},
				"south": {"uv": [0, 0, 2, 1], "rotation": 90, "texture": "#153"},
				"west": {"uv": [0, 0, 2, 1], "rotation": 270, "texture": "#153"},
				"up": {"uv": [0, 0, 2, 1], "rotation": 90, "texture": "#153"},
				"down": {"uv": [0, 0, 2, 1], "rotation": 90, "texture": "#153"}
			}
		},
		{
			"from": [14.24, -6.3, -5.94],
			"to": [15.06, -5.48, -4.3],
			"faces": {
				"north": {"uv": [0, 0, 2, 1], "rotation": 270, "texture": "#153"},
				"east": {"uv": [0, 0, 2, 1], "rotation": 270, "texture": "#153"},
				"south": {"uv": [0, 0, 2, 1], "rotation": 90, "texture": "#153"},
				"west": {"uv": [0, 0, 2, 1], "rotation": 270, "texture": "#153"},
				"up": {"uv": [0, 0, 2, 1], "rotation": 90, "texture": "#153"},
				"down": {"uv": [0, 0, 2, 1], "rotation": 90, "texture": "#153"}
			}
		},
		{
			"from": [12.6, -6.3, -11.68],
			"to": [14.24, -5.48, -10.86],
			"faces": {
				"north": {"uv": [0, 0, 1, 2], "rotation": 270, "texture": "#153"},
				"east": {"uv": [0, 0, 1, 2], "rotation": 270, "texture": "#153"},
				"south": {"uv": [0, 0, 1, 2], "rotation": 90, "texture": "#153"},
				"west": {"uv": [0, 0, 1, 2], "rotation": 270, "texture": "#153"},
				"up": {"uv": [0, 0, 1, 2], "rotation": 90, "texture": "#153"},
				"down": {"uv": [0, 0, 1, 2], "rotation": 90, "texture": "#153"}
			}
		},
		{
			"from": [12.6, -6.3, -9.22],
			"to": [14.24, -5.48, -8.4],
			"faces": {
				"north": {"uv": [0, 0, 1, 2], "rotation": 270, "texture": "#153"},
				"east": {"uv": [0, 0, 1, 2], "rotation": 270, "texture": "#153"},
				"south": {"uv": [0, 0, 1, 2], "rotation": 90, "texture": "#153"},
				"west": {"uv": [0, 0, 1, 2], "rotation": 270, "texture": "#153"},
				"up": {"uv": [0, 0, 1, 2], "rotation": 90, "texture": "#153"},
				"down": {"uv": [0, 0, 1, 2], "rotation": 90, "texture": "#153"}
			}
		},
		{
			"from": [14.24, -6.3, -10.86],
			"to": [15.06, -5.48, -9.22],
			"faces": {
				"north": {"uv": [0, 0, 2, 1], "rotation": 270, "texture": "#153"},
				"east": {"uv": [0, 0, 2, 1], "rotation": 270, "texture": "#153"},
				"south": {"uv": [0, 0, 2, 1], "rotation": 90, "texture": "#153"},
				"west": {"uv": [0, 0, 2, 1], "rotation": 270, "texture": "#153"},
				"up": {"uv": [0, 0, 2, 1], "rotation": 90, "texture": "#153"},
				"down": {"uv": [0, 0, 2, 1], "rotation": 90, "texture": "#153"}
			}
		},
		{
			"from": [12.6, -6.3, -10.86],
			"to": [14.24, -5.48, -9.22],
			"faces": {
				"north": {"uv": [0, 0, 2, 2], "rotation": 270, "texture": "#142"},
				"east": {"uv": [0, 0, 2, 2], "rotation": 270, "texture": "#142"},
				"south": {"uv": [0, 0, 2, 2], "rotation": 90, "texture": "#142"},
				"west": {"uv": [0, 0, 2, 2], "rotation": 270, "texture": "#142"},
				"up": {"uv": [0, 0, 2, 2], "rotation": 90, "texture": "#142"},
				"down": {"uv": [0, 0, 2, 2], "rotation": 90, "texture": "#142"}
			}
		},
		{
			"from": [12.6, -6.3, -5.94],
			"to": [14.24, -5.48, -4.3],
			"faces": {
				"north": {"uv": [0, 0, 2, 2], "rotation": 270, "texture": "#142"},
				"east": {"uv": [0, 0, 2, 2], "rotation": 270, "texture": "#142"},
				"south": {"uv": [0, 0, 2, 2], "rotation": 90, "texture": "#142"},
				"west": {"uv": [0, 0, 2, 2], "rotation": 270, "texture": "#142"},
				"up": {"uv": [0, 0, 2, 2], "rotation": 90, "texture": "#142"},
				"down": {"uv": [0, 0, 2, 2], "rotation": 90, "texture": "#142"}
			}
		},
		{
			"from": [16.48, -3.48, -6.76],
			"to": [17.3, -1.84, -5.94],
			"faces": {
				"north": {"uv": [0, 0, 1, 2], "texture": "#153"},
				"east": {"uv": [0, 0, 1, 2], "texture": "#153"},
				"south": {"uv": [0, 0, 1, 2], "texture": "#153"},
				"west": {"uv": [0, 0, 1, 2], "texture": "#153"},
				"up": {"uv": [0, 0, 1, 2], "rotation": 180, "texture": "#153"},
				"down": {"uv": [0, 0, 1, 2], "rotation": 180, "texture": "#153"}
			}
		},
		{
			"from": [16.48, -3.48, -4.3],
			"to": [17.3, -1.84, -3.48],
			"faces": {
				"north": {"uv": [0, 0, 1, 2], "texture": "#153"},
				"east": {"uv": [0, 0, 1, 2], "texture": "#153"},
				"south": {"uv": [0, 0, 1, 2], "texture": "#153"},
				"west": {"uv": [0, 0, 1, 2], "texture": "#153"},
				"up": {"uv": [0, 0, 1, 2], "rotation": 180, "texture": "#153"},
				"down": {"uv": [0, 0, 1, 2], "rotation": 180, "texture": "#153"}
			}
		},
		{
			"from": [16.48, -1.84, -5.94],
			"to": [17.3, -1.02, -4.3],
			"faces": {
				"north": {"uv": [0, 0, 2, 1], "texture": "#153"},
				"east": {"uv": [0, 0, 2, 1], "texture": "#153"},
				"south": {"uv": [0, 0, 2, 1], "texture": "#153"},
				"west": {"uv": [0, 0, 2, 1], "texture": "#153"},
				"up": {"uv": [0, 0, 2, 1], "rotation": 180, "texture": "#153"},
				"down": {"uv": [0, 0, 2, 1], "rotation": 180, "texture": "#153"}
			}
		},
		{
			"from": [16.48, -4.3, -10.86],
			"to": [17.3, -3.48, -9.22],
			"faces": {
				"north": {"uv": [0, 0, 2, 1], "texture": "#153"},
				"east": {"uv": [0, 0, 2, 1], "texture": "#153"},
				"south": {"uv": [0, 0, 2, 1], "texture": "#153"},
				"west": {"uv": [0, 0, 2, 1], "texture": "#153"},
				"up": {"uv": [0, 0, 2, 1], "rotation": 180, "texture": "#153"},
				"down": {"uv": [0, 0, 2, 1], "rotation": 180, "texture": "#153"}
			}
		},
		{
			"from": [16.48, -4.3, -5.94],
			"to": [17.3, -3.48, -4.3],
			"faces": {
				"north": {"uv": [0, 0, 2, 1], "texture": "#153"},
				"east": {"uv": [0, 0, 2, 1], "texture": "#153"},
				"south": {"uv": [0, 0, 2, 1], "texture": "#153"},
				"west": {"uv": [0, 0, 2, 1], "texture": "#153"},
				"up": {"uv": [0, 0, 2, 1], "rotation": 180, "texture": "#153"},
				"down": {"uv": [0, 0, 2, 1], "rotation": 180, "texture": "#153"}
			}
		},
		{
			"from": [16.48, -3.48, -11.68],
			"to": [17.3, -1.84, -10.86],
			"faces": {
				"north": {"uv": [0, 0, 1, 2], "texture": "#153"},
				"east": {"uv": [0, 0, 1, 2], "texture": "#153"},
				"south": {"uv": [0, 0, 1, 2], "texture": "#153"},
				"west": {"uv": [0, 0, 1, 2], "texture": "#153"},
				"up": {"uv": [0, 0, 1, 2], "rotation": 180, "texture": "#153"},
				"down": {"uv": [0, 0, 1, 2], "rotation": 180, "texture": "#153"}
			}
		},
		{
			"from": [16.48, -3.48, -9.22],
			"to": [17.3, -1.84, -8.4],
			"faces": {
				"north": {"uv": [0, 0, 1, 2], "texture": "#153"},
				"east": {"uv": [0, 0, 1, 2], "texture": "#153"},
				"south": {"uv": [0, 0, 1, 2], "texture": "#153"},
				"west": {"uv": [0, 0, 1, 2], "texture": "#153"},
				"up": {"uv": [0, 0, 1, 2], "rotation": 180, "texture": "#153"},
				"down": {"uv": [0, 0, 1, 2], "rotation": 180, "texture": "#153"}
			}
		},
		{
			"from": [16.48, -1.84, -10.86],
			"to": [17.3, -1.02, -9.22],
			"faces": {
				"north": {"uv": [0, 0, 2, 1], "texture": "#153"},
				"east": {"uv": [0, 0, 2, 1], "texture": "#153"},
				"south": {"uv": [0, 0, 2, 1], "texture": "#153"},
				"west": {"uv": [0, 0, 2, 1], "texture": "#153"},
				"up": {"uv": [0, 0, 2, 1], "rotation": 180, "texture": "#153"},
				"down": {"uv": [0, 0, 2, 1], "rotation": 180, "texture": "#153"}
			}
		},
		{
			"from": [16.48, -3.48, -10.86],
			"to": [17.3, -1.84, -9.22],
			"faces": {
				"north": {"uv": [0, 0, 2, 2], "texture": "#142"},
				"east": {"uv": [0, 0, 2, 2], "texture": "#142"},
				"south": {"uv": [0, 0, 2, 2], "texture": "#142"},
				"west": {"uv": [0, 0, 2, 2], "texture": "#142"},
				"up": {"uv": [0, 0, 2, 2], "rotation": 180, "texture": "#142"},
				"down": {"uv": [0, 0, 2, 2], "rotation": 180, "texture": "#142"}
			}
		},
		{
			"from": [16.48, -3.48, -5.94],
			"to": [17.3, -1.84, -4.3],
			"faces": {
				"north": {"uv": [0, 0, 2, 2], "texture": "#142"},
				"east": {"uv": [0, 0, 2, 2], "texture": "#142"},
				"south": {"uv": [0, 0, 2, 2], "texture": "#142"},
				"west": {"uv": [0, 0, 2, 2], "texture": "#142"},
				"up": {"uv": [0, 0, 2, 2], "rotation": 180, "texture": "#142"},
				"down": {"uv": [0, 0, 2, 2], "rotation": 180, "texture": "#142"}
			}
		}
	],
	"display": {
		"thirdperson_righthand": {
			"scale": [2.5, 2.5, 2.5]
		},
		"head": {
			"scale": [2.05, 2.05, 2.05]
		}
	},
	"groups": [
		0,
		1,
		2,
		3,
		4,
		5,
		6,
		7,
		8,
		{
			"name": "group",
			"origin": [0, 0, 0],
			"color": 0,
			"nbt": "{}",
			"armAnimationEnabled": false,
			"children": [
				{
					"name": "group",
					"origin": [0, 0, 0],
					"color": 0,
					"nbt": "{}",
					"armAnimationEnabled": false,
					"children": [9, 10, 11, 12, 13, 14, 15, 16, 17, 18]
				},
				{
					"name": "group",
					"origin": [0, 0, 0],
					"color": 0,
					"nbt": "{}",
					"armAnimationEnabled": false,
					"children": [19, 20, 21, 22, 23, 24, 25, 26, 27, 28]
				},
				{
					"name": "group",
					"origin": [0, 0, 0],
					"color": 0,
					"nbt": "{}",
					"armAnimationEnabled": false,
					"children": [29, 30, 31, 32, 33, 34, 35, 36, 37, 38]
				},
				{
					"name": "group",
					"origin": [0, 0, 0],
					"color": 0,
					"nbt": "{}",
					"armAnimationEnabled": false,
					"children": [39, 40, 41, 42, 43, 44, 45, 46, 47, 48]
				}
			]
		}
	]
}