{
	"credit": "Made with Blockbench",
	"texture_size": [32, 32],
	"textures": {
		"0": "item/chainsaw",
		"particle": "item/chainsaw"
	},
	"elements": [
		{
			"from": [7, -1, 6],
			"to": [9, 18, 10],
			"rotation": {"angle": 0, "axis": "y", "origin": [7, 0, 6]},
			"faces": {
				"north": {"uv": [3, 0, 2, 9.5], "texture": "#0"},
				"east": {"uv": [0, 0, 2, 9.5], "texture": "#0"},
				"south": {"uv": [2, 0, 3, 9.5], "texture": "#0"},
				"west": {"uv": [2, 0, 0, 9.5], "texture": "#0"},
				"up": {"uv": [5, 3, 4, 1], "texture": "#0"},
				"down": {"uv": [4, 3, 5, 1], "texture": "#0"}
			}
		},
		{
			"from": [5, 14, 3],
			"to": [11, 21, 8],
			"rotation": {"angle": -22.5, "axis": "x", "origin": [8, 17.5, 5.5]},
			"faces": {
				"north": {"uv": [8.5, 9.5, 5.5, 13], "texture": "#0", "tintindex": 0},
				"east": {"uv": [0, 9.5, 2.5, 13], "texture": "#0", "tintindex": 0},
				"south": {"uv": [2.5, 9.5, 5.5, 13], "texture": "#0", "tintindex": 0},
				"west": {"uv": [2.5, 9.5, 0, 13], "texture": "#0", "tintindex": 0},
				"up": {"uv": [3, 15.5, 0, 13], "texture": "#0", "tintindex": 0},
				"down": {"uv": [3, 15.5, 6, 13], "texture": "#0", "tintindex": 0}
			}
		},
		{
			"from": [6, 14, 6],
			"to": [10, 20, 12],
			"rotation": {"angle": 0, "axis": "x", "origin": [8, 17.5, 8.5]},
			"faces": {
				"east": {"uv": [6.5, 1, 9.5, 4], "texture": "#0", "tintindex": 0},
				"south": {"uv": [4, 4.5, 6, 7.5], "texture": "#0", "tintindex": 0},
				"west": {"uv": [9.5, 1, 6.5, 4], "texture": "#0", "tintindex": 0},
				"up": {"uv": [10, 7.5, 8, 4.5], "texture": "#0", "tintindex": 0},
				"down": {"uv": [6, 7.5, 8, 4.5], "texture": "#0", "tintindex": 0}
			}
		},
		{
			"from": [8, -1, 4],
			"to": [8, 18, 6],
			"rotation": {"angle": 0, "axis": "y", "origin": [8, 9, 5]},
			"faces": {
				"east": {"uv": [4, 0, 3, 9.5], "texture": "#0"},
				"west": {"uv": [3, 0, 4, 9.5], "texture": "#0"}
			}
		},
		{
			"from": [8, -1, 10],
			"to": [8, 18, 12],
			"rotation": {"angle": 0, "axis": "y", "origin": [8, 9, 11]},
			"faces": {
				"east": {"uv": [3, 9.5, 4, 0], "texture": "#0"},
				"west": {"uv": [4, 9.5, 3, 0], "texture": "#0"}
			}
		},
		{
			"from": [8, -3, 4],
			"to": [8, -1, 12],
			"rotation": {"angle": 0, "axis": "y", "origin": [7, 16, 6]},
			"faces": {
				"east": {"uv": [4, 1, 8, 0], "texture": "#0"},
				"west": {"uv": [8, 1, 4, 0], "texture": "#0"}
			}
		}
	],
	"gui_light": "front",
	"display": {
		"thirdperson_righthand": {
			"rotation": [90, 0, 0],
			"translation": [0.25, -2, -6.75],
			"scale": [1, 1, 1.01]
		},
		"thirdperson_lefthand": {
			"rotation": [90, 0, 0],
			"translation": [0.25, -2, -6.75],
			"scale": [1, 1, 1.01]
		},
		"firstperson_righthand": {
			"rotation": [158, 0, 0],
			"translation": [5, 0, -1],
			"scale": [0.55, 0.55, 0.55]
		},
		"firstperson_lefthand": {
			"rotation": [158, 0, 0],
			"translation": [5, 0, -1],
			"scale": [0.55, 0.55, 0.55]
		},
		"ground": {
			"rotation": [145, 0, 0],
			"translation": [0, 3, 0],
			"scale": [0.5, 0.5, 0.5]
		},
		"gui": {
			"rotation": [61, 35, 129],
			"translation": [1.25, 0.25, 0],
			"scale": [0.67, 0.67, 0.67]
		},
		"head": {
			"rotation": [113, 0, 0],
			"translation": [0, 9.25, -17.5],
			"scale": [1.5, 1.5, 1.5]
		},
		"fixed": {
			"rotation": [90, 0, 0],
			"translation": [0, 0, -23],
			"scale": [2, 2, 2]
		}
	}
}