{
	"credit": "Copyright © 2021-2099 Ikaho-Onsen Minecraft Server. All rights reserved.",
	"texture_size": [32, 32],
	"textures": {
		"0": "minecraft:item/lamp_02_dry",
		"1": "minecraft:item/lamp_02_dry_overlay",
		"particle": "minecraft:item/lamp_02_dry"
	},
	"elements": [
		{
			"from": [5, 2, 5],
			"to": [11, 8, 11],
			"rotation": {"angle": 0, "axis": "y", "origin": [0, 0, 16]},
			"faces": {
				"north": {"uv": [7.5, 3, 4.5, 6], "texture": "#0"},
				"east": {"uv": [7.5, 0, 10.5, 3], "texture": "#0"},
				"south": {"uv": [7.5, 0, 4.5, 3], "texture": "#0"},
				"west": {"uv": [10.5, 0, 7.5, 3], "texture": "#0"},
				"up": {"uv": [10.5, 3, 7.5, 6], "texture": "#0"},
				"down": {"uv": [10.5, 9, 7.5, 6], "texture": "#0"}
			}
		},
		{
			"from": [5.03898, 3, 5.80904],
			"to": [5.03898, 7, 9.80904],
			"rotation": {"angle": -22.5, "axis": "y", "origin": [4.53898, 4, 5.80904]},
			"faces": {
				"east": {"uv": [6, 9, 8, 11], "texture": "#0"},
				"west": {"uv": [4, 9, 6, 11], "texture": "#0"}
			}
		},
		{
			"from": [10.96102, 3, 5.80904],
			"to": [10.96102, 7, 9.80904],
			"rotation": {"angle": 22.5, "axis": "y", "origin": [11.46102, 4, 5.80904]},
			"faces": {
				"east": {"uv": [6, 9, 4, 11], "texture": "#0"},
				"west": {"uv": [8, 9, 6, 11], "texture": "#0"}
			}
		},
		{
			"from": [7, 5, 11],
			"to": [9, 8, 13],
			"rotation": {"angle": 0, "axis": "x", "origin": [8, 6, 12]},
			"faces": {
				"east": {"uv": [2, 11, 1, 12.5], "texture": "#0"},
				"south": {"uv": [1, 11, 0, 12.5], "texture": "#0"},
				"west": {"uv": [1, 11, 2, 12.5], "texture": "#0"},
				"up": {"uv": [5, 11, 4, 12], "texture": "#0"},
				"down": {"uv": [6, 12, 5, 11], "texture": "#0"}
			}
		},
		{
			"from": [8, 5, 12],
			"to": [8, 10, 21],
			"rotation": {"angle": -22.5, "axis": "y", "origin": [8, 6, 12]},
			"faces": {
				"east": {"uv": [4.5, 0, 0, 2.5], "texture": "#0"},
				"west": {"uv": [0, 0, 4.5, 2.5], "texture": "#0"}
			}
		},
		{
			"from": [8, 1, 12],
			"to": [8, 5, 21],
			"rotation": {"angle": -45, "axis": "z", "origin": [8, 6, 12]},
			"faces": {
				"east": {"uv": [4.5, 2.5, 0, 4.5], "texture": "#0"},
				"west": {"uv": [0, 2.5, 4.5, 4.5], "texture": "#0"}
			}
		},
		{
			"from": [8, 5, 12],
			"to": [8, 10, 21],
			"rotation": {"angle": 22.5, "axis": "y", "origin": [8, 6, 12]},
			"faces": {
				"east": {"uv": [4.5, 0, 0, 2.5], "texture": "#0"},
				"west": {"uv": [0, 0, 4.5, 2.5], "texture": "#0"}
			}
		},
		{
			"from": [8, 1, 12],
			"to": [8, 5, 21],
			"rotation": {"angle": 45, "axis": "z", "origin": [8, 6, 12]},
			"faces": {
				"east": {"uv": [4.5, 2.5, 0, 4.5], "texture": "#0"},
				"west": {"uv": [0, 2.5, 4.5, 4.5], "texture": "#0"}
			}
		},
		{
			"from": [8, 6, 6.2],
			"to": [8, 10, 10.2],
			"rotation": {"angle": 22.5, "axis": "x", "origin": [8, 8, 9.2]},
			"faces": {
				"east": {"uv": [2, 9, 0, 11], "texture": "#0"},
				"west": {"uv": [0, 9, 2, 11], "texture": "#0"}
			}
		},
		{
			"from": [7.61639, -0.9235, 8],
			"to": [7.61639, 2.0765, 11],
			"rotation": {"angle": -22.5, "axis": "z", "origin": [7.61639, 1.0765, 10]},
			"faces": {
				"east": {"uv": [9.5, 9, 8, 10.5], "texture": "#0"},
				"west": {"uv": [8, 9, 9.5, 10.5], "texture": "#0"}
			}
		},
		{
			"from": [8.38361, -0.9235, 8],
			"to": [8.38361, 2.0765, 11],
			"rotation": {"angle": 22.5, "axis": "z", "origin": [8.38361, 1.0765, 10]},
			"faces": {
				"east": {"uv": [9.5, 9, 8, 10.5], "texture": "#0"},
				"west": {"uv": [8, 9, 9.5, 10.5], "texture": "#0"}
			}
		},
		{
			"from": [7, 5.20711, 3.91421],
			"to": [9, 7.20711, 6.91421],
			"rotation": {"angle": 45, "axis": "x", "origin": [7, 6.70711, 4.41421]},
			"faces": {
				"north": {"uv": [11.5, 6, 10.5, 7], "texture": "#0"},
				"east": {"uv": [12, 5, 10.5, 6], "texture": "#0"},
				"west": {"uv": [12, 7, 10.5, 8], "texture": "#0"},
				"up": {"uv": [11.5, 0, 10.5, 1.5], "texture": "#0"},
				"down": {"uv": [11.5, 3, 10.5, 1.5], "texture": "#0"}
			}
		},
		{
			"from": [6.975, 6, 3],
			"to": [9.025, 8, 5],
			"rotation": {"angle": 0, "axis": "x", "origin": [7, 4.5, 3.5]},
			"faces": {
				"north": {"uv": [11.5, 3, 10.5, 4], "texture": "#0"},
				"east": {"uv": [11.5, 8, 10.5, 9], "texture": "#0"},
				"west": {"uv": [4, 11, 3, 12], "texture": "#0"},
				"up": {"uv": [11.5, 4, 10.5, 5], "texture": "#0"}
			}
		},
		{
			"from": [5, 8, 7],
			"to": [6, 12, 9],
			"rotation": {"angle": 0, "axis": "z", "origin": [8, 11, 8]},
			"faces": {
				"north": {"uv": [12, 8, 14, 8.5], "rotation": 90, "texture": "#0"},
				"east": {"uv": [16, 9, 14, 8], "rotation": 270, "texture": "#0"},
				"south": {"uv": [14, 8.5, 12, 9], "rotation": 270, "texture": "#0"},
				"west": {"uv": [16, 8, 14, 9], "rotation": 270, "texture": "#0"},
				"up": {"uv": [14, 8, 14.5, 9], "rotation": 270, "texture": "#0"},
				"down": {"uv": [14, 8, 14.5, 9], "rotation": 270, "texture": "#0"}
			}
		},
		{
			"from": [7, 12, 6],
			"to": [9, 14, 20],
			"rotation": {"angle": -45, "axis": "z", "origin": [8, 13, 14.5]},
			"faces": {
				"north": {"uv": [15, 0, 16, 1], "rotation": 90, "texture": "#0"},
				"east": {"uv": [15, 1, 14, 8], "rotation": 270, "texture": "#0"},
				"south": {"uv": [15, 0, 16, 1], "texture": "#0"},
				"west": {"uv": [15, 1, 16, 8], "rotation": 270, "texture": "#0"},
				"up": {"uv": [16, 1, 15, 8], "texture": "#0"},
				"down": {"uv": [14, 1, 15, 8], "texture": "#0"}
			}
		},
		{
			"from": [5.56066, 11.35355, 7],
			"to": [6.56066, 15.59355, 9],
			"rotation": {"angle": -45, "axis": "z", "origin": [6.06066, 12.35355, 8]},
			"faces": {
				"north": {"uv": [12, 9, 14, 9.5], "rotation": 90, "texture": "#0"},
				"east": {"uv": [16, 10, 14, 9], "rotation": 270, "texture": "#0"},
				"south": {"uv": [14, 9.5, 12, 10], "rotation": 270, "texture": "#0"},
				"west": {"uv": [16, 9, 14, 10], "rotation": 270, "texture": "#0"},
				"up": {"uv": [14, 9, 14.5, 10], "rotation": 270, "texture": "#0"},
				"down": {"uv": [14, 9, 14.5, 10], "rotation": 270, "texture": "#0"}
			}
		},
		{
			"from": [10, 8, 7],
			"to": [11, 12, 9],
			"rotation": {"angle": 0, "axis": "z", "origin": [8, 11, 8]},
			"faces": {
				"north": {"uv": [12, 8.5, 14, 8], "rotation": 90, "texture": "#0"},
				"east": {"uv": [16, 9, 14, 8], "rotation": 270, "texture": "#0"},
				"south": {"uv": [14, 9, 12, 8.5], "rotation": 270, "texture": "#0"},
				"west": {"uv": [16, 8, 14, 9], "rotation": 270, "texture": "#0"},
				"up": {"uv": [14, 9, 14.5, 8], "rotation": 270, "texture": "#0"},
				"down": {"uv": [14, 9, 14.5, 8], "rotation": 270, "texture": "#0"}
			}
		},
		{
			"from": [9.43934, 11.35355, 7],
			"to": [10.43934, 15.59355, 9],
			"rotation": {"angle": 45, "axis": "z", "origin": [9.93934, 12.35355, 8]},
			"faces": {
				"north": {"uv": [12, 9.5, 14, 9], "rotation": 90, "texture": "#0"},
				"east": {"uv": [16, 10, 14, 9], "rotation": 270, "texture": "#0"},
				"south": {"uv": [14, 10, 12, 9.5], "rotation": 270, "texture": "#0"},
				"west": {"uv": [16, 9, 14, 10], "rotation": 270, "texture": "#0"},
				"up": {"uv": [14, 10, 14.5, 9], "rotation": 270, "texture": "#0"},
				"down": {"uv": [14, 10, 14.5, 9], "rotation": 270, "texture": "#0"}
			}
		},
		{
			"from": [6.975, 6, 3],
			"to": [9.025, 8, 5],
			"rotation": {"angle": 0, "axis": "x", "origin": [7, 4.5, 3.5]},
			"faces": {
				"north": {"uv": [11.5, 3, 10.5, 4], "texture": "#1", "tintindex": 0},
				"east": {"uv": [11.5, 8, 10.5, 9], "texture": "#1", "tintindex": 0},
				"west": {"uv": [4, 11, 3, 12], "texture": "#1", "tintindex": 0},
				"up": {"uv": [11.5, 4, 10.5, 5], "texture": "#1", "tintindex": 0},
				"down": {"uv": [0, 0, 0, 0], "texture": "#1", "tintindex": 0}
			}
		},
		{
			"from": [5, 2, 5],
			"to": [11, 8, 11],
			"rotation": {"angle": 0, "axis": "y", "origin": [0, 0, 16]},
			"faces": {
				"north": {"uv": [7.5, 3, 4.5, 6], "texture": "#1", "tintindex": 0},
				"east": {"uv": [7.5, 0, 10.5, 3], "texture": "#1", "tintindex": 0},
				"south": {"uv": [7.5, 0, 4.5, 3], "texture": "#1", "tintindex": 0},
				"west": {"uv": [10.5, 0, 7.5, 3], "texture": "#1", "tintindex": 0},
				"up": {"uv": [10.5, 3, 7.5, 6], "texture": "#1", "tintindex": 0}
			}
		},
		{
			"from": [5.03898, 3, 5.80904],
			"to": [5.03898, 7, 9.80904],
			"rotation": {"angle": -22.5, "axis": "y", "origin": [4.53898, 4, 5.80904]},
			"faces": {
				"east": {"uv": [6, 9, 8, 11], "texture": "#1", "tintindex": 0},
				"west": {"uv": [4, 9, 6, 11], "texture": "#1", "tintindex": 0}
			}
		},
		{
			"from": [7, 5, 11],
			"to": [9, 8, 13],
			"rotation": {"angle": 0, "axis": "x", "origin": [8, 6, 12]},
			"faces": {
				"east": {"uv": [2, 11, 1, 12.5], "texture": "#1", "tintindex": 0},
				"south": {"uv": [1, 11, 0, 12.5], "texture": "#1", "tintindex": 0},
				"west": {"uv": [1, 11, 2, 12.5], "texture": "#1", "tintindex": 0},
				"up": {"uv": [5, 11, 4, 12], "texture": "#1", "tintindex": 0},
				"down": {"uv": [6, 12, 5, 11], "texture": "#1", "tintindex": 0}
			}
		},
		{
			"from": [8, 5, 12],
			"to": [8, 10, 21],
			"rotation": {"angle": -22.5, "axis": "y", "origin": [8, 6, 12]},
			"faces": {
				"east": {"uv": [4.5, 0, 0, 2.5], "texture": "#1", "tintindex": 0},
				"west": {"uv": [0, 0, 4.5, 2.5], "texture": "#1", "tintindex": 0}
			}
		},
		{
			"from": [8, 1, 12],
			"to": [8, 5, 21],
			"rotation": {"angle": -45, "axis": "z", "origin": [8, 6, 12]},
			"faces": {
				"east": {"uv": [4.5, 2.5, 0, 4.5], "texture": "#1", "tintindex": 0},
				"west": {"uv": [0, 2.5, 4.5, 4.5], "texture": "#1", "tintindex": 0}
			}
		},
		{
			"from": [8, 6, 6.2],
			"to": [8, 10, 10.2],
			"rotation": {"angle": 22.5, "axis": "x", "origin": [8, 8, 9.2]},
			"faces": {
				"east": {"uv": [2, 9, 0, 11], "texture": "#1", "tintindex": 0},
				"west": {"uv": [0, 9, 2, 11], "texture": "#1", "tintindex": 0}
			}
		},
		{
			"from": [7.61639, -0.9235, 8],
			"to": [7.61639, 2.0765, 11],
			"rotation": {"angle": -22.5, "axis": "z", "origin": [7.61639, 1.0765, 10]},
			"faces": {
				"east": {"uv": [9.5, 9, 8, 10.5], "texture": "#1", "tintindex": 0},
				"west": {"uv": [8, 9, 9.5, 10.5], "texture": "#1", "tintindex": 0}
			}
		},
		{
			"from": [8.38361, -0.9235, 8],
			"to": [8.38361, 2.0765, 11],
			"rotation": {"angle": 22.5, "axis": "z", "origin": [8.38361, 1.0765, 10]},
			"faces": {
				"east": {"uv": [9.5, 9, 8, 10.5], "texture": "#1", "tintindex": 0},
				"west": {"uv": [8, 9, 9.5, 10.5], "texture": "#1", "tintindex": 0}
			}
		},
		{
			"from": [8, 1, 12],
			"to": [8, 5, 21],
			"rotation": {"angle": 45, "axis": "z", "origin": [8, 6, 12]},
			"faces": {
				"east": {"uv": [4.5, 2.5, 0, 4.5], "texture": "#1", "tintindex": 0},
				"west": {"uv": [0, 2.5, 4.5, 4.5], "texture": "#1", "tintindex": 0}
			}
		},
		{
			"from": [8, 5, 12],
			"to": [8, 10, 21],
			"rotation": {"angle": 22.5, "axis": "y", "origin": [8, 6, 12]},
			"faces": {
				"east": {"uv": [4.5, 0, 0, 2.5], "texture": "#1", "tintindex": 0},
				"west": {"uv": [0, 0, 4.5, 2.5], "texture": "#1", "tintindex": 0}
			}
		},
		{
			"from": [10.96102, 3, 5.80904],
			"to": [10.96102, 7, 9.80904],
			"rotation": {"angle": 22.5, "axis": "y", "origin": [11.46102, 4, 5.80904]},
			"faces": {
				"east": {"uv": [6, 9, 4, 11], "texture": "#1", "tintindex": 0},
				"west": {"uv": [8, 9, 6, 11], "texture": "#1", "tintindex": 0}
			}
		},
		{
			"from": [7, 5.20711, 3.91421],
			"to": [9, 7.20711, 6.91421],
			"rotation": {"angle": 45, "axis": "x", "origin": [7, 6.70711, 4.41421]},
			"faces": {
				"east": {"uv": [12, 5, 10.5, 6], "texture": "#1", "tintindex": 0},
				"west": {"uv": [12, 7, 10.5, 8], "texture": "#1", "tintindex": 0}
			}
		}
	],
	"gui_light": "front",
	"display": {
		"thirdperson_righthand": {
			"rotation": [67.5, 0, 0],
			"translation": [0, 4.75, -7.5]
		},
		"thirdperson_lefthand": {
			"rotation": [67.5, 0, 0],
			"translation": [0, 4.75, -7.5]
		},
		"firstperson_righthand": {
			"translation": [5, 0, -1],
			"scale": [0.55, 0.55, 0.55]
		},
		"firstperson_lefthand": {
			"translation": [5, 0, -1],
			"scale": [0.55, 0.55, 0.55]
		},
		"ground": {
			"translation": [0, 2, 0],
			"scale": [0.6, 0.6, 0.6]
		},
		"gui": {
			"rotation": [33, 135, 0],
			"translation": [-1.75, -0.75, 0],
			"scale": [0.78, 0.78, 0.78]
		},
		"head": {
			"translation": [0, -1.5, -18]
		},
		"fixed": {
			"translation": [0, 0, -23.75],
			"scale": [2, 2, 2]
		}
	},
	"groups": [
		{
			"name": "group",
			"origin": [8, 8, 8],
			"color": 0,
			"nbt": "{}",
			"armAnimationEnabled": false,
			"children": [0, 1, 2, 3, 4, 5, 6, 7, 8, 9, 10, 11, 12]
		},
		13,
		14,
		15,
		16,
		17,
		{
			"name": "group",
			"origin": [7, 6.70711, 4.41421],
			"color": 0,
			"nbt": "{}",
			"armAnimationEnabled": false,
			"children": [18, 19, 20, 21, 22, 23, 24, 25, 26, 27, 28, 29, 30]
		}
	]
}