{
	"credit": "Copyright © 2021-2099 Ikaho-Onsen Minecraft Server. All rights reserved.",
	"textures": {
		"0": "minecraft:item/mahjong01",
		"1": "minecraft:item/mahjong02",
		"2": "minecraft:item/mahjong03"
	},
	"elements": [
		{
			"from": [5, 2, 6.75],
			"to": [11, 11, 9.25],
			"rotation": {"angle": 0, "axis": "y", "origin": [8, 6.5, 8]},
			"faces": {
				"north": {"uv": [0, 0, 15.84, 16], "texture": "#0"},
				"east": {"uv": [0, 1, 9, 3.5], "rotation": 90, "texture": "#2"},
				"south": {"uv": [1.01266, 0, 13.36709, 16], "texture": "#1"},
				"west": {"uv": [0, 1, 9, 3.5], "rotation": 270, "texture": "#2"},
				"up": {"uv": [0, 1, 6, 3.5], "texture": "#2"},
				"down": {"uv": [0, 1, 6, 3.5], "rotation": 180, "texture": "#2"}
			}
		}
	],
	"display": {
		"thirdperson_righthand": {
			"scale": [0.5, 0.5, 0.5]
		},
		"thirdperson_lefthand": {
			"scale": [0.5, 0.5, 0.5]
		},
		"firstperson_righthand": {
			"rotation": [0, 164, 0],
			"translation": [0, 5.75, 1.25]
		},
		"firstperson_lefthand": {
			"rotation": [0, -180, 0],
			"translation": [0, 5.75, 2.25]
		},
		"ground": {
			"translation": [0, 1.5, 0]
		},
		"gui": {
			"rotation": [0, 158, 0]
		},
		"head": {
			"translation": [0, 18, 0],
			"scale": [2, 2, 2]
		}
	}
}