{
	"credit": "Copyright © 2021-2099 Ikaho-Onsen Minecraft Server. All rights reserved.",
	"texture_size": [32, 32],
	"textures": {
		"0": "minecraft:item/big_meat_01",
		"particle": "minecraft:item/big_meat_01"
	},
	"elements": [
		{
			"from": [5, 0, 0],
			"to": [11, 6, 9],
			"rotation": {"angle": 0, "axis": "y", "origin": [8, 3, 10.25]},
			"faces": {
				"north": {"uv": [4.5, 0, 7.5, 3], "texture": "#0"},
				"east": {"uv": [4.5, 0, 0, 3], "texture": "#0"},
				"south": {"uv": [4.5, 0, 7.5, 3], "texture": "#0"},
				"west": {"uv": [0, 0, 4.5, 3], "texture": "#0"},
				"up": {"uv": [3, 7.5, 0, 3], "texture": "#0"},
				"down": {"uv": [6, 3, 3, 7.5], "texture": "#0"}
			}
		},
		{
			"from": [7, 2, 9],
			"to": [9, 4, 16],
			"rotation": {"angle": 0, "axis": "y", "origin": [8, 3, 10.25]},
			"faces": {
				"east": {"uv": [9.5, 6, 6, 7], "texture": "#0"},
				"south": {"uv": [2, 7.5, 3, 8.5], "texture": "#0"},
				"west": {"uv": [9.5, 6, 13, 7], "texture": "#0"},
				"up": {"uv": [7, 10.5, 6, 7], "texture": "#0"},
				"down": {"uv": [8, 7, 7, 10.5], "texture": "#0"}
			}
		},
		{
			"from": [6.75, -1.35876, 14.02297],
			"to": [9.25, 0.64124, 16.02297],
			"rotation": {"angle": -45, "axis": "x", "origin": [8, 3, 10.25]},
			"faces": {
				"north": {"uv": [0, 10, 1, 11], "texture": "#0"},
				"east": {"uv": [4, 9, 3, 10], "texture": "#0"},
				"south": {"uv": [0, 9, 1, 10], "texture": "#0"},
				"west": {"uv": [1, 9, 2, 10], "texture": "#0"},
				"up": {"uv": [2, 11, 1, 10], "texture": "#0"},
				"down": {"uv": [3, 9, 2, 10], "texture": "#0"}
			}
		},
		{
			"from": [6.8, 5.35876, 14.02297],
			"to": [9.2, 7.35876, 16.02297],
			"rotation": {"angle": 45, "axis": "x", "origin": [8, 3, 10.25]},
			"faces": {
				"north": {"uv": [1.5, 12, 2.5, 11], "texture": "#0"},
				"east": {"uv": [0.5, 13, 1.5, 12], "texture": "#0"},
				"south": {"uv": [3.5, 12, 2.5, 13], "texture": "#0"},
				"west": {"uv": [2.5, 12, 3.5, 11], "texture": "#0"},
				"up": {"uv": [1.5, 12, 0.5, 11], "texture": "#0"},
				"down": {"uv": [2.5, 12, 1.5, 13], "texture": "#0"}
			}
		}
	],
	"gui_light": "front",
	"display": {
		"thirdperson_righthand": {
			"rotation": [90, 0, 0],
			"translation": [0, 2, 5]
		},
		"thirdperson_lefthand": {
			"rotation": [90, 0, 0],
			"translation": [0, 2, 5]
		},
		"firstperson_righthand": {
			"translation": [2.5, 0, 0],
			"scale": [0.7, 0.7, 0.7]
		},
		"firstperson_lefthand": {
			"translation": [2.5, 0, 0],
			"scale": [0.7, 0.7, 0.7]
		},
		"ground": {
			"rotation": [35, 0, 0],
			"translation": [0, 3, 1.25],
			"scale": [0.5, 0.5, 0.5]
		},
		"gui": {
			"rotation": [113, -46, 69],
			"translation": [-3, 1.5, 0],
			"scale": [0.85, 0.85, 0.85]
		},
		"head": {
			"rotation": [0, 90, 0],
			"translation": [3.75, -3, -7.75]
		},
		"fixed": {
			"rotation": [-90, 0, 0],
			"translation": [0, 1.5, -16.25],
			"scale": [2, 2, 2]
		}
	}
}