{
	"credit": "Copyright © 2021-2099 Ikaho-Onsen Minecraft Server. All rights reserved.",
	"textures": {
		"0": "minecraft:item/bread/bread_03",
		"particle": "minecraft:item/bread/bread_03",
		"1": "minecraft:item/bread/plaid_red",
		"2": "item/bread/stripped_oak_log"
	},
	"elements": [
		{
			"from": [9, 1, 6],
			"to": [13, 4, 10],
			"rotation": {"angle": 45, "axis": "y", "origin": [11, 2.025, 7.64645]},
			"faces": {
				"north": {"uv": [4, 0, 8, 3], "texture": "#0"},
				"east": {"uv": [8, 0, 12, 3], "texture": "#0"},
				"south": {"uv": [4, 0, 8, 3], "texture": "#0"},
				"west": {"uv": [8, 0, 12, 3], "texture": "#0"},
				"up": {"uv": [0, 0, 4, 4], "texture": "#0"},
				"down": {"uv": [12, 0, 16, 4], "texture": "#0"}
			}
		},
		{
			"from": [7.40172, 1.025, 7.31248],
			"to": [10.40172, 3.025, 10.31248],
			"rotation": {"angle": 22.5, "axis": "y", "origin": [11, 2.025, 7.64645]},
			"faces": {
				"north": {"uv": [3, 4, 6, 6], "texture": "#0"},
				"south": {"uv": [3, 4, 6, 6], "texture": "#0"},
				"west": {"uv": [6, 4, 9, 6], "texture": "#0"},
				"up": {"uv": [0, 4, 3, 7], "texture": "#0"},
				"down": {"uv": [9, 4, 12, 7], "texture": "#0"}
			}
		},
		{
			"from": [7.00736, 1.05, 9.13909],
			"to": [9.00736, 2.05, 11.13909],
			"rotation": {"angle": 0, "axis": "y", "origin": [11, 2.025, 7.64645]},
			"faces": {
				"north": {"uv": [2, 7, 4, 8], "texture": "#0"},
				"south": {"uv": [2, 7, 4, 8], "texture": "#0"},
				"west": {"uv": [4, 7, 6, 8], "texture": "#0"},
				"up": {"uv": [0, 7, 2, 9], "texture": "#0"},
				"down": {"uv": [6, 7, 8, 9], "texture": "#0"}
			}
		},
		{
			"from": [10.66603, 1.025, 4.04817],
			"to": [13.66603, 3.025, 7.04817],
			"rotation": {"angle": -22.5, "axis": "y", "origin": [11, 2.025, 7.64645]},
			"faces": {
				"north": {"uv": [9, 4, 6, 6], "texture": "#0"},
				"east": {"uv": [6, 4, 3, 6], "texture": "#0"},
				"west": {"uv": [6, 4, 3, 6], "texture": "#0"},
				"up": {"uv": [3, 4, 0, 7], "rotation": 270, "texture": "#0"},
				"down": {"uv": [12, 4, 9, 7], "rotation": 90, "texture": "#0"}
			}
		},
		{
			"from": [12.49264, 1.05, 3.65381],
			"to": [14.49264, 2.05, 5.65381],
			"rotation": {"angle": 0, "axis": "y", "origin": [11, 2.025, 7.64645]},
			"faces": {
				"north": {"uv": [6, 7, 4, 8], "texture": "#0"},
				"east": {"uv": [4, 7, 2, 8], "texture": "#0"},
				"west": {"uv": [4, 7, 2, 8], "texture": "#0"},
				"up": {"uv": [2, 7, 0, 9], "rotation": 270, "texture": "#0"},
				"down": {"uv": [8, 7, 6, 9], "rotation": 90, "texture": "#0"}
			}
		},
		{
			"from": [14, 0, 4],
			"to": [15, 1, 12],
			"rotation": {"angle": 0, "axis": "y", "origin": [7.95424, 2.6272, 7.99654]},
			"faces": {
				"north": {"uv": [0.06, 0.06, 0.94, 0.94], "texture": "#2"},
				"east": {"uv": [0.06, 0.06, 7.94, 0.94], "texture": "#2"},
				"south": {"uv": [4.06, 3.06, 4.94, 3.94], "texture": "#2"},
				"west": {"uv": [3.06, 0.06, 10.94, 0.94], "texture": "#2"},
				"up": {"uv": [6.94, 11.94, 6.06, 4.06], "texture": "#2"},
				"down": {"uv": [6.94, 10.94, 6.06, 3.06], "texture": "#2"}
			}
		},
		{
			"from": [1, 0, 4],
			"to": [2, 1, 12],
			"rotation": {"angle": 0, "axis": "y", "origin": [7.95424, 2.6272, 7.99654]},
			"faces": {
				"north": {"uv": [7.06, 4.06, 7.94, 4.94], "texture": "#2"},
				"east": {"uv": [7.06, 4.06, 7.94, 11.94], "texture": "#2"},
				"south": {"uv": [7.06, 4.06, 7.94, 4.94], "texture": "#2"},
				"west": {"uv": [4.06, 7.06, 11.94, 7.94], "texture": "#2"},
				"up": {"uv": [7.94, 11.94, 7.06, 4.06], "texture": "#2"},
				"down": {"uv": [7.94, 11.94, 7.06, 4.06], "texture": "#2"}
			}
		},
		{
			"from": [2, 0, 4],
			"to": [14, 1, 5],
			"rotation": {"angle": 0, "axis": "y", "origin": [7.95424, 2.6272, 7.99654]},
			"faces": {
				"north": {"uv": [0.06, 0.06, 11.94, 0.94], "texture": "#2"},
				"south": {"uv": [0.06, 0.06, 11.94, 0.94], "texture": "#2"},
				"up": {"uv": [13.94, 9.94, 2.06, 9.06], "texture": "#2"},
				"down": {"uv": [11.94, 0.94, 0.06, 0.06], "texture": "#2"}
			}
		},
		{
			"from": [2, 0, 5],
			"to": [14, 0.75, 6],
			"rotation": {"angle": 0, "axis": "y", "origin": [7.95424, 2.6272, 7.99654]},
			"faces": {
				"up": {"uv": [0.94, 13.94, 0.06, 2.06], "rotation": 90, "texture": "#2"},
				"down": {"uv": [14.94, 8.94, 3.06, 8.06], "texture": "#2"}
			}
		},
		{
			"from": [2, 0, 10],
			"to": [14, 0.75, 11],
			"rotation": {"angle": 0, "axis": "y", "origin": [7.95424, 2.6272, 7.99654]},
			"faces": {
				"up": {"uv": [0.94, 13.94, 0.06, 2.06], "rotation": 90, "texture": "#2"},
				"down": {"uv": [14.94, 6.94, 3.06, 6.06], "texture": "#2"}
			}
		},
		{
			"from": [2, 0, 6],
			"to": [3, 0.75, 10],
			"rotation": {"angle": 0, "axis": "y", "origin": [7.95424, 2.6272, 7.99654]},
			"faces": {
				"up": {"uv": [0.94, 7.94, 0.06, 4.06], "texture": "#2"},
				"down": {"uv": [6.94, 8.94, 6.06, 5.06], "texture": "#2"}
			}
		},
		{
			"from": [13, 0, 6],
			"to": [14, 0.75, 10],
			"rotation": {"angle": 0, "axis": "y", "origin": [7.95424, 2.6272, 7.99654]},
			"faces": {
				"up": {"uv": [0.94, 10.94, 0.06, 7.06], "texture": "#2"},
				"down": {"uv": [7.94, 9.94, 7.06, 6.06], "texture": "#2"}
			}
		},
		{
			"from": [2, 0, 11],
			"to": [14, 1, 12],
			"rotation": {"angle": 0, "axis": "y", "origin": [7.95424, 2.6272, 7.99654]},
			"faces": {
				"north": {"uv": [2.06, 4.06, 13.94, 4.94], "texture": "#2"},
				"south": {"uv": [2.06, 4.06, 13.94, 4.94], "texture": "#2"},
				"up": {"uv": [14.94, 3.94, 3.06, 3.06], "texture": "#2"},
				"down": {"uv": [13.94, 4.94, 2.06, 4.06], "texture": "#2"}
			}
		},
		{
			"from": [3, 0, 6],
			"to": [13, 1, 10],
			"rotation": {"angle": 0, "axis": "y", "origin": [7.95424, 2.6272, 7.99654]},
			"faces": {
				"north": {"uv": [4.06, 4.06, 13.94, 4.94], "texture": "#2"},
				"east": {"uv": [0.06, 0.06, 3.94, 0.94], "texture": "#2"},
				"south": {"uv": [0.06, 0.06, 9.94, 0.94], "texture": "#2"},
				"west": {"uv": [0.06, 0.06, 3.94, 0.94], "texture": "#2"},
				"up": {"uv": [12.94, 13.94, 3.06, 10.06], "texture": "#2"},
				"down": {"uv": [12.94, 13.94, 3.06, 10.06], "texture": "#2"}
			}
		},
		{
			"from": [2.84522, 1.05, 5.73322],
			"to": [8.84522, 1.05, 11.73322],
			"rotation": {"angle": -22.5, "axis": "y", "origin": [7.95424, 2.6272, 7.99654]},
			"faces": {
				"up": {"uv": [15, 14, 1, 0], "rotation": 90, "texture": "#1"}
			}
		},
		{
			"from": [3, 1, 6],
			"to": [7, 4, 10],
			"rotation": {"angle": 45, "axis": "y", "origin": [5, 2.025, 7.64645]},
			"faces": {
				"north": {"uv": [4, 0, 8, 3], "texture": "#0"},
				"east": {"uv": [8, 0, 12, 3], "texture": "#0"},
				"south": {"uv": [4, 0, 8, 3], "texture": "#0"},
				"west": {"uv": [8, 0, 12, 3], "texture": "#0"},
				"up": {"uv": [0, 0, 4, 4], "texture": "#0"},
				"down": {"uv": [12, 0, 16, 4], "texture": "#0"}
			}
		},
		{
			"from": [1.40172, 1.025, 7.31248],
			"to": [4.40172, 3.025, 10.31248],
			"rotation": {"angle": 22.5, "axis": "y", "origin": [5, 2.025, 7.64645]},
			"faces": {
				"north": {"uv": [3, 4, 6, 6], "texture": "#0"},
				"south": {"uv": [3, 4, 6, 6], "texture": "#0"},
				"west": {"uv": [6, 4, 9, 6], "texture": "#0"},
				"up": {"uv": [0, 4, 3, 7], "texture": "#0"},
				"down": {"uv": [9, 4, 12, 7], "texture": "#0"}
			}
		},
		{
			"from": [1.00736, 1.05, 9.13909],
			"to": [3.00736, 2.05, 11.13909],
			"rotation": {"angle": 0, "axis": "y", "origin": [5, 2.025, 7.64645]},
			"faces": {
				"north": {"uv": [2, 7, 4, 8], "texture": "#0"},
				"south": {"uv": [2, 7, 4, 8], "texture": "#0"},
				"west": {"uv": [4, 7, 6, 8], "texture": "#0"},
				"up": {"uv": [0, 7, 2, 9], "texture": "#0"},
				"down": {"uv": [6, 7, 8, 9], "texture": "#0"}
			}
		},
		{
			"from": [4.66603, 1.025, 4.04817],
			"to": [7.66603, 3.025, 7.04817],
			"rotation": {"angle": -22.5, "axis": "y", "origin": [5, 2.025, 7.64645]},
			"faces": {
				"north": {"uv": [9, 4, 6, 6], "texture": "#0"},
				"east": {"uv": [6, 4, 3, 6], "texture": "#0"},
				"west": {"uv": [6, 4, 3, 6], "texture": "#0"},
				"up": {"uv": [3, 4, 0, 7], "rotation": 270, "texture": "#0"},
				"down": {"uv": [12, 4, 9, 7], "rotation": 90, "texture": "#0"}
			}
		},
		{
			"from": [6.49264, 1.05, 3.65381],
			"to": [8.49264, 2.05, 5.65381],
			"rotation": {"angle": 0, "axis": "y", "origin": [5, 2.025, 7.64645]},
			"faces": {
				"north": {"uv": [6, 7, 4, 8], "texture": "#0"},
				"east": {"uv": [4, 7, 2, 8], "texture": "#0"},
				"west": {"uv": [4, 7, 2, 8], "texture": "#0"},
				"up": {"uv": [2, 7, 0, 9], "rotation": 270, "texture": "#0"},
				"down": {"uv": [8, 7, 6, 9], "rotation": 90, "texture": "#0"}
			}
		}
	],
	"gui_light": "front",
	"display": {
		"thirdperson_righthand": {
			"rotation": [70, 0, 0],
			"translation": [-5.5, 5.5, 6.5],
			"scale": [0.99, 0.99, 0.99]
		},
		"thirdperson_lefthand": {
			"rotation": [70, 0, 0],
			"translation": [-5.5, 5.5, 6.5],
			"scale": [0.99, 0.99, 0.99]
		},
		"firstperson_righthand": {
			"translation": [-8.75, 5.25, 0]
		},
		"firstperson_lefthand": {
			"translation": [-8.75, 5.25, 0]
		},
		"ground": {
			"translation": [0, 3, 0],
			"scale": [0.8, 0.8, 0.8]
		},
		"gui": {
			"rotation": [33, 135, 0],
			"translation": [0, 5.25, 0],
			"scale": [0.95, 0.95, 0.95]
		},
		"head": {
			"translation": [0, 18.5, 0],
			"scale": [1.5, 1.5, 1.5]
		},
		"fixed": {
			"rotation": [-90, 0, 0],
			"translation": [0, 0, -15.7],
			"scale": [2, 2, 2]
		}
	},
	"groups": [
		{
			"name": "bread_03",
			"origin": [0, 0, 0],
			"color": 0,
			"nbt": "{}",
			"armAnimationEnabled": false,
			"children": [0, 1, 2, 3, 4]
		},
		{
			"name": "breadboard_0",
			"origin": [8, 8, 8],
			"color": 0,
			"nbt": "{}",
			"armAnimationEnabled": false,
			"children": [
				{
					"name": "beardboard_0",
					"origin": [0, 0, 0],
					"color": 0,
					"nbt": "{}",
					"armAnimationEnabled": false,
					"children": [
						{
							"name": "group",
							"origin": [0, 0, 0],
							"color": 0,
							"nbt": "{}",
							"armAnimationEnabled": false,
							"children": [5, 6, 7, 8, 9, 10, 11, 12, 13]
						},
						14
					]
				}
			]
		},
		{
			"name": "bread_03",
			"origin": [0, 0, 0],
			"color": 0,
			"nbt": "{}",
			"armAnimationEnabled": false,
			"children": [15, 16, 17, 18, 19]
		}
	]
}