{
	"credit": "Copyright © 2021-2099 Ikaho-Onsen Minecraft Server. All rights reserved.",
	"texture_size": [64, 64],
	"textures": {
		"0": "minecraft:item/cit/mask_04_texture",
		"particle": "minecraft:item/cit/mask_04_texture"
	},
	"elements": [
		{
			"from": [3, 6, 2],
			"to": [13, 14, 4],
			"rotation": {"angle": 0, "axis": "y", "origin": [0, -19.5, 5]},
			"faces": {
				"north": {"uv": [0, 0, 2.5, 2], "texture": "#0"},
				"east": {"uv": [2.5, 5.25, 3, 7.25], "texture": "#0"},
				"south": {"uv": [0, 2, 2.5, 4], "texture": "#0"},
				"west": {"uv": [3, 5.25, 3.5, 7.25], "texture": "#0"},
				"up": {"uv": [2.5, 5.75, 0, 5.25], "texture": "#0"},
				"down": {"uv": [0, 0, 0, 0], "texture": "#0"}
			}
		},
		{
			"from": [6.5, 6, 0],
			"to": [9.5, 8, 2],
			"rotation": {"angle": 0, "axis": "y", "origin": [0.5, -19.5, 5]},
			"faces": {
				"north": {"uv": [4.75, 5.75, 5.5, 6.25], "texture": "#0"},
				"east": {"uv": [6.5, 3, 7, 3.5], "texture": "#0"},
				"south": {"uv": [0, 0, 0, 0], "texture": "#0"},
				"west": {"uv": [6.5, 4, 7, 4.5], "texture": "#0"},
				"up": {"uv": [7.25, 1.75, 6.5, 1.25], "texture": "#0"},
				"down": {"uv": [7.25, 2.5, 6.5, 3], "texture": "#0"}
			}
		},
		{
			"from": [2, 9, 1],
			"to": [4, 11, 2],
			"rotation": {"angle": 22.5, "axis": "z", "origin": [5, 10, 1.5]},
			"faces": {
				"north": {"uv": [6.5, 5.25, 7, 5.75], "texture": "#0"},
				"east": {"uv": [0, 6.75, 0.25, 7.25], "texture": "#0"},
				"south": {"uv": [6.5, 5.75, 7, 6.25], "texture": "#0"},
				"west": {"uv": [6.75, 0, 7, 0.5], "texture": "#0"},
				"up": {"uv": [7, 2, 6.5, 1.75], "texture": "#0"},
				"down": {"uv": [7, 4.5, 6.5, 4.75], "texture": "#0"}
			}
		},
		{
			"from": [4, 9, 1],
			"to": [6, 10, 2],
			"rotation": {"angle": 22.5, "axis": "z", "origin": [5, 10, 1.5]},
			"faces": {
				"north": {"uv": [0.25, 6.75, 0.75, 7], "texture": "#0"},
				"east": {"uv": [7, 0.25, 7.25, 0.5], "texture": "#0"},
				"south": {"uv": [6.75, 0.5, 7.25, 0.75], "texture": "#0"},
				"west": {"uv": [0, 0, 0, 0], "texture": "#0"},
				"up": {"uv": [1.25, 7, 0.75, 6.75], "texture": "#0"},
				"down": {"uv": [7.25, 0.75, 6.75, 1], "texture": "#0"}
			}
		},
		{
			"from": [11, 9, 1],
			"to": [13, 11, 2],
			"rotation": {"angle": -22.5, "axis": "z", "origin": [11, 10, 1.5]},
			"faces": {
				"north": {"uv": [7, 5.25, 6.5, 5.75], "texture": "#0"},
				"east": {"uv": [7, 0, 6.75, 0.5], "texture": "#0"},
				"south": {"uv": [7, 5.75, 6.5, 6.25], "texture": "#0"},
				"west": {"uv": [0.25, 6.75, 0, 7.25], "texture": "#0"},
				"up": {"uv": [6.5, 2, 7, 1.75], "texture": "#0"},
				"down": {"uv": [6.5, 4.5, 7, 4.75], "texture": "#0"}
			}
		},
		{
			"from": [9, 9, 1],
			"to": [11, 10, 2],
			"rotation": {"angle": -22.5, "axis": "z", "origin": [11, 10, 1.5]},
			"faces": {
				"north": {"uv": [0.75, 6.75, 0.25, 7], "texture": "#0"},
				"east": {"uv": [0, 0, 0, 0], "texture": "#0"},
				"south": {"uv": [7.25, 0.5, 6.75, 0.75], "texture": "#0"},
				"west": {"uv": [7.25, 0.25, 7, 0.5], "texture": "#0"},
				"up": {"uv": [0.75, 7, 1.25, 6.75], "texture": "#0"},
				"down": {"uv": [6.75, 0.75, 7.25, 1], "texture": "#0"}
			}
		},
		{
			"from": [4, 14, 2],
			"to": [12, 15, 4],
			"rotation": {"angle": 0, "axis": "y", "origin": [0, -17.5, 5]},
			"faces": {
				"north": {"uv": [5.5, 3.5, 7.5, 3.75], "texture": "#0"},
				"east": {"uv": [1.25, 6.75, 1.75, 7], "texture": "#0"},
				"south": {"uv": [5.5, 3.75, 7.5, 4], "texture": "#0"},
				"west": {"uv": [4, 6.75, 4.5, 7], "texture": "#0"},
				"up": {"uv": [5.5, 5.75, 3.5, 5.25], "texture": "#0"},
				"down": {"uv": [0, 0, 0, 0], "texture": "#0"}
			}
		},
		{
			"from": [2, 11, 1],
			"to": [14, 13, 5],
			"rotation": {"angle": 0, "axis": "y", "origin": [0, -16.5, 5]},
			"faces": {
				"north": {"uv": [0, 4.75, 3, 5.25], "texture": "#0"},
				"east": {"uv": [6, 4.75, 7, 5.25], "texture": "#0"},
				"south": {"uv": [3, 4.75, 6, 5.25], "texture": "#0"},
				"west": {"uv": [4.75, 6.25, 5.75, 6.75], "texture": "#0"},
				"up": {"uv": [5.5, 3, 2.5, 2], "texture": "#0"},
				"down": {"uv": [5.5, 3, 2.5, 4], "texture": "#0"}
			}
		},
		{
			"from": [5, 9, 0.9],
			"to": [7, 16, 1.9],
			"rotation": {"angle": -22.5, "axis": "z", "origin": [6, 14.5, 1.5]},
			"faces": {
				"north": {"uv": [2, 5.75, 2.5, 7.5], "texture": "#0"},
				"east": {"uv": [5.75, 6.5, 6, 8.25], "texture": "#0"},
				"south": {"uv": [3.5, 5.75, 4, 7.5], "texture": "#0"},
				"west": {"uv": [6, 6.5, 6.25, 8.25], "texture": "#0"},
				"up": {"uv": [5, 7, 4.5, 6.75], "texture": "#0"},
				"down": {"uv": [5.5, 6.75, 5, 7], "texture": "#0"}
			}
		},
		{
			"from": [5, 11, -0.1],
			"to": [7, 13, 0.9],
			"rotation": {"angle": -22.5, "axis": "z", "origin": [6, 14.5, 1.5]},
			"faces": {
				"north": {"uv": [6.25, 6.5, 6.75, 7], "texture": "#0"},
				"east": {"uv": [1.75, 6.75, 2, 7.25], "texture": "#0"},
				"south": {"uv": [0, 0, 0, 0], "texture": "#0"},
				"west": {"uv": [5.5, 6.75, 5.75, 7.25], "texture": "#0"},
				"up": {"uv": [7.25, 6.75, 6.75, 6.5], "texture": "#0"},
				"down": {"uv": [7.25, 6.75, 6.75, 7], "texture": "#0"}
			}
		},
		{
			"from": [4, 1, 2],
			"to": [12, 2, 4],
			"rotation": {"angle": 0, "axis": "y", "origin": [0, -21.5, 5]},
			"faces": {
				"north": {"uv": [5.75, 6.25, 7.75, 6.5], "texture": "#0"},
				"east": {"uv": [7, 0, 7.5, 0.25], "texture": "#0"},
				"south": {"uv": [6.5, 1, 8.5, 1.25], "texture": "#0"},
				"west": {"uv": [0.25, 7, 0.75, 7.25], "texture": "#0"},
				"up": {"uv": [0, 0, 0, 0], "texture": "#0"},
				"down": {"uv": [7.5, 2, 5.5, 2.5], "texture": "#0"}
			}
		},
		{
			"from": [1.7, 2, 1],
			"to": [14.3, 6, 4],
			"rotation": {"angle": 0, "axis": "y", "origin": [8, 3.47488, 2.03223]},
			"faces": {
				"north": {"uv": [2.5, 0, 5.75, 1], "texture": "#0"},
				"east": {"uv": [5.75, 1, 6.5, 2], "texture": "#0"},
				"south": {"uv": [2.5, 1, 5.75, 2], "texture": "#0"},
				"west": {"uv": [4, 5.75, 4.75, 6.75], "texture": "#0"},
				"up": {"uv": [3.25, 4.75, 0, 4], "texture": "#0"},
				"down": {"uv": [6.5, 4, 3.25, 4.75], "texture": "#0"}
			}
		},
		{
			"from": [4.6, 2.5, -1],
			"to": [8.6, 6.5, 3],
			"rotation": {"angle": 22.5, "axis": "x", "origin": [5.9354, 4.5, 0.10687]},
			"faces": {
				"north": {"uv": [5.5, 2.5, 6.5, 3.5], "texture": "#0"},
				"east": {"uv": [5.5, 5.25, 6.5, 6.25], "texture": "#0"},
				"south": {"uv": [0, 0, 0, 0], "texture": "#0"},
				"west": {"uv": [0, 5.75, 1, 6.75], "texture": "#0"},
				"up": {"uv": [6.75, 1, 5.75, 0], "texture": "#0"},
				"down": {"uv": [2, 5.75, 1, 6.75], "texture": "#0"}
			}
		}
	],
	"gui_light": "front",
	"display": {
		"thirdperson_righthand": {
			"rotation": [50, 0, 0],
			"translation": [0, -1.75, 2.25],
			"scale": [0.75, 0.75, 0.75]
		},
		"thirdperson_lefthand": {
			"rotation": [50, 0, 0],
			"translation": [0, -1.75, 2.25],
			"scale": [0.75, 0.75, 0.75]
		},
		"firstperson_righthand": {
			"translation": [0.75, 2.25, 4.5],
			"scale": [0.5, 0.5, 0.5]
		},
		"firstperson_lefthand": {
			"translation": [0.75, 2.25, 4.5],
			"scale": [0.5, 0.5, 0.5]
		},
		"ground": {
			"rotation": [35, 0, 0],
			"translation": [0, 3, 2.75],
			"scale": [0.5, 0.5, 0.5]
		},
		"gui": {
			"rotation": [0, 135, 0],
			"translation": [3.75, -0.5, 0]
		},
		"head": {
			"scale": [1.5, 1.5, 1.5]
		},
		"fixed": {
			"rotation": [-10, 0, 0],
			"translation": [0, 1.25, 6.75],
			"scale": [2, 2, 2]
		}
	},
	"groups": [
		{
			"name": "mask04",
			"origin": [0, -21.5, 4],
			"color": 0,
			"nbt": "{}",
			"armAnimationEnabled": false,
			"children": [0, 1, 2, 3, 4, 5, 6, 7, 8, 9, 10, 11, 12]
		}
	]
}