{
	"credit": "Copyright © 2021-2099 Ikaho-Onsen Minecraft Server. All rights reserved.",
	"textures": {
		"1": "minecraft:item/mac_01_lightblue"
	},
	"elements": [
		{
			"from": [4.4, 3, 1],
			"to": [7.4, 5, 3],
			"faces": {
				"north": {"uv": [9, 3, 12, 5], "texture": "#1"},
				"east": {"uv": [8, 11, 10, 13], "texture": "#1"},
				"south": {"uv": [9, 5, 12, 7], "texture": "#1"},
				"west": {"uv": [10, 11, 12, 13], "texture": "#1"},
				"up": {"uv": [12, 9, 9, 7], "texture": "#1"},
				"down": {"uv": [12, 9, 9, 11], "texture": "#1"}
			}
		},
		{
			"from": [1.4, 3.5, 1.5],
			"to": [4.4, 4.5, 2.5],
			"faces": {
				"north": {"uv": [12, 9, 15, 10], "texture": "#1"},
				"south": {"uv": [12, 3, 15, 4], "texture": "#1"},
				"west": {"uv": [8, 10, 9, 11], "texture": "#1"},
				"up": {"uv": [15, 5, 12, 4], "texture": "#1"},
				"down": {"uv": [15, 5, 12, 6], "texture": "#1"}
			}
		},
		{
			"from": [1.4, 3.5, 2.5],
			"to": [2.4, 4.5, 8.5],
			"faces": {
				"east": {"uv": [0, 10, 6, 11], "texture": "#1"},
				"south": {"uv": [5, 12, 6, 13], "texture": "#1"},
				"west": {"uv": [0, 11, 6, 12], "texture": "#1"},
				"up": {"uv": [7, 16, 6, 10], "texture": "#1"},
				"down": {"uv": [8, 10, 7, 16], "texture": "#1"}
			}
		},
		{
			"from": [1.4, 4.5, 7.5],
			"to": [2.4, 6.5, 8.5],
			"faces": {
				"north": {"uv": [12, 6, 13, 7], "texture": "#1"},
				"south": {"uv": [12, 7, 13, 8], "texture": "#1"},
				"west": {"uv": [12, 8, 13, 9], "texture": "#1"}
			}
		},
		{
			"from": [1.4, 6.5, 6.5],
			"to": [2.4, 9.5, 9.5],
			"faces": {
				"north": {"uv": [0, 12, 1, 15], "texture": "#1"},
				"south": {"uv": [12, 0, 13, 3], "texture": "#1"},
				"west": {"uv": [9, 0, 12, 3], "texture": "#1"},
				"up": {"uv": [2, 15, 1, 12], "texture": "#1"},
				"down": {"uv": [3, 12, 2, 15], "texture": "#1"}
			}
		},
		{
			"from": [2.4, 5.5, 5.5],
			"to": [4.4, 10.5, 10.5],
			"faces": {
				"north": {"uv": [5, 0, 7, 5], "texture": "#1"},
				"east": {"uv": [0, 0, 5, 5], "texture": "#1"},
				"south": {"uv": [5, 5, 7, 10], "texture": "#1"},
				"west": {"uv": [0, 5, 5, 10], "texture": "#1"},
				"up": {"uv": [9, 5, 7, 0], "texture": "#1"},
				"down": {"uv": [9, 5, 7, 10], "texture": "#1"}
			}
		}
	],
	"display": {
		"firstperson_righthand": {
			"translation": [0, -5.75, 0]
		},
		"firstperson_lefthand": {
			"translation": [0, -5.75, 0]
		},
		"ground": {
			"translation": [0, 2.5, 0]
		},
		"gui": {
			"rotation": [30, 135, 0],
			"translation": [0, 3, 0]
		},
		"head": {
			"scale": [1.5, 1.5, 1.5]
		},
		"fixed": {
			"translation": [0, 0, -2.25]
		}
	},
	"groups": [
		{
			"name": "mac",
			"origin": [8, 8, 8],
			"color": 0,
			"nbt": "{}",
			"armAnimationEnabled": false,
			"children": [0, 1, 2, 3, 4, 5]
		}
	]
}