{
	"credit": "Copyright © 2021-2099 Ikaho-Onsen Minecraft Server. All rights reserved.",
	"texture_size": [128, 128],
	"textures": {
		"0": "minecraft:item/cit/boat_texture_1"
	},
	"elements": [
		{
			"from": [5.9, -9.13424, 6.05529],
			"to": [10.1, 14.86576, 10.05529],
			"rotation": {"angle": 45, "axis": "x", "origin": [8, 9.37103, 8]},
			"faces": {
				"north": {"uv": [6.75, 10.625, 7.25, 13.625], "texture": "#0"},
				"east": {"uv": [7.25, 10.625, 7.75, 13.625], "texture": "#0"},
				"south": {"uv": [5.75, 10.625, 6.25, 13.625], "texture": "#0"},
				"west": {"uv": [6.25, 10.625, 6.75, 13.625], "texture": "#0"},
				"down": {"uv": [9.25, 9.375, 9.75, 8.875], "texture": "#0"}
			}
		},
		{
			"from": [5, 14.87631, 4.94471],
			"to": [11, 16.87631, 10.94471],
			"rotation": {"angle": 45, "axis": "x", "origin": [8, 9.37103, 8]},
			"faces": {
				"north": {"uv": [9.25, 8.375, 10, 8.625], "texture": "#0"},
				"east": {"uv": [9.5, 1.125, 10.25, 1.375], "texture": "#0"},
				"south": {"uv": [9, 1.75, 9.75, 2], "texture": "#0"},
				"west": {"uv": [9, 5.5, 9.75, 5.75], "texture": "#0"},
				"up": {"uv": [5.5, 3.5, 6.25, 4.25], "texture": "#0"},
				"down": {"uv": [6.5, 5.25, 7.25, 4.5], "texture": "#0"}
			}
		}
	],
	"display": {
		"head": {
			"scale": [4, 4, 4]
		},
		"fixed": {
			"rotation": [-90, 0, 0],
			"translation": [0, 0, -24]
		}
	},
	"groups": [
		{
			"name": "head",
			"origin": [8, 15, 89],
			"color": 0,
			"nbt": "{}",
			"armAnimationEnabled": false,
			"children": [0, 1]
		}
	]
}