{
	"credit": "Made with Blockbench",
	"texture_size": [32, 32],
	"textures": {
		"0": "item/brush_01",
		"particle": "item/brush_01"
	},
	"elements": [
		{
			"from": [6.5, 21, 6.5],
			"to": [9.5, 24, 9.5],
			"rotation": {"angle": 0, "axis": "y", "origin": [8, 5, 8]},
			"faces": {
				"north": {"uv": [0, 2.5, 1.5, 4], "texture": "#0", "tintindex": 0},
				"east": {"uv": [0, 2.5, 1.5, 4], "texture": "#0", "tintindex": 0},
				"south": {"uv": [0, 2.5, 1.5, 4], "texture": "#0", "tintindex": 0},
				"west": {"uv": [0, 2.5, 1.5, 4], "texture": "#0", "tintindex": 0},
				"up": {"uv": [0, 4, 1.5, 5.5], "texture": "#0", "tintindex": 0}
			}
		},
		{
			"from": [5.3, 15.8, 5.3],
			"to": [10.7, 22.2, 10.7],
			"rotation": {"angle": 0, "axis": "y", "origin": [8, 5, 8]},
			"faces": {
				"north": {"uv": [1.5, 2.5, 4, 5.5], "texture": "#0", "tintindex": 0},
				"east": {"uv": [1.5, 2.5, 4, 5.5], "texture": "#0", "tintindex": 0},
				"south": {"uv": [1.5, 2.5, 4, 5.5], "texture": "#0", "tintindex": 0},
				"west": {"uv": [1.5, 2.5, 4, 5.5], "texture": "#0", "tintindex": 0},
				"up": {"uv": [3, 0, 5.5, 2.5], "texture": "#0", "tintindex": 0}
			}
		},
		{
			"from": [7, 2, 7],
			"to": [9, 12, 9],
			"rotation": {"angle": 0, "axis": "y", "origin": [8, 6, 8]},
			"faces": {
				"north": {"uv": [5, 3.5, 4, 8.5], "texture": "#0"},
				"east": {"uv": [4, 3.5, 5, 8.5], "texture": "#0"},
				"south": {"uv": [5, 3.5, 4, 8.5], "texture": "#0"},
				"west": {"uv": [4, 3.5, 5, 8.5], "texture": "#0"},
				"down": {"uv": [5, 8.5, 4, 9.5], "texture": "#0"}
			}
		},
		{
			"from": [6.5, 12, 6.5],
			"to": [9.5, 16, 9.5],
			"rotation": {"angle": 0, "axis": "y", "origin": [8, 6, 8]},
			"faces": {
				"north": {"uv": [5, 3.5, 6.5, 5.5], "texture": "#0"},
				"east": {"uv": [6.5, 3.5, 5, 5.5], "texture": "#0"},
				"south": {"uv": [5, 3.5, 6.5, 5.5], "texture": "#0"},
				"west": {"uv": [6.5, 3.5, 5, 5.5], "texture": "#0"},
				"down": {"uv": [10.5, 2, 9, 3.5], "texture": "#0"}
			}
		},
		{
			"from": [5.5, 16, 5.5],
			"to": [10.5, 22, 10.5],
			"rotation": {"angle": 0, "axis": "y", "origin": [8, 5, 8]},
			"faces": {
				"north": {"uv": [6.5, 0, 9, 3], "texture": "#0"},
				"east": {"uv": [6.5, 0, 9, 3], "texture": "#0"},
				"south": {"uv": [6.5, 0, 9, 3], "texture": "#0"},
				"west": {"uv": [6.5, 0, 9, 3], "texture": "#0"},
				"up": {"uv": [5, 6, 7.5, 8.5], "texture": "#0"},
				"down": {"uv": [7.5, 8.5, 5, 11], "texture": "#0"}
			}
		},
		{
			"from": [6.3, 15, 6.4],
			"to": [9.7, 16, 9.6],
			"rotation": {"angle": 0, "axis": "z", "origin": [8, 15.5, 8]},
			"faces": {
				"north": {"uv": [7, 3, 9, 3.5], "texture": "#0"},
				"east": {"uv": [9, 3, 7, 3.5], "texture": "#0"},
				"south": {"uv": [7, 3, 9, 3.5], "texture": "#0"},
				"west": {"uv": [9, 3, 7, 3.5], "texture": "#0"}
			}
		}
	],
	"gui_light": "front",
	"display": {
		"firstperson_righthand": {
			"rotation": [-2, 9, 0],
			"translation": [2.5, 0, 0],
			"scale": [0.5, 0.5, 0.5]
		},
		"firstperson_lefthand": {
			"rotation": [-2, 9, 0],
			"translation": [2.5, 0, 0],
			"scale": [0.5, 0.5, 0.5]
		},
		"ground": {
			"rotation": [35, 0, 0],
			"translation": [0, 3, 0],
			"scale": [0.5, 0.5, 0.5]
		},
		"gui": {
			"rotation": [33, 180, 33],
			"translation": [-2.25, -3, 0],
			"scale": [0.85, 0.85, 0.85]
		},
		"head": {
			"rotation": [-40, -180, 0],
			"translation": [0, 8.25, -8.5],
			"scale": [1.5, 1.5, 1.5]
		},
		"fixed": {
			"translation": [0, -9.5, -1],
			"scale": [2, 2, 2]
		}
	},
	"groups": [
		{
			"name": "ink",
			"origin": [8, 6, 8],
			"color": 0,
			"nbt": "{}",
			"armAnimationEnabled": false,
			"children": [0, 1]
		},
		{
			"name": "brush",
			"origin": [7.5, 6, 8.5],
			"color": 0,
			"nbt": "{}",
			"armAnimationEnabled": false,
			"children": [2, 3, 4, 5]
		}
	]
}