{
	"credit": "Copyright © 2021-2099 Ikaho-Onsen Minecraft Server. All rights reserved.",
	"texture_size": [64, 64],
	"textures": {
		"1": "minecraft:item/cit/jp_texture"
	},
	"elements": [
		{
			"from": [1.5, 14, 5],
			"to": [14.5, 16, 19],
			"shade": false,
			"faces": {
				"north": {"uv": [3.25, 7, 6.5, 7.5], "texture": "#1"},
				"east": {"uv": [6.5, 6.75, 10.25, 7.25], "texture": "#1"},
				"south": {"uv": [0, 10, 6.5, 11], "texture": "#1"},
				"west": {"uv": [6.5, 6.75, 10.25, 7.25], "texture": "#1"},
				"up": {"uv": [3.25, 7.25, 0, 3.5], "texture": "#1"}
			}
		},
		{
			"from": [1.5, 16, 18],
			"to": [14.5, 18, 19],
			"shade": false,
			"faces": {
				"north": {"uv": [0.5, 8.5, 3.75, 9], "texture": "#1"},
				"east": {"uv": [6.25, 9, 6.5, 10], "texture": "#1"},
				"south": {"uv": [0, 9, 6.5, 10], "texture": "#1"},
				"west": {"uv": [0, 9, 0.25, 10], "texture": "#1"},
				"up": {"uv": [6.5, 9.25, 0, 9], "texture": "#1"}
			}
		},
		{
			"from": [1.5, 0, 5],
			"to": [14.5, 14, 19],
			"shade": false,
			"faces": {
				"north": {"uv": [3.25, 3.5, 6.5, 7], "texture": "#1"},
				"east": {"uv": [3.5, 0, 0, 3.5], "texture": "#1"},
				"south": {"uv": [3.5, 0, 6.75, 3.5], "texture": "#1"},
				"west": {"uv": [0, 0, 3.5, 3.5], "texture": "#1"},
				"down": {"uv": [11, 3.25, 7.75, 6.75], "texture": "#1"}
			}
		},
		{
			"from": [14.5, 1, 7],
			"to": [15.5, 7, 17],
			"shade": false,
			"faces": {
				"north": {"uv": [2.75, 1.75, 3, 3], "texture": "#1"},
				"east": {"uv": [0.5, 1.75, 3, 3], "texture": "#1"},
				"south": {"uv": [0.75, 1.75, 0.5, 3], "texture": "#1"},
				"up": {"uv": [0.5, 1.75, 3, 2], "rotation": 90, "texture": "#1"},
				"down": {"uv": [0.5, 3, 3, 2.75], "rotation": 270, "texture": "#1"}
			}
		},
		{
			"from": [0.5, 1, 7],
			"to": [1.5, 7, 17],
			"shade": false,
			"rotation": {"angle": 0, "axis": "y", "origin": [16, 0, 24]},
			"faces": {
				"north": {"uv": [0.75, 1.75, 0.5, 3], "texture": "#1"},
				"south": {"uv": [2.75, 1.75, 3, 3], "texture": "#1"},
				"west": {"uv": [0.5, 1.75, 3, 3], "texture": "#1"},
				"up": {"uv": [0.5, 1.75, 3, 2], "rotation": 270, "texture": "#1"},
				"down": {"uv": [0.5, 3, 3, 2.75], "rotation": 90, "texture": "#1"}
			}
		},
		{
			"from": [3.5, 1, 0],
			"to": [5.5, 14, 5],
			"shade": false,
			"faces": {
				"north": {"uv": [6.5, 7.25, 7, 10.5], "texture": "#1"},
				"east": {"uv": [6.5, 3.5, 7.75, 6.75], "texture": "#1"},
				"west": {"uv": [6.75, 0, 8, 3.25], "texture": "#1"},
				"up": {"uv": [6.5, 8.75, 6, 7.5], "texture": "#1"},
				"down": {"uv": [0.5, 7.75, 0, 9], "texture": "#1"}
			}
		},
		{
			"from": [10.5, 1, 0],
			"to": [12.5, 14, 5],
			"shade": false,
			"faces": {
				"north": {"uv": [7, 7.25, 6.5, 10.5], "texture": "#1"},
				"east": {"uv": [6.5, 3.5, 7.75, 6.75], "texture": "#1"},
				"west": {"uv": [6.75, 0, 8, 3.25], "texture": "#1"},
				"up": {"uv": [6.5, 8.75, 6, 7.5], "texture": "#1"},
				"down": {"uv": [0.5, 7.75, 0, 9], "texture": "#1"}
			}
		},
		{
			"from": [3, 16, 6],
			"to": [5, 22, 8],
			"faces": {
				"north": {"uv": [11, 10, 11.5, 11.5], "texture": "#1"},
				"east": {"uv": [11, 10, 11.5, 11.5], "texture": "#1"},
				"south": {"uv": [11, 10, 11.5, 11.5], "texture": "#1"},
				"west": {"uv": [11, 10, 11.5, 11.5], "texture": "#1"}
			}
		},
		{
			"from": [0.5, 11, 5],
			"to": [1.5, 13, 19],
			"faces": {
				"north": {"uv": [7.25, 11.5, 7.5, 12], "texture": "#1"},
				"south": {"uv": [11, 11.5, 11.25, 12], "texture": "#1"},
				"west": {"uv": [7.5, 11.5, 11, 12], "texture": "#1"},
				"up": {"uv": [7.5, 11.25, 11, 11.5], "rotation": 90, "texture": "#1"},
				"down": {"uv": [7.5, 12, 11, 12.25], "rotation": 90, "texture": "#1"}
			}
		},
		{
			"from": [14.5, 11, 5],
			"to": [15.5, 13, 19],
			"faces": {
				"north": {"uv": [11, 11.5, 11.25, 12], "texture": "#1"},
				"east": {"uv": [7.5, 11.5, 11, 12], "texture": "#1"},
				"south": {"uv": [7.25, 11.5, 7.5, 12], "texture": "#1"},
				"up": {"uv": [7.5, 11.25, 11, 11.5], "rotation": 270, "texture": "#1"},
				"down": {"uv": [7.5, 12, 11, 12.25], "rotation": 270, "texture": "#1"}
			}
		},
		{
			"from": [1.5, 11, 19],
			"to": [14.5, 13, 20],
			"faces": {
				"east": {"uv": [10.75, 10.5, 11, 11], "texture": "#1"},
				"south": {"uv": [7.5, 10.5, 10.75, 11], "texture": "#1"},
				"west": {"uv": [7.25, 10.5, 7.5, 11], "texture": "#1"},
				"up": {"uv": [7.5, 10.25, 10.75, 10.5], "texture": "#1"},
				"down": {"uv": [7.5, 11, 10.75, 11.25], "texture": "#1"}
			}
		},
		{
			"from": [1.5, 11, 4],
			"to": [14.5, 13, 5],
			"faces": {
				"north": {"uv": [7.5, 10.5, 10.75, 11], "texture": "#1"},
				"east": {"uv": [7.25, 10.5, 7.5, 11], "texture": "#1"},
				"west": {"uv": [10.75, 10.5, 11, 11], "texture": "#1"},
				"up": {"uv": [7.5, 10.25, 10.75, 10.5], "rotation": 180, "texture": "#1"},
				"down": {"uv": [7.5, 11, 10.75, 11.25], "rotation": 180, "texture": "#1"}
			}
		},
		{
			"from": [6.5, 10.6, 19],
			"to": [9.5, 13.6, 21],
			"faces": {
				"east": {"uv": [7.25, 10.75, 6.75, 11.5], "texture": "#1"},
				"south": {"uv": [6.5, 10.75, 7.25, 11.5], "texture": "#1"},
				"west": {"uv": [6.75, 10.75, 7.25, 11.5], "texture": "#1"},
				"up": {"uv": [6.5, 10.5, 7.25, 11], "texture": "#1"},
				"down": {"uv": [6.5, 11.25, 7.25, 11.75], "texture": "#1"}
			}
		},
		{
			"from": [3.3, 3, 19.6],
			"to": [9.3, 11, 19.6],
			"rotation": {"angle": -22.5, "axis": "z", "origin": [9.8, 14, 0]},
			"faces": {
				"south": {"uv": [7, 7.75, 8.5, 9.75], "texture": "#1"}
			}
		},
		{
			"from": [8.3, 3.3, 19.6],
			"to": [14.3, 11.3, 19.6],
			"rotation": {"angle": 22.5, "axis": "z", "origin": [7.8, 10.3, 0]},
			"faces": {
				"south": {"uv": [8.5, 7.75, 7, 9.75], "texture": "#1"}
			}
		},
		{
			"from": [3, 23, 6],
			"to": [5, 24, 8],
			"faces": {
				"north": {"uv": [4.5, 11.5, 5, 11.75], "texture": "#1"},
				"east": {"uv": [4.5, 11.5, 5, 11.75], "texture": "#1"},
				"south": {"uv": [4.5, 11.5, 5, 11.75], "texture": "#1"},
				"west": {"uv": [4.5, 11.5, 5, 11.75], "texture": "#1"}
			}
		},
		{
			"from": [11, 16, 6],
			"to": [13, 22, 8],
			"faces": {
				"north": {"uv": [11, 10, 11.5, 11.5], "texture": "#1"},
				"east": {"uv": [11, 10, 11.5, 11.5], "texture": "#1"},
				"south": {"uv": [11, 10, 11.5, 11.5], "texture": "#1"},
				"west": {"uv": [11, 10, 11.5, 11.5], "texture": "#1"}
			}
		},
		{
			"from": [11, 23, 6],
			"to": [13, 24, 8],
			"faces": {
				"north": {"uv": [4.5, 11.5, 5, 11.75], "texture": "#1"},
				"east": {"uv": [4.5, 11.5, 5, 11.75], "texture": "#1"},
				"south": {"uv": [4.5, 11.5, 5, 11.75], "texture": "#1"},
				"west": {"uv": [4.5, 11.5, 5, 11.75], "texture": "#1"}
			}
		},
		{
			"from": [1, 24, 6],
			"to": [15, 26, 8],
			"faces": {
				"north": {"uv": [0.5, 13.5, 4, 14], "texture": "#1"},
				"east": {"uv": [4, 13.5, 4.5, 14], "texture": "#1"},
				"south": {"uv": [0.5, 13.5, 4, 14], "texture": "#1"},
				"west": {"uv": [0, 13.5, 0.5, 14], "texture": "#1"},
				"up": {"uv": [0.5, 13, 4, 13.5], "texture": "#1"},
				"down": {"uv": [0.5, 14, 4, 14.5], "texture": "#1"}
			}
		},
		{
			"from": [2, 22, 6],
			"to": [14, 23, 8],
			"faces": {
				"north": {"uv": [0.5, 12, 4, 12.5], "texture": "#1"},
				"east": {"uv": [4, 12, 4.5, 12.5], "texture": "#1"},
				"south": {"uv": [0.5, 12, 4, 12.5], "texture": "#1"},
				"west": {"uv": [0, 12, 0.5, 12.5], "texture": "#1"},
				"up": {"uv": [0.5, 11.5, 4, 12], "texture": "#1"},
				"down": {"uv": [0.5, 12.5, 4, 13], "texture": "#1"}
			}
		},
		{
			"from": [5, 19, 7],
			"to": [11, 22, 7],
			"faces": {
				"north": {"uv": [0.5, 14.5, 2, 15.25], "texture": "#1"},
				"south": {"uv": [0.5, 14.5, 2, 15.25], "texture": "#1"}
			}
		}
	],
	"display": {
		"thirdperson_righthand": {
			"rotation": [70, -180, 0],
			"translation": [-5.5, -1, -3.5]
		},
		"thirdperson_lefthand": {
			"rotation": [70, -180, 0],
			"translation": [-5.5, -1, -3.5]
		},
		"ground": {
			"rotation": [-18, 0, 0],
			"translation": [0, 4.5, -4]
		},
		"gui": {
			"rotation": [9, -41, 0],
			"translation": [1.5, 0, 0],
			"scale": [0.8, 0.8, 0.8]
		},
		"head": {
			"translation": [-0.5, -15, 7.75],
			"scale": [1.5, 1.5, 1.5]
		},
		"fixed": {
			"rotation": [-90, -180, 0],
			"translation": [0, 8.25, -16],
			"scale": [2, 2, 2]
		}
	},
	"groups": [
		{
			"name": "block",
			"origin": [8, 8, 8],
			"color": 0,
			"nbt": "{}",
			"armAnimationEnabled": false,
			"children": [0, 1, 2, 3, 4, 5, 6, 7, 8, 9, 10, 11, 12, 13, 14, 15, 16, 17, 18, 19, 20]
		}
	]
}