{
	"credit": "Copyright © 2021-2099 Ikaho-Onsen Minecraft Server. All rights reserved.",
	"textures": {
		"0": "minecraft:item/bread/bread_01",
		"1": "minecraft:item/bread/bread_01_layer",
		"particle": "minecraft:item/bread/bread_01"
	},
	"elements": [
		{
			"from": [6, 0, 0.5],
			"to": [10, 3, 15.5],
			"rotation": {"angle": 0, "axis": "x", "origin": [8, 1.5, 8]},
			"faces": {
				"north": {"uv": [11, 0, 15, 3], "texture": "#0"},
				"east": {"uv": [8, 0, 11, 15], "rotation": 90, "texture": "#0"},
				"south": {"uv": [11, 0, 15, 3], "texture": "#0"},
				"west": {"uv": [8, 0, 11, 15], "rotation": 90, "texture": "#0"},
				"up": {"uv": [4, 15, 0, 0], "texture": "#0"},
				"down": {"uv": [8, 0, 4, 15], "texture": "#0"}
			}
		},
		{
			"from": [5.8, -0.2, 0.5],
			"to": [10.2, 3.2, 15.5],
			"rotation": {"angle": 0, "axis": "x", "origin": [8, 1.5, 8]},
			"faces": {
				"east": {"uv": [8, 0, 11, 15], "rotation": 90, "texture": "#1"},
				"west": {"uv": [8, 0, 11, 15], "rotation": 90, "texture": "#1"},
				"up": {"uv": [4, 15, 0, 0], "texture": "#1"}
			}
		}
	],
	"gui_light": "front",
	"display": {
		"thirdperson_righthand": {
			"rotation": [90, 0, -90],
			"translation": [5.75, 5.75, 0],
			"scale": [0.9, 0.9, 0.9]
		},
		"thirdperson_lefthand": {
			"rotation": [90, 0, -90],
			"translation": [5.75, 5.75, 0],
			"scale": [0.9, 0.9, 0.9]
		},
		"firstperson_righthand": {
			"rotation": [88, 0, 65],
			"translation": [2.5, 0, 0],
			"scale": [0.7, 0.7, 0.7]
		},
		"firstperson_lefthand": {
			"rotation": [88, 0, 65],
			"translation": [2.5, 0, 0],
			"scale": [0.7, 0.7, 0.7]
		},
		"ground": {
			"rotation": [35, 0, 0],
			"translation": [0, 3, 0],
			"scale": [0.5, 0.5, 0.5]
		},
		"gui": {
			"rotation": [33, 135, 0],
			"translation": [0, 5, 0],
			"scale": [1.05, 1.05, 1.05]
		},
		"head": {
			"rotation": [-21, 0, 0],
			"translation": [0, -2.75, -15.25]
		},
		"fixed": {
			"rotation": [-90, 0, 0],
			"translation": [0, 0, -15.75],
			"scale": [2, 2, 2]
		}
	},
	"groups": [
		{
			"name": "bread_01",
			"origin": [0, 0, 0],
			"color": 0,
			"nbt": "{}",
			"armAnimationEnabled": false,
			"children": [0, 1]
		}
	]
}