{
	"credit": "Copyright © 2021-2099 Ikaho-Onsen Minecraft Server. All rights reserved.",
	"texture_size": [128, 128],
	"textures": {
		"1": "minecraft:item/cit/island_lightblue",
		"particle": "minecraft:item/cit/island_lightblue"
	},
	"elements": [
		{
			"name": "seat",
			"from": [-3.9, 0.1, 17],
			"to": [19.9, 4.5, 25],
			"rotation": {"angle": 0, "axis": "y", "origin": [8, 11.81863, 8]},
			"faces": {
				"north": {"uv": [7.5, 8.25, 10.5, 8.8125], "texture": "#1"},
				"south": {"uv": [8.5, 0, 11.5, 0.5625], "texture": "#1"},
				"west": {"uv": [5, 6.375, 6, 6.9375], "texture": "#1"},
				"up": {"uv": [3, 7.375, 0, 6.375], "texture": "#1"}
			}
		},
		{
			"name": "seat",
			"from": [-3.9, -4.9, 12],
			"to": [19.9, 0.1, 17],
			"rotation": {"angle": 0, "axis": "y", "origin": [8, 11.81863, 8]},
			"faces": {
				"north": {"uv": [7.5, 7, 10.5, 7.625], "texture": "#1"},
				"west": {"uv": [9.375, 5.625, 10, 6.25], "texture": "#1"},
				"up": {"uv": [10.5, 8.25, 7.5, 7.625], "texture": "#1"}
			}
		},
		{
			"name": "seat",
			"from": [-6.5, -6.4, 8],
			"to": [22.5, -4.9, 22],
			"rotation": {"angle": 0, "axis": "y", "origin": [8, 11.81863, 8]},
			"faces": {
				"east": {"uv": [9.375, 9.125, 11.125, 9.3125], "texture": "#1"},
				"south": {"uv": [9, 2.375, 12.625, 2.5625], "texture": "#1"},
				"west": {"uv": [9.625, 0.625, 11.375, 0.8125], "texture": "#1"},
				"up": {"uv": [3.625, 1.75, 0, 0], "texture": "#1"},
				"down": {"uv": [3.625, 1.75, 0, 3.5], "texture": "#1"}
			}
		},
		{
			"name": "seat",
			"from": [-4, 8.39663, 28.79206],
			"to": [20, 16.89663, 29.79206],
			"rotation": {"angle": 45, "axis": "x", "origin": [8, 11.81863, 8]},
			"faces": {
				"north": {"uv": [6, 4.75, 9, 5.8125], "texture": "#1"},
				"south": {"uv": [6, 5.875, 9, 6.9375], "texture": "#1"}
			}
		},
		{
			"name": "seat",
			"from": [-4, 6.5, 26.5],
			"to": [20, 12.5, 26.5],
			"rotation": {"angle": 0, "axis": "y", "origin": [8, 11.81863, 8]},
			"faces": {
				"north": {"uv": [3, 13.4375, 0, 14.1875], "texture": "#1"},
				"south": {"uv": [0, 13.4375, 3, 14.1875], "texture": "#1"}
			}
		},
		{
			"name": "seat",
			"from": [-4, 0, 26],
			"to": [20, 6.5, 27],
			"rotation": {"angle": 0, "axis": "y", "origin": [8, 11.81863, 8]},
			"faces": {
				"north": {"uv": [0, 3.5, 3, 4.3125], "texture": "#1"},
				"south": {"uv": [3, 3.5, 6, 4.3125], "texture": "#1"},
				"up": {"uv": [13, 0, 16, 0.125], "texture": "#1"}
			}
		},
		{
			"name": "seat",
			"from": [-4, 5.36811, 25.35244],
			"to": [20, 14.86811, 25.35244],
			"rotation": {"angle": -22.5, "axis": "x", "origin": [8, 11.81863, 8]},
			"faces": {
				"north": {"uv": [3, 12.25, 0, 13.4375], "texture": "#1"},
				"south": {"uv": [0, 12.25, 3, 13.4375], "texture": "#1"}
			}
		},
		{
			"name": "seat",
			"from": [-4, 7.9951, 25.19848],
			"to": [20, 16.4951, 25.19848],
			"rotation": {"angle": -45, "axis": "x", "origin": [8, 11.81863, 8]},
			"faces": {
				"north": {"uv": [3, 11.1875, 0, 12.25], "texture": "#1"},
				"south": {"uv": [0, 11.1875, 3, 12.25], "texture": "#1"}
			}
		},
		{
			"name": "seat",
			"from": [-4, 26.28726, 8],
			"to": [20, 27.28726, 17.4],
			"rotation": {"angle": 0, "axis": "y", "origin": [8, 11.81863, 8]},
			"faces": {
				"south": {"uv": [13, 0.3125, 16, 0.4375], "texture": "#1"},
				"up": {"uv": [8.5, 1.25, 5.5, 0], "texture": "#1"},
				"down": {"uv": [8.5, 1.25, 5.5, 2.5], "texture": "#1"}
			}
		},
		{
			"name": "seat",
			"from": [-5, 4.5, 8],
			"to": [-5, 20.5, 16.5],
			"rotation": {"angle": 0, "axis": "y", "origin": [8, 11.81863, 8]},
			"faces": {
				"east": {"uv": [1.0625, 7.375, 0, 9.375], "texture": "#1"},
				"west": {"uv": [0, 7.375, 1.0625, 9.375], "texture": "#1"}
			}
		},
		{
			"name": "seat",
			"from": [-5.5, -4.9, 8],
			"to": [-4.5, 4.5, 15.7],
			"rotation": {"angle": 0, "axis": "y", "origin": [8, 11.81863, 8]},
			"faces": {
				"north": {"uv": [4.875, 9, 5, 10.125], "texture": "#1"},
				"east": {"uv": [9.5625, 0.625, 8.5, 1.75], "texture": "#1"},
				"west": {"uv": [8.5, 0.625, 9.5625, 1.75], "texture": "#1"},
				"up": {"uv": [4.125, 10.75, 4, 9.625], "texture": "#1"},
				"down": {"uv": [4, 10.75, 4.125, 11.8125], "texture": "#1"}
			}
		},
		{
			"name": "seat",
			"from": [-5.9, 20.5, 8],
			"to": [-4.1, 25, 15.7],
			"rotation": {"angle": 0, "axis": "y", "origin": [8, 11.81863, 8]},
			"faces": {
				"north": {"uv": [9.125, 9.75, 9.375, 10.3125], "texture": "#1"},
				"east": {"uv": [9, 2.625, 10.0625, 3.1875], "texture": "#1"},
				"west": {"uv": [3, 9, 4.0625, 9.5625], "texture": "#1"},
				"up": {"uv": [3.625, 10.875, 3.875, 11.875], "texture": "#1"},
				"down": {"uv": [8.75, 9.75, 8.5, 10.8125], "texture": "#1"}
			}
		},
		{
			"name": "seat",
			"from": [-7, 24.999, 8],
			"to": [-4, 27.999, 18.3],
			"rotation": {"angle": 0, "axis": "y", "origin": [8, 11.81863, 8]},
			"faces": {
				"east": {"uv": [9, 4.875, 10.3125, 5.25], "texture": "#1"},
				"south": {"uv": [8.75, 9.75, 9.125, 10.125], "texture": "#1"},
				"west": {"uv": [9, 5.25, 10.3125, 5.625], "texture": "#1"},
				"up": {"uv": [4.875, 10.3125, 4.5, 9], "texture": "#1"},
				"down": {"uv": [9.375, 5.625, 9, 6.9375], "texture": "#1"}
			}
		},
		{
			"name": "seat",
			"from": [-6, -5.4, 15.7],
			"to": [-4, 25, 17.2],
			"rotation": {"angle": 0, "axis": "y", "origin": [8, 11.81863, 8]},
			"faces": {
				"north": {"uv": [2.25, 7.375, 2.5, 11.1875], "texture": "#1"},
				"east": {"uv": [2.75, 7.375, 2.9375, 11.1875], "texture": "#1"},
				"south": {"uv": [2.5, 7.375, 2.75, 11.1875], "texture": "#1"},
				"west": {"uv": [6, 8.625, 6.1875, 12.4375], "texture": "#1"}
			}
		},
		{
			"name": "seat",
			"from": [-5, 4.5, 17.2],
			"to": [-5, 25.2, 25],
			"rotation": {"angle": 0, "axis": "y", "origin": [8, 11.81863, 8]},
			"faces": {
				"east": {"uv": [5, 6.375, 4, 8.9375], "texture": "#1"},
				"west": {"uv": [4, 6.375, 5, 8.9375], "texture": "#1"}
			}
		},
		{
			"name": "seat",
			"from": [-5.5, -4.9, 17.2],
			"to": [-4.5, 4.5, 25],
			"rotation": {"angle": 0, "axis": "y", "origin": [8, 11.81863, 8]},
			"faces": {
				"east": {"uv": [1.125, 8.625, 2.125, 9.8125], "texture": "#1"},
				"west": {"uv": [5, 8.625, 6, 9.8125], "texture": "#1"},
				"up": {"uv": [1.25, 10.875, 1.125, 9.875], "texture": "#1"}
			}
		},
		{
			"name": "seat",
			"from": [-6.001, 6.93515, 23.25943],
			"to": [-3.999, 16.43525, 26.25943],
			"rotation": {"angle": -45, "axis": "x", "origin": [8, 11.81863, 8]},
			"faces": {
				"north": {"uv": [9.625, 3.25, 9.875, 4.4375], "texture": "#1"},
				"east": {"uv": [7, 9, 7.375, 10.1875], "texture": "#1"},
				"south": {"uv": [3.5, 9.625, 3.75, 10.8125], "texture": "#1"},
				"west": {"uv": [0, 9.375, 0.375, 10.5625], "texture": "#1"}
			}
		},
		{
			"name": "seat",
			"from": [-6, 4.79447, 23.73834],
			"to": [-4, 14.29447, 26.73834],
			"rotation": {"angle": -22.5, "axis": "x", "origin": [8, 11.81863, 8]},
			"faces": {
				"north": {"uv": [3.75, 9.625, 4, 10.8125], "texture": "#1"},
				"east": {"uv": [0.375, 9.375, 0.75, 10.5625], "texture": "#1"},
				"south": {"uv": [7.625, 9.75, 7.875, 10.9375], "texture": "#1"},
				"west": {"uv": [0.75, 9.375, 1.125, 10.5625], "texture": "#1"}
			}
		},
		{
			"name": "seat",
			"from": [-6, 7.10373, 27.49917],
			"to": [-4, 17.60373, 30.49917],
			"rotation": {"angle": 45, "axis": "x", "origin": [8, 11.81863, 8]},
			"faces": {
				"north": {"uv": [3, 9.625, 3.25, 10.9375], "texture": "#1"},
				"east": {"uv": [6.25, 9, 6.625, 10.3125], "texture": "#1"},
				"south": {"uv": [3.25, 9.625, 3.5, 10.9375], "texture": "#1"},
				"west": {"uv": [6.625, 9, 7, 10.3125], "texture": "#1"},
				"up": {"uv": [10.125, 4, 9.875, 3.625], "texture": "#1"}
			}
		},
		{
			"name": "seat",
			"from": [-6.001, 0, 25],
			"to": [-3.999, 12.5, 28],
			"rotation": {"angle": 0, "axis": "y", "origin": [8, 11.81863, 8]},
			"faces": {
				"north": {"uv": [9.375, 3.25, 9.625, 4.8125], "texture": "#1"},
				"east": {"uv": [9, 3.25, 9.375, 4.8125], "texture": "#1"},
				"south": {"uv": [7.375, 9.375, 7.625, 10.9375], "texture": "#1"},
				"west": {"uv": [4.125, 9, 4.5, 10.5625], "texture": "#1"}
			}
		},
		{
			"name": "seat",
			"from": [21, 4.5, 8],
			"to": [21, 20.5, 16.5],
			"rotation": {"angle": 0, "axis": "y", "origin": [8, 11.81863, 8]},
			"faces": {
				"east": {"uv": [1.0625, 7.375, 0, 9.375], "texture": "#1"},
				"west": {"uv": [0, 7.375, 1.0625, 9.375], "texture": "#1"}
			}
		},
		{
			"name": "seat",
			"from": [20.5, -4.9, 8],
			"to": [21.5, 4.5, 15.7],
			"rotation": {"angle": 0, "axis": "y", "origin": [8, 11.81863, 8]},
			"faces": {
				"north": {"uv": [5, 9, 4.875, 10.125], "texture": "#1"},
				"east": {"uv": [9.5625, 0.625, 8.5, 1.75], "texture": "#1"},
				"west": {"uv": [8.5, 0.625, 9.5625, 1.75], "texture": "#1"},
				"up": {"uv": [4, 10.75, 4.125, 9.625], "texture": "#1"},
				"down": {"uv": [4.125, 10.75, 4, 11.8125], "texture": "#1"}
			}
		},
		{
			"name": "seat",
			"from": [20.1, 20.5, 8],
			"to": [21.9, 25, 15.7],
			"rotation": {"angle": 0, "axis": "y", "origin": [8, 11.81863, 8]},
			"faces": {
				"north": {"uv": [9.375, 9.75, 9.125, 10.3125], "texture": "#1"},
				"east": {"uv": [4.0625, 9, 3, 9.5625], "texture": "#1"},
				"west": {"uv": [10.0625, 2.625, 9, 3.1875], "texture": "#1"},
				"up": {"uv": [3.875, 10.875, 3.625, 11.875], "texture": "#1"},
				"down": {"uv": [8.5, 9.75, 8.75, 10.8125], "texture": "#1"}
			}
		},
		{
			"name": "seat",
			"from": [20, 24.999, 8],
			"to": [23, 27.999, 18.3],
			"rotation": {"angle": 0, "axis": "y", "origin": [8, 11.81863, 8]},
			"faces": {
				"east": {"uv": [10.3125, 5.25, 9, 5.625], "texture": "#1"},
				"south": {"uv": [9.125, 9.75, 8.75, 10.125], "texture": "#1"},
				"west": {"uv": [10.3125, 4.875, 9, 5.25], "texture": "#1"},
				"up": {"uv": [4.5, 10.3125, 4.875, 9], "texture": "#1"},
				"down": {"uv": [9, 5.625, 9.375, 6.9375], "texture": "#1"}
			}
		},
		{
			"name": "seat",
			"from": [20, -5.4, 15.7],
			"to": [22, 25, 17.2],
			"rotation": {"angle": 0, "axis": "y", "origin": [8, 11.81863, 8]},
			"faces": {
				"north": {"uv": [2.5, 7.375, 2.25, 11.1875], "texture": "#1"},
				"east": {"uv": [6.1875, 8.625, 6, 12.4375], "texture": "#1"},
				"south": {"uv": [2.75, 7.375, 2.5, 11.1875], "texture": "#1"},
				"west": {"uv": [2.9375, 7.375, 2.75, 11.1875], "texture": "#1"}
			}
		},
		{
			"name": "seat",
			"from": [21, 4.5, 17.2],
			"to": [21, 25.2, 25],
			"rotation": {"angle": 0, "axis": "y", "origin": [8, 11.81863, 8]},
			"faces": {
				"east": {"uv": [5, 6.375, 4, 8.9375], "texture": "#1"},
				"west": {"uv": [4, 6.375, 5, 8.9375], "texture": "#1"}
			}
		},
		{
			"name": "seat",
			"from": [20.5, -4.9, 17.2],
			"to": [21.5, 4.5, 25],
			"rotation": {"angle": 0, "axis": "y", "origin": [8, 11.81863, 8]},
			"faces": {
				"east": {"uv": [6, 8.625, 5, 9.8125], "texture": "#1"},
				"west": {"uv": [2.125, 8.625, 1.125, 9.8125], "texture": "#1"},
				"up": {"uv": [1.125, 10.875, 1.25, 9.875], "texture": "#1"}
			}
		},
		{
			"name": "seat",
			"from": [19.999, 6.93515, 23.25943],
			"to": [22.001, 16.43525, 26.25943],
			"rotation": {"angle": -45, "axis": "x", "origin": [8, 11.81863, 8]},
			"faces": {
				"north": {"uv": [9.875, 3.25, 9.625, 4.4375], "texture": "#1"},
				"east": {"uv": [0.375, 9.375, 0, 10.5625], "texture": "#1"},
				"south": {"uv": [3.75, 9.625, 3.5, 10.8125], "texture": "#1"},
				"west": {"uv": [7.375, 9, 7, 10.1875], "texture": "#1"}
			}
		},
		{
			"name": "seat",
			"from": [20, 4.79447, 23.73834],
			"to": [22, 14.29447, 26.73834],
			"rotation": {"angle": -22.5, "axis": "x", "origin": [8, 11.81863, 8]},
			"faces": {
				"north": {"uv": [4, 9.625, 3.75, 10.8125], "texture": "#1"},
				"east": {"uv": [1.125, 9.375, 0.75, 10.5625], "texture": "#1"},
				"south": {"uv": [7.875, 9.75, 7.625, 10.9375], "texture": "#1"},
				"west": {"uv": [0.75, 9.375, 0.375, 10.5625], "texture": "#1"}
			}
		},
		{
			"name": "seat",
			"from": [20, 7.10373, 27.49917],
			"to": [22, 17.60373, 30.49917],
			"rotation": {"angle": 45, "axis": "x", "origin": [8, 11.81863, 8]},
			"faces": {
				"north": {"uv": [3.25, 9.625, 3, 10.9375], "texture": "#1"},
				"east": {"uv": [7, 9, 6.625, 10.3125], "texture": "#1"},
				"south": {"uv": [3.5, 9.625, 3.25, 10.9375], "texture": "#1"},
				"west": {"uv": [6.625, 9, 6.25, 10.3125], "texture": "#1"},
				"up": {"uv": [9.875, 4, 10.125, 3.625], "texture": "#1"}
			}
		},
		{
			"name": "seat",
			"from": [19.999, 0, 25],
			"to": [22.001, 12.5, 28],
			"rotation": {"angle": 0, "axis": "y", "origin": [8, 11.81863, 8]},
			"faces": {
				"north": {"uv": [9.625, 3.25, 9.375, 4.8125], "texture": "#1"},
				"east": {"uv": [4.5, 9, 4.125, 10.5625], "texture": "#1"},
				"south": {"uv": [7.625, 9.375, 7.375, 10.9375], "texture": "#1"},
				"west": {"uv": [9.375, 3.25, 9, 4.8125], "texture": "#1"}
			}
		},
		{
			"name": "seat",
			"from": [-14, 24.28726, 6],
			"to": [-12, 28.28726, 10.3],
			"rotation": {"angle": 0, "axis": "y", "origin": [8, 11.81863, 8]},
			"faces": {
				"north": {"uv": [1.25, 9.875, 1.5, 10.375], "texture": "#1"},
				"east": {"uv": [9.625, 1.375, 10.1875, 1.875], "texture": "#1"},
				"south": {"uv": [1.5, 9.875, 1.75, 10.375], "texture": "#1"},
				"west": {"uv": [7.875, 9.75, 8.4375, 10.25], "texture": "#1"},
				"up": {"uv": [9.625, 10.3125, 9.375, 9.75], "texture": "#1"},
				"down": {"uv": [9.875, 9.75, 9.625, 10.3125], "texture": "#1"}
			}
		},
		{
			"name": "seat",
			"from": [-16, 25.28726, 7],
			"to": [-7, 27.28726, 9.3],
			"rotation": {"angle": 0, "axis": "y", "origin": [8, 11.81863, 8]},
			"faces": {
				"north": {"uv": [9.625, 0.875, 10.75, 1.125], "texture": "#1"},
				"south": {"uv": [9.625, 1.125, 10.75, 1.375], "texture": "#1"},
				"west": {"uv": [5, 9.875, 5.3125, 10.125], "texture": "#1"},
				"up": {"uv": [8.75, 9.6875, 7.625, 9.375], "texture": "#1"},
				"down": {"uv": [9.875, 9.375, 8.75, 9.6875], "texture": "#1"}
			}
		},
		{
			"name": "seat",
			"from": [2, 24.28726, 2],
			"to": [14, 26.28726, 14.3],
			"rotation": {"angle": 0, "axis": "y", "origin": [8, 11.81863, 8]},
			"faces": {
				"north": {"uv": [9.375, 6.75, 10.75, 7], "texture": "#1"},
				"east": {"uv": [9.375, 6.25, 10.9375, 6.5], "texture": "#1"},
				"south": {"uv": [9.375, 8.875, 10.75, 9.125], "texture": "#1"},
				"west": {"uv": [9.375, 6.5, 10.9375, 6.75], "texture": "#1"},
				"down": {"uv": [6.375, 7, 5, 8.5625], "texture": "#1"}
			}
		},
		{
			"name": "seat",
			"from": [0, 27.28726, 0],
			"to": [16, 31.28726, 16.3],
			"rotation": {"angle": 0, "axis": "y", "origin": [8, 11.81863, 8]},
			"faces": {
				"north": {"uv": [8.5, 1.875, 10.375, 2.375], "texture": "#1"},
				"east": {"uv": [3.625, 2.5, 5.625, 3], "texture": "#1"},
				"south": {"uv": [7.5, 8.875, 9.375, 9.375], "texture": "#1"},
				"west": {"uv": [3.625, 3, 5.625, 3.5], "texture": "#1"},
				"up": {"uv": [5.5, 2, 3.625, 0], "texture": "#1"}
			}
		},
		{
			"name": "seat",
			"from": [23, 25.28726, 7],
			"to": [32, 27.28726, 9.3],
			"rotation": {"angle": 0, "axis": "y", "origin": [8, 11.81863, 8]},
			"faces": {
				"north": {"uv": [10.75, 0.875, 9.625, 1.125], "texture": "#1"},
				"east": {"uv": [5.3125, 9.875, 5, 10.125], "texture": "#1"},
				"south": {"uv": [10.75, 1.125, 9.625, 1.375], "texture": "#1"},
				"up": {"uv": [7.625, 9.6875, 8.75, 9.375], "texture": "#1"},
				"down": {"uv": [8.75, 9.375, 9.875, 9.6875], "texture": "#1"}
			}
		},
		{
			"name": "seat",
			"from": [28, 24.28726, 6],
			"to": [30, 28.28726, 10.3],
			"rotation": {"angle": 0, "axis": "y", "origin": [8, 11.81863, 8]},
			"faces": {
				"north": {"uv": [1.5, 9.875, 1.25, 10.375], "texture": "#1"},
				"east": {"uv": [8.4375, 9.75, 7.875, 10.25], "texture": "#1"},
				"south": {"uv": [1.75, 9.875, 1.5, 10.375], "texture": "#1"},
				"west": {"uv": [10.1875, 1.375, 9.625, 1.875], "texture": "#1"},
				"up": {"uv": [9.375, 10.3125, 9.625, 9.75], "texture": "#1"},
				"down": {"uv": [9.625, 9.75, 9.875, 10.3125], "texture": "#1"}
			}
		},
		{
			"name": "seat",
			"from": [-3.9, 0.1, -9],
			"to": [19.9, 4.5, -1],
			"rotation": {"angle": 0, "axis": "y", "origin": [8, 11.81863, 8]},
			"faces": {
				"north": {"uv": [11.5, 0, 8.5, 0.5625], "texture": "#1"},
				"south": {"uv": [10.5, 8.25, 7.5, 8.8125], "texture": "#1"},
				"west": {"uv": [6, 6.375, 5, 6.9375], "texture": "#1"},
				"up": {"uv": [3, 6.375, 0, 7.375], "texture": "#1"}
			}
		},
		{
			"name": "seat",
			"from": [-3.9, -4.9, -1],
			"to": [19.9, 0.1, 4],
			"rotation": {"angle": 0, "axis": "y", "origin": [8, 11.81863, 8]},
			"faces": {
				"south": {"uv": [10.5, 7, 7.5, 7.625], "texture": "#1"},
				"west": {"uv": [10, 5.625, 9.375, 6.25], "texture": "#1"},
				"up": {"uv": [10.5, 7.625, 7.5, 8.25], "texture": "#1"}
			}
		},
		{
			"name": "seat",
			"from": [-6.5, -6.4, -6],
			"to": [22.5, -4.9, 8],
			"rotation": {"angle": 0, "axis": "y", "origin": [8, 11.81863, 8]},
			"faces": {
				"north": {"uv": [12.625, 2.375, 9, 2.5625], "texture": "#1"},
				"east": {"uv": [11.125, 9.125, 9.375, 9.3125], "texture": "#1"},
				"west": {"uv": [11.375, 0.625, 9.625, 0.8125], "texture": "#1"},
				"up": {"uv": [3.625, 0, 0, 1.75], "texture": "#1"},
				"down": {"uv": [3.625, 3.5, 0, 1.75], "texture": "#1"}
			}
		},
		{
			"name": "seat",
			"from": [-4, 8.39663, -13.79206],
			"to": [20, 16.89663, -12.79206],
			"rotation": {"angle": -45, "axis": "x", "origin": [8, 11.81863, 8]},
			"faces": {
				"north": {"uv": [9, 5.875, 6, 6.9375], "texture": "#1"},
				"south": {"uv": [9, 4.75, 6, 5.8125], "texture": "#1"}
			}
		},
		{
			"name": "seat",
			"from": [-4, 6.5, -10.5],
			"to": [20, 12.5, -10.5],
			"rotation": {"angle": 0, "axis": "y", "origin": [8, 11.81863, 8]},
			"faces": {
				"north": {"uv": [3, 13.4375, 0, 14.1875], "texture": "#1"},
				"south": {"uv": [0, 13.4375, 3, 14.1875], "texture": "#1"}
			}
		},
		{
			"name": "seat",
			"from": [-4, 0, -11],
			"to": [20, 6.5, -10],
			"rotation": {"angle": 0, "axis": "y", "origin": [8, 11.81863, 8]},
			"faces": {
				"north": {"uv": [6, 3.5, 3, 4.3125], "texture": "#1"},
				"south": {"uv": [3, 3.5, 0, 4.3125], "texture": "#1"},
				"up": {"uv": [13, 0.125, 16, 0], "texture": "#1"}
			}
		},
		{
			"name": "seat",
			"from": [-4, 5.36811, -9.35244],
			"to": [20, 14.86811, -9.35244],
			"rotation": {"angle": 22.5, "axis": "x", "origin": [8, 11.81863, 8]},
			"faces": {
				"north": {"uv": [3, 12.25, 0, 13.4375], "texture": "#1"},
				"south": {"uv": [0, 12.25, 3, 13.4375], "texture": "#1"}
			}
		},
		{
			"name": "seat",
			"from": [-4, 7.9951, -9.19848],
			"to": [20, 16.4951, -9.19848],
			"rotation": {"angle": 45, "axis": "x", "origin": [8, 11.81863, 8]},
			"faces": {
				"north": {"uv": [3, 11.1875, 0, 12.25], "texture": "#1"},
				"south": {"uv": [0, 11.1875, 3, 12.25], "texture": "#1"}
			}
		},
		{
			"name": "seat",
			"from": [-4, 26.28726, -1.4],
			"to": [20, 27.28726, 8],
			"rotation": {"angle": 0, "axis": "y", "origin": [8, 11.81863, 8]},
			"faces": {
				"north": {"uv": [16, 0.3125, 13, 0.4375], "texture": "#1"},
				"up": {"uv": [8.5, 0, 5.5, 1.25], "texture": "#1"},
				"down": {"uv": [8.5, 2.5, 5.5, 1.25], "texture": "#1"}
			}
		},
		{
			"name": "seat",
			"from": [-5, 4.5, -0.5],
			"to": [-5, 20.5, 8],
			"rotation": {"angle": 0, "axis": "y", "origin": [8, 11.81863, 8]},
			"faces": {
				"east": {"uv": [0, 7.375, 1.0625, 9.375], "texture": "#1"},
				"west": {"uv": [1.0625, 7.375, 0, 9.375], "texture": "#1"}
			}
		},
		{
			"name": "seat",
			"from": [-5.5, -4.9, 0.3],
			"to": [-4.5, 4.5, 8],
			"rotation": {"angle": 0, "axis": "y", "origin": [8, 11.81863, 8]},
			"faces": {
				"east": {"uv": [8.5, 0.625, 9.5625, 1.75], "texture": "#1"},
				"south": {"uv": [5, 9, 4.875, 10.125], "texture": "#1"},
				"west": {"uv": [9.5625, 0.625, 8.5, 1.75], "texture": "#1"},
				"up": {"uv": [4.125, 9.625, 4, 10.75], "texture": "#1"},
				"down": {"uv": [4, 11.8125, 4.125, 10.75], "texture": "#1"}
			}
		},
		{
			"name": "seat",
			"from": [-5.9, 20.5, 0.3],
			"to": [-4.1, 25, 8],
			"rotation": {"angle": 0, "axis": "y", "origin": [8, 11.81863, 8]},
			"faces": {
				"east": {"uv": [10.0625, 2.625, 9, 3.1875], "texture": "#1"},
				"south": {"uv": [9.375, 9.75, 9.125, 10.3125], "texture": "#1"},
				"west": {"uv": [4.0625, 9, 3, 9.5625], "texture": "#1"},
				"up": {"uv": [3.625, 11.875, 3.875, 10.875], "texture": "#1"},
				"down": {"uv": [8.75, 10.8125, 8.5, 9.75], "texture": "#1"}
			}
		},
		{
			"name": "seat",
			"from": [-7, 24.999, -2.3],
			"to": [-4, 27.999, 8],
			"rotation": {"angle": 0, "axis": "y", "origin": [8, 11.81863, 8]},
			"faces": {
				"north": {"uv": [9.125, 9.75, 8.75, 10.125], "texture": "#1"},
				"east": {"uv": [10.3125, 4.875, 9, 5.25], "texture": "#1"},
				"west": {"uv": [10.3125, 5.25, 9, 5.625], "texture": "#1"},
				"up": {"uv": [4.875, 9, 4.5, 10.3125], "texture": "#1"},
				"down": {"uv": [9.375, 6.9375, 9, 5.625], "texture": "#1"}
			}
		},
		{
			"name": "seat",
			"from": [-6, -5.4, -1.2],
			"to": [-4, 25, 0.3],
			"rotation": {"angle": 0, "axis": "y", "origin": [8, 11.81863, 8]},
			"faces": {
				"north": {"uv": [2.75, 7.375, 2.5, 11.1875], "texture": "#1"},
				"east": {"uv": [2.9375, 7.375, 2.75, 11.1875], "texture": "#1"},
				"south": {"uv": [2.5, 7.375, 2.25, 11.1875], "texture": "#1"},
				"west": {"uv": [6.1875, 8.625, 6, 12.4375], "texture": "#1"}
			}
		},
		{
			"name": "seat",
			"from": [-5, 4.5, -9],
			"to": [-5, 25.2, -1.2],
			"rotation": {"angle": 0, "axis": "y", "origin": [8, 11.81863, 8]},
			"faces": {
				"east": {"uv": [4, 6.375, 5, 8.9375], "texture": "#1"},
				"west": {"uv": [5, 6.375, 4, 8.9375], "texture": "#1"}
			}
		},
		{
			"name": "seat",
			"from": [-5.5, -4.9, -9],
			"to": [-4.5, 4.5, -1.2],
			"rotation": {"angle": 0, "axis": "y", "origin": [8, 11.81863, 8]},
			"faces": {
				"east": {"uv": [2.125, 8.625, 1.125, 9.8125], "texture": "#1"},
				"west": {"uv": [6, 8.625, 5, 9.8125], "texture": "#1"},
				"up": {"uv": [1.25, 9.875, 1.125, 10.875], "texture": "#1"}
			}
		},
		{
			"name": "seat",
			"from": [-6.001, 6.93515, -10.25943],
			"to": [-3.999, 16.43525, -7.25943],
			"rotation": {"angle": 45, "axis": "x", "origin": [8, 11.81863, 8]},
			"faces": {
				"north": {"uv": [3.75, 9.625, 3.5, 10.8125], "texture": "#1"},
				"east": {"uv": [7.375, 9, 7, 10.1875], "texture": "#1"},
				"south": {"uv": [9.875, 3.25, 9.625, 4.4375], "texture": "#1"},
				"west": {"uv": [0.375, 9.375, 0, 10.5625], "texture": "#1"}
			}
		},
		{
			"name": "seat",
			"from": [-6, 4.79447, -10.73834],
			"to": [-4, 14.29447, -7.73834],
			"rotation": {"angle": 22.5, "axis": "x", "origin": [8, 11.81863, 8]},
			"faces": {
				"north": {"uv": [7.875, 9.75, 7.625, 10.9375], "texture": "#1"},
				"east": {"uv": [0.75, 9.375, 0.375, 10.5625], "texture": "#1"},
				"south": {"uv": [4, 9.625, 3.75, 10.8125], "texture": "#1"},
				"west": {"uv": [1.125, 9.375, 0.75, 10.5625], "texture": "#1"}
			}
		},
		{
			"name": "seat",
			"from": [-6, 7.10373, -14.49917],
			"to": [-4, 17.60373, -11.49917],
			"rotation": {"angle": -45, "axis": "x", "origin": [8, 11.81863, 8]},
			"faces": {
				"north": {"uv": [3.5, 9.625, 3.25, 10.9375], "texture": "#1"},
				"east": {"uv": [6.625, 9, 6.25, 10.3125], "texture": "#1"},
				"south": {"uv": [3.25, 9.625, 3, 10.9375], "texture": "#1"},
				"west": {"uv": [7, 9, 6.625, 10.3125], "texture": "#1"},
				"up": {"uv": [10.125, 3.625, 9.875, 4], "texture": "#1"}
			}
		},
		{
			"name": "seat",
			"from": [-6.001, 0, -12],
			"to": [-3.999, 12.5, -9],
			"rotation": {"angle": 0, "axis": "y", "origin": [8, 11.81863, 8]},
			"faces": {
				"north": {"uv": [7.625, 9.375, 7.375, 10.9375], "texture": "#1"},
				"east": {"uv": [9.375, 3.25, 9, 4.8125], "texture": "#1"},
				"south": {"uv": [9.625, 3.25, 9.375, 4.8125], "texture": "#1"},
				"west": {"uv": [4.5, 9, 4.125, 10.5625], "texture": "#1"}
			}
		},
		{
			"name": "seat",
			"from": [21, 4.5, -0.5],
			"to": [21, 20.5, 8],
			"rotation": {"angle": 0, "axis": "y", "origin": [8, 11.81863, 8]},
			"faces": {
				"east": {"uv": [0, 7.375, 1.0625, 9.375], "texture": "#1"},
				"west": {"uv": [1.0625, 7.375, 0, 9.375], "texture": "#1"}
			}
		},
		{
			"name": "seat",
			"from": [20.5, -4.9, 0.3],
			"to": [21.5, 4.5, 8],
			"rotation": {"angle": 0, "axis": "y", "origin": [8, 11.81863, 8]},
			"faces": {
				"east": {"uv": [8.5, 0.625, 9.5625, 1.75], "texture": "#1"},
				"south": {"uv": [4.875, 9, 5, 10.125], "texture": "#1"},
				"west": {"uv": [9.5625, 0.625, 8.5, 1.75], "texture": "#1"},
				"up": {"uv": [4, 9.625, 4.125, 10.75], "texture": "#1"},
				"down": {"uv": [4.125, 11.8125, 4, 10.75], "texture": "#1"}
			}
		},
		{
			"name": "seat",
			"from": [20.1, 20.5, 0.3],
			"to": [21.9, 25, 8],
			"rotation": {"angle": 0, "axis": "y", "origin": [8, 11.81863, 8]},
			"faces": {
				"east": {"uv": [3, 9, 4.0625, 9.5625], "texture": "#1"},
				"south": {"uv": [9.125, 9.75, 9.375, 10.3125], "texture": "#1"},
				"west": {"uv": [9, 2.625, 10.0625, 3.1875], "texture": "#1"},
				"up": {"uv": [3.875, 11.875, 3.625, 10.875], "texture": "#1"},
				"down": {"uv": [8.5, 10.8125, 8.75, 9.75], "texture": "#1"}
			}
		},
		{
			"name": "seat",
			"from": [20, 24.999, -2.3],
			"to": [23, 27.999, 8],
			"rotation": {"angle": 0, "axis": "y", "origin": [8, 11.81863, 8]},
			"faces": {
				"north": {"uv": [8.75, 9.75, 9.125, 10.125], "texture": "#1"},
				"east": {"uv": [9, 5.25, 10.3125, 5.625], "texture": "#1"},
				"west": {"uv": [9, 4.875, 10.3125, 5.25], "texture": "#1"},
				"up": {"uv": [4.5, 9, 4.875, 10.3125], "texture": "#1"},
				"down": {"uv": [9, 6.9375, 9.375, 5.625], "texture": "#1"}
			}
		},
		{
			"name": "seat",
			"from": [20, -5.4, -1.2],
			"to": [22, 25, 0.3],
			"rotation": {"angle": 0, "axis": "y", "origin": [8, 11.81863, 8]},
			"faces": {
				"north": {"uv": [2.5, 7.375, 2.75, 11.1875], "texture": "#1"},
				"east": {"uv": [6, 8.625, 6.1875, 12.4375], "texture": "#1"},
				"south": {"uv": [2.25, 7.375, 2.5, 11.1875], "texture": "#1"},
				"west": {"uv": [2.75, 7.375, 2.9375, 11.1875], "texture": "#1"}
			}
		},
		{
			"name": "seat",
			"from": [21, 4.5, -9],
			"to": [21, 25.2, -1.2],
			"rotation": {"angle": 0, "axis": "y", "origin": [8, 11.81863, 8]},
			"faces": {
				"east": {"uv": [4, 6.375, 5, 8.9375], "texture": "#1"},
				"west": {"uv": [5, 6.375, 4, 8.9375], "texture": "#1"}
			}
		},
		{
			"name": "seat",
			"from": [20.5, -4.9, -9],
			"to": [21.5, 4.5, -1.2],
			"rotation": {"angle": 0, "axis": "y", "origin": [8, 11.81863, 8]},
			"faces": {
				"east": {"uv": [5, 8.625, 6, 9.8125], "texture": "#1"},
				"west": {"uv": [1.125, 8.625, 2.125, 9.8125], "texture": "#1"},
				"up": {"uv": [1.125, 9.875, 1.25, 10.875], "texture": "#1"}
			}
		},
		{
			"name": "seat",
			"from": [19.999, 6.93515, -10.25943],
			"to": [22.001, 16.43525, -7.25943],
			"rotation": {"angle": 45, "axis": "x", "origin": [8, 11.81863, 8]},
			"faces": {
				"north": {"uv": [3.5, 9.625, 3.75, 10.8125], "texture": "#1"},
				"east": {"uv": [0, 9.375, 0.375, 10.5625], "texture": "#1"},
				"south": {"uv": [9.625, 3.25, 9.875, 4.4375], "texture": "#1"},
				"west": {"uv": [7, 9, 7.375, 10.1875], "texture": "#1"}
			}
		},
		{
			"name": "seat",
			"from": [20, 4.79447, -10.73834],
			"to": [22, 14.29447, -7.73834],
			"rotation": {"angle": 22.5, "axis": "x", "origin": [8, 11.81863, 8]},
			"faces": {
				"north": {"uv": [7.625, 9.75, 7.875, 10.9375], "texture": "#1"},
				"east": {"uv": [0.75, 9.375, 1.125, 10.5625], "texture": "#1"},
				"south": {"uv": [3.75, 9.625, 4, 10.8125], "texture": "#1"},
				"west": {"uv": [0.375, 9.375, 0.75, 10.5625], "texture": "#1"}
			}
		},
		{
			"name": "seat",
			"from": [20, 7.10373, -14.49917],
			"to": [22, 17.60373, -11.49917],
			"rotation": {"angle": -45, "axis": "x", "origin": [8, 11.81863, 8]},
			"faces": {
				"north": {"uv": [3.25, 9.625, 3.5, 10.9375], "texture": "#1"},
				"east": {"uv": [6.625, 9, 7, 10.3125], "texture": "#1"},
				"south": {"uv": [3, 9.625, 3.25, 10.9375], "texture": "#1"},
				"west": {"uv": [6.25, 9, 6.625, 10.3125], "texture": "#1"},
				"up": {"uv": [9.875, 3.625, 10.125, 4], "texture": "#1"}
			}
		},
		{
			"name": "seat",
			"from": [19.999, 0, -12],
			"to": [22.001, 12.5, -9],
			"rotation": {"angle": 0, "axis": "y", "origin": [8, 11.81863, 8]},
			"faces": {
				"north": {"uv": [7.375, 9.375, 7.625, 10.9375], "texture": "#1"},
				"east": {"uv": [4.125, 9, 4.5, 10.5625], "texture": "#1"},
				"south": {"uv": [9.375, 3.25, 9.625, 4.8125], "texture": "#1"},
				"west": {"uv": [9, 3.25, 9.375, 4.8125], "texture": "#1"}
			}
		}
	],
	"display": {
		"gui": {
			"rotation": [0, -45, 0],
			"scale": [0.3, 0.3, 0.3]
		},
		"head": {
			"scale": [4, 4, 4]
		},
		"fixed": {
			"rotation": [-90, 0, 0],
			"translation": [0, 0, -58.25],
			"scale": [4, 4, 4]
		}
	},
	"groups": [
		{
			"name": "v",
			"origin": [8, 21.42678, 17.9106],
			"color": 0,
			"nbt": "{}",
			"armAnimationEnabled": false,
			"children": [
				0,
				1,
				2,
				3,
				4,
				5,
				6,
				7,
				8,
				{
					"name": "side",
					"origin": [7.1, 2.25, 16.5],
					"color": 0,
					"nbt": "{}",
					"armAnimationEnabled": false,
					"children": [
						{
							"name": "door",
							"origin": [5.1, 2.25, 21.5],
							"color": 0,
							"nbt": "{}",
							"armAnimationEnabled": false,
							"children": [9, 10, 11]
						},
						12,
						13,
						14,
						15,
						16,
						17,
						18,
						19
					]
				},
				{
					"name": "side",
					"origin": [7.1, 2.25, 16.5],
					"color": 0,
					"nbt": "{}",
					"armAnimationEnabled": false,
					"children": [
						{
							"name": "door",
							"origin": [5.1, 2.25, 21.5],
							"color": 0,
							"nbt": "{}",
							"armAnimationEnabled": false,
							"children": [20, 21, 22]
						},
						23,
						24,
						25,
						26,
						27,
						28,
						29,
						30
					]
				}
			]
		},
		{
			"name": "group",
			"origin": [7.9, 19.78726, 36.1041],
			"color": 0,
			"nbt": "{}",
			"armAnimationEnabled": false,
			"children": [31, 32, 33, 34, 35, 36]
		},
		{
			"name": "v",
			"origin": [8, 21.42678, 17.9106],
			"color": 0,
			"nbt": "{}",
			"armAnimationEnabled": false,
			"children": [
				37,
				38,
				39,
				40,
				41,
				42,
				43,
				44,
				45,
				{
					"name": "side",
					"origin": [7.1, 2.25, 16.5],
					"color": 0,
					"nbt": "{}",
					"armAnimationEnabled": false,
					"children": [
						{
							"name": "door",
							"origin": [5.1, 2.25, 21.5],
							"color": 0,
							"nbt": "{}",
							"armAnimationEnabled": false,
							"children": [46, 47, 48]
						},
						49,
						50,
						51,
						52,
						53,
						54,
						55,
						56
					]
				},
				{
					"name": "side",
					"origin": [7.1, 2.25, 16.5],
					"color": 0,
					"nbt": "{}",
					"armAnimationEnabled": false,
					"children": [
						{
							"name": "door",
							"origin": [5.1, 2.25, 21.5],
							"color": 0,
							"nbt": "{}",
							"armAnimationEnabled": false,
							"children": [57, 58, 59]
						},
						60,
						61,
						62,
						63,
						64,
						65,
						66,
						67
					]
				}
			]
		}
	]
}