{
	"credit": "Copyright © 2021-2099 Ikaho-Onsen Minecraft Server. All rights reserved.",
	"textures": {
		"0": "minecraft:item/kunai",
		"particle": "minecraft:item/kunai"
	},
	"elements": [
		{
			"from": [7.05, -0.95355, 10.14645],
			"to": [8.95, 1.04645, 19.14645],
			"rotation": {"angle": 0, "axis": "z", "origin": [8, 0.04645, 8]},
			"faces": {
				"east": {"uv": [6.5, 0, 7.5, 4.5], "rotation": 90, "texture": "#0"},
				"west": {"uv": [6.5, 0, 7.5, 4.5], "rotation": 270, "texture": "#0"},
				"up": {"uv": [6.5, 0, 7.5, 4.5], "texture": "#0"},
				"down": {"uv": [6.5, 0, 7.5, 4.5], "rotation": 180, "texture": "#0"}
			}
		},
		{
			"from": [6.975, -4.27855, -3.85355],
			"to": [9.025, 4.37145, 10.14645],
			"rotation": {"angle": 0, "axis": "z", "origin": [8, 0.04645, 8]},
			"faces": {
				"east": {"uv": [0, 0, 4.5, 7], "rotation": 90, "texture": "#0"},
				"west": {"uv": [0, 0, 4.5, 7], "rotation": 270, "texture": "#0"}
			}
		},
		{
			"from": [7.025, -4.24308, 9.20482],
			"to": [8.975, 1.85692, 11.20482],
			"rotation": {"angle": 45, "axis": "x", "origin": [8, 0.04645, 8]},
			"faces": {
				"east": {"uv": [0, 7, 3, 8], "rotation": 90, "texture": "#0"},
				"south": {"uv": [10.5, 0, 7.5, 1], "rotation": 90, "texture": "#0"},
				"west": {"uv": [3, 7, 0, 8], "rotation": 270, "texture": "#0"}
			}
		},
		{
			"from": [7, -5.143, -2.68066],
			"to": [9, -3.343, 9.31934],
			"rotation": {"angle": 22.5, "axis": "x", "origin": [8, 0.04645, 8]},
			"faces": {
				"east": {"uv": [4.5, 0, 5.5, 6], "rotation": 90, "texture": "#0"},
				"west": {"uv": [4.5, 0, 5.5, 6], "rotation": 270, "texture": "#0"},
				"down": {"uv": [5.5, 0, 6.5, 6], "rotation": 180, "texture": "#0"}
			}
		},
		{
			"from": [7.025, 1.25127, 3.71047],
			"to": [8.975, 3.25127, 9.81047],
			"rotation": {"angle": 45, "axis": "x", "origin": [8, 0.04645, 8]},
			"faces": {
				"east": {"uv": [3, 7, 0, 8], "rotation": 180, "texture": "#0"},
				"west": {"uv": [0, 7, 3, 8], "rotation": 180, "texture": "#0"},
				"up": {"uv": [7.5, 0, 10.5, 1], "rotation": 90, "texture": "#0"}
			}
		},
		{
			"from": [7, 3.43589, -2.68066],
			"to": [9, 5.23589, 9.31934],
			"rotation": {"angle": -22.5, "axis": "x", "origin": [8, 0.04645, 8]},
			"faces": {
				"east": {"uv": [5.5, 0, 4.5, 6], "rotation": 90, "texture": "#0"},
				"west": {"uv": [5.5, 0, 4.5, 6], "rotation": 270, "texture": "#0"},
				"up": {"uv": [6.5, 0, 5.5, 6], "texture": "#0"}
			}
		},
		{
			"from": [7, -9.83528, 14.88173],
			"to": [9, -6.83528, 17.88173],
			"rotation": {"angle": -45, "axis": "x", "origin": [8, 0.04645, 8]},
			"faces": {
				"north": {"uv": [7.5, 2.5, 8.5, 4], "texture": "#0"},
				"east": {"uv": [7.5, 1, 9, 2.5], "texture": "#0"},
				"south": {"uv": [7.5, 4, 8.5, 5.5], "texture": "#0"},
				"west": {"uv": [3, 7, 4.5, 8.5], "texture": "#0"},
				"up": {"uv": [9, 6.5, 7.5, 5.5], "rotation": 270, "texture": "#0"},
				"down": {"uv": [9, 6.5, 7.5, 7.5], "rotation": 90, "texture": "#0"}
			}
		},
		{
			"from": [7, -8.83528, -0.88173],
			"to": [9, -7.83528, 0.11827],
			"rotation": {"angle": 45, "axis": "x", "origin": [8, 0.04645, 8]},
			"faces": {
				"north": {"uv": [7.5, 7.5, 8.5, 8], "rotation": 180, "texture": "#0"},
				"east": {"uv": [1, 8, 1.5, 8.5], "rotation": 180, "texture": "#0"},
				"west": {"uv": [0.5, 8, 1, 8.5], "rotation": 180, "texture": "#0"},
				"down": {"uv": [0.5, 9, 0, 8], "rotation": 270, "texture": "#0"}
			}
		},
		{
			"name": "cube inverted",
			"from": [9, 9.92817, 17.88173],
			"to": [7, 6.92817, 14.88173],
			"rotation": {"angle": 45, "axis": "x", "origin": [8, 0.04645, 8]},
			"faces": {
				"north": {"uv": [9, 7.5, 7.5, 6.5], "rotation": 270, "texture": "#0"},
				"east": {"uv": [4.5, 7, 3, 8.5], "rotation": 270, "texture": "#0"},
				"south": {"uv": [9, 5.5, 7.5, 6.5], "rotation": 270, "texture": "#0"},
				"west": {"uv": [9, 1, 7.5, 2.5], "rotation": 90, "texture": "#0"},
				"up": {"uv": [8.5, 2.5, 7.5, 4], "rotation": 180, "texture": "#0"},
				"down": {"uv": [8.5, 4, 7.5, 5.5], "texture": "#0"}
			}
		}
	],
	"gui_light": "front",
	"display": {
		"thirdperson_righthand": {
			"rotation": [33, 0, 0],
			"translation": [0, 4.75, -0.5],
			"scale": [0.5, 0.5, 0.5]
		},
		"thirdperson_lefthand": {
			"rotation": [33, 0, 0],
			"translation": [0, 4.75, -0.5],
			"scale": [0.5, 0.5, 0.5]
		},
		"firstperson_righthand": {
			"rotation": [19, 0, 0],
			"translation": [2.63, 4.45, 1.13],
			"scale": [0.4, 0.4, 0.4]
		},
		"firstperson_lefthand": {
			"rotation": [19, 0, 0],
			"translation": [2.63, 4.45, 1.13],
			"scale": [0.4, 0.4, 0.4]
		},
		"ground": {
			"rotation": [33, 0, 0],
			"translation": [0, 6.75, 0],
			"scale": [0.5, 0.5, 0.5]
		},
		"gui": {
			"rotation": [70, -40, 33],
			"translation": [-1.75, 3, 0],
			"scale": [0.62, 0.62, 0.62]
		},
		"head": {
			"rotation": [0, 180, 0],
			"translation": [0, 7.5, -11.75],
			"scale": [0.55, 0.55, 0.55]
		},
		"fixed": {
			"rotation": [-32, 180, 39],
			"translation": [5.5, 1.75, -10.75]
		}
	},
	"groups": [
		{
			"name": "kunai",
			"origin": [8, 8, 8],
			"color": 0,
			"nbt": "{}",
			"armAnimationEnabled": false,
			"children": [0, 1, 2, 3, 4, 5, 6, 7, 8]
		}
	]
}