{
	"credit": "Copyright © 2021-2099 Ikaho-Onsen Minecraft Server. All rights reserved.",
	"textures": {
		"0": "minecraft:item/santa_hat19ver",
		"particle": "minecraft:item/santa_hat19ver"
	},
	"elements": [
		{
			"from": [4, 17, 4.3],
			"to": [12, 19, 12.3],
			"rotation": {"angle": 22.5, "axis": "x", "origin": [8, 18, 8]},
			"faces": {
				"north": {"uv": [8, 0, 16, 1], "texture": "#0"},
				"east": {"uv": [8, 0, 16, 1], "texture": "#0"},
				"south": {"uv": [8, 0, 16, 1], "texture": "#0"},
				"west": {"uv": [8, 0, 16, 1], "texture": "#0"},
				"up": {"uv": [8, 0, 16, 1], "texture": "#0"},
				"down": {"uv": [8, 1, 16, 2], "texture": "#0"}
			}
		},
		{
			"from": [4.4, 19, 5],
			"to": [11.6, 20.3, 11.5],
			"rotation": {"angle": 22.5, "axis": "x", "origin": [8, 18, 8]},
			"faces": {
				"north": {"uv": [0, 0, 7.2, 1.3], "texture": "#0"},
				"east": {"uv": [0, 0, 6.5, 1.3], "texture": "#0"},
				"south": {"uv": [0, 0, 7.2, 1.3], "texture": "#0"},
				"west": {"uv": [0, 0, 6.5, 1.3], "texture": "#0"},
				"up": {"uv": [0, 0, 7.2, 6.5], "texture": "#0"},
				"down": {"uv": [0, 0, 7.2, 6.5], "texture": "#0"}
			}
		},
		{
			"from": [5, 19, 7.1],
			"to": [11, 22, 10.2],
			"rotation": {"angle": -22.5, "axis": "x", "origin": [8, 19.8, 9.2]},
			"faces": {
				"north": {"uv": [0, 0, 6, 3], "texture": "#0"},
				"east": {"uv": [0, 0, 3.1, 3], "texture": "#0"},
				"south": {"uv": [0, 0, 6, 3], "texture": "#0"},
				"west": {"uv": [0, 0, 3.1, 3], "texture": "#0"},
				"up": {"uv": [0, 0, 6, 3.1], "texture": "#0"},
				"down": {"uv": [0, 0, 6, 3.1], "texture": "#0"}
			}
		},
		{
			"from": [5.3, 18.95978, 9.33061],
			"to": [10.7, 21.95978, 12.43061],
			"rotation": {"angle": 0, "axis": "y", "origin": [8, 21.55978, 11.88061]},
			"faces": {
				"north": {"uv": [0, 0, 5.4, 3], "texture": "#0"},
				"east": {"uv": [0, 0, 3.1, 3], "texture": "#0"},
				"south": {"uv": [0, 0, 5.4, 3], "texture": "#0"},
				"west": {"uv": [0, 0, 3.1, 3], "texture": "#0"},
				"up": {"uv": [0, 0, 5.4, 3.1], "texture": "#0"},
				"down": {"uv": [0, 0, 5.4, 3.1], "texture": "#0"}
			}
		},
		{
			"from": [5.8, 19.35978, 12.33061],
			"to": [10.4, 21.55978, 13.33061],
			"rotation": {"angle": 0, "axis": "y", "origin": [8, 21.55978, 11.88061]},
			"faces": {
				"north": {"uv": [0, 0, 4.6, 2.2], "texture": "#0"},
				"east": {"uv": [0, 0, 1, 2.2], "texture": "#0"},
				"south": {"uv": [0, 0, 4.6, 2.2], "texture": "#0"},
				"west": {"uv": [0, 0, 1, 2.2], "texture": "#0"},
				"up": {"uv": [0, 0, 4.6, 1], "texture": "#0"},
				"down": {"uv": [0, 0, 4.6, 1], "texture": "#0"}
			}
		},
		{
			"from": [6.5, 19.55978, 13.33061],
			"to": [9.5, 21.15978, 13.93061],
			"rotation": {"angle": 0, "axis": "y", "origin": [7.9, 21.55978, 11.88061]},
			"faces": {
				"north": {"uv": [0, 0, 3, 1.6], "texture": "#0"},
				"east": {"uv": [0, 0, 0.6, 1.6], "texture": "#0"},
				"south": {"uv": [0, 0, 3, 1.6], "texture": "#0"},
				"west": {"uv": [0, 0, 0.6, 1.6], "texture": "#0"},
				"up": {"uv": [0, 0, 3, 0.6], "texture": "#0"},
				"down": {"uv": [0, 0, 3, 0.6], "texture": "#0"}
			}
		},
		{
			"from": [7, 18, 13],
			"to": [9, 20, 15],
			"faces": {
				"north": {"uv": [14, 0, 16, 1], "texture": "#0"},
				"east": {"uv": [14, 0, 16, 1], "texture": "#0"},
				"south": {"uv": [14, 0, 16, 1], "texture": "#0"},
				"west": {"uv": [14, 0, 16, 1], "texture": "#0"},
				"up": {"uv": [14, 0, 16, 1], "texture": "#0"},
				"down": {"uv": [14, 0, 16, 1], "texture": "#0"}
			}
		},
		{
			"from": [9.92, 8.54, 4.792],
			"to": [10.688, 12.572, 4.856],
			"rotation": {"angle": 0, "axis": "y", "origin": [8.192, 9.104, 7.968]},
			"faces": {
				"north": {"uv": [12, 9.7, 13.2, 16], "texture": "#0"},
				"east": {"uv": [10, 8.9, 10.1, 15.2], "texture": "#0"},
				"south": {"uv": [2, 9.7, 3.2, 16], "texture": "#0"},
				"west": {"uv": [6, 8.9, 6.1, 15.2], "texture": "#0"},
				"up": {"uv": [7, 15.9, 8.2, 16], "texture": "#0"},
				"down": {"uv": [7, 15.9, 8.2, 16], "texture": "#0"}
			}
		},
		{
			"from": [5.312, 8.54, 4.792],
			"to": [6.08, 12.572, 4.856],
			"rotation": {"angle": 0, "axis": "y", "origin": [8.192, 9.104, 7.968]},
			"faces": {
				"north": {"uv": [13, 8.9, 14.2, 15.2], "texture": "#0"},
				"east": {"uv": [11, 8.9, 11.1, 15.2], "texture": "#0"},
				"south": {"uv": [2, 9.7, 3.2, 16], "texture": "#0"},
				"west": {"uv": [7, 8.9, 7.1, 15.2], "texture": "#0"},
				"up": {"uv": [8, 15.9, 9.2, 16], "texture": "#0"},
				"down": {"uv": [8, 15.9, 9.2, 16], "texture": "#0"}
			}
		},
		{
			"from": [6.08, 7.964, 4.792],
			"to": [6.848, 12.764, 4.856],
			"rotation": {"angle": 0, "axis": "y", "origin": [8.192, 9.104, 7.968]},
			"faces": {
				"north": {"uv": [13, 8.5, 14.2, 16], "texture": "#0"},
				"east": {"uv": [11, 8.5, 11.1, 16], "texture": "#0"},
				"south": {"uv": [3, 8.5, 4.2, 16], "texture": "#0"},
				"west": {"uv": [7, 8.5, 7.1, 16], "texture": "#0"},
				"up": {"uv": [8, 15.5, 9.2, 15.6], "texture": "#0"},
				"down": {"uv": [8, 15.5, 9.2, 15.6], "texture": "#0"}
			}
		},
		{
			"from": [9.152, 7.964, 4.792],
			"to": [9.92, 12.764, 4.856],
			"rotation": {"angle": 0, "axis": "y", "origin": [8.192, 9.104, 7.968]},
			"faces": {
				"north": {"uv": [14, 8.5, 15.2, 16], "texture": "#0"},
				"east": {"uv": [12, 8.5, 12.1, 16], "texture": "#0"},
				"south": {"uv": [4, 8.5, 5.2, 16], "texture": "#0"},
				"west": {"uv": [8, 8.5, 8.1, 16], "texture": "#0"},
				"up": {"uv": [9, 15.5, 10.2, 15.6], "texture": "#0"},
				"down": {"uv": [9, 15.5, 10.2, 15.6], "texture": "#0"}
			}
		},
		{
			"from": [8.384, 7.004, 4.792],
			"to": [9.152, 12.956, 4.856],
			"rotation": {"angle": 0, "axis": "y", "origin": [8.192, 9.104, 7.968]},
			"faces": {
				"north": {"uv": [12, 8.7, 13.2, 16], "texture": "#0"},
				"east": {"uv": [10, 8.7, 10.1, 16], "texture": "#0"},
				"south": {"uv": [2, 8.7, 3.2, 16], "texture": "#0"},
				"west": {"uv": [6, 8.7, 6.1, 16], "texture": "#0"},
				"up": {"uv": [7, 15.7, 8.2, 13.8], "texture": "#0"},
				"down": {"uv": [7, 15.7, 8.2, 13.8], "texture": "#0"}
			}
		},
		{
			"from": [6.848, 7.004, 4.792],
			"to": [7.616, 12.956, 4.856],
			"rotation": {"angle": 0, "axis": "y", "origin": [8.192, 9.104, 7.968]},
			"faces": {
				"north": {"uv": [10, 8.7, 11.2, 16], "texture": "#0"},
				"east": {"uv": [8, 8.7, 8.1, 16], "texture": "#0"},
				"south": {"uv": [0, 8.7, 1.2, 16], "texture": "#0"},
				"west": {"uv": [4, 8.7, 4.1, 16], "texture": "#0"},
				"up": {"uv": [5, 15.7, 6.2, 13.8], "texture": "#0"},
				"down": {"uv": [5, 15.7, 6.2, 13.8], "texture": "#0"}
			}
		},
		{
			"from": [7.616, 6.748, 4.792],
			"to": [8.384, 13.148, 4.856],
			"rotation": {"angle": 0, "axis": "y", "origin": [8.192, 9.104, 7.968]},
			"faces": {
				"north": {"uv": [12, 9, 13.2, 16], "texture": "#0"},
				"east": {"uv": [10, 9, 10.1, 16], "texture": "#0"},
				"south": {"uv": [2, 9, 3.2, 16], "texture": "#0"},
				"west": {"uv": [6, 9, 6.1, 16], "texture": "#0"},
				"up": {"uv": [7, 16, 8.2, 13.1], "texture": "#0"},
				"down": {"uv": [7, 16, 8.2, 13.1], "texture": "#0"}
			}
		},
		{
			"from": [9.92, 9.564, 4.856],
			"to": [10.688, 12.956, 4.92],
			"rotation": {"angle": 0, "axis": "y", "origin": [8.192, 9.104, 7.968]},
			"faces": {
				"north": {"uv": [11, 10.7, 12.2, 16], "texture": "#0"},
				"east": {"uv": [6, 10.7, 6.1, 16], "texture": "#0"},
				"south": {"uv": [3, 10.7, 4.2, 16], "texture": "#0"},
				"west": {"uv": [8, 10.7, 8.1, 16], "texture": "#0"},
				"up": {"uv": [7, 15, 8.2, 15.1], "texture": "#0"},
				"down": {"uv": [1, 14, 2.2, 14.1], "texture": "#0"}
			}
		},
		{
			"from": [5.312, 9.564, 4.856],
			"to": [6.08, 12.956, 4.92],
			"rotation": {"angle": 0, "axis": "y", "origin": [8.192, 9.104, 7.968]},
			"faces": {
				"north": {"uv": [11, 10.7, 12.2, 16], "texture": "#0"},
				"east": {"uv": [6, 10.7, 6.1, 16], "texture": "#0"},
				"south": {"uv": [3, 10.7, 4.2, 16], "texture": "#0"},
				"west": {"uv": [8, 10.7, 8.1, 16], "texture": "#0"},
				"up": {"uv": [7, 15, 8.2, 15.1], "texture": "#0"},
				"down": {"uv": [1, 14, 2.2, 14.1], "texture": "#0"}
			}
		},
		{
			"from": [9.152, 9.884, 4.856],
			"to": [9.92, 13.148, 4.92],
			"rotation": {"angle": 0, "axis": "y", "origin": [8.192, 9.104, 7.968]},
			"faces": {
				"north": {"uv": [11, 10.7, 12.2, 15.8], "texture": "#0"},
				"east": {"uv": [6, 10.7, 6.1, 15.8], "texture": "#0"},
				"south": {"uv": [3, 10.7, 4.2, 15.8], "texture": "#0"},
				"west": {"uv": [8, 10.7, 8.1, 15.8], "texture": "#0"},
				"up": {"uv": [7, 15, 8.2, 15.1], "texture": "#0"},
				"down": {"uv": [1, 14, 2.2, 14.1], "texture": "#0"}
			}
		},
		{
			"from": [6.08, 9.884, 4.856],
			"to": [6.848, 13.148, 4.92],
			"rotation": {"angle": 0, "axis": "y", "origin": [8.192, 9.104, 7.968]},
			"faces": {
				"north": {"uv": [11, 10.7, 12.2, 15.8], "texture": "#0"},
				"east": {"uv": [6, 10.7, 6.1, 15.8], "texture": "#0"},
				"south": {"uv": [3, 10.7, 4.2, 15.8], "texture": "#0"},
				"west": {"uv": [8, 10.7, 8.1, 15.8], "texture": "#0"},
				"up": {"uv": [7, 15, 8.2, 15.1], "texture": "#0"},
				"down": {"uv": [1, 14, 2.2, 14.1], "texture": "#0"}
			}
		},
		{
			"from": [8.384, 10.14, 4.856],
			"to": [9.152, 13.404, 4.92],
			"rotation": {"angle": 0, "axis": "y", "origin": [8.192, 9.104, 7.968]},
			"faces": {
				"north": {"uv": [11, 10.7, 12.2, 15.8], "texture": "#0"},
				"east": {"uv": [6, 10.7, 6.1, 15.8], "texture": "#0"},
				"south": {"uv": [3, 10.7, 4.2, 15.8], "texture": "#0"},
				"west": {"uv": [8, 10.7, 8.1, 15.8], "texture": "#0"},
				"up": {"uv": [7, 15, 8.2, 15.1], "texture": "#0"},
				"down": {"uv": [1, 14, 2.2, 14.1], "texture": "#0"}
			}
		},
		{
			"from": [6.848, 10.14, 4.856],
			"to": [7.616, 13.404, 4.92],
			"rotation": {"angle": 0, "axis": "y", "origin": [8.192, 9.104, 7.968]},
			"faces": {
				"north": {"uv": [11, 10.7, 12.2, 15.8], "texture": "#0"},
				"east": {"uv": [6, 10.7, 6.1, 15.8], "texture": "#0"},
				"south": {"uv": [3, 10.7, 4.2, 15.8], "texture": "#0"},
				"west": {"uv": [8, 10.7, 8.1, 15.8], "texture": "#0"},
				"up": {"uv": [7, 15, 8.2, 15.1], "texture": "#0"},
				"down": {"uv": [1, 14, 2.2, 14.1], "texture": "#0"}
			}
		},
		{
			"from": [7.616, 10.332, 4.856],
			"to": [8.384, 13.596, 4.92],
			"rotation": {"angle": 0, "axis": "y", "origin": [8.192, 9.104, 7.968]},
			"faces": {
				"north": {"uv": [11, 10.7, 12.2, 15.8], "texture": "#0"},
				"east": {"uv": [6, 10.7, 6.1, 15.8], "texture": "#0"},
				"south": {"uv": [3, 10.7, 4.2, 15.8], "texture": "#0"},
				"west": {"uv": [8, 10.7, 8.1, 15.8], "texture": "#0"},
				"up": {"uv": [7, 15, 8.2, 15.1], "texture": "#0"},
				"down": {"uv": [1, 14, 2.2, 14.1], "texture": "#0"}
			}
		},
		{
			"from": [7.616, 7.132, 4.728],
			"to": [8.384, 12.7, 4.792],
			"rotation": {"angle": 0, "axis": "y", "origin": [8.192, 9.104, 7.968]},
			"faces": {
				"north": {"uv": [6.8, 8.3, 8, 16], "texture": "#0"},
				"east": {"uv": [12, 8, 12.1, 15.7], "texture": "#0"},
				"south": {"uv": [2, 8.3, 3.2, 16], "texture": "#0"},
				"west": {"uv": [5, 8, 5.1, 15.7], "texture": "#0"},
				"up": {"uv": [4, 12, 5.2, 11.1], "texture": "#0"},
				"down": {"uv": [9, 16, 10.2, 15.1], "texture": "#0"}
			}
		},
		{
			"from": [6.912, 7.516, 4.728],
			"to": [7.68, 12.316, 4.792],
			"rotation": {"angle": 0, "axis": "y", "origin": [8.192, 9.104, 7.968]},
			"faces": {
				"north": {"uv": [13.8, 8.5, 15, 16], "texture": "#0"},
				"east": {"uv": [10, 8, 10.1, 15.5], "texture": "#0"},
				"south": {"uv": [2, 8.5, 3.2, 16], "texture": "#0"},
				"west": {"uv": [7, 8.5, 7.1, 16], "texture": "#0"},
				"up": {"uv": [4, 14, 5.2, 14.1], "texture": "#0"},
				"down": {"uv": [5, 15, 6.2, 15.1], "texture": "#0"}
			}
		},
		{
			"from": [6.144, 8.348, 4.728],
			"to": [6.912, 11.996, 4.792],
			"rotation": {"angle": 0, "axis": "y", "origin": [8.192, 9.104, 7.968]},
			"faces": {
				"north": {"uv": [8.8, 10.3, 10, 16], "texture": "#0"},
				"east": {"uv": [13, 10.3, 13.1, 16], "texture": "#0"},
				"south": {"uv": [2, 10.3, 3.2, 16], "texture": "#0"},
				"west": {"uv": [6, 10.3, 6.1, 16], "texture": "#0"},
				"up": {"uv": [7, 15, 8.2, 15.1], "texture": "#0"},
				"down": {"uv": [4, 15, 5.2, 15.1], "texture": "#0"}
			}
		},
		{
			"from": [5.568, 8.732, 4.728],
			"to": [6.144, 11.804, 4.792],
			"rotation": {"angle": 0, "axis": "y", "origin": [8.192, 9.104, 7.968]},
			"faces": {
				"north": {"uv": [11.8, 11.2, 12.7, 16], "texture": "#0"},
				"east": {"uv": [6, 11, 6.1, 15.8], "texture": "#0"},
				"south": {"uv": [7, 11.2, 7.9, 16], "texture": "#0"},
				"west": {"uv": [3, 11.2, 3.1, 16], "texture": "#0"},
				"up": {"uv": [4, 14, 4.9, 14.1], "texture": "#0"},
				"down": {"uv": [9, 14, 9.9, 14.1], "texture": "#0"}
			}
		},
		{
			"from": [9.92, 8.732, 4.728],
			"to": [10.496, 11.804, 4.792],
			"rotation": {"angle": 0, "axis": "y", "origin": [8.192, 9.104, 7.968]},
			"faces": {
				"north": {"uv": [10.8, 11.2, 11.7, 16], "texture": "#0"},
				"east": {"uv": [7, 11.2, 7.1, 16], "texture": "#0"},
				"south": {"uv": [4, 11.2, 4.9, 16], "texture": "#0"},
				"west": {"uv": [7, 11.2, 7.1, 16], "texture": "#0"},
				"up": {"uv": [7, 11.2, 7.9, 11.3], "texture": "#0"},
				"down": {"uv": [7, 11.2, 7.9, 11.3], "texture": "#0"}
			}
		},
		{
			"from": [9.152, 8.348, 4.728],
			"to": [9.92, 11.996, 4.792],
			"rotation": {"angle": 0, "axis": "y", "origin": [8.192, 9.104, 7.968]},
			"faces": {
				"north": {"uv": [14.8, 10.3, 16, 16], "texture": "#0"},
				"east": {"uv": [9, 10.3, 9.1, 16], "texture": "#0"},
				"south": {"uv": [3, 10.3, 4.2, 16], "texture": "#0"},
				"west": {"uv": [9, 10.3, 9.1, 16], "texture": "#0"},
				"up": {"uv": [9, 10.3, 10.2, 10.4], "texture": "#0"},
				"down": {"uv": [9, 10.3, 10.2, 10.4], "texture": "#0"}
			}
		},
		{
			"from": [8.384, 7.516, 4.728],
			"to": [9.152, 12.316, 4.792],
			"rotation": {"angle": 0, "axis": "y", "origin": [8.192, 9.104, 7.968]},
			"faces": {
				"north": {"uv": [12.8, 7.3, 14, 14.8], "texture": "#0"},
				"east": {"uv": [10, 8.5, 10.1, 16], "texture": "#0"},
				"south": {"uv": [0, 8.5, 1.2, 16], "texture": "#0"},
				"west": {"uv": [6, 8.5, 6.1, 16], "texture": "#0"},
				"up": {"uv": [8, 11, 9.2, 11.1], "texture": "#0"},
				"down": {"uv": [4, 14, 5.2, 14.1], "texture": "#0"}
			}
		}
	],
	"gui_light": "front",
	"display": {
		"thirdperson_righthand": {
			"translation": [0, -4.5, 0],
			"scale": [0.5, 0.5, 0.5]
		},
		"thirdperson_lefthand": {
			"translation": [0, -4.5, 0],
			"scale": [0.5, 0.5, 0.5]
		},
		"firstperson_righthand": {
			"translation": [1.75, -8.75, 0]
		},
		"firstperson_lefthand": {
			"translation": [0, -9.75, 0]
		},
		"ground": {
			"rotation": [29, 0, 0],
			"translation": [0, -4, 0]
		},
		"gui": {
			"rotation": [13, -180, 0],
			"translation": [0, -6.75, 0]
		},
		"head": {
			"translation": [0, -15, -0.25],
			"scale": [2.05, 2.05, 2.05]
		},
		"fixed": {
			"rotation": [-112, 0, 0],
			"translation": [0.25, 8.75, 17],
			"scale": [2, 2, 2]
		}
	},
	"groups": [
		{
			"name": "hat",
			"origin": [8, 8, 8],
			"color": 0,
			"children": [0, 1, 2, 3, 4, 5, 6]
		},
		{
			"name": "group",
			"origin": [8, 8, 8],
			"color": 0,
			"children": [
				{
					"name": "group",
					"origin": [8, 8, 8],
					"color": 0,
					"children": [7, 8, 9, 10, 11, 12, 13]
				},
				{
					"name": "group",
					"origin": [8, 8, 8],
					"color": 0,
					"children": [14, 15, 16, 17, 18, 19, 20]
				},
				{
					"name": "group",
					"origin": [8.45, 9.875, 8],
					"color": 0,
					"children": [21, 22, 23, 24, 25, 26, 27]
				}
			]
		}
	]
}