{
	"credit": "Copyright © 2021-2099 Ikaho-Onsen Minecraft Server. All rights reserved.",
	"textures": {
		"0": "minecraft:item/custom_food/summar_food/ice_c",
		"particle": "minecraft:item/custom_food/summar_food/ice_c"
	},
	"elements": [
		{
			"from": [7, 0, 7],
			"to": [9, 3, 9],
			"rotation": {"angle": 0, "axis": "y", "origin": [8.21142, 8.05604, 8]},
			"faces": {
				"north": {"uv": [9, 8, 11, 11], "texture": "#0"},
				"east": {"uv": [9, 8, 11, 11], "texture": "#0"},
				"south": {"uv": [9, 8, 11, 11], "texture": "#0"},
				"west": {"uv": [9, 8, 11, 11], "texture": "#0"},
				"down": {"uv": [6, 11, 4, 13], "texture": "#0"}
			}
		},
		{
			"from": [6, 3, 6],
			"to": [10, 5, 10],
			"rotation": {"angle": 0, "axis": "y", "origin": [8.21142, 8.05604, 8]},
			"faces": {
				"north": {"uv": [9, 6, 13, 8], "texture": "#0"},
				"east": {"uv": [9, 6, 13, 8], "texture": "#0"},
				"south": {"uv": [9, 6, 13, 8], "texture": "#0"},
				"west": {"uv": [9, 6, 13, 8], "texture": "#0"},
				"down": {"uv": [4, 5, 0, 9], "texture": "#0"}
			}
		},
		{
			"from": [5.5, 2, 5.5],
			"to": [10.5, 5, 10.5],
			"rotation": {"angle": 0, "axis": "z", "origin": [8.21142, 8.05604, 8]},
			"faces": {
				"north": {"uv": [4, 5, 9, 8], "texture": "#0"},
				"east": {"uv": [4, 5, 9, 8], "texture": "#0"},
				"south": {"uv": [4, 5, 9, 8], "texture": "#0"},
				"west": {"uv": [4, 5, 9, 8], "texture": "#0"}
			}
		},
		{
			"from": [5.5, 5, 5.5],
			"to": [10.5, 8, 10.5],
			"rotation": {"angle": 0, "axis": "z", "origin": [8.21142, 8.05604, 8]},
			"faces": {
				"north": {"uv": [4, 11, 9, 8], "texture": "#0"},
				"east": {"uv": [9, 11, 4, 8], "texture": "#0"},
				"south": {"uv": [4, 8, 9, 11], "texture": "#0"},
				"west": {"uv": [9, 8, 4, 11], "texture": "#0"},
				"up": {"uv": [5, 5, 0, 0], "texture": "#0"},
				"down": {"uv": [0, 0, 5, 5], "texture": "#0"}
			}
		},
		{
			"from": [6, 8, 6],
			"to": [10, 11, 10],
			"rotation": {"angle": 0, "axis": "y", "origin": [8.21142, 8.05604, 8]},
			"faces": {
				"north": {"uv": [4, 12, 0, 9], "texture": "#0"},
				"east": {"uv": [0, 12, 4, 9], "texture": "#0"},
				"south": {"uv": [4, 9, 0, 12], "texture": "#0"},
				"west": {"uv": [0, 9, 4, 12], "texture": "#0"},
				"up": {"uv": [5, 4, 9, 0], "texture": "#0"}
			}
		},
		{
			"from": [4.89786, 13.09394, 7.5],
			"to": [6.89786, 15.09394, 8.5],
			"rotation": {"angle": -22.5, "axis": "z", "origin": [8.21142, 8.05604, 8]},
			"faces": {
				"north": {"uv": [9, 2, 11, 0], "texture": "#0"},
				"east": {"uv": [10, 2, 9, 0], "texture": "#0"},
				"south": {"uv": [9, 0, 11, 2], "texture": "#0"},
				"west": {"uv": [10, 0, 9, 2], "texture": "#0"},
				"up": {"uv": [11, 4, 9, 3], "texture": "#0"}
			}
		},
		{
			"from": [6.5, 11, 6.5],
			"to": [9.5, 14, 9.5],
			"rotation": {"angle": 0, "axis": "z", "origin": [8.21142, 8.05604, 8]},
			"faces": {
				"north": {"uv": [9, 3, 12, 0], "texture": "#0"},
				"east": {"uv": [12, 3, 9, 0], "texture": "#0"},
				"south": {"uv": [9, 0, 12, 3], "texture": "#0"},
				"west": {"uv": [12, 0, 9, 3], "texture": "#0"},
				"up": {"uv": [12, 6, 9, 3], "texture": "#0"}
			}
		},
		{
			"name": "cube inverted",
			"from": [10.5, 5, 10.5],
			"to": [5.5, 2, 5.5],
			"rotation": {"angle": 0, "axis": "z", "origin": [8.21142, 8.05604, 8]},
			"faces": {
				"north": {"uv": [4, 8, 9, 5], "texture": "#0"},
				"east": {"uv": [4, 8, 9, 5], "texture": "#0"},
				"south": {"uv": [4, 8, 9, 5], "texture": "#0"},
				"west": {"uv": [4, 8, 9, 5], "texture": "#0"}
			}
		}
	],
	"gui_light": "front",
	"display": {
		"thirdperson_righthand": {
			"rotation": [65, 0, 0],
			"translation": [-1, 3.75, 6.25]
		},
		"thirdperson_lefthand": {
			"rotation": [65, 0, 0],
			"translation": [-1, 3.75, 6.25]
		},
		"firstperson_righthand": {
			"rotation": [0, 90, 0],
			"translation": [1.88, 2.2, 1.13],
			"scale": [0.5, 0.5, 0.5]
		},
		"firstperson_lefthand": {
			"rotation": [0, 90, 0],
			"translation": [1.88, 2.2, 1.13],
			"scale": [0.5, 0.5, 0.5]
		},
		"ground": {
			"rotation": [0, 0, -25],
			"translation": [0, 3.5, 0],
			"scale": [0.7, 0.7, 0.7]
		},
		"gui": {
			"rotation": [33, 135, 0]
		},
		"head": {
			"rotation": [-45, 0, 0],
			"translation": [0, 12.5, -12.75],
			"scale": [1.5, 1.5, 1.5]
		},
		"fixed": {
			"rotation": [-90, 0, 0],
			"translation": [0, 0, -15.75],
			"scale": [2, 2, 2]
		}
	},
	"groups": [
		{
			"name": "ice_012",
			"origin": [8, 8, 8],
			"color": 0,
			"nbt": "{}",
			"armAnimationEnabled": false,
			"children": [0, 1, 2, 3, 4, 5, 6, 7]
		}
	]
}