{
	"credit": "Copyright © 2021-2099 Ikaho-Onsen Minecraft Server. All rights reserved.",
	"texture_size": [64, 64],
	"textures": {
		"0": "minecraft:item/cit/mask_08_texture",
		"particle": "minecraft:item/cit/mask_08_texture"
	},
	"elements": [
		{
			"from": [3, 5, 2],
			"to": [13, 13, 4],
			"rotation": {"angle": 0, "axis": "y", "origin": [0, -17.5, 5]},
			"faces": {
				"north": {"uv": [5, 8.25, 7.5, 10.25], "texture": "#0"},
				"east": {"uv": [7.5, 11.75, 8, 13.75], "texture": "#0"},
				"south": {"uv": [7.5, 8, 10, 10], "texture": "#0"},
				"west": {"uv": [8, 11.75, 8.5, 13.75], "texture": "#0"},
				"up": {"uv": [11, 9.5, 8.5, 9], "texture": "#0"},
				"down": {"uv": [7.5, 5.5, 7.5, 5.5], "texture": "#0"}
			}
		},
		{
			"from": [6, 7, 0],
			"to": [10, 12.2, 2],
			"rotation": {"angle": 0, "axis": "y", "origin": [0, -17.5, 5]},
			"faces": {
				"north": {"uv": [13, 6.5, 14, 7.75], "texture": "#0"},
				"east": {"uv": [14, 6.5, 14.5, 7.75], "texture": "#0"},
				"south": {"uv": [7.5, 7.75, 10, 10], "texture": "#0"},
				"west": {"uv": [9.5, 12.5, 10, 13.75], "texture": "#0"},
				"up": {"uv": [11, 9.5, 8.5, 9], "texture": "#0"},
				"down": {"uv": [7.5, 5.5, 7.5, 5.5], "texture": "#0"}
			}
		},
		{
			"from": [2, 10.8, 1.5],
			"to": [14, 14.8, 5.5],
			"rotation": {"angle": 45, "axis": "x", "origin": [8, 13.44645, 2.23223]},
			"faces": {
				"north": {"uv": [10, 8.5, 13, 9.5], "texture": "#0"},
				"east": {"uv": [10, 11.5, 11, 12.5], "texture": "#0"},
				"south": {"uv": [10, 9.5, 13, 10.5], "texture": "#0"},
				"west": {"uv": [11, 11.5, 12, 12.5], "texture": "#0"},
				"up": {"uv": [10.5, 11.5, 7.5, 10.5], "texture": "#0"},
				"down": {"uv": [13.5, 10.5, 10.5, 11.5], "texture": "#0"}
			}
		},
		{
			"from": [7, 12.95359, -5.44597],
			"to": [9, 14.95359, 1.55403],
			"rotation": {"angle": 22.5, "axis": "x", "origin": [8.2, 14.25359, -1.84597]},
			"faces": {
				"north": {"uv": [11.5, 12.5, 12, 13], "texture": "#0"},
				"east": {"uv": [7.5, 10, 9.25, 10.5], "texture": "#0"},
				"south": {"uv": [11.5, 8.25, 14, 8.75], "texture": "#0"},
				"west": {"uv": [12.75, 11.75, 14.5, 12.25], "texture": "#0"},
				"up": {"uv": [9, 14, 8.5, 12.25], "texture": "#0"},
				"down": {"uv": [9.5, 12.25, 9, 14], "texture": "#0"}
			}
		},
		{
			"from": [3.4, 1.9, 1],
			"to": [5, 3.9, 6],
			"rotation": {"angle": 22.5, "axis": "x", "origin": [8, 14.64645, 2.23223]},
			"faces": {
				"north": {"uv": [9.5, 10, 10, 10.5], "texture": "#0"},
				"east": {"uv": [14.25, 11, 15.5, 11.5], "texture": "#0"},
				"south": {"uv": [11.5, 8.25, 14, 8.75], "texture": "#0"},
				"west": {"uv": [13.75, 12.25, 15, 12.75], "texture": "#0"},
				"up": {"uv": [12.75, 12.75, 12.25, 11.5], "texture": "#0"},
				"down": {"uv": [14.25, 10.5, 13.75, 11.75], "texture": "#0"}
			}
		},
		{
			"from": [11, 1.9, 1],
			"to": [12.6, 3.9, 6],
			"rotation": {"angle": 22.5, "axis": "x", "origin": [8, 14.64645, 2.23223]},
			"faces": {
				"north": {"uv": [10, 10, 9.5, 10.5], "texture": "#0"},
				"east": {"uv": [15, 12.25, 13.75, 12.75], "texture": "#0"},
				"south": {"uv": [14, 8.25, 11.5, 8.75], "texture": "#0"},
				"west": {"uv": [15.5, 11, 14.25, 11.5], "texture": "#0"},
				"up": {"uv": [12.25, 12.75, 12.75, 11.5], "texture": "#0"},
				"down": {"uv": [13.75, 10.5, 14.25, 11.75], "texture": "#0"}
			}
		},
		{
			"from": [2, 5, -1],
			"to": [14, 8, 1],
			"rotation": {"angle": 45, "axis": "x", "origin": [8, 3.41421, 0.23223]},
			"faces": {
				"north": {"uv": [13, 5.5, 16, 6.25], "texture": "#0"},
				"east": {"uv": [14.5, 6.25, 15, 7], "texture": "#0"},
				"south": {"uv": [12.5, 5.5, 14.5, 6], "texture": "#0"},
				"west": {"uv": [14.5, 7, 15, 7.75], "texture": "#0"},
				"up": {"uv": [16, 8.25, 13, 7.75], "texture": "#0"},
				"down": {"uv": [16, 8.25, 13, 8.75], "texture": "#0"}
			}
		},
		{
			"from": [5, 6.3, -2],
			"to": [11, 8.3, 1],
			"rotation": {"angle": 22.5, "axis": "x", "origin": [8, 3.41421, 0.23223]},
			"faces": {
				"north": {"uv": [14.25, 10.5, 15.75, 11], "texture": "#0"},
				"east": {"uv": [10, 12.5, 10.75, 13], "texture": "#0"},
				"south": {"uv": [12.5, 5.5, 14.5, 6], "texture": "#0"},
				"west": {"uv": [10.75, 12.5, 11.5, 13], "texture": "#0"},
				"up": {"uv": [14.5, 10.5, 13, 9.75], "texture": "#0"},
				"down": {"uv": [10, 11.5, 8.5, 12.25], "texture": "#0"}
			}
		},
		{
			"from": [2, 2, 1],
			"to": [14, 8, 3],
			"rotation": {"angle": 45, "axis": "x", "origin": [8, 3.41421, 0.23223]},
			"faces": {
				"north": {"uv": [10, 5.5, 13, 7], "texture": "#0"},
				"east": {"uv": [12.75, 12.25, 13.25, 13.75], "texture": "#0"},
				"south": {"uv": [10, 7, 13, 8.5], "texture": "#0"},
				"west": {"uv": [13.25, 12.25, 13.75, 13.75], "texture": "#0"},
				"up": {"uv": [16, 9.25, 13, 8.75], "texture": "#0"},
				"down": {"uv": [16, 9.25, 13, 9.75], "texture": "#0"}
			}
		},
		{
			"from": [5, 0, 6.4],
			"to": [11, 3, 7.6],
			"rotation": {"angle": 22.5, "axis": "x", "origin": [5.5574, 17, 8]},
			"faces": {
				"north": {"uv": [7.5, 14, 9, 15], "texture": "#0", "tintindex": 0},
				"east": {"uv": [8.75, 15, 9, 16], "texture": "#0"},
				"south": {"uv": [7.5, 5.5, 7.5, 5.5], "texture": "#0"},
				"west": {"uv": [9, 14, 9.25, 15], "texture": "#0"},
				"up": {"uv": [7.5, 5.5, 7.5, 5.5], "texture": "#0", "tintindex": 0},
				"down": {"uv": [7.5, 5.5, 7.5, 5.5], "texture": "#0"}
			}
		}
	],
	"gui_light": "front",
	"display": {
		"thirdperson_righthand": {
			"rotation": [50, 0, 0],
			"translation": [0, -1.75, 2.25],
			"scale": [0.75, 0.75, 0.75]
		},
		"thirdperson_lefthand": {
			"rotation": [50, 0, 0],
			"translation": [0, -1.75, 2.25],
			"scale": [0.75, 0.75, 0.75]
		},
		"firstperson_righthand": {
			"translation": [0.75, 2.25, 4.5],
			"scale": [0.5, 0.5, 0.5]
		},
		"firstperson_lefthand": {
			"translation": [0.75, 2.25, 4.5],
			"scale": [0.5, 0.5, 0.5]
		},
		"ground": {
			"rotation": [35, 0, 0],
			"translation": [0, 3, 2.75],
			"scale": [0.5, 0.5, 0.5]
		},
		"gui": {
			"rotation": [0, 135, 0],
			"translation": [4.25, 0, 0]
		},
		"head": {
			"scale": [1.5, 1.5, 1.5]
		},
		"fixed": {
			"rotation": [-10, 0, 0],
			"translation": [0, 1.25, 6.75],
			"scale": [2, 2, 2]
		}
	},
	"groups": [
		{
			"name": "mask_08b",
			"origin": [0, -21.5, 4],
			"color": 0,
			"nbt": "{}",
			"armAnimationEnabled": false,
			"children": [0, 1, 2, 3, 4, 5, 6, 7, 8, 9]
		}
	]
}