{
	"credit": "Copyright © 2021-2099 Ikaho-Onsen Minecraft Server. All rights reserved.",
	"texture_size": [128, 128],
	"textures": {
		"0": "minecraft:item/cit/peper_umbrella_black",
		"5": "item/cit/peper_umbrella_purple",
		"7": "item/cit/peper_umbrella_white"
	},
	"elements": [
		{
			"from": [-14.5, 29, -13.5],
			"to": [29.5, 29.1, 30.5],
			"rotation": {"angle": 0, "axis": "y", "origin": [8, 26.9, 24.7]},
			"faces": {
				"north": {"uv": [3, 0, 7.5, 0.125], "texture": "#5"},
				"east": {"uv": [3, 0.125, 7.5, 0.25], "texture": "#5"},
				"south": {"uv": [3, 0.25, 7.5, 0.375], "texture": "#5"},
				"west": {"uv": [3, 0.375, 7.5, 0.5], "texture": "#5"},
				"up": {"uv": [16, 11, 10.5, 5.5], "texture": "#5"},
				"down": {"uv": [10.5, 5.5, 5, 11], "texture": "#5"}
			}
		},
		{
			"from": [7.9, 22.10182, 8.05374],
			"to": [8.1, 28.70182, 20.25374],
			"rotation": {"angle": 45, "axis": "y", "origin": [8, 30.7, 8.1]},
			"faces": {
				"north": {"uv": [8.75, 3.5, 8.875, 4.375], "texture": "#0"},
				"east": {"uv": [9.5, 1.375, 8, 2.25], "texture": "#0"},
				"south": {"uv": [8.75, 4.375, 8.875, 5.25], "texture": "#0"},
				"west": {"uv": [8, 1.375, 9.5, 2.25], "texture": "#0"},
				"up": {"uv": [3.5, 2.5, 3.375, 1], "texture": "#0"},
				"down": {"uv": [6.125, 2, 6, 3.5], "texture": "#0"}
			}
		},
		{
			"from": [7.9, 22.10182, 8.05374],
			"to": [8.1, 28.70182, 20.25374],
			"rotation": {"angle": 0, "axis": "y", "origin": [8, 30.7, 8.1]},
			"faces": {
				"north": {"uv": [8.75, 3.5, 8.875, 4.375], "texture": "#0"},
				"east": {"uv": [9.5, 1.375, 8, 2.25], "texture": "#0"},
				"south": {"uv": [8.75, 4.375, 8.875, 5.25], "texture": "#0"},
				"west": {"uv": [8, 1.375, 9.5, 2.25], "texture": "#0"},
				"up": {"uv": [3.5, 2.5, 3.375, 1], "texture": "#0"},
				"down": {"uv": [6.125, 2, 6, 3.5], "texture": "#0"}
			}
		},
		{
			"from": [7.9, 22.10182, 8.05374],
			"to": [8.1, 28.70182, 20.25374],
			"rotation": {"angle": -45, "axis": "y", "origin": [8, 30.7, 8.1]},
			"faces": {
				"north": {"uv": [8.75, 3.5, 8.875, 4.375], "texture": "#0"},
				"east": {"uv": [9.5, 1.375, 8, 2.25], "texture": "#0"},
				"south": {"uv": [8.75, 4.375, 8.875, 5.25], "texture": "#0"},
				"west": {"uv": [8, 1.375, 9.5, 2.25], "texture": "#0"},
				"up": {"uv": [3.5, 2.5, 3.375, 1], "texture": "#0"},
				"down": {"uv": [6.125, 2, 6, 3.5], "texture": "#0"}
			}
		},
		{
			"from": [7.9, 22.10182, -4.05374],
			"to": [8.1, 28.70182, 8.14626],
			"rotation": {"angle": 45, "axis": "y", "origin": [8, 30.7, 8.1]},
			"faces": {
				"north": {"uv": [8.75, 4.375, 8.875, 5.25], "texture": "#0"},
				"east": {"uv": [8, 1.375, 9.5, 2.25], "texture": "#0"},
				"south": {"uv": [8.75, 3.5, 8.875, 4.375], "texture": "#0"},
				"west": {"uv": [9.5, 1.375, 8, 2.25], "texture": "#0"},
				"up": {"uv": [3.5, 2.5, 3.375, 1], "rotation": 180, "texture": "#0"},
				"down": {"uv": [6.125, 2, 6, 3.5], "rotation": 180, "texture": "#0"}
			}
		},
		{
			"from": [-4.15374, 22.10182, 8],
			"to": [8.04626, 28.70182, 8.2],
			"rotation": {"angle": 0, "axis": "y", "origin": [8, 30.7, 8.1]},
			"faces": {
				"north": {"uv": [8, 1.375, 9.5, 2.25], "texture": "#0"},
				"east": {"uv": [8.75, 3.5, 8.875, 4.375], "texture": "#0"},
				"south": {"uv": [9.5, 1.375, 8, 2.25], "texture": "#0"},
				"west": {"uv": [8.75, 4.375, 8.875, 5.25], "texture": "#0"},
				"up": {"uv": [3.5, 2.5, 3.375, 1], "rotation": 90, "texture": "#0"},
				"down": {"uv": [6.125, 2, 6, 3.5], "rotation": 270, "texture": "#0"}
			}
		},
		{
			"from": [7.9, 22.10182, -4.05374],
			"to": [8.1, 28.70182, 8.14626],
			"rotation": {"angle": -45, "axis": "y", "origin": [8, 30.7, 8.1]},
			"faces": {
				"north": {"uv": [4.25, 0.875, 4.375, 1.75], "texture": "#0"},
				"east": {"uv": [8, 1.375, 9.5, 2.25], "texture": "#0"},
				"south": {"uv": [4.25, 0, 4.375, 0.875], "texture": "#0"},
				"west": {"uv": [9.5, 1.375, 8, 2.25], "texture": "#0"},
				"up": {"uv": [4.25, 1.5, 4.125, 0], "rotation": 180, "texture": "#0"},
				"down": {"uv": [4.25, 1.5, 4.125, 3], "rotation": 180, "texture": "#0"}
			}
		},
		{
			"from": [7.95374, 22.10182, 7.9],
			"to": [20.15374, 28.70182, 8.1],
			"rotation": {"angle": 0, "axis": "y", "origin": [8, 30.7, 8.1]},
			"faces": {
				"north": {"uv": [9.5, 1.375, 8, 2.25], "texture": "#0"},
				"east": {"uv": [8.75, 4.375, 8.875, 5.25], "texture": "#0"},
				"south": {"uv": [8, 1.375, 9.5, 2.25], "texture": "#0"},
				"west": {"uv": [8.75, 3.5, 8.875, 4.375], "texture": "#0"},
				"up": {"uv": [3.5, 2.5, 3.375, 1], "rotation": 270, "texture": "#0"},
				"down": {"uv": [6.125, 2, 6, 3.5], "rotation": 90, "texture": "#0"}
			}
		},
		{
			"from": [7.9, 22.10182, -4.05374],
			"to": [8.1, 28.70182, 8.14626],
			"rotation": {"angle": 0, "axis": "y", "origin": [8, 30.7, 8.1]},
			"faces": {
				"north": {"uv": [8.75, 4.375, 8.875, 5.25], "texture": "#0"},
				"east": {"uv": [8, 1.375, 9.5, 2.25], "texture": "#0"},
				"south": {"uv": [8.75, 3.5, 8.875, 4.375], "texture": "#0"},
				"west": {"uv": [9.5, 1.375, 8, 2.25], "texture": "#0"},
				"up": {"uv": [3.5, 2.5, 3.375, 1], "rotation": 180, "texture": "#0"},
				"down": {"uv": [6.125, 2, 6, 3.5], "rotation": 180, "texture": "#0"}
			}
		},
		{
			"from": [7.9, 22.10182, 8.05374],
			"to": [8.1, 28.70182, 20.25374],
			"rotation": {"angle": 22.5, "axis": "y", "origin": [8, 30.7, 8.1]},
			"faces": {
				"north": {"uv": [8.75, 3.5, 8.875, 4.375], "texture": "#0"},
				"east": {"uv": [9.5, 1.375, 8, 2.25], "texture": "#0"},
				"south": {"uv": [8.75, 4.375, 8.875, 5.25], "texture": "#0"},
				"west": {"uv": [8, 1.375, 9.5, 2.25], "texture": "#0"},
				"up": {"uv": [3.5, 2.5, 3.375, 1], "texture": "#0"},
				"down": {"uv": [6.125, 2, 6, 3.5], "texture": "#0"}
			}
		},
		{
			"from": [7.9, 22.10182, 8.05374],
			"to": [8.1, 28.70182, 20.25374],
			"rotation": {"angle": -22.5, "axis": "y", "origin": [8, 30.7, 8.1]},
			"faces": {
				"north": {"uv": [8.75, 3.5, 8.875, 4.375], "texture": "#0"},
				"east": {"uv": [9.5, 1.375, 8, 2.25], "texture": "#0"},
				"south": {"uv": [8.75, 4.375, 8.875, 5.25], "texture": "#0"},
				"west": {"uv": [8, 1.375, 9.5, 2.25], "texture": "#0"},
				"up": {"uv": [3.5, 2.5, 3.375, 1], "texture": "#0"},
				"down": {"uv": [6.125, 2, 6, 3.5], "texture": "#0"}
			}
		},
		{
			"from": [-4.15374, 22.10182, 8],
			"to": [8.04626, 28.70182, 8.2],
			"rotation": {"angle": 22.5, "axis": "y", "origin": [8, 30.7, 8.1]},
			"faces": {
				"north": {"uv": [8, 1.375, 9.5, 2.25], "texture": "#0"},
				"east": {"uv": [8.75, 3.5, 8.875, 4.375], "texture": "#0"},
				"south": {"uv": [9.5, 1.375, 8, 2.25], "texture": "#0"},
				"west": {"uv": [8.75, 4.375, 8.875, 5.25], "texture": "#0"},
				"up": {"uv": [3.5, 2.5, 3.375, 1], "rotation": 90, "texture": "#0"},
				"down": {"uv": [6.125, 2, 6, 3.5], "rotation": 270, "texture": "#0"}
			}
		},
		{
			"from": [7.9, 22.10182, -4.05374],
			"to": [8.1, 28.70182, 8.14626],
			"rotation": {"angle": 22.5, "axis": "y", "origin": [8, 30.7, 8.1]},
			"faces": {
				"north": {"uv": [8.75, 4.375, 8.875, 5.25], "texture": "#0"},
				"east": {"uv": [8, 1.375, 9.5, 2.25], "texture": "#0"},
				"south": {"uv": [8.75, 3.5, 8.875, 4.375], "texture": "#0"},
				"west": {"uv": [9.5, 1.375, 8, 2.25], "texture": "#0"},
				"up": {"uv": [3.5, 2.5, 3.375, 1], "rotation": 180, "texture": "#0"},
				"down": {"uv": [6.125, 2, 6, 3.5], "rotation": 180, "texture": "#0"}
			}
		},
		{
			"from": [-4.15374, 22.10182, 8],
			"to": [8.04626, 28.70182, 8.2],
			"rotation": {"angle": -22.5, "axis": "y", "origin": [8, 30.7, 8.1]},
			"faces": {
				"north": {"uv": [8, 1.375, 9.5, 2.25], "texture": "#0"},
				"east": {"uv": [8.75, 3.5, 8.875, 4.375], "texture": "#0"},
				"south": {"uv": [9.5, 1.375, 8, 2.25], "texture": "#0"},
				"west": {"uv": [8.75, 4.375, 8.875, 5.25], "texture": "#0"},
				"up": {"uv": [3.5, 2.5, 3.375, 1], "rotation": 90, "texture": "#0"},
				"down": {"uv": [6.125, 2, 6, 3.5], "rotation": 270, "texture": "#0"}
			}
		},
		{
			"from": [7.95374, 22.10182, 8],
			"to": [20.15374, 28.70182, 8.2],
			"rotation": {"angle": 22.5, "axis": "y", "origin": [8, 30.7, 8.1]},
			"faces": {
				"north": {"uv": [9.5, 1.375, 8, 2.25], "texture": "#0"},
				"east": {"uv": [4.25, 0.875, 4.375, 1.75], "texture": "#0"},
				"south": {"uv": [8, 1.375, 9.5, 2.25], "texture": "#0"},
				"west": {"uv": [4.25, 0, 4.375, 0.875], "texture": "#0"},
				"up": {"uv": [4.25, 1.5, 4.125, 0], "rotation": 270, "texture": "#0"},
				"down": {"uv": [4.25, 1.5, 4.125, 3], "rotation": 90, "texture": "#0"}
			}
		},
		{
			"from": [7.95374, 22.10182, 8],
			"to": [20.15374, 28.70182, 8.2],
			"rotation": {"angle": -22.5, "axis": "y", "origin": [8, 30.7, 8.1]},
			"faces": {
				"north": {"uv": [9.5, 1.375, 8, 2.25], "texture": "#0"},
				"east": {"uv": [8.75, 4.375, 8.875, 5.25], "texture": "#0"},
				"south": {"uv": [8, 1.375, 9.5, 2.25], "texture": "#0"},
				"west": {"uv": [8.75, 3.5, 8.875, 4.375], "texture": "#0"},
				"up": {"uv": [3.5, 2.5, 3.375, 1], "rotation": 270, "texture": "#0"},
				"down": {"uv": [6.125, 2, 6, 3.5], "rotation": 90, "texture": "#0"}
			}
		},
		{
			"from": [7.9, 22.10182, -4.05374],
			"to": [8.1, 28.70182, 8.14626],
			"rotation": {"angle": -22.5, "axis": "y", "origin": [8, 30.7, 8.1]},
			"faces": {
				"north": {"uv": [8.75, 4.375, 8.875, 5.25], "texture": "#0"},
				"east": {"uv": [8, 1.375, 9.5, 2.25], "texture": "#0"},
				"south": {"uv": [8.75, 3.5, 8.875, 4.375], "texture": "#0"},
				"west": {"uv": [9.5, 1.375, 8, 2.25], "texture": "#0"},
				"up": {"uv": [3.5, 2.5, 3.375, 1], "rotation": 180, "texture": "#0"},
				"down": {"uv": [6.125, 2, 6, 3.5], "rotation": 180, "texture": "#0"}
			}
		},
		{
			"from": [9, 28.5, 7.7],
			"to": [29, 29.5, 8.3],
			"rotation": {"angle": 0, "axis": "y", "origin": [8, 30.5, 8]},
			"faces": {
				"north": {"uv": [10.125, 0, 7.625, 0.125], "texture": "#7"},
				"east": {"uv": [7.625, 0, 7.5, 0.125], "texture": "#7"},
				"south": {"uv": [7.625, 0.125, 10.125, 0.25], "texture": "#7"},
				"west": {"uv": [7.625, 0.125, 7.5, 0.25], "texture": "#7"},
				"up": {"uv": [7.625, 0.375, 10.125, 0.25], "texture": "#7"},
				"down": {"uv": [7.625, 0.375, 10.125, 0.5], "texture": "#7"}
			}
		},
		{
			"from": [9, 28.5, 7.7],
			"to": [29, 29.5, 8.3],
			"rotation": {"angle": -45, "axis": "y", "origin": [8, 30.5, 8]},
			"faces": {
				"north": {"uv": [10.125, 0, 7.625, 0.125], "texture": "#7"},
				"east": {"uv": [7.625, 0, 7.5, 0.125], "texture": "#7"},
				"south": {"uv": [7.625, 0.125, 10.125, 0.25], "texture": "#7"},
				"west": {"uv": [7.625, 0.125, 7.5, 0.25], "texture": "#7"},
				"up": {"uv": [7.625, 0.375, 10.125, 0.25], "texture": "#7"},
				"down": {"uv": [7.625, 0.375, 10.125, 0.5], "texture": "#7"}
			}
		},
		{
			"from": [7.7, 28.5, 9],
			"to": [8.3, 29.5, 29],
			"rotation": {"angle": -45, "axis": "y", "origin": [8, 30.5, 8]},
			"faces": {
				"north": {"uv": [7.625, 0.125, 7.5, 0.25], "texture": "#7"},
				"east": {"uv": [10.125, 0, 7.625, 0.125], "texture": "#7"},
				"south": {"uv": [7.625, 0, 7.5, 0.125], "texture": "#7"},
				"west": {"uv": [7.625, 0.125, 10.125, 0.25], "texture": "#7"},
				"up": {"uv": [7.625, 0.375, 10.125, 0.25], "rotation": 90, "texture": "#7"},
				"down": {"uv": [7.625, 0.375, 10.125, 0.5], "rotation": 270, "texture": "#7"}
			}
		},
		{
			"from": [7.7, 28.5, 9],
			"to": [8.3, 29.5, 29],
			"rotation": {"angle": 0, "axis": "y", "origin": [8, 30.5, 8]},
			"faces": {
				"north": {"uv": [7.625, 0.125, 7.5, 0.25], "texture": "#7"},
				"east": {"uv": [10.125, 0, 7.625, 0.125], "texture": "#7"},
				"south": {"uv": [7.625, 0, 7.5, 0.125], "texture": "#7"},
				"west": {"uv": [7.625, 0.125, 10.125, 0.25], "texture": "#7"},
				"up": {"uv": [7.625, 0.375, 10.125, 0.25], "rotation": 90, "texture": "#7"},
				"down": {"uv": [7.625, 0.375, 10.125, 0.5], "rotation": 270, "texture": "#7"}
			}
		},
		{
			"from": [-13, 28.5, 7.7],
			"to": [7, 29.5, 8.3],
			"rotation": {"angle": -45, "axis": "y", "origin": [8, 30.5, 8]},
			"faces": {
				"north": {"uv": [7.625, 0.125, 10.125, 0.25], "texture": "#7"},
				"east": {"uv": [7.625, 0.125, 7.5, 0.25], "texture": "#7"},
				"south": {"uv": [10.125, 0, 7.625, 0.125], "texture": "#7"},
				"west": {"uv": [7.625, 0, 7.5, 0.125], "texture": "#7"},
				"up": {"uv": [7.625, 0.375, 10.125, 0.25], "rotation": 180, "texture": "#7"},
				"down": {"uv": [7.625, 0.375, 10.125, 0.5], "rotation": 180, "texture": "#7"}
			}
		},
		{
			"from": [-13, 28.5, 7.7],
			"to": [7, 29.5, 8.3],
			"rotation": {"angle": 0, "axis": "y", "origin": [8, 30.5, 8]},
			"faces": {
				"north": {"uv": [7.625, 0.125, 10.125, 0.25], "texture": "#7"},
				"east": {"uv": [7.625, 0.125, 7.5, 0.25], "texture": "#7"},
				"south": {"uv": [10.125, 0, 7.625, 0.125], "texture": "#7"},
				"west": {"uv": [7.625, 0, 7.5, 0.125], "texture": "#7"},
				"up": {"uv": [7.625, 0.375, 10.125, 0.25], "rotation": 180, "texture": "#7"},
				"down": {"uv": [7.625, 0.375, 10.125, 0.5], "rotation": 180, "texture": "#7"}
			}
		},
		{
			"from": [7.7, 28.5, -13],
			"to": [8.3, 29.5, 7],
			"rotation": {"angle": -45, "axis": "y", "origin": [8, 30.5, 8]},
			"faces": {
				"north": {"uv": [7.625, 0, 7.5, 0.125], "texture": "#7"},
				"east": {"uv": [7.625, 0.125, 10.125, 0.25], "texture": "#7"},
				"south": {"uv": [7.625, 0.125, 7.5, 0.25], "texture": "#7"},
				"west": {"uv": [10.125, 0, 7.625, 0.125], "texture": "#7"},
				"up": {"uv": [7.625, 0.375, 10.125, 0.25], "rotation": 270, "texture": "#7"},
				"down": {"uv": [7.625, 0.375, 10.125, 0.5], "rotation": 90, "texture": "#7"}
			}
		},
		{
			"from": [7.7, 28.5, -13],
			"to": [8.3, 29.5, 7],
			"rotation": {"angle": 0, "axis": "y", "origin": [8, 30.5, 8]},
			"faces": {
				"north": {"uv": [7.625, 0, 7.5, 0.125], "texture": "#7"},
				"east": {"uv": [7.625, 0.125, 10.125, 0.25], "texture": "#7"},
				"south": {"uv": [7.625, 0.125, 7.5, 0.25], "texture": "#7"},
				"west": {"uv": [10.125, 0, 7.625, 0.125], "texture": "#7"},
				"up": {"uv": [7.625, 0.375, 10.125, 0.25], "rotation": 270, "texture": "#7"},
				"down": {"uv": [7.625, 0.375, 10.125, 0.5], "rotation": 90, "texture": "#7"}
			}
		},
		{
			"from": [9, 28.7, 7.7],
			"to": [29, 29.7, 8.3],
			"rotation": {"angle": -22.5, "axis": "y", "origin": [8, 30.7, 8]},
			"faces": {
				"north": {"uv": [10.125, 0, 7.625, 0.125], "texture": "#7"},
				"east": {"uv": [7.625, 0, 7.5, 0.125], "texture": "#7"},
				"south": {"uv": [7.625, 0.125, 10.125, 0.25], "texture": "#7"},
				"west": {"uv": [7.625, 0.125, 7.5, 0.25], "texture": "#7"},
				"up": {"uv": [7.625, 0.375, 10.125, 0.25], "texture": "#7"},
				"down": {"uv": [7.625, 0.375, 10.125, 0.5], "texture": "#7"}
			}
		},
		{
			"from": [7.7, 28.7, 9],
			"to": [8.3, 29.7, 29],
			"rotation": {"angle": 22.5, "axis": "y", "origin": [8, 30.7, 8]},
			"faces": {
				"north": {"uv": [7.625, 0.125, 7.5, 0.25], "texture": "#7"},
				"east": {"uv": [10.125, 0, 7.625, 0.125], "texture": "#7"},
				"south": {"uv": [7.625, 0, 7.5, 0.125], "texture": "#7"},
				"west": {"uv": [7.625, 0.125, 10.125, 0.25], "texture": "#7"},
				"up": {"uv": [7.625, 0.375, 10.125, 0.25], "rotation": 90, "texture": "#7"},
				"down": {"uv": [7.625, 0.375, 10.125, 0.5], "rotation": 270, "texture": "#7"}
			}
		},
		{
			"from": [-13, 28.7, 7.7],
			"to": [7, 29.7, 8.3],
			"rotation": {"angle": 22.5, "axis": "y", "origin": [8, 30.7, 8]},
			"faces": {
				"north": {"uv": [7.625, 0.125, 10.125, 0.25], "texture": "#7"},
				"east": {"uv": [7.625, 0.125, 7.5, 0.25], "texture": "#7"},
				"south": {"uv": [10.125, 0, 7.625, 0.125], "texture": "#7"},
				"west": {"uv": [7.625, 0, 7.5, 0.125], "texture": "#7"},
				"up": {"uv": [7.625, 0.375, 10.125, 0.25], "rotation": 180, "texture": "#7"},
				"down": {"uv": [7.625, 0.375, 10.125, 0.5], "rotation": 180, "texture": "#7"}
			}
		},
		{
			"from": [7.7, 28.7, 9],
			"to": [8.3, 29.7, 29],
			"rotation": {"angle": -22.5, "axis": "y", "origin": [8, 30.7, 8]},
			"faces": {
				"north": {"uv": [7.625, 0.125, 7.5, 0.25], "texture": "#7"},
				"east": {"uv": [10.125, 0, 7.625, 0.125], "texture": "#7"},
				"south": {"uv": [7.625, 0, 7.5, 0.125], "texture": "#7"},
				"west": {"uv": [7.625, 0.125, 10.125, 0.25], "texture": "#7"},
				"up": {"uv": [7.625, 0.375, 10.125, 0.25], "rotation": 90, "texture": "#7"},
				"down": {"uv": [7.625, 0.375, 10.125, 0.5], "rotation": 270, "texture": "#7"}
			}
		},
		{
			"from": [7.7, 28.7, -13],
			"to": [8.3, 29.7, 7],
			"rotation": {"angle": 22.5, "axis": "y", "origin": [8, 30.7, 8]},
			"faces": {
				"north": {"uv": [7.625, 0, 7.5, 0.125], "texture": "#7"},
				"east": {"uv": [7.625, 0.125, 10.125, 0.25], "texture": "#7"},
				"south": {"uv": [7.625, 0.125, 7.5, 0.25], "texture": "#7"},
				"west": {"uv": [10.125, 0, 7.625, 0.125], "texture": "#7"},
				"up": {"uv": [7.625, 0.375, 10.125, 0.25], "rotation": 270, "texture": "#7"},
				"down": {"uv": [7.625, 0.375, 10.125, 0.5], "rotation": 90, "texture": "#7"}
			}
		},
		{
			"from": [-13, 28.7, 7.7],
			"to": [7, 29.7, 8.3],
			"rotation": {"angle": -22.5, "axis": "y", "origin": [8, 30.7, 8]},
			"faces": {
				"north": {"uv": [7.625, 0.125, 10.125, 0.25], "texture": "#7"},
				"east": {"uv": [7.625, 0.125, 7.5, 0.25], "texture": "#7"},
				"south": {"uv": [10.125, 0, 7.625, 0.125], "texture": "#7"},
				"west": {"uv": [7.625, 0, 7.5, 0.125], "texture": "#7"},
				"up": {"uv": [7.625, 0.375, 10.125, 0.25], "rotation": 180, "texture": "#7"},
				"down": {"uv": [7.625, 0.375, 10.125, 0.5], "rotation": 180, "texture": "#7"}
			}
		},
		{
			"from": [9, 28.7, 7.7],
			"to": [29, 29.7, 8.3],
			"rotation": {"angle": 22.5, "axis": "y", "origin": [8, 30.7, 8]},
			"faces": {
				"north": {"uv": [10.125, 0, 7.625, 0.125], "texture": "#7"},
				"east": {"uv": [7.625, 0, 7.5, 0.125], "texture": "#7"},
				"south": {"uv": [7.625, 0.125, 10.125, 0.25], "texture": "#7"},
				"west": {"uv": [7.625, 0.125, 7.5, 0.25], "texture": "#7"},
				"up": {"uv": [7.625, 0.375, 10.125, 0.25], "texture": "#7"},
				"down": {"uv": [7.625, 0.375, 10.125, 0.5], "texture": "#7"}
			}
		},
		{
			"from": [7.7, 28.7, -13],
			"to": [8.3, 29.7, 7],
			"rotation": {"angle": -22.5, "axis": "y", "origin": [8, 30.7, 8]},
			"faces": {
				"north": {"uv": [7.625, 0, 7.5, 0.125], "texture": "#7"},
				"east": {"uv": [7.625, 0.125, 10.125, 0.25], "texture": "#7"},
				"south": {"uv": [7.625, 0.125, 7.5, 0.25], "texture": "#7"},
				"west": {"uv": [10.125, 0, 7.625, 0.125], "texture": "#7"},
				"up": {"uv": [7.625, 0.375, 10.125, 0.25], "rotation": 270, "texture": "#7"},
				"down": {"uv": [7.625, 0.375, 10.125, 0.5], "rotation": 90, "texture": "#7"}
			}
		},
		{
			"from": [6.57071, 27.5, 6.50503],
			"to": [9.57071, 30.5, 9.50503],
			"rotation": {"angle": -45, "axis": "y", "origin": [8.07071, 29, 8.00503]},
			"faces": {
				"north": {"uv": [10.25, 2.25, 10.625, 2.625], "texture": "#0"},
				"east": {"uv": [10.25, 2.625, 10.625, 3], "texture": "#0"},
				"south": {"uv": [10.25, 3, 10.625, 3.375], "texture": "#0"},
				"west": {"uv": [10.25, 3.375, 10.625, 3.75], "texture": "#0"},
				"up": {"uv": [11.125, 3.125, 10.75, 2.75], "texture": "#0"},
				"down": {"uv": [11.125, 3.25, 10.75, 3.625], "texture": "#0"}
			}
		},
		{
			"from": [7, 21.6, 7],
			"to": [9, 23.6, 9],
			"rotation": {"angle": 0, "axis": "y", "origin": [8, 29.6, 8]},
			"faces": {
				"north": {"uv": [10.5, 3.75, 10.75, 4], "texture": "#0"},
				"east": {"uv": [10.5, 4, 10.75, 4.25], "texture": "#0"},
				"south": {"uv": [10.5, 4.25, 10.75, 4.5], "texture": "#0"},
				"west": {"uv": [10.25, 3.75, 10.5, 4], "texture": "#0"},
				"up": {"uv": [10.5, 4.25, 10.25, 4], "texture": "#0"},
				"down": {"uv": [10.5, 4.25, 10.25, 4.5], "texture": "#0"}
			}
		},
		{
			"from": [7.57071, 30.5, 7.52218],
			"to": [8.57071, 31.5, 8.52218],
			"rotation": {"angle": -45, "axis": "y", "origin": [8.07071, 31, 8.02218]},
			"faces": {
				"north": {"uv": [10.5, 3.75, 10.625, 3.875], "texture": "#0"},
				"east": {"uv": [10.5, 4, 10.625, 4.125], "texture": "#0"},
				"south": {"uv": [10.5, 4.25, 10.625, 4.375], "texture": "#0"},
				"west": {"uv": [10.25, 3.75, 10.375, 3.875], "texture": "#0"},
				"up": {"uv": [10.375, 4.125, 10.25, 4], "texture": "#0"},
				"down": {"uv": [10.375, 4.25, 10.25, 4.375], "texture": "#0"}
			}
		},
		{
			"from": [7.5, -5, 7.5],
			"to": [8.5, 28, 8.5],
			"rotation": {"angle": 0, "axis": "y", "origin": [8, 13, 8.1]},
			"faces": {
				"north": {"uv": [9.625, 0.625, 9.75, 4.75], "texture": "#0"},
				"east": {"uv": [9.75, 0.625, 9.875, 4.75], "texture": "#0"},
				"south": {"uv": [9.875, 0.625, 10, 4.75], "texture": "#0"},
				"west": {"uv": [10, 0.625, 10.125, 4.75], "texture": "#0"},
				"up": {"uv": [10.625, 2.75, 10.5, 2.625], "texture": "#0"},
				"down": {"uv": [10.625, 2.75, 10.5, 2.875], "texture": "#0"}
			}
		}
	],
	"gui_light": "front",
	"display": {
		"thirdperson_righthand": {
			"rotation": [68, 0, -10],
			"translation": [0.75, 2.5, 7.5]
		},
		"thirdperson_lefthand": {
			"rotation": [68, 0, -10],
			"translation": [0.75, 2.5, 7.5]
		},
		"firstperson_righthand": {
			"translation": [5, 0, 0]
		},
		"firstperson_lefthand": {
			"translation": [5, 0, 0]
		},
		"ground": {
			"rotation": [35, 0, 0],
			"translation": [0, 0.75, -2.25],
			"scale": [0.3, 0.3, 0.3]
		},
		"gui": {
			"rotation": [45, 1, -30],
			"translation": [-3.25, -4.25, 0],
			"scale": [0.38, 0.38, 0.38]
		},
		"head": {
			"translation": [0, -6.5, 0]
		},
		"fixed": {
			"rotation": [-90, 0, 0],
			"translation": [0, 0, -25.75],
			"scale": [2, 2, 2]
		}
	},
	"groups": [
		{
			"name": "group",
			"origin": [0, 0, 0],
			"color": 0,
			"nbt": "{}",
			"armAnimationEnabled": false,
			"children": [
				{
					"name": "group",
					"origin": [0, 0, 0],
					"color": 0,
					"nbt": "{}",
					"armAnimationEnabled": false,
					"children": [0]
				},
				{
					"name": "group",
					"origin": [8, 35.7, 8.1],
					"color": 0,
					"nbt": "{}",
					"armAnimationEnabled": false,
					"children": [1, 2, 3, 4, 5, 6, 7, 8, 9, 10, 11, 12, 13, 14, 15, 16]
				},
				{
					"name": "group",
					"origin": [8, 44, 8],
					"color": 0,
					"nbt": "{}",
					"armAnimationEnabled": false,
					"children": [17, 18, 19, 20, 21, 22, 23, 24, 25, 26, 27, 28, 29, 30, 31, 32]
				},
				{
					"name": "group",
					"origin": [8.07071, 34, 8.00503],
					"color": 0,
					"nbt": "{}",
					"armAnimationEnabled": false,
					"children": [33, 34, 35, 36]
				}
			]
		}
	]
}