{
	"credit": "Copyright © 2021-2099 Ikaho-Onsen Minecraft Server. All rights reserved.",
	"textures": {
		"0": "minecraft:item/sparkler",
		"particle": "minecraft:item/sparkler"
	},
	"elements": [
		{
			"from": [7.5, 0, 7.5],
			"to": [8.5, 11, 8.5],
			"faces": {
				"north": {"uv": [1, 0, 0, 11], "texture": "#0", "tintindex": 0},
				"east": {"uv": [1, 0, 0, 11], "texture": "#0", "tintindex": 0},
				"south": {"uv": [1, 0, 0, 11], "texture": "#0", "tintindex": 0},
				"west": {"uv": [1, 0, 0, 11], "texture": "#0", "tintindex": 0},
				"up": {"uv": [2, 3, 1, 2], "texture": "#0", "tintindex": 0},
				"down": {"uv": [2, 1, 1, 0], "texture": "#0", "tintindex": 0}
			}
		},
		{
			"from": [1.5, 6, 8],
			"to": [14.5, 19, 8],
			"rotation": {"angle": -22.5, "axis": "z", "origin": [8, 12.5, 8]},
			"faces": {
				"north": {"uv": [2, 0, 15, 13], "texture": "#0"},
				"south": {"uv": [15, 0, 2, 13], "texture": "#0"}
			}
		},
		{
			"from": [8, 6, 1.5],
			"to": [8, 19, 14.5],
			"rotation": {"angle": -22.5, "axis": "z", "origin": [8, 12.5, 8]},
			"faces": {
				"east": {"uv": [2, 0, 15, 13], "texture": "#0"},
				"west": {"uv": [2, 0, 15, 13], "texture": "#0"}
			}
		}
	],
	"gui_light": "front",
	"display": {
		"thirdperson_righthand": {
			"translation": [0, 6, 0.25]
		},
		"thirdperson_lefthand": {
			"translation": [0, 6, 0.25]
		},
		"firstperson_righthand": {
			"rotation": [-25, 0, 0],
			"translation": [5, 0, -1],
			"scale": [0.55, 0.55, 0.55]
		},
		"firstperson_lefthand": {
			"rotation": [-25, 0, 0],
			"translation": [5, 0, -1],
			"scale": [0.55, 0.55, 0.55]
		},
		"ground": {
			"rotation": [16, 0, 0],
			"translation": [0, 2, 0],
			"scale": [0.6, 0.6, 0.6]
		},
		"gui": {
			"rotation": [45, 1, -30],
			"translation": [-1, -1.5, 0]
		},
		"head": {
			"translation": [0, 14, 0],
			"scale": [1.5, 1.5, 1.5]
		},
		"fixed": {
			"rotation": [-90, 0, 0],
			"translation": [0, 0, -9],
			"scale": [2, 2, 2]
		}
	}
}