{
	"credit": "Copyright © 2021-2099 Ikaho-Onsen Minecraft Server. All rights reserved.",
	"texture_size": [64, 64],
	"textures": {
		"0": "minecraft:item/summar_hat_01",
		"particle": "minecraft:item/summar_hat_01"
	},
	"elements": [
		{
			"from": [2.8, 10, 2.8],
			"to": [13.2, 15, 13.2],
			"rotation": {"angle": 0, "axis": "y", "origin": [8, 8, 8]},
			"faces": {
				"north": {"uv": [6, 2.5, 8.5, 3.75], "texture": "#0"},
				"east": {"uv": [6, 2.5, 8.5, 3.75], "texture": "#0"},
				"south": {"uv": [6, 2.5, 8.5, 3.75], "texture": "#0"},
				"west": {"uv": [6, 2.5, 8.5, 3.75], "texture": "#0"},
				"up": {"uv": [8.5, 2.5, 6, 0], "rotation": 90, "texture": "#0"}
			}
		},
		{
			"from": [2.725, 10.34966, 4.2442],
			"to": [2.725, 17.34966, 10.2442],
			"rotation": {"angle": 0, "axis": "y", "origin": [8, 8, 8]},
			"faces": {
				"east": {"uv": [7.5, 4.25, 6, 6], "texture": "#0"},
				"west": {"uv": [6, 4.25, 7.5, 6], "texture": "#0"}
			}
		},
		{
			"from": [2.7, 10.5, 2.7],
			"to": [13.3, 12.5, 13.3],
			"rotation": {"angle": 0, "axis": "y", "origin": [8, 8, 8]},
			"faces": {
				"north": {"uv": [6, 3.75, 8.5, 4.25], "texture": "#0", "tintindex": 0},
				"east": {"uv": [6, 3.75, 8.5, 4.25], "texture": "#0", "tintindex": 0},
				"south": {"uv": [6, 3.75, 8.5, 4.25], "texture": "#0", "tintindex": 0},
				"west": {"uv": [6, 3.75, 8.5, 4.25], "texture": "#0", "tintindex": 0}
			}
		},
		{
			"from": [-3, 10, -4],
			"to": [19, 10.1, 20],
			"rotation": {"angle": 0, "axis": "y", "origin": [8, 8, 8]},
			"faces": {
				"up": {"uv": [6, 5.5, 0, 0], "rotation": 90, "texture": "#0"},
				"down": {"uv": [6, 0, 0, 5.5], "rotation": 270, "texture": "#0"}
			}
		}
	],
	"gui_light": "front",
	"display": {
		"thirdperson_righthand": {
			"rotation": [75, 45, 0],
			"translation": [0, 2.5, 0],
			"scale": [0.375, 0.375, 0.375]
		},
		"thirdperson_lefthand": {
			"rotation": [75, 45, 0],
			"translation": [0, 2.5, 0],
			"scale": [0.375, 0.375, 0.375]
		},
		"firstperson_righthand": {
			"rotation": [0, 45, 0],
			"translation": [2.5, 0, 0],
			"scale": [0.4, 0.4, 0.4]
		},
		"firstperson_lefthand": {
			"rotation": [0, -135, 0],
			"translation": [2.5, 0, 0],
			"scale": [0.4, 0.4, 0.4]
		},
		"ground": {
			"translation": [0, 2, 0],
			"scale": [0.5, 0.5, 0.5]
		},
		"gui": {
			"rotation": [33, 135, 0],
			"translation": [0, -1.5, 0],
			"scale": [0.55, 0.55, 0.55]
		},
		"head": {
			"scale": [1.5, 1.5, 1.5]
		},
		"fixed": {
			"rotation": [-90, 0, 0],
			"translation": [0, 0, 3.75],
			"scale": [2.01, 2.01, 2.01]
		}
	},
	"groups": [
		{
			"name": "group",
			"origin": [8, 8, 8],
			"color": 0,
			"nbt": "{}",
			"armAnimationEnabled": false,
			"children": [0, 1, 2, 3]
		}
	]
}