{
	"credit": "Made with Blockbench",
	"texture_size": [32, 32],
	"textures": {
		"0": "item/wong_ear",
		"particle": "item/wong_ear"
	},
	"elements": [
		{
			"from": [3.38268, 11.97612, 7.025],
			"to": [5.38268, 16.97612, 8.975],
			"rotation": {"angle": 0, "axis": "y", "origin": [3.38268, 12.97612, 7]},
			"faces": {
				"north": {"uv": [2, 6, 3, 8.5], "texture": "#0"},
				"south": {"uv": [3, 6, 4, 8.5], "texture": "#0"},
				"west": {"uv": [4, 6, 5, 8.5], "texture": "#0"},
				"up": {"uv": [7.5, 5, 6.5, 4], "texture": "#0"}
			}
		},
		{
			"from": [3, 10.9, 7],
			"to": [5, 16.9, 9],
			"rotation": {"angle": 22.5, "axis": "z", "origin": [3, 17.9, 7]},
			"faces": {
				"north": {"uv": [5.5, 4, 6.5, 7], "texture": "#0"},
				"east": {"uv": [0, 6, 1, 9], "texture": "#0"},
				"south": {"uv": [1, 6, 2, 9], "texture": "#0"},
				"up": {"uv": [7.5, 6, 6.5, 5], "texture": "#0"}
			}
		},
		{
			"from": [11, 10.9, 7],
			"to": [13, 16.9, 9],
			"rotation": {"angle": -22.5, "axis": "z", "origin": [13, 17.9, 7]},
			"faces": {
				"north": {"uv": [6.5, 4, 5.5, 7], "texture": "#0"},
				"south": {"uv": [2, 6, 1, 9], "texture": "#0"},
				"west": {"uv": [1, 6, 0, 9], "texture": "#0"},
				"up": {"uv": [6.5, 6, 7.5, 5], "texture": "#0"}
			}
		},
		{
			"from": [10.61732, 11.97612, 7.025],
			"to": [12.61732, 16.97612, 8.975],
			"rotation": {"angle": 0, "axis": "y", "origin": [12.61732, 12.97612, 7]},
			"faces": {
				"north": {"uv": [3, 6, 2, 8.5], "texture": "#0"},
				"east": {"uv": [5, 6, 4, 8.5], "texture": "#0"},
				"south": {"uv": [4, 6, 3, 8.5], "texture": "#0"},
				"up": {"uv": [6.5, 5, 7.5, 4], "texture": "#0"}
			}
		},
		{
			"from": [3, 7, 6.5],
			"to": [13, 13, 9.5],
			"rotation": {"angle": 0, "axis": "y", "origin": [-1, 11, 7.5]},
			"faces": {
				"north": {"uv": [0, 0, 5, 3], "texture": "#0"},
				"east": {"uv": [7, 0, 5.5, 3], "texture": "#0"},
				"south": {"uv": [5, 0, 0, 3], "texture": "#0"},
				"west": {"uv": [5.5, 0, 7, 3], "texture": "#0"},
				"up": {"uv": [5, 5.5, 0, 4], "texture": "#0"}
			}
		},
		{
			"name": "cube inverted",
			"from": [13, 13, 9.5],
			"to": [3, 7, 6.5],
			"rotation": {"angle": 0, "axis": "y", "origin": [-1, 11, 7.5]},
			"faces": {
				"north": {"uv": [5, 3, 0, 0], "texture": "#0"},
				"east": {"uv": [5.5, 3, 7, 0], "texture": "#0"},
				"south": {"uv": [0, 3, 5, 0], "texture": "#0"},
				"west": {"uv": [7, 3, 5.5, 0], "texture": "#0"},
				"down": {"uv": [0, 5.5, 5, 4], "texture": "#0"}
			}
		}
	],
	"gui_light": "front",
	"display": {
		"thirdperson_righthand": {
			"rotation": [75, 45, 0],
			"translation": [0, 2.5, 0],
			"scale": [0.375, 0.375, 0.375]
		},
		"thirdperson_lefthand": {
			"rotation": [75, 45, 0],
			"translation": [0, 2.5, 0],
			"scale": [0.375, 0.375, 0.375]
		},
		"firstperson_righthand": {
			"translation": [2.5, 0, 0],
			"scale": [0.4, 0.4, 0.4]
		},
		"firstperson_lefthand": {
			"translation": [2.5, 0, 0],
			"scale": [0.4, 0.4, 0.4]
		},
		"ground": {
			"translation": [0, 2, 0],
			"scale": [0.5, 0.5, 0.5]
		},
		"gui": {
			"rotation": [33, 135, 0],
			"translation": [0, -3, 0],
			"scale": [1.03, 1.03, 1.03]
		},
		"head": {
			"scale": [1.5, 1.5, 1.5]
		},
		"fixed": {
			"rotation": [-90, 0, 0],
			"translation": [0, 0, -1],
			"scale": [2, 2, 2]
		}
	}
}