{
	"credit": "Copyright © 2021-2099 Ikaho-Onsen Minecraft Server. All rights reserved.",
	"texture_size": [32, 32],
	"textures": {
		"0": "minecraft:item/cit/mask_06_texture",
		"particle": "minecraft:item/cit/mask_06_texture"
	},
	"elements": [
		{
			"from": [3, 2, 2],
			"to": [13, 14, 4],
			"rotation": {"angle": 0, "axis": "y", "origin": [0, -19.5, 5]},
			"faces": {
				"north": {"uv": [0, 0, 5, 6], "texture": "#0"},
				"east": {"uv": [4, 6, 5, 12], "texture": "#0"},
				"south": {"uv": [5, 0, 10, 6], "texture": "#0"},
				"west": {"uv": [5, 6, 6, 12], "texture": "#0"},
				"up": {"uv": [11, 7, 6, 6], "texture": "#0"},
				"down": {"uv": [11, 7, 6, 8], "texture": "#0"}
			}
		},
		{
			"from": [4, 14, 2],
			"to": [12, 15, 4],
			"rotation": {"angle": 0, "axis": "y", "origin": [0, -19.5, 5]},
			"faces": {
				"north": {"uv": [10, 3.5, 14, 4], "texture": "#0"},
				"east": {"uv": [11, 10, 12, 10.5], "texture": "#0"},
				"south": {"uv": [10, 4, 14, 4.5], "texture": "#0"},
				"west": {"uv": [11, 10.5, 12, 11], "texture": "#0"},
				"up": {"uv": [10, 9, 6, 8], "texture": "#0"}
			}
		},
		{
			"from": [3, 2, 1],
			"to": [5, 4, 2],
			"rotation": {"angle": 0, "axis": "y", "origin": [0, -19.5, 5]},
			"faces": {
				"north": {"uv": [6, 10.5, 7, 11.5], "texture": "#0"},
				"east": {"uv": [6.5, 11.5, 7, 12.5], "texture": "#0"},
				"west": {"uv": [7, 11.5, 7.5, 12.5], "texture": "#0"},
				"up": {"uv": [8.5, 12, 7.5, 11.5], "texture": "#0"},
				"down": {"uv": [11, 11.5, 10, 12], "texture": "#0"}
			}
		},
		{
			"from": [5, 1, 1],
			"to": [11, 3, 3],
			"rotation": {"angle": 0, "axis": "y", "origin": [0, -19.5, 5]},
			"faces": {
				"north": {"uv": [6, 9, 9, 10], "texture": "#0"},
				"east": {"uv": [7, 10.5, 8, 11.5], "texture": "#0"},
				"south": {"uv": [9, 9, 12, 10], "texture": "#0"},
				"west": {"uv": [8, 10.5, 9, 11.5], "texture": "#0"},
				"up": {"uv": [13, 1, 10, 0], "texture": "#0"},
				"down": {"uv": [13, 1, 10, 2], "texture": "#0"}
			}
		},
		{
			"from": [7, 3, 1],
			"to": [9, 4, 2],
			"rotation": {"angle": 0, "axis": "y", "origin": [0, -19.5, 5]},
			"faces": {
				"north": {"uv": [11, 11.5, 12, 12], "texture": "#0"},
				"east": {"uv": [3.5, 12, 4, 12.5], "texture": "#0"},
				"west": {"uv": [4, 12, 4.5, 12.5], "texture": "#0"},
				"up": {"uv": [12.5, 11.5, 11.5, 11], "texture": "#0"}
			}
		},
		{
			"from": [3, 6, 1],
			"to": [6, 9, 2],
			"rotation": {"angle": 0, "axis": "y", "origin": [0, -19.5, 5]},
			"faces": {
				"north": {"uv": [10, 2, 11.5, 3.5], "texture": "#0"},
				"east": {"uv": [9, 11, 9.5, 12.5], "texture": "#0"},
				"west": {"uv": [9.5, 11, 10, 12.5], "texture": "#0"},
				"up": {"uv": [12.5, 8, 11, 7.5], "texture": "#0"},
				"down": {"uv": [11.5, 11, 10, 11.5], "texture": "#0"}
			}
		},
		{
			"from": [6, 6, 1],
			"to": [10, 7, 2],
			"rotation": {"angle": 0, "axis": "y", "origin": [0, -19.5, 5]},
			"faces": {
				"north": {"uv": [9, 10.5, 11, 11], "texture": "#0"},
				"east": {"uv": [4.5, 12, 5, 12.5], "texture": "#0"},
				"up": {"uv": [13, 5, 11, 4.5], "texture": "#0"},
				"down": {"uv": [13, 5, 11, 5.5], "texture": "#0"}
			}
		},
		{
			"from": [2, 5.5, 0.9],
			"to": [7, 6.5, 0.9],
			"rotation": {"angle": 22.5, "axis": "z", "origin": [4.5, 6, 1.4]},
			"faces": {
				"north": {"uv": [6, 10, 8.5, 10.5], "texture": "#0"},
				"south": {"uv": [8.5, 10, 6, 10.5], "texture": "#0"}
			}
		},
		{
			"from": [5, 5, 1],
			"to": [6, 6, 2],
			"rotation": {"angle": 0, "axis": "y", "origin": [0, -19.5, 5]},
			"faces": {
				"north": {"uv": [5, 12, 5.5, 12.5], "texture": "#0"},
				"east": {"uv": [5.5, 12, 6, 12.5], "texture": "#0"},
				"west": {"uv": [12, 5.5, 12.5, 6], "texture": "#0"},
				"down": {"uv": [12.5, 6, 12, 6.5], "texture": "#0"}
			}
		},
		{
			"from": [3, 4, 1],
			"to": [4, 6, 2],
			"rotation": {"angle": 0, "axis": "y", "origin": [0, -19.5, 5]},
			"faces": {
				"north": {"uv": [8.5, 11.5, 9, 12.5], "texture": "#0"},
				"east": {"uv": [0, 12, 0.5, 13], "texture": "#0"},
				"west": {"uv": [0.5, 12, 1, 13], "texture": "#0"}
			}
		},
		{
			"from": [7, 7, 1],
			"to": [9, 10, 2],
			"rotation": {"angle": 0, "axis": "y", "origin": [0, -19.5, 5]},
			"faces": {
				"north": {"uv": [10, 4.5, 11, 6], "texture": "#0"},
				"east": {"uv": [11.5, 2, 12, 3.5], "texture": "#0"},
				"west": {"uv": [6, 11.5, 6.5, 13], "texture": "#0"},
				"up": {"uv": [2, 12.5, 1, 12], "texture": "#0"}
			}
		},
		{
			"from": [7, 7, 0],
			"to": [9, 9, 1],
			"rotation": {"angle": 0, "axis": "y", "origin": [0, -19.5, 5]},
			"faces": {
				"north": {"uv": [11, 5.5, 12, 6.5], "texture": "#0"},
				"east": {"uv": [2, 12, 2.5, 13], "texture": "#0"},
				"west": {"uv": [12, 2, 12.5, 3], "texture": "#0"},
				"up": {"uv": [3.5, 12.5, 2.5, 12], "texture": "#0"},
				"down": {"uv": [13, 3, 12, 3.5], "texture": "#0"}
			}
		},
		{
			"from": [6, 7, 1],
			"to": [7, 8, 2],
			"rotation": {"angle": 0, "axis": "y", "origin": [0, -19.5, 5]},
			"faces": {
				"north": {"uv": [7.5, 12, 8, 12.5], "texture": "#0"},
				"up": {"uv": [8.5, 12.5, 8, 12], "texture": "#0"}
			}
		},
		{
			"from": [2, 10, 1.9],
			"to": [6, 11, 1.9],
			"rotation": {"angle": -22.5, "axis": "z", "origin": [8, 9, 2.4]},
			"faces": {
				"north": {"uv": [11, 6.5, 13, 7], "texture": "#0"},
				"south": {"uv": [11, 7, 13, 7.5], "texture": "#0"}
			}
		},
		{
			"from": [-1.77791, 12.14386, 1.91],
			"to": [3.22209, 13.14386, 1.91],
			"rotation": {"angle": 0, "axis": "y", "origin": [10.22209, 11.14386, 2.4]},
			"faces": {
				"north": {"uv": [8.5, 10, 11, 10.5], "texture": "#0"},
				"south": {"uv": [11, 10, 8.5, 10.5], "texture": "#0"}
			}
		},
		{
			"from": [10, 5, 1],
			"to": [11, 6, 2],
			"rotation": {"angle": 0, "axis": "y", "origin": [16, -19.5, 5]},
			"faces": {
				"north": {"uv": [5.5, 12, 5, 12.5], "texture": "#0"},
				"east": {"uv": [12.5, 5.5, 12, 6], "texture": "#0"},
				"west": {"uv": [6, 12, 5.5, 12.5], "texture": "#0"},
				"down": {"uv": [12, 6, 12.5, 6.5], "texture": "#0"}
			}
		},
		{
			"from": [9, 7, 1],
			"to": [10, 8, 2],
			"rotation": {"angle": 0, "axis": "y", "origin": [16, -19.5, 5]},
			"faces": {
				"north": {"uv": [8, 12, 7.5, 12.5], "texture": "#0"},
				"up": {"uv": [8, 12.5, 8.5, 12], "texture": "#0"}
			}
		},
		{
			"from": [10, 6, 1],
			"to": [13, 9, 2],
			"rotation": {"angle": 0, "axis": "y", "origin": [16, -19.5, 5]},
			"faces": {
				"north": {"uv": [11.5, 2, 10, 3.5], "texture": "#0"},
				"east": {"uv": [10, 11, 9.5, 12.5], "texture": "#0"},
				"west": {"uv": [9.5, 11, 9, 12.5], "texture": "#0"},
				"up": {"uv": [11, 8, 12.5, 7.5], "texture": "#0"},
				"down": {"uv": [10, 11, 11.5, 11.5], "texture": "#0"}
			}
		},
		{
			"from": [12, 4, 1],
			"to": [13, 6, 2],
			"rotation": {"angle": 0, "axis": "y", "origin": [16, -19.5, 5]},
			"faces": {
				"north": {"uv": [9, 11.5, 8.5, 12.5], "texture": "#0"},
				"east": {"uv": [1, 12, 0.5, 13], "texture": "#0"},
				"west": {"uv": [0.5, 12, 0, 13], "texture": "#0"}
			}
		},
		{
			"from": [11, 2, 1],
			"to": [13, 4, 2],
			"rotation": {"angle": 0, "axis": "y", "origin": [16, -19.5, 5]},
			"faces": {
				"north": {"uv": [7, 10.5, 6, 11.5], "texture": "#0"},
				"east": {"uv": [7.5, 11.5, 7, 12.5], "texture": "#0"},
				"west": {"uv": [7, 11.5, 6.5, 12.5], "texture": "#0"},
				"up": {"uv": [7.5, 12, 8.5, 11.5], "texture": "#0"},
				"down": {"uv": [10, 11.5, 11, 12], "texture": "#0"}
			}
		},
		{
			"from": [10, 10, 1.9],
			"to": [14, 11, 1.9],
			"rotation": {"angle": 22.5, "axis": "z", "origin": [8, 9, 2.4]},
			"faces": {
				"north": {"uv": [13, 6.5, 11, 7], "texture": "#0"},
				"south": {"uv": [13, 7, 11, 7.5], "texture": "#0"}
			}
		},
		{
			"from": [12.77791, 12.14386, 1.91],
			"to": [17.77791, 13.14386, 1.91],
			"rotation": {"angle": 0, "axis": "y", "origin": [5.77791, 11.14386, 2.4]},
			"faces": {
				"north": {"uv": [11, 10, 8.5, 10.5], "texture": "#0"},
				"south": {"uv": [6, 10, 8.5, 10.5], "texture": "#0"}
			}
		},
		{
			"from": [9, 5.5, 0.9],
			"to": [14, 6.5, 0.9],
			"rotation": {"angle": -22.5, "axis": "z", "origin": [11.5, 6, 1.4]},
			"faces": {
				"north": {"uv": [8.5, 10, 6, 10.5], "texture": "#0"},
				"south": {"uv": [10.5, 6.5, 13, 7], "texture": "#0"}
			}
		},
		{
			"from": [6, -10, 0.9],
			"to": [10, 2, 0.9],
			"rotation": {"angle": 0, "axis": "y", "origin": [0, -19.5, 5]},
			"faces": {
				"north": {"uv": [0, 6, 2, 12], "texture": "#0"},
				"south": {"uv": [2, 6, 0, 12], "texture": "#0"}
			}
		}
	],
	"gui_light": "front",
	"display": {
		"thirdperson_righthand": {
			"rotation": [50, 0, 0],
			"translation": [0, -1.75, 2.25],
			"scale": [0.75, 0.75, 0.75]
		},
		"thirdperson_lefthand": {
			"rotation": [50, 0, 0],
			"translation": [0, -1.75, 2.25],
			"scale": [0.75, 0.75, 0.75]
		},
		"firstperson_righthand": {
			"translation": [0.75, 2.25, 4.5],
			"scale": [0.5, 0.5, 0.5]
		},
		"firstperson_lefthand": {
			"translation": [0.75, 2.25, 4.5],
			"scale": [0.5, 0.5, 0.5]
		},
		"ground": {
			"rotation": [35, 0, 0],
			"translation": [0, 3, 2.75],
			"scale": [0.5, 0.5, 0.5]
		},
		"gui": {
			"rotation": [0, 135, 0],
			"translation": [4, 0, 0]
		},
		"head": {
			"rotation": [45, 45, -45],
			"translation": [-3.5, 2.5, -3.5]
		},
		"fixed": {
			"rotation": [-10, 0, 0],
			"translation": [0, 1.25, 6.75],
			"scale": [2, 2, 2]
		}
	},
	"groups": [
		{
			"name": "mask06",
			"origin": [0, -21.5, 4],
			"color": 0,
			"nbt": "{}",
			"armAnimationEnabled": false,
			"children": [0, 1, 2, 3, 4, 5, 6, 7, 8, 9, 10, 11, 12, 13, 14, 15, 16, 17, 18, 19, 20, 21, 22, 23]
		}
	]
}