{
	"credit": "Copyright © 2021-2099 Ikaho-Onsen Minecraft Server. All rights reserved.",
	"texture_size": [64, 64],
	"textures": {
		"0": "minecraft:item/clear_item_01",
		"particle": "minecraft:item/clear_item_01"
	},
	"elements": [
		{
			"from": [7, 11, 7],
			"to": [9, 22, 9],
			"rotation": {"angle": 0, "axis": "y", "origin": [8, 8, 8]},
			"faces": {
				"north": {"uv": [3, 0.5, 3.5, 3.25], "texture": "#0"},
				"east": {"uv": [2.5, 0.5, 3, 3.25], "texture": "#0"},
				"south": {"uv": [2, 0.5, 2.5, 3.25], "texture": "#0"},
				"west": {"uv": [1.75, 0.5, 2.25, 3.25], "texture": "#0"},
				"up": {"uv": [4, 0.75, 3.5, 0.25], "rotation": 270, "texture": "#0"},
				"down": {"uv": [3.5, 0.25, 4, 0.75], "rotation": 90, "texture": "#0"}
			}
		},
		{
			"from": [4.25323, 6.18609, 6],
			"to": [4.25323, 10.18609, 10],
			"rotation": {"angle": -22.5, "axis": "z", "origin": [4.91021, 5.75224, 8]},
			"faces": {
				"east": {"uv": [7.5, 14.5, 6.5, 15.5], "texture": "#0"},
				"west": {"uv": [6.5, 14.5, 7.5, 15.5], "texture": "#0"}
			}
		},
		{
			"from": [6.16665, 2.56669, 6],
			"to": [6.16665, 6.56669, 10],
			"rotation": {"angle": -22.5, "axis": "z", "origin": [4.91021, 6.75224, 8]},
			"faces": {
				"east": {"uv": [7.5, 14.5, 6.5, 15.5], "texture": "#0"},
				"west": {"uv": [6.5, 14.5, 7.5, 15.5], "texture": "#0"}
			}
		},
		{
			"from": [4.7278, 3.47585, 6],
			"to": [4.7278, 7.47585, 10],
			"rotation": {"angle": -45, "axis": "z", "origin": [4.91021, 5.75224, 8]},
			"faces": {
				"east": {"uv": [7.5, 14.75, 6.5, 15.75], "texture": "#0"},
				"west": {"uv": [6.5, 14.75, 7.5, 15.75], "texture": "#0"}
			}
		},
		{
			"from": [11.74677, 6.18609, 6],
			"to": [11.74677, 10.18609, 10],
			"rotation": {"angle": 22.5, "axis": "z", "origin": [11.08979, 5.75224, 8]},
			"faces": {
				"east": {"uv": [7.5, 14.5, 6.5, 15.5], "texture": "#0"},
				"west": {"uv": [6.5, 14.5, 7.5, 15.5], "texture": "#0"}
			}
		},
		{
			"from": [9.83335, 2.56669, 6],
			"to": [9.83335, 6.56669, 10],
			"rotation": {"angle": 22.5, "axis": "z", "origin": [11.08979, 6.75224, 8]},
			"faces": {
				"east": {"uv": [7.5, 14.5, 6.5, 15.5], "texture": "#0"},
				"west": {"uv": [6.5, 14.5, 7.5, 15.5], "texture": "#0"}
			}
		},
		{
			"from": [11.2722, 3.47585, 6],
			"to": [11.2722, 7.47585, 10],
			"rotation": {"angle": 45, "axis": "z", "origin": [11.08979, 5.75224, 8]},
			"faces": {
				"east": {"uv": [7.5, 14.75, 6.5, 15.75], "texture": "#0"},
				"west": {"uv": [6.5, 14.75, 7.5, 15.75], "texture": "#0"}
			}
		},
		{
			"from": [6, 6.18609, 4.25323],
			"to": [10, 10.18609, 4.25323],
			"rotation": {"angle": 22.5, "axis": "x", "origin": [8, 5.75224, 4.91021]},
			"faces": {
				"north": {"uv": [6.5, 14.5, 7.5, 15.5], "texture": "#0"},
				"south": {"uv": [7.5, 14.5, 6.5, 15.5], "texture": "#0"}
			}
		},
		{
			"from": [6, 2.56669, 6.16665],
			"to": [10, 6.56669, 6.16665],
			"rotation": {"angle": 22.5, "axis": "x", "origin": [8, 6.75224, 4.91021]},
			"faces": {
				"north": {"uv": [6.5, 14.5, 7.5, 15.5], "texture": "#0"},
				"south": {"uv": [7.5, 14.5, 6.5, 15.5], "texture": "#0"}
			}
		},
		{
			"from": [6, 3.47585, 4.7278],
			"to": [10, 7.47585, 4.7278],
			"rotation": {"angle": 45, "axis": "x", "origin": [8, 5.75224, 4.91021]},
			"faces": {
				"north": {"uv": [6.5, 14.75, 7.5, 15.75], "texture": "#0"},
				"south": {"uv": [7.5, 14.75, 6.5, 15.75], "texture": "#0"}
			}
		},
		{
			"from": [6, 6.18609, 11.74677],
			"to": [10, 10.18609, 11.74677],
			"rotation": {"angle": -22.5, "axis": "x", "origin": [8, 5.75224, 11.08979]},
			"faces": {
				"north": {"uv": [6.5, 14.5, 7.5, 15.5], "texture": "#0"},
				"south": {"uv": [7.5, 14.5, 6.5, 15.5], "texture": "#0"}
			}
		},
		{
			"from": [6, 2.56669, 9.83335],
			"to": [10, 6.56669, 9.83335],
			"rotation": {"angle": -22.5, "axis": "x", "origin": [8, 6.75224, 11.08979]},
			"faces": {
				"north": {"uv": [6.5, 14.5, 7.5, 15.5], "texture": "#0"},
				"south": {"uv": [7.5, 14.5, 6.5, 15.5], "texture": "#0"}
			}
		},
		{
			"from": [6, 3.47585, 11.2722],
			"to": [10, 7.47585, 11.2722],
			"rotation": {"angle": -45, "axis": "x", "origin": [8, 5.75224, 11.08979]},
			"faces": {
				"north": {"uv": [6.5, 14.75, 7.5, 15.75], "texture": "#0"},
				"south": {"uv": [7.5, 14.75, 6.5, 15.75], "texture": "#0"}
			}
		},
		{
			"from": [6, 3.1, 6],
			"to": [10, 11.1, 10],
			"rotation": {"angle": 0, "axis": "y", "origin": [8, 8.6, 8]},
			"faces": {
				"north": {"uv": [7.75, 14, 8.75, 16], "texture": "#0"},
				"east": {"uv": [7.75, 14, 8.75, 16], "texture": "#0"},
				"south": {"uv": [7.75, 14, 8.75, 16], "texture": "#0"},
				"west": {"uv": [7.75, 14, 8.75, 16], "texture": "#0"},
				"up": {"uv": [7.75, 14, 8.75, 15], "texture": "#0"}
			}
		},
		{
			"name": "cube inverted",
			"from": [9.9, 10.9, 9.8],
			"to": [6.1, 3.1, 6.2],
			"rotation": {"angle": 0, "axis": "y", "origin": [8, 8.6, 8]},
			"faces": {
				"north": {"uv": [7.75, 16, 8.75, 14], "texture": "#0"},
				"east": {"uv": [7.75, 16, 8.75, 14], "texture": "#0"},
				"south": {"uv": [7.75, 16, 8.75, 14], "texture": "#0"},
				"west": {"uv": [7.75, 16, 8.75, 14], "texture": "#0"},
				"down": {"uv": [8.75, 14, 7.75, 15], "texture": "#0"}
			}
		}
	],
	"gui_light": "front",
	"display": {
		"thirdperson_righthand": {
			"rotation": [147, 0, 0],
			"translation": [0, 6, -5.25]
		},
		"thirdperson_lefthand": {
			"rotation": [147, 0, 0],
			"translation": [0, 6, -5.25]
		},
		"firstperson_righthand": {
			"rotation": [180, 90, 0],
			"translation": [1.88, 3.95, 2.13],
			"scale": [0.5, 0.5, 0.5]
		},
		"firstperson_lefthand": {
			"rotation": [180, 90, 0],
			"translation": [1.88, 3.95, 2.13],
			"scale": [0.5, 0.5, 0.5]
		},
		"ground": {
			"rotation": [30, 0, 0],
			"translation": [0, 1, 0],
			"scale": [0.5, 0.5, 0.5]
		},
		"gui": {
			"rotation": [33, 180, 33],
			"translation": [-0.75, -2, 0],
			"scale": [0.67, 0.67, 0.67]
		},
		"head": {
			"rotation": [180, 0, 90],
			"translation": [12.5, 2.75, 0],
			"scale": [1.5, 1.5, 1.5]
		},
		"fixed": {
			"translation": [0, -9.25, -1.75],
			"scale": [2, 2, 2]
		}
	},
	"groups": [
		{
			"name": "group",
			"origin": [-1, 0, 0],
			"color": 0,
			"nbt": "{}",
			"armAnimationEnabled": false,
			"children": [
				0,
				{
					"name": "group",
					"origin": [9.68064, 6.99238, 7.85055],
					"color": 0,
					"nbt": "{}",
					"armAnimationEnabled": false,
					"children": [1, 2, 3]
				},
				{
					"name": "group",
					"origin": [9.68064, 6.99238, 7.85055],
					"color": 0,
					"nbt": "{}",
					"armAnimationEnabled": false,
					"children": [4, 5, 6]
				},
				{
					"name": "group",
					"origin": [9.68064, 6.99238, 7.85055],
					"color": 0,
					"nbt": "{}",
					"armAnimationEnabled": false,
					"children": [7, 8, 9]
				},
				{
					"name": "group",
					"origin": [9.68064, 6.99238, 7.85055],
					"color": 0,
					"nbt": "{}",
					"armAnimationEnabled": false,
					"children": [10, 11, 12]
				},
				13,
				14
			]
		}
	]
}